datetime,gross_demand_mw,solar_generation_mw,net_demand_mw,available_capacity_mw,temperature,humidity,precipitation,wind_speed,cloud_cover,solar_radiation,direct_radiation,feels_like
2025-09-03 00:00:00,8977.162,0.0,8977.162,11308.048,24.8,96,0.0,10.4,100,0.0,0.0,29.4
2025-09-03 01:00:00,8963.936,0.0,8963.936,11292.443,24.5,96,0.0,9.4,86,0.0,0.0,29.2
2025-09-03 02:00:00,8946.918,0.0,8946.918,11272.364,24.3,97,0.0,8.1,44,0.0,0.0,29.1
2025-09-03 03:00:00,8991.743,0.0,8991.743,11325.255,24.2,97,0.0,9.3,35,0.0,0.0,28.8
2025-09-03 04:00:00,9073.648,0.0,9073.648,11421.904999999999,24.1,98,0.0,9.6,65,0.0,0.0,28.6
2025-09-03 05:00:00,14876.337,0.0,14876.337,18269.077,24.1,98,0.0,6.0,98,0.0,0.0,29.1
2025-09-03 06:00:00,16904.968,0.0,16904.968,20662.859,24.1,96,8.3,6.6,100,3.0,0.0,28.8
2025-09-03 07:00:00,16737.277,304.687,16432.592,20464.987,24.8,95,1.9,5.5,99,35.0,3.0,30.0
2025-09-03 08:00:00,16850.484,606.664,16243.819,20598.57,25.4,93,0.3,2.5,98,95.0,5.0,31.2
2025-09-03 09:00:00,16853.698,857.248,15996.453,20602.365,26.6,88,0.1,4.5,97,191.0,23.0,32.4
2025-09-03 10:00:00,16833.468,972.655,15860.813,20578.492,27.8,86,0.1,1.0,100,383.0,133.0,34.5
2025-09-03 11:00:00,15120.753,1021.91,14098.842,18557.487,29.2,81,0.1,5.4,100,673.0,370.0,36.3
2025-09-03 12:00:00,15123.457,1084.292,14039.166000000001,18560.681,29.4,76,0.7,9.1,100,606.0,280.0,34.9
2025-09-03 13:00:00,14976.77,991.16,13985.61,18387.587,27.9,82,0.4,10.4,100,348.0,46.0,32.8
2025-09-03 14:00:00,15221.18,917.959,14303.217999999999,18675.990999999998,28.4,79,0.2,9.8,99,315.0,92.0,33.3
2025-09-03 15:00:00,14825.954,757.877,14068.074,18209.624,28.8,78,0.5,9.2,100,428.0,182.0,33.9
2025-09-03 16:00:00,15166.705,531.234,14635.475,18611.713,28.4,80,0.1,9.7,100,274.0,73.0,33.5
2025-09-03 17:00:00,14857.466,265.879,14591.585000000001,18246.807,28.0,83,0.0,9.2,100,165.0,33.0,33.2
2025-09-03 18:00:00,19896.504,0.0,19896.504,24192.874,26.2,86,0.0,9.5,100,12.0,0.0,30.7
2025-09-03 19:00:00,19716.854,0.0,19716.854,23980.888,25.9,85,0.0,8.4,100,0.0,0.0,30.3
2025-09-03 20:00:00,19673.228,0.0,19673.228,23929.41,25.8,87,0.1,6.7,100,0.0,0.0,30.5
2025-09-03 21:00:00,19833.333,0.0,19833.333,24118.332,25.6,90,0.4,6.7,100,0.0,0.0,30.5
2025-09-03 22:00:00,19964.816,0.0,19964.816,24273.483,25.4,91,1.1,6.8,100,0.0,0.0,30.4
2025-09-03 23:00:00,9044.691,0.0,9044.691,11387.737000000001,25.1,95,0.4,4.8,100,0.0,0.0,30.7
2025-09-04 00:00:00,8916.77,0.0,8916.77,11236.788,25.1,96,0.4,5.3,100,0.0,0.0,30.6
2025-09-04 01:00:00,9024.05,0.0,9024.05,11363.378,25.0,96,0.6,6.3,100,0.0,0.0,30.4
2025-09-04 02:00:00,8971.289,0.0,8971.289,11301.125,24.8,97,0.5,7.3,98,0.0,0.0,30.0
2025-09-04 03:00:00,8903.988,0.0,8903.988,11221.706,24.7,97,0.3,8.6,100,0.0,0.0,29.6
2025-09-04 04:00:00,8991.805,0.0,8991.805,11325.332,24.8,97,0.1,9.3,100,0.0,0.0,29.6
2025-09-04 05:00:00,15139.479,0.0,15139.479,18579.586,24.5,97,1.7,8.2,76,0.0,0.0,29.3
2025-09-04 06:00:00,16871.481,0.0,16871.481,20623.345,24.2,96,12.0,12.0,100,4.0,0.0,28.3
2025-09-04 07:00:00,17023.57,306.574,16716.998,20802.813,24.2,96,1.8,4.3,100,30.0,0.0,29.4
2025-09-04 08:00:00,16762.488,602.616,16159.869999999999,20494.734,25.2,94,0.0,3.7,100,106.0,7.0,30.8
2025-09-04 09:00:00,16857.194,871.126,15986.069,20606.489,26.8,89,0.0,4.2,100,263.0,29.0,32.9
2025-09-04 10:00:00,17040.373,1091.865,15948.508,20822.641,28.6,84,0.0,3.4,100,438.0,118.0,35.1
2025-09-04 11:00:00,15052.573,1006.973,14045.599,18477.038,30.0,77,0.0,4.0,100,599.0,260.0,36.7
2025-09-04 12:00:00,14978.394,1073.662,13904.732,18389.505,31.0,72,0.0,3.7,95,729.0,454.0,38.7
2025-09-04 13:00:00,14970.704,985.287,13985.414,18380.427,31.4,69,0.0,3.2,68,744.0,518.0,38.9
2025-09-04 14:00:00,15237.976,921.13,14316.844000000001,18695.811,31.4,67,0.0,8.2,100,684.0,477.0,37.5
2025-09-04 15:00:00,15108.556,761.585,14346.972,18543.095,30.0,76,0.3,7.9,100,456.0,210.0,35.7
2025-09-04 16:00:00,15213.336,519.905,14693.429,18666.735,29.1,81,0.0,5.6,100,268.0,83.0,35.4
2025-09-04 17:00:00,14998.422,278.564,14719.857,18413.138,28.9,82,0.0,5.6,100,140.0,15.0,35.1
2025-09-04 18:00:00,20191.126,0.0,20191.126,24540.526,27.8,86,0.0,4.8,46,57.0,15.0,34.0
2025-09-04 19:00:00,20062.777000000002,0.0,20062.777000000002,24389.078,27.4,88,0.0,4.9,38,0.0,0.0,33.5
2025-09-04 20:00:00,19820.61,0.0,19820.61,24103.32,27.0,89,0.0,5.4,57,0.0,0.0,33.0
2025-09-04 21:00:00,19669.362,0.0,19669.362,23924.846,26.7,89,0.0,5.7,86,0.0,0.0,32.5
2025-09-04 22:00:00,19571.45,0.0,19571.45,23809.311,26.4,91,0.0,4.3,91,0.0,0.0,32.3
2025-09-04 23:00:00,9021.369,0.0,9021.369,11360.216,26.2,91,0.0,4.0,90,0.0,0.0,32.0
2025-09-05 00:00:00,9052.027,0.0,9052.027,11396.39,26.0,91,0.0,4.1,100,0.0,0.0,31.8
2025-09-05 01:00:00,9049.869,0.0,9049.869,11393.846,25.9,92,0.0,5.7,19,0.0,0.0,31.5
2025-09-05 02:00:00,9024.444,0.0,9024.444,11363.845,25.7,93,0.0,5.0,28,0.0,0.0,31.4
2025-09-05 03:00:00,8916.478,0.0,8916.478,11236.446,25.5,92,0.4,7.1,53,0.0,0.0,30.7
2025-09-05 04:00:00,8993.673,0.0,8993.673,11327.536,25.4,93,0.3,5.5,22,0.0,0.0,30.7
2025-09-05 05:00:00,15205.452,0.0,15205.452,18657.434,25.2,94,0.0,5.5,12,0.0,0.0,30.6
2025-09-05 06:00:00,16925.396,0.0,16925.396,20686.968,26.7,86,0.0,10.7,100,6.0,0.0,31.3
2025-09-05 07:00:00,16963.339,322.031,16641.31,20731.739,27.1,84,0.0,11.9,100,94.0,19.0,31.5
2025-09-05 08:00:00,16887.702,596.647,16291.053,20642.485,28.0,80,0.0,12.6,100,264.0,114.0,32.4
2025-09-05 09:00:00,16952.676,889.073,16063.603,20719.158,29.0,74,0.0,16.8,100,427.0,213.0,32.5
2025-09-05 10:00:00,16863.831,1042.495,15821.339,20614.324,29.8,75,0.0,13.4,100,589.0,323.0,34.6
2025-09-05 11:00:00,15056.684,991.716,14064.965,18481.886,30.5,73,0.0,13.1,100,691.0,443.0,36.1
2025-09-05 12:00:00,14873.06,1027.804,13845.255000000001,18265.211,31.0,72,0.1,14.0,100,759.0,489.0,37.0
2025-09-05 13:00:00,14869.616,999.801,13869.812,18261.145,29.9,75,1.6,17.0,87,762.0,508.0,35.2
2025-09-05 14:00:00,15089.823,938.972,14150.851999999999,18520.993,30.5,76,1.5,10.6,49,600.0,341.0,36.4
2025-09-05 15:00:00,15120.367,786.699,14333.669,18557.032,29.6,71,0.1,13.5,91,479.0,295.0,33.6
2025-09-05 16:00:00,15112.841,530.627,14582.213,18548.150999999998,28.7,79,0.4,12.5,100,328.0,175.0,33.3
2025-09-05 17:00:00,15109.735,279.819,14829.917,18544.486,27.0,87,0.4,9.7,99,141.0,38.0,32.1
2025-09-05 18:00:00,19819.665,0.0,19819.665,24102.205,27.1,89,0.0,8.8,100,50.0,9.0,32.6
2025-09-05 19:00:00,19798.45,0.0,19798.45,24077.171,26.9,91,0.0,5.3,99,0.0,0.0,33.1
2025-09-05 20:00:00,19556.934,0.0,19556.934,23792.183,26.8,92,0.0,7.6,99,0.0,0.0,32.6
2025-09-05 21:00:00,19634.432,0.0,19634.432,23883.628,26.7,91,0.0,9.0,100,0.0,0.0,32.2
2025-09-05 22:00:00,19754.598,0.0,19754.598,24025.425,26.6,91,0.0,9.1,99,0.0,0.0,32.0
2025-09-05 23:00:00,9121.719,0.0,9121.719,11478.627,26.4,93,0.0,9.2,100,0.0,0.0,31.8
2025-09-06 00:00:00,7802.933,0.0,7802.933,9922.461,25.4,96,4.7,10.5,100,0.0,0.0,30.3
2025-09-06 01:00:00,7771.599,0.0,7771.599,9885.485999999999,24.8,96,3.8,12.5,100,0.0,0.0,29.1
2025-09-06 02:00:00,7947.132,0.0,7947.132,10092.619,24.5,95,0.1,14.1,100,0.0,0.0,28.3
2025-09-06 03:00:00,7825.233,0.0,7825.233,9948.776,24.6,96,0.1,11.5,100,0.0,0.0,28.9
2025-09-06 04:00:00,7895.157999999999,0.0,7895.157999999999,10031.283,24.7,96,0.1,9.8,100,0.0,0.0,29.3
2025-09-06 05:00:00,12943.447,0.0,12943.447,15988.267,24.6,96,0.0,7.2,100,0.0,0.0,29.7
2025-09-06 06:00:00,14641.426,0.0,14641.426,17991.883,26.0,92,0.0,7.7,100,6.0,0.0,31.3
2025-09-06 07:00:00,14629.104,269.218,14359.887,17977.341,26.6,91,0.0,7.7,100,99.0,28.0,32.2
2025-09-06 08:00:00,14584.452,508.603,14075.849,17924.655,27.8,86,0.0,10.1,94,286.0,157.0,33.3
2025-09-06 09:00:00,14610.791,731.785,13879.004,17955.733,29.2,78,0.0,12.6,97,471.0,301.0,34.1
2025-09-06 10:00:00,14541.265,885.597,13655.667,17873.691,30.3,72,0.2,13.5,100,628.0,430.0,35.2
2025-09-06 11:00:00,13083.985,903.871,12180.112,16154.1,30.8,71,0.1,11.8,100,670.0,441.0,36.5
2025-09-06 12:00:00,13077.163,911.4159999999999,12165.747,16146.053,31.2,72,0.1,11.9,99,764.0,518.0,37.7
2025-09-06 13:00:00,13022.887,900.02,12122.863,16082.005000000001,31.2,72,0.1,11.9,98,759.0,522.0,37.6
2025-09-06 14:00:00,13020.849,791.819,12229.032,16079.602,31.2,73,0.2,11.1,98,651.0,426.0,37.4
2025-09-06 15:00:00,13087.588,626.281,12461.307,16158.353,29.5,80,2.4,8.9,99,471.0,255.0,35.3
2025-09-06 16:00:00,13204.551,491.763,12712.792,16296.371,29.3,80,1.2,10.0,98,290.0,112.0,34.8
2025-09-06 17:00:00,13114.106,244.751,12869.356,16189.643,28.6,83,0.2,8.8,98,167.0,47.0,34.3
2025-09-06 18:00:00,17228.138,0.0,17228.138,21044.201,28.8,83,0.0,7.1,70,48.0,10.0,35.0
2025-09-06 19:00:00,17181.438,0.0,17181.438,20989.097999999998,28.3,85,0.0,7.8,93,0.0,0.0,34.2
2025-09-06 20:00:00,17145.335,0.0,17145.335,20946.493,27.7,88,0.0,10.7,99,0.0,0.0,33.1
2025-09-06 21:00:00,17374.714,0.0,17374.714,21217.163,26.8,88,0.0,8.5,99,0.0,0.0,32.1
2025-09-06 22:00:00,17263.584,0.0,17263.584,21086.028,26.4,89,0.0,9.1,98,0.0,0.0,31.4
2025-09-06 23:00:00,7803.946,0.0,7803.946,9923.655,26.2,90,0.0,9.0,100,0.0,0.0,31.2
2025-09-07 00:00:00,7876.1,0.0,7876.1,10008.799,26.1,90,0.0,11.0,100,0.0,0.0,30.8
2025-09-07 01:00:00,7904.0689999999995,0.0,7904.0689999999995,10041.801,25.2,93,1.2,10.7,100,0.0,0.0,29.7
2025-09-07 02:00:00,7750.77,0.0,7750.77,9860.904,25.3,95,0.0,8.8,99,0.0,0.0,30.3
2025-09-07 03:00:00,7938.583,0.0,7938.583,10082.53,25.1,96,0.0,6.6,25,0.0,0.0,30.4
2025-09-07 04:00:00,7835.296,0.0,7835.296,9960.652,24.9,96,0.0,6.6,4,0.0,0.0,30.1
2025-09-07 05:00:00,13152.353,0.0,13152.353,16234.775,24.8,96,0.0,5.8,2,0.0,0.0,30.1
2025-09-07 06:00:00,14618.104,0.0,14618.104,17964.363,25.8,95,0.0,9.0,80,6.0,0.0,31.2
2025-09-07 07:00:00,14765.732,270.804,14494.929,18138.564,26.6,93,0.0,7.6,49,101.0,33.0,32.4
2025-09-07 08:00:00,14775.298999999999,520.9639999999999,14254.335,18149.853,27.9,87,0.0,9.0,21,293.0,172.0,33.7
2025-09-07 09:00:00,14787.555,751.557,14036.0,18164.315,29.3,81,0.0,9.3,39,492.0,341.0,35.1
2025-09-07 10:00:00,14616.719000000001,867.0219999999999,13749.698,17962.726,30.5,75,0.1,9.8,27,632.0,453.0,36.5
2025-09-07 11:00:00,13025.307999999999,823.917,12201.392,16084.866,31.3,72,0.0,9.0,31,771.0,584.0,38.4
2025-09-07 12:00:00,13208.298,900.257,12308.043,16300.793,31.8,69,0.0,9.6,15,793.0,591.0,38.8
2025-09-07 13:00:00,13176.215,861.9929999999999,12314.221000000001,16262.932999999999,31.9,68,0.0,8.9,10,756.0,561.0,38.7
2025-09-07 14:00:00,12839.457,768.528,12070.932,15865.559000000001,31.9,70,0.0,7.9,15,695.0,508.0,38.7
2025-09-07 15:00:00,12925.181,688.1560000000001,12237.023000000001,15966.714,31.2,74,0.2,9.3,72,504.0,286.0,37.2
2025-09-07 16:00:00,13067.096,487.082,12580.014,16134.175000000001,30.8,76,0.1,5.4,100,347.0,175.0,37.4
2025-09-07 17:00:00,13092.135,225.466,12866.67,16163.723,29.9,78,0.7,5.6,97,185.0,77.0,36.2
2025-09-07 18:00:00,17205.085,0.0,17205.085,21017.002,28.0,88,0.0,6.5,100,40.0,3.0,34.3
2025-09-07 19:00:00,17240.779,0.0,17240.779,21059.122,27.4,89,0.0,5.8,100,0.0,0.0,33.5
2025-09-07 20:00:00,16967.303,0.0,16967.303,20736.419,27.0,90,0.0,5.2,99,0.0,0.0,33.1
2025-09-07 21:00:00,17171.964,0.0,17171.964,20977.919,26.7,90,0.0,5.2,100,0.0,0.0,32.7
2025-09-07 22:00:00,17082.862,0.0,17082.862,20872.778000000002,26.5,91,0.0,6.2,9,0.0,0.0,32.2
2025-09-07 23:00:00,7834.896,0.0,7834.896,9960.177,26.2,92,0.0,5.7,3,0.0,0.0,32.0
2025-09-08 00:00:00,9006.3,0.0,9006.3,11342.437,26.0,93,0.0,5.7,4,0.0,0.0,31.7
2025-09-08 01:00:00,8890.190999999999,0.0,8890.190999999999,11205.424,25.8,95,0.0,4.5,2,0.0,0.0,31.7
2025-09-08 02:00:00,8960.328,0.0,8960.328,11288.188,25.5,96,0.0,3.3,2,0.0,0.0,31.6
2025-09-08 03:00:00,9028.463,0.0,9028.463,11368.585000000001,25.3,97,0.0,2.7,2,0.0,0.0,31.5
2025-09-08 04:00:00,8958.551,0.0,8958.551,11286.093,25.2,98,0.0,3.1,2,0.0,0.0,31.3
2025-09-08 05:00:00,15079.663,0.0,15079.663,18508.997,25.2,98,0.0,4.2,7,0.0,0.0,31.1
2025-09-08 06:00:00,16812.135,0.0,16812.135,20553.318,25.8,96,0.0,5.9,12,6.0,1.0,31.7
2025-09-08 07:00:00,16936.27,308.525,16627.747,20699.8,26.7,93,0.0,5.1,7,105.0,41.0,33.0
2025-09-08 08:00:00,16769.573,611.356,16158.22,20503.096,27.9,89,0.0,5.8,4,289.0,169.0,34.4
2025-09-08 09:00:00,16643.17,790.664,15852.507,20353.939,29.2,81,0.1,6.1,6,479.0,327.0,35.5
2025-09-08 10:00:00,17101.977,1037.379,16064.604,20895.337,30.3,74,0.1,5.1,10,634.0,456.0,36.9
2025-09-08 11:00:00,15002.999,1054.894,13948.106,18418.538,30.9,72,0.1,3.8,12,747.0,553.0,38.5
2025-09-08 12:00:00,15030.71,1037.189,13993.523000000001,18451.238,31.4,71,0.1,4.0,19,795.0,594.0,39.4
2025-09-08 13:00:00,15058.35,978.651,14079.7,18483.854,31.5,70,0.1,4.5,16,773.0,577.0,39.1
2025-09-08 14:00:00,15091.106,895.11,14195.995,18522.505,31.7,65,0.1,4.6,15,721.0,536.0,38.4
2025-09-08 15:00:00,15166.453,719.076,14447.374,18611.414,32.0,60,0.1,4.0,9,566.0,375.0,37.1
2025-09-08 16:00:00,15095.117,532.831,14562.284,18527.236,31.9,60,0.0,2.2,4,373.0,219.0,37.1
2025-09-08 17:00:00,14980.284,274.533,14705.754,18391.738,31.4,64,0.0,3.6,7,201.0,99.0,36.8
2025-09-08 18:00:00,19991.004,0.0,19991.004,24304.387000000002,30.5,72,0.0,3.8,48,51.0,16.0,36.5
2025-09-08 19:00:00,19725.078,0.0,19725.078,23990.592,29.3,78,0.0,2.9,41,0.0,0.0,35.7
2025-09-08 20:00:00,19868.059,0.0,19868.059,24159.307999999997,28.8,80,0.0,1.5,98,0.0,0.0,35.2
2025-09-08 21:00:00,20043.613,0.0,20043.613,24366.462,28.4,81,0.0,1.3,100,0.0,0.0,34.8
2025-09-08 22:00:00,19993.920000000002,0.0,19993.920000000002,24307.825,28.0,82,0.0,0.9,100,0.0,0.0,34.4
2025-09-08 23:00:00,8946.937,0.0,8946.937,11272.386,27.5,84,0.0,1.8,100,0.0,0.0,33.7
2025-09-09 00:00:00,8989.48,0.0,8989.48,11322.588,27.1,85,0.0,3.5,20,0.0,0.0,32.8
2025-09-09 01:00:00,8940.936,0.0,8940.936,11265.304,26.6,85,0.0,3.8,98,0.0,0.0,32.1
2025-09-09 02:00:00,8879.103000000001,0.0,8879.103000000001,11192.344,26.3,84,0.0,5.2,2,0.0,0.0,31.3
2025-09-09 03:00:00,9052.391,0.0,9052.391,11396.823,26.0,86,0.0,6.7,4,0.0,0.0,30.8
2025-09-09 04:00:00,8922.458,0.0,8922.458,11243.502,25.9,87,0.0,7.7,1,0.0,0.0,30.6
2025-09-09 05:00:00,14878.765,0.0,14878.765,18271.942,25.8,88,0.0,7.9,1,0.0,0.0,30.4
2025-09-09 06:00:00,16927.719,0.0,16927.719,20689.707,26.7,86,0.0,7.2,1,6.0,1.0,31.8
2025-09-09 07:00:00,16911.198,304.331,16606.87,20670.215,27.5,84,0.0,6.7,0,106.0,43.0,33.0
2025-09-09 08:00:00,16969.793,610.752,16359.04,20739.357,28.6,80,0.0,7.7,0,293.0,177.0,34.1
2025-09-09 09:00:00,16850.681,815.213,16035.467999999999,20598.803,30.0,74,0.0,8.0,1,489.0,340.0,35.4
2025-09-09 10:00:00,16598.306,997.441,15600.864,20301.002,30.5,70,0.3,9.3,28,653.0,480.0,36.1
2025-09-09 11:00:00,15004.869,1013.759,13991.109999999999,18420.745,31.3,66,0.1,8.9,19,685.0,457.0,37.0
2025-09-09 12:00:00,14980.67,1026.449,13954.220000000001,18392.191,31.9,64,0.0,8.1,9,752.0,532.0,38.1
2025-09-09 13:00:00,15155.47,1018.422,14137.048999999999,18598.454,32.4,64,0.0,8.8,10,746.0,540.0,38.7
2025-09-09 14:00:00,15067.299,890.539,14176.761,18494.415,32.3,63,0.0,10.0,8,681.0,492.0,37.9
2025-09-09 15:00:00,15036.398,733.932,14302.465,18457.95,32.4,63,0.0,9.9,2,574.0,404.0,37.3
2025-09-09 16:00:00,14993.537,512.689,14480.845,18407.373,32.0,62,0.0,10.8,11,398.0,260.0,36.4
2025-09-09 17:00:00,14945.551,245.80100000000002,14699.75,18350.75,31.2,68,0.0,8.2,6,210.0,113.0,36.3
2025-09-09 18:00:00,19737.31,0.0,19737.31,24005.025999999998,30.3,72,0.0,5.6,7,49.0,16.0,36.1
2025-09-09 19:00:00,19937.053,0.0,19937.053,24240.72,29.5,76,0.0,6.4,1,0.0,0.0,35.2
2025-09-09 20:00:00,19699.259000000002,0.0,19699.259000000002,23960.125,29.0,79,0.0,7.6,4,0.0,0.0,34.6
2025-09-09 21:00:00,19618.615,0.0,19618.615,23864.965,28.6,78,0.0,7.8,5,0.0,0.0,33.8
2025-09-09 22:00:00,19743.196,0.0,19743.196,24011.972999999998,28.1,78,0.0,6.9,2,0.0,0.0,33.2
2025-09-09 23:00:00,8995.75,0.0,8995.75,11329.986,27.7,79,0.0,7.0,0,0.0,0.0,32.5
2025-09-10 00:00:00,8888.133,0.0,8888.133,11202.997,27.3,80,0.0,7.3,0,0.0,0.0,31.9
2025-09-10 01:00:00,8998.56,0.0,8998.56,11333.298999999999,26.9,80,0.0,7.6,0,0.0,0.0,31.3
2025-09-10 02:00:00,8993.227,0.0,8993.227,11327.009,26.4,81,0.0,7.8,0,0.0,0.0,30.7
2025-09-10 03:00:00,9045.248,0.0,9045.248,11388.393,26.1,83,0.0,7.6,0,0.0,0.0,30.3
2025-09-10 04:00:00,9011.514,0.0,9011.514,11348.587,25.8,84,0.0,8.2,0,0.0,0.0,29.9
2025-09-10 05:00:00,14871.716,0.0,14871.716,18263.625,25.6,85,0.0,9.1,0,0.0,0.0,29.6
2025-09-10 06:00:00,16826.244,0.0,16826.244,20569.965,27.1,88,0.0,10.6,2,5.0,0.0,32.1
2025-09-10 07:00:00,16881.333,306.981,16574.353,20634.972,27.8,86,0.0,7.9,3,105.0,43.0,33.4
2025-09-10 08:00:00,16775.633,613.4110000000001,16162.221,20510.248,28.9,81,0.0,9.7,0,292.0,176.0,34.4
2025-09-10 09:00:00,16933.518,815.441,16118.078,20696.552,30.1,75,0.0,13.2,10,490.0,344.0,35.0
2025-09-10 10:00:00,16709.240999999998,998.966,15710.277,20431.907,31.2,69,0.0,14.1,4,622.0,445.0,36.0
2025-09-10 11:00:00,15110.336000000001,1016.052,14094.282,18545.196,32.1,62,0.0,14.6,6,744.0,555.0,37.1
2025-09-10 12:00:00,14978.072,1035.183,13942.887999999999,18389.126,32.7,59,0.0,14.8,6,801.0,608.0,37.7
2025-09-10 13:00:00,15270.516,1023.283,14247.231,18734.207,33.1,56,0.0,15.1,4,774.0,578.0,37.6
2025-09-10 14:00:00,14980.475,920.706,14059.767,18391.96,33.2,55,0.0,15.6,5,723.0,542.0,37.1
2025-09-10 15:00:00,14844.029,732.837,14111.19,18230.954,32.9,56,0.0,15.6,4,586.0,429.0,36.2
2025-09-10 16:00:00,15001.025,502.552,14498.475,18416.21,32.2,59,0.0,15.3,2,414.0,280.0,35.6
2025-09-10 17:00:00,15132.471,263.555,14868.913,18571.315,31.3,63,0.0,13.9,2,217.0,121.0,35.0
2025-09-10 18:00:00,19752.56,0.0,19752.56,24023.023,30.1,66,0.0,11.5,16,49.0,16.0,34.0
2025-09-10 19:00:00,19814.113,0.0,19814.113,24095.654,29.3,70,0.0,10.4,87,0.0,0.0,33.4
2025-09-10 20:00:00,19664.98,0.0,19664.98,23919.675,28.6,73,0.0,9.5,0,0.0,0.0,32.9
2025-09-10 21:00:00,19944.935,0.0,19944.935,24250.024,28.0,76,0.0,8.7,0,0.0,0.0,32.3
2025-09-10 22:00:00,19890.932,0.0,19890.932,24186.299,27.4,79,0.0,7.9,3,0.0,0.0,31.9
2025-09-10 23:00:00,8961.927,0.0,8961.927,11290.075,26.9,80,0.0,7.3,7,0.0,0.0,31.4
2025-09-11 00:00:00,8993.847,0.0,8993.847,11327.739,26.5,81,0.0,7.9,33,0.0,0.0,30.7
2025-09-11 01:00:00,9112.961,0.0,9112.961,11468.294,26.0,80,0.0,7.6,4,0.0,0.0,30.0
2025-09-11 02:00:00,9020.043,0.0,9020.043,11358.65,25.7,79,0.0,8.3,2,0.0,0.0,29.3
2025-09-11 03:00:00,8952.338,0.0,8952.338,11278.76,25.5,79,0.0,8.6,6,0.0,0.0,28.8
2025-09-11 04:00:00,8993.544,0.0,8993.544,11327.383,25.1,79,0.0,9.0,17,0.0,0.0,28.2
2025-09-11 05:00:00,15057.046,0.0,15057.046,18482.313000000002,24.7,79,0.0,9.9,26,0.0,0.0,27.6
2025-09-11 06:00:00,16914.693,0.0,16914.693,20674.337,26.4,77,0.0,12.0,67,5.0,0.0,29.5
2025-09-11 07:00:00,16736.64,303.704,16432.935,20464.234,27.2,76,0.0,11.2,45,98.0,32.0,30.8
2025-09-11 08:00:00,16961.569,581.236,16380.335000000001,20729.653,28.3,73,0.0,11.3,14,268.0,138.0,32.2
2025-09-11 09:00:00,16850.766,867.9069999999999,15982.857,20598.903000000002,29.7,69,0.0,13.5,1,482.0,326.0,33.3
2025-09-11 10:00:00,16809.91,1011.509,15798.4,20550.692,30.9,63,0.0,14.9,24,666.0,500.0,34.9
2025-09-11 11:00:00,15010.623,1051.49,13959.134,18427.536,32.0,58,0.0,15.2,30,766.0,570.0,36.2
2025-09-11 12:00:00,14913.243,1037.047,13876.193,18312.624,32.5,55,0.0,14.1,49,737.0,464.0,36.5
2025-09-11 13:00:00,14834.346,1024.855,13809.489,18219.528,32.6,54,0.0,13.8,46,683.0,398.0,36.2
2025-09-11 14:00:00,14965.991,854.911,14111.079,18374.869,32.8,53,0.0,14.1,40,624.0,374.0,36.0
2025-09-11 15:00:00,14847.17,750.469,14096.704,18234.661,32.8,52,0.0,14.7,33,530.0,322.0,35.3
2025-09-11 16:00:00,14947.617,499.456,14448.161,18353.185,32.3,54,0.0,14.4,38,360.0,206.0,34.9
2025-09-11 17:00:00,15036.248,270.376,14765.869,18457.773,31.5,57,0.0,11.6,21,202.0,103.0,34.7
2025-09-11 18:00:00,19866.067,0.0,19866.067,24156.958,30.2,65,0.0,6.8,100,45.0,14.0,34.6
2025-09-11 19:00:00,19712.13,0.0,19712.13,23975.314,29.4,69,0.0,6.0,100,0.0,0.0,34.0
2025-09-11 20:00:00,19970.728,0.0,19970.728,24280.46,28.9,70,0.0,6.0,80,0.0,0.0,33.4
2025-09-11 21:00:00,19862.425,0.0,19862.425,24152.664,28.1,75,0.0,4.5,92,0.0,0.0,33.0
2025-09-11 22:00:00,19902.564,0.0,19902.564,24200.025,27.5,79,0.0,4.0,87,0.0,0.0,32.7
2025-09-11 23:00:00,9026.616,0.0,9026.616,11366.406,26.9,83,0.0,3.8,98,0.0,0.0,32.3
2025-09-12 00:00:00,9065.167,0.0,9065.167,11411.895,26.5,84,0.0,4.5,64,0.0,0.0,31.7
2025-09-12 01:00:00,8992.039,0.0,8992.039,11325.601999999999,26.1,83,0.0,5.4,78,0.0,0.0,30.8
2025-09-12 02:00:00,8953.311,0.0,8953.311,11279.909,25.7,80,0.0,5.4,58,0.0,0.0,29.8
2025-09-12 03:00:00,9073.199,0.0,9073.199,11421.374,25.3,78,0.0,7.1,27,0.0,0.0,28.7
2025-09-12 04:00:00,8967.199,0.0,8967.199,11296.297,24.9,78,0.0,7.6,11,0.0,0.0,28.1
2025-09-12 05:00:00,15053.788,0.0,15053.788,18478.47,24.6,80,0.0,7.8,4,0.0,0.0,27.8
2025-09-12 06:00:00,16773.813,0.0,16773.813,20508.104,25.9,80,0.0,10.1,5,5.0,0.0,29.5
2025-09-12 07:00:00,16729.74,306.013,16423.73,20456.092,26.9,77,0.0,8.8,19,106.0,44.0,30.8
2025-09-12 08:00:00,16711.755,563.776,16147.982,20434.872,28.3,71,0.0,9.9,12,286.0,169.0,32.1
2025-09-12 09:00:00,16753.743,783.918,15969.827000000001,20484.420000000002,29.8,66,0.0,10.9,0,485.0,331.0,33.6
2025-09-12 10:00:00,16406.153,1019.321,15386.831,20074.26,31.1,61,0.1,11.2,25,664.0,496.0,35.4
2025-09-12 11:00:00,15146.653,975.859,14170.792,18588.052,32.1,56,0.1,10.3,17,693.0,493.0,36.3
2025-09-12 12:00:00,15079.431,1039.56,14039.871,18508.73,33.0,52,0.0,9.8,17,772.0,555.0,37.6
2025-09-12 13:00:00,15216.301,1036.722,14179.579,18670.234,33.3,50,0.0,9.6,20,745.0,534.0,37.7
2025-09-12 14:00:00,15088.152,910.265,14177.885,18519.019,33.5,49,0.0,10.2,13,670.0,482.0,37.2
2025-09-12 15:00:00,15184.125,726.8530000000001,14457.273000000001,18632.268,33.3,50,0.0,11.3,10,562.0,394.0,36.3
2025-09-12 16:00:00,15154.198,545.865,14608.337,18596.956000000002,32.8,52,0.0,11.3,16,383.0,250.0,35.8
2025-09-12 17:00:00,15176.636,282.457,14894.181,18623.432,32.0,55,0.0,10.8,26,194.0,98.0,35.2
2025-09-12 18:00:00,19796.016,0.0,19796.016,24074.3,31.6,56,0.0,5.6,6,44.0,14.0,35.5
2025-09-12 19:00:00,20073.215,0.0,20073.215,24401.395,31.0,59,0.0,4.9,10,0.0,0.0,35.2
2025-09-12 20:00:00,19941.118,0.0,19941.118,24245.52,30.1,67,0.0,2.7,35,0.0,0.0,35.4
2025-09-12 21:00:00,19812.757,0.0,19812.757,24094.053,29.7,71,0.0,1.8,37,0.0,0.0,35.5
2025-09-12 22:00:00,19744.653,0.0,19744.653,24013.69,29.1,74,0.0,1.2,33,0.0,0.0,35.1
2025-09-12 23:00:00,8988.518,0.0,8988.518,11321.448,28.4,75,0.0,3.1,17,0.0,0.0,33.8
2025-09-13 00:00:00,7862.242,0.0,7862.242,9992.443,27.8,79,0.0,3.4,69,0.0,0.0,33.2
2025-09-13 01:00:00,7853.558,0.0,7853.558,9982.197,27.6,80,0.0,3.9,100,0.0,0.0,33.0
2025-09-13 02:00:00,7802.36,0.0,7802.36,9921.784,27.4,80,0.0,4.7,66,0.0,0.0,32.5
2025-09-13 03:00:00,7890.484,0.0,7890.484,10025.773,27.1,80,0.0,2.7,32,0.0,0.0,32.4
2025-09-13 04:00:00,7791.387,0.0,7791.387,9908.836,26.7,80,0.0,4.6,41,0.0,0.0,31.5
2025-09-13 05:00:00,13107.136,0.0,13107.136,16181.419,26.3,79,0.0,5.1,10,0.0,0.0,30.7
2025-09-13 06:00:00,14600.587,0.0,14600.587,17943.693,27.7,73,0.0,5.8,79,4.0,0.0,32.0
2025-09-13 07:00:00,14491.223,253.405,14237.821,17814.645,28.5,69,0.0,6.0,44,79.0,24.0,32.7
2025-09-13 08:00:00,14375.519,502.292,13873.229,17678.113,29.2,66,0.0,6.2,96,156.0,18.0,33.4
2025-09-13 09:00:00,14613.844000000001,740.1510000000001,13873.69,17959.337,30.9,60,0.0,5.8,12,342.0,153.0,35.0
2025-09-13 10:00:00,14712.294,896.026,13816.269,18075.509000000002,33.0,49,0.0,7.0,25,621.0,441.0,36.7
2025-09-13 11:00:00,12948.346,860.329,12088.016,15994.048,34.3,44,0.0,7.4,12,730.0,539.0,38.2
2025-09-13 12:00:00,13176.666,951.6,12225.067000000001,16263.465,35.0,42,0.0,8.4,22,782.0,577.0,39.1
2025-09-13 13:00:00,13033.259,866.298,12166.960000000001,16094.244,35.3,41,0.1,10.1,18,740.0,542.0,38.8
2025-09-13 14:00:00,12925.446,804.495,12120.951000000001,15967.027,34.8,42,0.2,11.3,18,660.0,469.0,37.6
2025-09-13 15:00:00,12922.294,652.588,12269.705,15963.309,34.4,44,0.3,11.5,32,526.0,353.0,36.7
2025-09-13 16:00:00,13015.868,447.786,12568.082999999999,16073.724,33.4,49,0.3,11.2,26,357.0,217.0,36.2
2025-09-13 17:00:00,13038.053,227.738,12810.315,16099.903,32.5,54,0.0,9.4,26,177.0,88.0,36.0
2025-09-13 18:00:00,17487.424,0.0,17487.424,21350.161,32.9,48,0.0,7.8,63,43.0,14.0,35.8
2025-09-13 19:00:00,17172.122,0.0,17172.122,20978.108,32.5,50,0.0,5.4,92,0.0,0.0,35.9
2025-09-13 20:00:00,17367.281,0.0,17367.281,21208.393,32.0,53,0.0,2.7,84,0.0,0.0,36.0
2025-09-13 21:00:00,17137.898,0.0,17137.898,20937.718,31.2,57,0.0,1.9,79,0.0,0.0,35.6
2025-09-13 22:00:00,17149.017,0.0,17149.017,20950.837,30.4,60,0.0,1.5,95,0.0,0.0,35.0
2025-09-13 23:00:00,7894.953,0.0,7894.953,10031.045,29.7,64,0.0,2.4,82,0.0,0.0,34.3
2025-09-14 00:00:00,7772.619,0.0,7772.619,9886.693,29.0,68,0.0,4.0,26,0.0,0.0,33.6
2025-09-14 01:00:00,7783.47,0.0,7783.47,9899.494,28.5,70,0.0,4.2,26,0.0,0.0,33.1
2025-09-14 02:00:00,7818.193,0.0,7818.193,9940.47,28.0,73,0.0,4.7,20,0.0,0.0,32.7
2025-09-14 03:00:00,7815.508,0.0,7815.508,9937.3,27.6,77,0.0,4.7,19,0.0,0.0,32.4
2025-09-14 04:00:00,7852.198,0.0,7852.198,9980.592,27.3,78,0.0,4.0,23,0.0,0.0,32.3
2025-09-14 05:00:00,13245.916000000001,0.0,13245.916000000001,16345.181,27.0,80,0.0,4.3,19,0.0,0.0,31.9
2025-09-14 06:00:00,14652.149,0.0,14652.149,18004.536,27.6,81,0.0,5.7,15,4.0,0.0,32.8
2025-09-14 07:00:00,14781.625,257.164,14524.46,18157.32,29.0,73,0.0,4.7,5,96.0,38.0,34.3
2025-09-14 08:00:00,14620.007,523.235,14096.771999999999,17966.609,31.5,59,0.0,4.3,8,278.0,163.0,36.0
2025-09-14 09:00:00,14494.186,694.887,13799.297,17818.142,33.4,48,0.0,5.6,11,472.0,324.0,36.9
2025-09-14 10:00:00,14617.285,869.617,13747.669,17963.397,34.9,42,0.0,7.5,11,639.0,473.0,38.1
2025-09-14 11:00:00,13124.326,872.256,12252.069,16201.705,35.6,39,0.1,9.0,20,704.0,511.0,38.8
2025-09-14 12:00:00,13121.989,911.155,12210.835,16198.944,36.1,38,0.1,9.4,70,759.0,558.0,39.6
2025-09-14 13:00:00,13072.36,889.704,12182.657,16140.386999999999,36.2,39,0.0,9.6,55,727.0,525.0,39.6
2025-09-14 14:00:00,12986.109,781.301,12204.808,16038.609,36.5,38,0.0,10.4,75,681.0,493.0,39.6
2025-09-14 15:00:00,13135.604,674.006,12461.599,16215.014,36.2,39,0.0,11.8,96,569.0,410.0,38.5
2025-09-14 16:00:00,12998.852,444.748,12554.104,16053.644,35.3,42,0.0,12.1,91,376.0,246.0,37.5
2025-09-14 17:00:00,13071.682,242.067,12829.616,16139.586,34.3,45,0.0,11.5,76,194.0,102.0,36.8
2025-09-14 18:00:00,17289.99,0.0,17289.99,21117.187,33.3,50,0.0,8.9,87,38.0,12.0,36.5
2025-09-14 19:00:00,17331.141,0.0,17331.141,21165.746,33.0,50,0.0,5.2,71,0.0,0.0,36.7
2025-09-14 20:00:00,17165.642,0.0,17165.642,20970.456000000002,32.7,51,0.0,3.7,14,0.0,0.0,36.7
2025-09-14 21:00:00,17239.034,0.0,17239.034,21057.059,32.0,56,0.0,2.4,42,0.0,0.0,36.5
2025-09-14 22:00:00,17054.736,0.0,17054.736,20839.589,31.1,61,0.0,2.2,11,0.0,0.0,36.1
2025-09-14 23:00:00,7821.565,0.0,7821.565,9944.445,30.4,65,0.0,3.4,5,0.0,0.0,35.4
2025-09-15 00:00:00,8975.09,0.0,8975.09,11305.608,29.8,68,0.0,4.2,3,0.0,0.0,34.8
2025-09-15 01:00:00,8984.292,0.0,8984.292,11316.466,29.1,71,0.0,4.9,5,0.0,0.0,34.0
2025-09-15 02:00:00,9080.347,0.0,9080.347,11429.81,28.6,73,0.0,3.7,3,0.0,0.0,33.6
2025-09-15 03:00:00,8943.118,0.0,8943.118,11267.879,28.1,75,0.0,5.2,1,0.0,0.0,32.9
2025-09-15 04:00:00,9007.239,0.0,9007.239,11343.541,27.8,76,0.0,6.3,0,0.0,0.0,32.4
2025-09-15 05:00:00,15062.509,0.0,15062.509,18488.763,27.3,75,0.0,6.8,0,0.0,0.0,31.5
2025-09-15 06:00:00,16969.404,0.0,16969.404,20738.898,28.6,68,0.0,6.1,43,4.0,0.0,32.7
2025-09-15 07:00:00,16913.965,295.252,16618.711,20673.48,29.5,62,0.0,6.0,1,93.0,33.0,33.3
2025-09-15 08:00:00,16902.709,579.355,16323.354,20660.198,31.4,54,0.0,6.5,0,275.0,155.0,34.7
2025-09-15 09:00:00,17076.204,831.25,16244.955,20864.92,33.3,46,0.0,8.5,2,472.0,319.0,35.9
2025-09-15 10:00:00,16943.193,1066.733,15876.462,20707.971,34.7,41,0.0,10.4,9,659.0,496.0,37.4
2025-09-15 11:00:00,15040.842,1046.114,13994.728000000001,18463.195,35.6,39,0.0,10.5,2,776.0,598.0,39.0
2025-09-15 12:00:00,15078.720000000001,1032.811,14045.908,18507.888,36.3,38,0.0,11.3,5,820.0,639.0,39.7
2025-09-15 13:00:00,15104.099,999.25,14104.851999999999,18537.838,36.4,37,0.0,11.9,5,772.0,582.0,39.4
2025-09-15 14:00:00,15168.319,921.224,14247.097,18613.617,36.4,38,0.0,13.0,8,720.0,547.0,39.1
2025-09-15 15:00:00,14932.29,707.194,14225.092,18335.1,36.0,39,0.0,13.0,7,571.0,414.0,38.0
2025-09-15 16:00:00,15024.742,541.925,14482.817000000001,18444.196,35.2,42,0.0,13.3,12,378.0,240.0,37.2
2025-09-15 17:00:00,15008.124,283.94,14724.182,18424.585,34.3,44,0.0,11.8,3,186.0,95.0,36.6
2025-09-15 18:00:00,19800.504,0.0,19800.504,24079.595,33.5,47,0.0,8.1,89,36.0,10.0,36.5
2025-09-15 19:00:00,20105.829999999998,0.0,20105.829999999998,24439.877,33.4,47,0.0,5.8,95,0.0,0.0,36.7
2025-09-15 20:00:00,19459.477,0.0,19459.477,23677.181,33.3,48,0.0,3.3,100,0.0,0.0,37.1
2025-09-15 21:00:00,19560.736,0.0,19560.736,23796.666,32.8,53,0.0,0.5,100,0.0,0.0,37.6
2025-09-15 22:00:00,19647.137,0.0,19647.137,23898.622,32.1,53,0.0,1.7,100,0.0,0.0,36.5
2025-09-15 23:00:00,8927.569,0.0,8927.569,11249.533,31.3,58,0.0,5.6,100,0.0,0.0,35.4
2025-09-16 00:00:00,8970.983,0.0,8970.983,11300.76,30.5,62,0.0,6.9,100,0.0,0.0,34.6
2025-09-16 01:00:00,9016.473,0.0,9016.473,11354.435,29.5,67,0.0,6.8,100,0.0,0.0,33.8
2025-09-16 02:00:00,8982.742,0.0,8982.742,11314.636,28.8,70,0.0,5.7,99,0.0,0.0,33.3
2025-09-16 03:00:00,8990.75,0.0,8990.75,11324.086,28.4,71,0.0,6.0,98,0.0,0.0,32.8
2025-09-16 04:00:00,9064.303,0.0,9064.303,11410.879,28.0,73,0.0,6.4,24,0.0,0.0,32.4
2025-09-16 05:00:00,14941.08,0.0,14941.08,18345.474000000002,27.3,77,0.0,6.9,4,0.0,0.0,31.7
2025-09-16 06:00:00,16799.985,0.0,16799.985,20538.98,28.8,62,0.0,6.4,100,4.0,0.0,32.0
2025-09-16 07:00:00,16859.504,325.561,16533.944,20609.216,29.2,60,0.0,5.4,98,99.0,41.0,32.5
2025-09-16 08:00:00,16853.435,592.892,16260.541,20602.053,30.4,56,0.0,4.9,78,282.0,167.0,33.8
2025-09-16 09:00:00,16962.357,851.274,16111.084,20730.579,32.4,48,0.0,4.4,22,485.0,338.0,35.6
2025-09-16 10:00:00,16938.22,996.87,15941.352,20702.101,34.1,43,0.0,6.0,12,658.0,497.0,37.5
2025-09-16 11:00:00,15085.718,1005.557,14080.161,18516.148,35.3,40,0.0,6.7,81,766.0,586.0,39.3
2025-09-16 12:00:00,14968.24,1068.844,13899.396,18377.522,36.2,38,0.0,7.6,49,781.0,592.0,40.2
2025-09-16 13:00:00,14893.619,1014.3770000000001,13879.242,18289.473,36.8,37,0.0,8.3,38,782.0,589.0,40.7
2025-09-16 14:00:00,15265.173,897.731,14367.441,18727.904,36.6,38,0.0,10.2,61,629.0,429.0,39.3
2025-09-16 15:00:00,14953.187,750.755,14202.433,18359.76,35.7,41,0.0,10.0,37,516.0,349.0,38.2
2025-09-16 16:00:00,15047.086,542.875,14504.212,18470.56,35.2,42,0.0,8.5,31,381.0,248.0,38.0
2025-09-16 17:00:00,15005.814,278.591,14727.225,18421.863,34.3,45,0.0,3.5,34,182.0,94.0,37.9
2025-09-16 18:00:00,19949.949,0.0,19949.949,24255.94,32.6,56,0.0,2.7,17,34.0,10.0,37.4
2025-09-16 19:00:00,19592.071,0.0,19592.071,23833.643,32.6,53,0.0,2.2,21,0.0,0.0,37.0
2025-09-16 20:00:00,20004.466,0.0,20004.466,24320.271,31.0,61,0.1,8.3,28,0.0,0.0,35.0
2025-09-16 21:00:00,19871.738,0.0,19871.738,24163.651,30.0,67,0.0,8.1,7,0.0,0.0,34.5
2025-09-16 22:00:00,20161.989,0.0,20161.989,24506.148,29.2,71,0.0,8.5,15,0.0,0.0,33.7
2025-09-16 23:00:00,9076.447,0.0,9076.447,11425.205,28.4,74,0.0,7.7,8,0.0,0.0,32.9
2025-09-17 00:00:00,9083.321,0.0,9083.321,11433.319,27.9,75,0.0,7.0,4,0.0,0.0,32.3
2025-09-17 01:00:00,9016.135,0.0,9016.135,11354.039,27.5,76,0.0,6.9,0,0.0,0.0,31.9
2025-09-17 02:00:00,9012.337,0.0,9012.337,11349.558,27.1,77,0.0,6.2,0,0.0,0.0,31.6
2025-09-17 03:00:00,9056.215,0.0,9056.215,11401.336,26.9,79,0.0,4.2,3,0.0,0.0,31.7
2025-09-17 04:00:00,8986.017,0.0,8986.017,11318.503,27.0,80,0.0,1.0,5,0.0,0.0,32.4
2025-09-17 05:00:00,15064.518,0.0,15064.518,18491.132,26.7,80,0.0,7.7,29,0.0,0.0,31.0
2025-09-17 06:00:00,16745.11,0.0,16745.11,20474.226,27.4,76,0.0,3.1,11,4.0,0.0,32.2
2025-09-17 07:00:00,16695.983,310.945,16385.034,20416.26,28.8,70,0.0,1.8,7,92.0,35.0,34.0
2025-09-17 08:00:00,16789.613,580.374,16209.238,20526.742000000002,30.6,64,0.0,1.7,2,278.0,164.0,35.8
2025-09-17 09:00:00,16902.867,868.867,16033.999,20660.382999999998,32.5,55,0.0,1.7,6,476.0,330.0,37.3
2025-09-17 10:00:00,16738.499,1026.086,15712.414999999999,20466.43,33.9,49,0.1,4.9,26,643.0,480.0,38.5
2025-09-17 11:00:00,15060.497,1011.694,14048.803,18486.387,35.1,44,0.0,4.5,28,688.0,498.0,39.7
2025-09-17 12:00:00,15000.485,1057.9189999999999,13942.568,18415.574,36.2,40,0.0,5.2,36,748.0,554.0,40.7
2025-09-17 13:00:00,15176.443000000001,1037.179,14139.261,18623.201,36.4,38,0.0,6.2,43,723.0,522.0,40.4
2025-09-17 14:00:00,15198.867,957.997,14240.869999999999,18649.659,36.3,39,0.1,7.3,29,646.0,453.0,39.6
2025-09-17 15:00:00,14989.976,745.899,14244.077000000001,18403.174,35.8,40,0.0,8.9,34,522.0,362.0,38.4
2025-09-17 16:00:00,15120.526,528.497,14592.029,18557.222,35.2,42,0.0,9.5,18,374.0,242.0,37.9
2025-09-17 17:00:00,14853.667,267.259,14586.406,18242.325,34.2,45,0.0,7.8,14,187.0,100.0,37.2
2025-09-17 18:00:00,19768.105,0.0,19768.105,24041.365,31.6,61,0.0,1.8,12,31.0,9.0,36.9
2025-09-17 19:00:00,19868.483,0.0,19868.483,24159.809,31.4,62,0.0,2.1,12,0.0,0.0,36.8
2025-09-17 20:00:00,19841.976,0.0,19841.976,24128.532,31.1,64,0.0,1.8,32,0.0,0.0,36.5
2025-09-17 21:00:00,19828.47,0.0,19828.47,24112.593,30.7,65,0.0,5.8,11,0.0,0.0,35.6
2025-09-17 22:00:00,19854.75,0.0,19854.75,24143.605,29.5,73,0.0,7.8,8,0.0,0.0,34.5
2025-09-17 23:00:00,9058.175,0.0,9058.175,11403.645,28.5,79,0.0,7.4,2,0.0,0.0,33.8
2025-09-18 00:00:00,8958.829,0.0,8958.829,11286.419,27.8,82,0.0,6.5,7,0.0,0.0,33.2
2025-09-18 01:00:00,8986.972,0.0,8986.972,11319.625,27.2,85,0.0,6.8,14,0.0,0.0,32.6
2025-09-18 02:00:00,9038.251,0.0,9038.251,11380.134,26.3,87,0.0,7.2,18,0.0,0.0,31.3
2025-09-18 03:00:00,9016.706,0.0,9016.706,11354.713,25.8,88,0.0,6.6,7,0.0,0.0,30.6
2025-09-18 04:00:00,8912.622,0.0,8912.622,11231.894,25.4,89,0.0,7.2,10,0.0,0.0,30.0
2025-09-18 05:00:00,15030.488,0.0,15030.488,18450.977,25.1,90,0.0,5.9,11,0.0,0.0,29.9
2025-09-18 06:00:00,16798.355,0.0,16798.355,20537.059,27.3,82,0.0,3.9,19,3.0,0.0,32.9
2025-09-18 07:00:00,16872.675,310.948,16561.726,20624.756,27.9,79,0.0,4.5,5,93.0,36.0,33.3
2025-09-18 08:00:00,16788.792,569.534,16219.260999999999,20525.777000000002,29.4,73,0.0,4.2,2,277.0,164.0,34.8
2025-09-18 09:00:00,16712.038,829.673,15882.366,20435.206,31.4,63,0.1,2.2,17,480.0,338.0,36.9
2025-09-18 10:00:00,16777.793999999998,1042.784,15735.01,20512.796000000002,33.3,52,0.1,2.7,19,637.0,472.0,38.5
2025-09-18 11:00:00,15113.644,1045.071,14068.57,18549.099,34.9,45,0.0,4.9,21,692.0,495.0,39.6
2025-09-18 12:00:00,15008.338,1015.9590000000001,13992.377,18424.837,34.9,43,0.0,7.2,36,713.0,499.0,39.0
2025-09-18 13:00:00,15074.1,996.545,14077.553,18502.436,32.8,48,0.7,4.2,78,634.0,412.0,36.8
2025-09-18 14:00:00,15075.2,887.797,14187.402,18503.734,31.9,55,0.2,3.1,48,515.0,284.0,36.1
2025-09-18 15:00:00,14817.842,725.125,14092.717,18200.054,32.2,56,0.3,6.7,15,365.0,194.0,36.3
2025-09-18 16:00:00,14966.073,537.496,14428.575,18374.964,32.5,55,0.2,4.9,23,339.0,199.0,36.8
2025-09-18 17:00:00,15017.549,267.762,14749.788,18435.707,32.0,57,0.0,4.6,16,172.0,86.0,36.5
2025-09-18 18:00:00,19758.83,0.0,19758.83,24030.422,32.7,51,0.0,8.5,79,26.0,6.0,35.9
2025-09-18 19:00:00,19932.703999999998,0.0,19932.703999999998,24235.592,32.0,57,0.0,6.7,98,0.0,0.0,36.2
2025-09-18 20:00:00,19927.224,0.0,19927.224,24229.126,31.6,60,0.0,4.5,4,0.0,0.0,36.3
2025-09-18 21:00:00,19850.694,0.0,19850.694,24138.818,31.1,63,0.0,3.8,4,0.0,0.0,36.1
2025-09-18 22:00:00,19799.502,0.0,19799.502,24078.412,30.3,67,0.0,5.3,2,0.0,0.0,35.3
2025-09-18 23:00:00,9063.355,0.0,9063.355,11409.756,29.5,71,0.0,5.2,1,0.0,0.0,34.7
2025-09-19 00:00:00,9020.551,0.0,9020.551,11359.251,28.9,75,0.0,3.6,0,0.0,0.0,34.4
2025-09-19 01:00:00,9064.248,0.0,9064.248,11410.814,28.4,78,0.0,3.2,1,0.0,0.0,34.2
2025-09-19 02:00:00,8953.431,0.0,8953.431,11280.048999999999,28.0,81,0.0,4.3,0,0.0,0.0,33.7
2025-09-19 03:00:00,9067.158,0.0,9067.158,11414.244999999999,27.5,84,0.0,4.2,0,0.0,0.0,33.3
2025-09-19 04:00:00,8957.864,0.0,8957.864,11285.28,27.1,86,0.0,3.9,0,0.0,0.0,33.0
2025-09-19 05:00:00,15037.157,0.0,15037.157,18458.847,26.8,88,0.0,3.0,0,0.0,0.0,32.8
2025-09-19 06:00:00,16585.296,0.0,16585.296,20285.648,27.5,79,0.0,6.3,4,3.0,0.0,32.4
2025-09-19 07:00:00,16834.947,318.946,16516.001,20580.240999999998,28.6,72,0.0,4.3,2,95.0,38.0,33.4
2025-09-19 08:00:00,16977.471,585.847,16391.624,20748.417,30.7,64,0.0,3.7,8,280.0,168.0,35.7
2025-09-19 09:00:00,16793.877,821.62,15972.256,20531.773,32.6,53,0.0,5.4,18,469.0,326.0,36.6
2025-09-19 10:00:00,16943.224,1015.866,15927.359,20708.006,32.4,52,0.4,11.5,65,574.0,390.0,35.4
2025-09-19 11:00:00,15035.979,1024.585,14011.395,18457.457,33.5,47,0.0,7.8,17,493.0,256.0,36.5
2025-09-19 12:00:00,15093.212,1067.162,14026.05,18524.993,34.8,41,0.1,8.9,33,713.0,517.0,38.1
2025-09-19 13:00:00,15077.368,992.6,14084.765,18506.292999999998,34.9,42,0.2,9.8,34,680.0,454.0,38.1
2025-09-19 14:00:00,14982.094,882.376,14099.717,18393.87,35.4,41,0.0,8.7,17,643.0,461.0,38.5
2025-09-19 15:00:00,15025.336,758.566,14266.774,18444.9,35.5,41,0.0,10.7,19,554.0,400.0,37.8
2025-09-19 16:00:00,15160.433,534.972,14625.464,18604.311999999998,34.6,42,0.0,10.7,11,354.0,230.0,36.9
2025-09-19 17:00:00,15077.002,263.063,14813.939,18505.861,33.6,47,0.0,10.8,4,178.0,94.0,36.3
2025-09-19 18:00:00,19713.654,0.0,19713.654,23977.107,32.6,54,0.0,9.1,75,31.0,9.0,36.1
2025-09-19 19:00:00,19844.411,0.0,19844.411,24131.404,31.9,59,0.0,6.7,28,0.0,0.0,36.2
2025-09-19 20:00:00,19651.772,0.0,19651.772,23904.091,31.3,61,0.0,6.1,6,0.0,0.0,35.7
2025-09-19 21:00:00,19642.493000000002,0.0,19642.493000000002,23893.141,30.7,63,0.0,3.6,1,0.0,0.0,35.6
2025-09-19 22:00:00,19837.819,0.0,19837.819,24123.624,30.2,67,0.0,2.7,0,0.0,0.0,35.5
2025-09-19 23:00:00,9030.221,0.0,9030.221,11370.661,29.7,69,0.0,3.1,0,0.0,0.0,34.8
2025-09-20 00:00:00,7987.365,0.0,7987.365,10140.091,29.2,72,0.0,2.3,0,0.0,0.0,34.7
2025-09-20 01:00:00,7874.7880000000005,0.0,7874.7880000000005,10007.249,28.5,73,0.0,2.5,0,0.0,0.0,33.7
2025-09-20 02:00:00,7861.8460000000005,0.0,7861.8460000000005,9991.979,28.1,73,0.0,4.2,0,0.0,0.0,32.8
2025-09-20 03:00:00,7880.99,0.0,7880.99,10014.57,27.5,76,0.0,4.9,2,0.0,0.0,32.2
2025-09-20 04:00:00,7757.851,0.0,7757.851,9869.267,27.1,79,0.0,4.2,0,0.0,0.0,31.9
2025-09-20 05:00:00,12972.261999999999,0.0,12972.261999999999,16022.27,26.8,80,0.0,3.8,0,0.0,0.0,31.8
2025-09-20 06:00:00,14748.735,0.0,14748.735,18118.508,28.2,79,0.0,6.7,0,3.0,0.0,33.4
2025-09-20 07:00:00,14591.214,267.866,14323.348,17932.632,29.2,74,0.0,6.3,0,99.0,42.0,34.4
2025-09-20 08:00:00,14547.689,506.368,14041.319,17881.271,31.3,59,0.0,8.5,0,289.0,181.0,35.2
2025-09-20 09:00:00,14605.667,713.616,13892.051,17949.688000000002,33.3,45,0.0,11.4,7,487.0,349.0,35.3
2025-09-20 10:00:00,14686.24,908.21,13778.03,18044.762,34.5,40,0.0,12.5,9,628.0,466.0,36.4
2025-09-20 11:00:00,12842.948,851.663,11991.287,15869.68,35.3,38,0.0,12.7,11,728.0,551.0,37.6
2025-09-20 12:00:00,13051.083,890.475,12160.608,16115.280999999999,35.8,37,0.0,12.7,33,710.0,513.0,38.1
2025-09-20 13:00:00,12880.398,883.428,11996.969,15913.867,36.2,37,0.0,12.9,14,699.0,497.0,38.7
2025-09-20 14:00:00,13090.612000000001,815.386,12275.226,16161.921,36.0,37,0.0,13.8,16,640.0,453.0,37.8
2025-09-20 15:00:00,13103.518,638.82,12464.699,16177.154,35.7,37,0.0,14.1,17,513.0,359.0,36.9
2025-09-20 16:00:00,13007.589,463.267,12544.321,16063.953000000001,35.0,39,0.0,14.8,11,363.0,236.0,36.1
2025-09-20 17:00:00,13046.678,230.9,12815.779,16110.079,34.0,41,0.0,14.4,3,180.0,96.0,35.2
2025-09-20 18:00:00,17202.705,0.0,17202.705,21014.191,32.8,45,0.0,11.3,0,31.0,9.0,34.6
2025-09-20 19:00:00,17315.348,0.0,17315.348,21147.109,32.1,48,0.0,8.1,0,0.0,0.0,34.7
2025-09-20 20:00:00,16990.661,0.0,16990.661,20763.978,31.2,53,0.0,5.4,0,0.0,0.0,34.6
2025-09-20 21:00:00,17224.394,0.0,17224.394,21039.784,30.4,59,0.0,3.5,0,0.0,0.0,34.4
2025-09-20 22:00:00,17140.619,0.0,17140.619,20940.931,29.7,61,0.0,4.5,0,0.0,0.0,33.6
2025-09-20 23:00:00,7960.0380000000005,0.0,7960.0380000000005,10107.843,28.8,65,0.0,3.8,0,0.0,0.0,32.9
2025-09-21 00:00:00,7845.052,0.0,7845.052,9972.163,28.1,66,0.0,6.0,0,0.0,0.0,31.7
2025-09-21 01:00:00,7943.7880000000005,0.0,7943.7880000000005,10088.669,27.3,68,0.0,6.6,0,0.0,0.0,30.5
2025-09-21 02:00:00,7774.453,0.0,7774.453,9888.856,26.6,69,0.0,6.4,0,0.0,0.0,29.8
2025-09-21 03:00:00,7851.916,0.0,7851.916,9980.261,26.1,71,0.0,6.6,0,0.0,0.0,29.3
2025-09-21 04:00:00,7921.67,0.0,7921.67,10062.573,25.7,72,0.0,6.8,0,0.0,0.0,28.7
2025-09-21 05:00:00,12963.895,0.0,12963.895,16012.395,25.4,71,0.0,6.7,0,0.0,0.0,28.1
2025-09-21 06:00:00,14590.482,0.0,14590.482,17931.77,27.1,73,0.0,5.5,0,3.0,0.0,31.1
2025-09-21 07:00:00,14393.778,258.789,14134.991,17699.658,28.1,69,0.0,5.2,0,98.0,42.0,32.1
2025-09-21 08:00:00,14759.15,501.318,14257.833,18130.798,30.2,61,0.0,5.5,0,288.0,180.0,34.1
2025-09-21 09:00:00,14501.699,724.383,13777.315999999999,17827.003,32.3,54,0.0,9.3,7,487.0,349.0,35.6
2025-09-21 10:00:00,14845.405999999999,929.899,13915.507,18232.58,33.9,45,0.0,13.0,11,643.0,483.0,36.6
2025-09-21 11:00:00,13150.996,883.239,12267.755,16233.174,35.1,40,0.0,14.4,14,726.0,546.0,37.4
2025-09-21 12:00:00,13235.315,913.5450000000001,12321.774,16332.672,35.8,37,0.0,14.4,6,742.0,546.0,37.9
2025-09-21 13:00:00,13185.07,890.871,12294.197,16273.383,36.3,35,0.0,13.8,16,743.0,554.0,38.4
2025-09-21 14:00:00,12904.894,820.3,12084.591,15942.774,36.4,34,0.0,13.4,21,661.0,473.0,37.9
2025-09-21 15:00:00,13372.395,637.641,12734.753999999999,16494.425,36.1,35,0.0,13.2,20,538.0,378.0,37.2
2025-09-21 16:00:00,13166.39,459.69,12706.699,16251.34,35.3,38,0.0,13.5,25,361.0,237.0,36.5
2025-09-21 17:00:00,13103.92,230.296,12873.622,16177.624,34.2,43,0.0,13.6,6,174.0,91.0,35.9
2025-09-21 18:00:00,17448.146,0.0,17448.146,21303.812,33.2,44,0.0,11.5,7,28.0,8.0,34.9
2025-09-21 19:00:00,17226.675,0.0,17226.675,21042.475,32.8,44,0.0,10.8,7,0.0,0.0,34.5
2025-09-21 20:00:00,17126.572,0.0,17126.572,20924.356,32.2,46,0.0,9.5,2,0.0,0.0,34.2
2025-09-21 21:00:00,17291.049,0.0,17291.049,21118.439,31.1,51,0.0,7.1,2,0.0,0.0,33.8
2025-09-21 22:00:00,17281.024,0.0,17281.024,21106.608,30.4,55,0.0,5.6,0,0.0,0.0,33.5
2025-09-21 23:00:00,7906.606,0.0,7906.606,10044.798,29.7,57,0.0,4.0,0,0.0,0.0,33.1
2025-09-22 00:00:00,9063.355,0.0,9063.355,11409.761,28.7,62,0.0,6.7,0,0.0,0.0,31.9
2025-09-22 01:00:00,8900.467999999999,0.0,8900.467999999999,11217.55,27.9,65,0.0,4.8,0,0.0,0.0,31.3
2025-09-22 02:00:00,9048.764,0.0,9048.764,11392.543,27.3,67,0.0,4.6,0,0.0,0.0,30.7
2025-09-22 03:00:00,9100.348,0.0,9100.348,11453.412,26.9,67,0.0,4.8,0,0.0,0.0,30.2
2025-09-22 04:00:00,8929.807,0.0,8929.807,11252.174,26.5,68,0.0,5.7,0,0.0,0.0,29.5
2025-09-22 05:00:00,15137.06,0.0,15137.06,18576.732,26.1,68,0.0,5.2,0,0.0,0.0,29.1
2025-09-22 06:00:00,16805.286,0.0,16805.286,20545.236,27.3,74,0.0,6.4,0,3.0,0.0,31.4
2025-09-22 07:00:00,17035.87,308.925,16726.948,20817.325,28.5,68,0.0,5.9,0,96.0,40.0,32.5
2025-09-22 08:00:00,16984.086,604.546,16379.538,20756.221,30.5,59,0.0,7.3,1,285.0,178.0,34.2
2025-09-22 09:00:00,16888.071,837.3100000000001,16050.76,20642.922,32.7,50,0.0,9.2,1,485.0,347.0,35.6
2025-09-22 10:00:00,16920.149,1031.643,15888.507,20680.774,34.1,44,0.0,12.2,0,653.0,495.0,36.8
2025-09-22 11:00:00,15032.667,1034.414,13998.251,18453.548000000003,35.3,39,0.0,12.8,0,771.0,601.0,38.2
2025-09-22 12:00:00,14867.039999999999,1038.651,13828.392,18258.109,36.4,34,0.0,14.1,10,813.0,631.0,38.6
2025-09-22 13:00:00,15035.869999999999,1040.153,13995.715,18457.325,36.9,31,0.0,15.7,4,787.0,604.0,38.2
2025-09-22 14:00:00,15176.457,928.016,14248.44,18623.216,36.8,31,0.0,16.0,7,704.0,535.0,37.6
2025-09-22 15:00:00,14887.885,730.768,14157.119999999999,18282.705,36.6,31,0.0,15.6,7,557.0,404.0,36.7
2025-09-22 16:00:00,15196.5,527.377,14669.126,18646.876,35.5,36,0.0,15.9,10,366.0,245.0,36.1
2025-09-22 17:00:00,15150.989,285.176,14865.817,18593.171,34.5,39,0.0,15.3,3,172.0,89.0,35.4
2025-09-22 18:00:00,19675.968,0.0,19675.968,23932.645,34.0,39,0.0,12.6,3,27.0,8.0,35.1
2025-09-22 19:00:00,19878.341,0.0,19878.341,24171.444,33.0,43,0.0,11.1,3,0.0,0.0,34.6
2025-09-22 20:00:00,19940.877,0.0,19940.877,24245.237,32.1,46,0.0,10.8,1,0.0,0.0,33.9
2025-09-22 21:00:00,19858.563000000002,0.0,19858.563000000002,24148.102,31.2,50,0.0,10.2,0,0.0,0.0,33.3
2025-09-22 22:00:00,19788.176,0.0,19788.176,24065.047,30.6,51,0.0,9.9,0,0.0,0.0,32.6
2025-09-22 23:00:00,9037.573,0.0,9037.573,11379.337,30.2,51,0.0,8.6,0,0.0,0.0,32.3
2025-09-23 00:00:00,9004.602,0.0,9004.602,11340.429,29.9,52,0.0,7.1,0,0.0,0.0,32.1
2025-09-23 01:00:00,8969.312,0.0,8969.312,11298.788,28.9,55,0.0,6.8,0,0.0,0.0,31.1
2025-09-23 02:00:00,8976.075,0.0,8976.075,11306.769,27.8,58,0.0,6.2,0,0.0,0.0,30.1
2025-09-23 03:00:00,8964.675,0.0,8964.675,11293.318,27.0,61,0.0,6.3,0,0.0,0.0,29.4
2025-09-23 04:00:00,9046.524,0.0,9046.524,11389.897,26.5,63,0.0,6.8,0,0.0,0.0,28.8
2025-09-23 05:00:00,14992.773,0.0,14992.773,18406.471,26.1,65,0.0,7.5,0,0.0,0.0,28.4
2025-09-23 06:00:00,17044.398,0.0,17044.398,20827.391,27.0,71,0.0,7.4,0,3.0,0.0,30.5
2025-09-23 07:00:00,16774.948,300.922,16474.025999999998,20509.442,27.8,68,0.0,7.6,0,95.0,40.0,31.1
2025-09-23 08:00:00,16946.656,599.639,16347.02,20712.055,29.8,57,0.0,8.7,0,284.0,178.0,32.6
2025-09-23 09:00:00,16776.877,839.078,15937.798,20511.714,32.0,50,0.0,11.6,0,484.0,347.0,34.3
2025-09-23 10:00:00,16752.151,1044.914,15707.238000000001,20482.538,33.9,46,0.0,13.7,0,651.0,494.0,36.5
2025-09-23 11:00:00,14983.421,1019.549,13963.871,18395.435,35.4,38,0.0,15.1,8,764.0,596.0,37.7
2025-09-23 12:00:00,15183.576,1037.029,14146.547999999999,18631.621,36.4,34,0.0,15.4,8,765.0,579.0,38.2
2025-09-23 13:00:00,15060.452,992.04,14068.413,18486.333,36.7,33,0.0,16.2,40,748.0,560.0,38.1
2025-09-23 14:00:00,15165.316,868.4350000000001,14296.882,18610.074,36.6,33,0.0,16.7,4,668.0,482.0,37.5
2025-09-23 15:00:00,15025.121,726.671,14298.449,18444.644,36.1,33,0.0,15.8,1,542.0,381.0,36.3
2025-09-23 16:00:00,14974.960000000001,516.187,14458.772,18385.453,35.2,35,0.0,15.7,0,375.0,253.0,35.5
2025-09-23 17:00:00,14995.697,267.077,14728.619,18409.92,34.2,36,0.0,14.5,0,175.0,93.0,34.6
2025-09-23 18:00:00,20013.226,0.0,20013.226,24330.606,33.2,38,0.0,12.9,3,26.0,7.0,33.7
2025-09-23 19:00:00,19966.516,0.0,19966.516,24275.488,32.6,39,0.0,11.5,3,0.0,0.0,33.3
2025-09-23 20:00:00,19697.709,0.0,19697.709,23958.298,32.2,39,0.0,9.7,1,0.0,0.0,33.1
2025-09-23 21:00:00,20178.375,0.0,20178.375,24525.48,31.5,41,0.0,7.3,1,0.0,0.0,32.8
2025-09-23 22:00:00,19998.323,0.0,19998.323,24313.022,30.9,44,0.0,6.7,1,0.0,0.0,32.5
2025-09-23 23:00:00,9125.226,0.0,9125.226,11482.769,29.6,49,0.0,7.1,1,0.0,0.0,31.3
2025-09-24 00:00:00,9088.803,0.0,9088.803,11439.786,28.4,55,0.0,7.5,0,0.0,0.0,30.5
2025-09-24 01:00:00,9012.5,0.0,9012.5,11349.751,27.9,58,0.0,7.0,0,0.0,0.0,30.1
2025-09-24 02:00:00,8917.512,0.0,8917.512,11237.664,27.3,60,0.0,7.2,0,0.0,0.0,29.5
2025-09-24 03:00:00,9029.749,0.0,9029.749,11370.104,26.7,61,0.0,7.0,0,0.0,0.0,28.8
2025-09-24 04:00:00,9073.524,0.0,9073.524,11421.76,26.3,61,0.0,7.0,0,0.0,0.0,28.2
2025-09-24 05:00:00,15101.081,0.0,15101.081,18534.275,25.8,62,0.0,6.9,0,0.0,0.0,27.6
2025-09-24 06:00:00,16852.679,0.0,16852.679,20601.161,26.3,68,0.0,10.1,0,3.0,0.0,28.6
2025-09-24 07:00:00,16946.91,310.528,16636.384000000002,20712.354,27.2,63,0.0,8.6,0,94.0,40.0,29.6
2025-09-24 08:00:00,16908.81,609.467,16299.345000000001,20667.396,29.1,58,0.0,10.6,0,284.0,178.0,31.3
2025-09-24 09:00:00,16608.587,807.247,15801.342,20313.132999999998,31.1,52,0.0,12.2,0,483.0,347.0,33.3
2025-09-24 10:00:00,16877.412,1050.334,15827.077,20630.346,33.0,47,0.0,14.7,0,651.0,495.0,35.3
2025-09-24 11:00:00,14965.209,1011.852,13953.355,18373.942,34.6,39,0.0,15.6,0,766.0,599.0,36.5
2025-09-24 12:00:00,14844.588,1057.834,13786.754,18231.614999999998,35.5,34,0.0,15.1,0,818.0,647.0,37.3
2025-09-24 13:00:00,15135.275,1031.949,14103.325,18574.625,36.0,33,0.0,15.0,0,801.0,632.0,37.6
2025-09-24 14:00:00,15110.292,909.727,14200.567,18545.145,36.1,32,0.0,14.8,0,715.0,555.0,37.0
2025-09-24 15:00:00,15077.68,764.309,14313.369999999999,18506.66,35.7,32,0.0,14.1,0,569.0,425.0,36.0
2025-09-24 16:00:00,15023.615,551.497,14472.119,18442.867000000002,35.0,34,0.0,13.8,0,379.0,259.0,35.4
2025-09-24 17:00:00,14869.926,264.087,14605.837,18261.514,33.7,39,0.0,12.7,0,176.0,95.0,34.6
2025-09-24 18:00:00,19607.952,0.0,19607.952,23852.383,33.1,44,0.0,9.5,0,25.0,7.0,35.1
2025-09-24 19:00:00,20031.613,0.0,20031.613,24352.302,32.5,46,0.0,6.5,0,0.0,0.0,35.2
2025-09-24 20:00:00,19799.507,0.0,19799.507,24078.417,32.0,48,0.0,5.5,0,0.0,0.0,34.9
2025-09-24 21:00:00,20363.357,0.0,20363.357,24743.763,31.2,51,0.0,5.1,0,0.0,0.0,34.2
2025-09-24 22:00:00,20012.345,0.0,20012.345,24329.567,30.3,55,0.0,3.8,0,0.0,0.0,33.7
2025-09-24 23:00:00,8998.488,0.0,8998.488,11333.213,29.4,59,0.0,6.5,0,0.0,0.0,32.5
2025-09-25 00:00:00,9059.759,0.0,9059.759,11405.517,28.5,63,0.0,6.3,0,0.0,0.0,31.9
2025-09-25 01:00:00,9022.241,0.0,9022.241,11361.247,28.0,66,0.0,5.5,0,0.0,0.0,31.5
2025-09-25 02:00:00,9103.682,0.0,9103.682,11457.345,27.5,67,0.0,4.4,0,0.0,0.0,31.2
2025-09-25 03:00:00,9124.550000000001,0.0,9124.550000000001,11481.972,27.0,69,0.0,4.0,0,0.0,0.0,30.7
2025-09-25 04:00:00,9100.882,0.0,9100.882,11454.043,26.4,72,0.0,5.2,0,0.0,0.0,30.0
2025-09-25 05:00:00,15097.128,0.0,15097.128,18529.611,25.9,74,0.0,6.5,0,0.0,0.0,29.2
2025-09-25 06:00:00,16904.507,0.0,16904.507,20662.318,26.0,75,0.0,8.9,0,3.0,0.0,29.1
2025-09-25 07:00:00,16924.096,303.858,16620.238,20685.432,27.0,68,0.0,8.0,0,93.0,39.0,29.9
2025-09-25 08:00:00,16979.516,613.496,16366.022,20750.831000000002,29.2,57,0.0,7.6,0,281.0,175.0,31.9
2025-09-25 09:00:00,16965.990999999998,840.9159999999999,16125.074,20734.868,31.7,48,0.0,10.0,0,480.0,344.0,33.7
2025-09-25 10:00:00,16916.44,1014.559,15901.883,20676.4,33.7,41,0.0,11.9,0,649.0,493.0,35.6
2025-09-25 11:00:00,15035.267,1036.666,13998.603,18456.615,35.0,36,0.0,12.9,0,764.0,597.0,37.0
2025-09-25 12:00:00,15098.603,998.495,14100.109,18531.352,35.8,34,0.0,12.8,0,815.0,643.0,38.0
2025-09-25 13:00:00,15098.321,1001.115,14097.208,18531.017,36.1,34,0.0,13.1,0,794.0,624.0,38.2
2025-09-25 14:00:00,14932.268,898.411,14033.858,18335.075,36.2,33,0.0,13.5,0,707.0,546.0,37.7
2025-09-25 15:00:00,15026.378,700.6179999999999,14325.76,18446.124,35.9,33,0.0,13.4,0,561.0,416.0,36.6
2025-09-25 16:00:00,15157.607,534.517,14623.089,18600.976,35.1,36,0.0,13.0,0,371.0,252.0,35.9
2025-09-25 17:00:00,14940.22,277.793,14662.427,18344.456,33.8,41,0.0,12.8,0,170.0,90.0,35.1
2025-09-25 18:00:00,19902.557,0.0,19902.557,24200.015,33.0,44,0.0,9.9,0,23.0,6.0,34.9
2025-09-25 19:00:00,19923.826,0.0,19923.826,24225.115999999998,32.4,46,0.0,7.2,0,0.0,0.0,34.9
2025-09-25 20:00:00,20074.853,0.0,20074.853,24403.327999999998,31.7,50,0.0,6.9,0,0.0,0.0,34.4
2025-09-25 21:00:00,19883.321,0.0,19883.321,24177.32,31.0,51,0.0,5.4,0,0.0,0.0,33.9
2025-09-25 22:00:00,19860.835,0.0,19860.835,24150.786,30.4,52,0.0,5.6,0,0.0,0.0,33.1
2025-09-25 23:00:00,9034.326,0.0,9034.326,11375.506,29.9,53,0.0,6.0,0,0.0,0.0,32.5
2025-09-26 00:00:00,9041.865,0.0,9041.865,11384.4,29.3,54,0.0,5.1,0,0.0,0.0,32.0
2025-09-26 01:00:00,9051.149,0.0,9051.149,11395.358,28.5,57,0.0,4.6,0,0.0,0.0,31.3
2025-09-26 02:00:00,8943.263,0.0,8943.263,11268.046,27.6,61,0.0,4.9,0,0.0,0.0,30.4
2025-09-26 03:00:00,9034.046,0.0,9034.046,11375.173999999999,26.7,66,0.0,5.5,0,0.0,0.0,29.6
2025-09-26 04:00:00,9066.16,0.0,9066.16,11413.069,26.2,69,0.0,5.0,0,0.0,0.0,29.3
2025-09-26 05:00:00,15074.088,0.0,15074.088,18502.425,25.8,71,0.0,4.9,0,0.0,0.0,29.0
2025-09-26 06:00:00,17033.472,0.0,17033.472,20814.496,26.7,76,0.0,6.7,0,2.0,0.0,30.6
2025-09-26 07:00:00,16833.187,293.305,16539.882,20578.16,27.7,72,0.0,5.7,0,92.0,39.0,31.8
2025-09-26 08:00:00,16847.19,532.593,16314.597,20594.684,29.8,62,0.0,6.5,0,282.0,176.0,33.7
2025-09-26 09:00:00,16737.282,846.317,15890.963,20464.994,32.5,50,0.0,9.8,0,483.0,347.0,35.4
2025-09-26 10:00:00,16854.762000000002,1091.885,15762.876,20603.621,34.4,40,0.0,14.0,0,651.0,495.0,36.2
2025-09-26 11:00:00,15035.244,1000.526,14034.718,18456.589,35.6,36,0.0,13.9,0,768.0,600.0,37.6
2025-09-26 12:00:00,15093.736,1075.014,14018.724,18525.612,36.4,33,0.0,13.0,0,820.0,648.0,38.6
2025-09-26 13:00:00,15052.737,1023.082,14029.654,18477.231,36.9,31,0.0,13.1,0,800.0,631.0,38.9
2025-09-26 14:00:00,14965.011,930.08,14034.931,18373.711,37.0,30,0.0,13.5,0,711.0,550.0,38.2
2025-09-26 15:00:00,15129.686,734.097,14395.588,18568.028,36.6,32,0.0,13.5,0,561.0,418.0,37.2
2025-09-26 16:00:00,15074.973,513.209,14561.761,18503.465,35.4,39,0.0,13.4,0,370.0,251.0,37.0
2025-09-26 17:00:00,14924.037,268.66700000000003,14655.369999999999,18325.362,34.2,45,0.0,12.5,0,167.0,87.0,36.4
2025-09-26 18:00:00,19976.527,0.0,19976.527,24287.302,33.5,49,0.0,10.0,0,21.0,5.0,36.6
2025-09-26 19:00:00,19947.318,0.0,19947.318,24252.836,33.0,51,0.0,6.9,0,0.0,0.0,36.7
2025-09-26 20:00:00,20020.262,0.0,20020.262,24338.909,32.3,55,0.0,5.6,0,0.0,0.0,36.5
2025-09-26 21:00:00,20087.14,0.0,20087.14,24417.822,31.6,58,0.0,5.4,0,0.0,0.0,35.8
2025-09-26 22:00:00,19871.969,0.0,19871.969,24163.923,31.0,59,0.0,5.3,0,0.0,0.0,35.1
2025-09-26 23:00:00,9130.39,0.0,9130.39,11488.862,30.4,59,0.0,5.6,0,0.0,0.0,34.2
2025-09-27 00:00:00,7822.794,0.0,7822.794,9945.897,29.6,61,0.0,4.6,0,0.0,0.0,33.4
2025-09-27 01:00:00,7878.626,0.0,7878.626,10011.782,29.1,62,0.0,4.3,0,0.0,0.0,32.9
2025-09-27 02:00:00,7782.057,0.0,7782.057,9897.828,28.7,63,0.0,4.3,0,0.0,0.0,32.4
2025-09-27 03:00:00,7852.74,0.0,7852.74,9981.233,28.2,65,0.0,4.1,0,0.0,0.0,31.9
2025-09-27 04:00:00,7847.621,0.0,7847.621,9975.194,27.8,67,0.0,5.1,0,0.0,0.0,31.4
2025-09-27 05:00:00,13044.033,0.0,13044.033,16106.957,27.2,70,0.0,5.0,0,0.0,0.0,30.9
2025-09-27 06:00:00,14527.396999999999,0.0,14527.396999999999,17857.328,28.1,73,0.0,4.3,1,2.0,0.0,32.8
2025-09-27 07:00:00,14502.796,262.955,14239.842,17828.301,29.1,69,0.0,3.9,10,89.0,36.0,33.9
2025-09-27 08:00:00,14806.348,533.146,14273.202,18186.49,31.3,60,0.0,3.3,7,272.0,166.0,36.1
2025-09-27 09:00:00,14734.262,742.752,13991.509,18101.429,33.4,51,0.0,3.7,27,468.0,330.0,37.6
2025-09-27 10:00:00,14783.706,899.069,13884.636999999999,18159.772,35.0,44,0.0,3.5,46,632.0,475.0,39.4
2025-09-27 11:00:00,13121.194,864.213,12256.982,16198.009,36.5,39,0.0,3.3,10,744.0,575.0,41.2
2025-09-27 12:00:00,12897.947,904.653,11993.293,15934.577,37.7,35,0.0,3.8,0,790.0,617.0,42.3
2025-09-27 13:00:00,13098.689,844.87,12253.82,16171.453,38.6,33,0.0,4.7,10,755.0,582.0,42.7
2025-09-27 14:00:00,12949.720000000001,764.25,12185.472,15995.67,38.7,32,0.0,6.1,25,661.0,491.0,41.9
2025-09-27 15:00:00,13030.496,655.3910000000001,12375.106,16090.986,37.3,35,0.0,3.3,45,484.0,325.0,40.1
2025-09-27 16:00:00,13057.488,475.71500000000003,12581.773,16122.837,36.0,38,0.0,4.2,46,296.0,166.0,39.0
2025-09-27 17:00:00,13086.438,242.343,12844.094000000001,16156.998,34.9,45,0.0,4.4,10,145.0,69.0,38.6
2025-09-27 18:00:00,17265.19,0.0,17265.19,21087.926,34.5,45,0.1,3.6,20,18.0,4.0,38.2
2025-09-27 19:00:00,17240.785,0.0,17240.785,21059.125,33.4,53,0.0,2.7,48,0.0,0.0,38.1
2025-09-27 20:00:00,17428.555,0.0,17428.555,21280.695,33.0,56,0.0,1.0,51,0.0,0.0,38.3
2025-09-27 21:00:00,17237.814,0.0,17237.814,21055.62,32.0,60,0.0,2.6,67,0.0,0.0,37.3
2025-09-27 22:00:00,16857.251,0.0,16857.251,20606.558,31.3,65,0.0,3.1,5,0.0,0.0,36.9
2025-09-27 23:00:00,7806.889,0.0,7806.889,9927.129,30.8,69,0.0,3.6,7,0.0,0.0,36.7
2025-09-28 00:00:00,7904.123,0.0,7904.123,10041.867,30.4,71,0.0,3.4,19,0.0,0.0,36.3
2025-09-28 01:00:00,7794.173,0.0,7794.173,9912.124,30.1,71,0.0,4.1,31,0.0,0.0,35.6
2025-09-28 02:00:00,7881.604,0.0,7881.604,10015.29,29.6,72,0.0,5.0,3,0.0,0.0,34.9
2025-09-28 03:00:00,7854.147,0.0,7854.147,9982.895,29.0,74,0.0,6.3,5,0.0,0.0,34.1
2025-09-28 04:00:00,7855.832,0.0,7855.832,9984.885,28.6,76,0.0,7.7,1,0.0,0.0,33.5
2025-09-28 05:00:00,13091.487,0.0,13091.487,16162.955,28.3,77,0.0,7.1,7,0.0,0.0,33.3
2025-09-28 06:00:00,14730.784,0.0,14730.784,18097.325,29.3,75,0.0,7.8,1,2.0,0.0,34.5
2025-09-28 07:00:00,14490.384,260.51,14229.875,17813.655,30.0,71,0.0,7.0,0,83.0,32.0,35.2
2025-09-28 08:00:00,14875.695,508.488,14367.208999999999,18268.32,31.2,66,0.0,10.0,1,264.0,158.0,35.8
2025-09-28 09:00:00,14706.643,807.76,13898.884,18068.837,32.6,59,0.0,10.8,0,455.0,315.0,36.8
2025-09-28 10:00:00,14633.387,893.714,13739.675,17982.398,34.2,50,0.0,12.4,10,616.0,456.0,37.8
2025-09-28 11:00:00,13300.713,882.202,12418.51,16409.841,35.4,43,0.0,13.5,6,696.0,514.0,38.6
2025-09-28 12:00:00,13029.611,918.573,12111.035,16089.938,36.0,41,0.0,13.3,18,737.0,549.0,39.3
2025-09-28 13:00:00,13030.623,921.752,12108.87,16091.135,36.3,42,0.0,11.9,9,720.0,537.0,40.0
2025-09-28 14:00:00,12993.506,834.883,12158.622,16047.337,36.5,41,0.0,11.3,13,652.0,484.0,39.8
2025-09-28 15:00:00,13123.329,674.669,12448.657,16200.527,36.3,42,0.0,10.4,15,512.0,364.0,39.2
2025-09-28 16:00:00,13086.042,465.5,12620.542,16156.532,35.7,44,0.0,9.6,12,332.0,213.0,38.9
2025-09-28 17:00:00,13138.072,230.106,12907.966,16217.923,34.7,48,0.0,9.7,7,145.0,71.0,38.2
2025-09-28 18:00:00,17086.248,0.0,17086.248,20876.774,33.4,55,0.0,9.0,8,17.0,4.0,37.7
2025-09-28 19:00:00,17463.608,0.0,17463.608,21322.061,32.8,58,0.0,8.5,3,0.0,0.0,37.3
2025-09-28 20:00:00,17331.295,0.0,17331.295,21165.931,32.5,59,0.0,7.8,2,0.0,0.0,37.1
2025-09-28 21:00:00,17314.538,0.0,17314.538,21146.155,32.0,62,0.0,7.3,2,0.0,0.0,36.9
2025-09-28 22:00:00,17292.446,0.0,17292.446,21120.086,31.2,66,0.0,7.9,1,0.0,0.0,36.2
2025-09-28 23:00:00,7915.156,0.0,7915.156,10054.885,30.5,70,0.0,6.8,0,0.0,0.0,35.7
2025-09-29 00:00:00,9136.530999999999,0.0,9136.530999999999,11496.106,29.9,73,0.0,6.2,0,0.0,0.0,35.3
2025-09-29 01:00:00,9065.212,0.0,9065.212,11411.95,29.4,74,0.0,6.8,0,0.0,0.0,34.7
2025-09-29 02:00:00,8959.642,0.0,8959.642,11287.379,28.9,76,0.0,6.7,0,0.0,0.0,34.1
2025-09-29 03:00:00,8985.938,0.0,8985.938,11318.406,28.5,78,0.0,6.5,0,0.0,0.0,33.7
2025-09-29 04:00:00,8958.518,0.0,8958.518,11286.053,28.1,79,0.0,6.8,0,0.0,0.0,33.3
2025-09-29 05:00:00,14982.555,0.0,14982.555,18394.416,27.8,81,0.0,6.9,0,0.0,0.0,33.0
2025-09-29 06:00:00,16836.457,0.0,16836.457,20582.021,28.3,76,0.0,5.7,4,2.0,0.0,33.2
2025-09-29 07:00:00,16677.031,300.85,16376.178,20393.893,29.0,74,0.0,5.7,4,83.0,32.0,34.2
2025-09-29 08:00:00,16707.218,598.153,16109.069,20429.521,30.6,68,0.0,7.3,3,263.0,156.0,35.6
2025-09-29 09:00:00,16943.896,866.446,16077.451000000001,20708.797,32.4,58,0.0,8.4,1,457.0,318.0,36.5
2025-09-29 10:00:00,16843.747,1042.478,15801.267,20590.619,33.7,51,0.0,8.6,14,614.0,456.0,37.7
2025-09-29 11:00:00,14935.097,1049.174,13885.923,18338.414,34.8,45,0.0,8.1,22,675.0,494.0,38.8
2025-09-29 12:00:00,15022.659,1042.064,13980.595,18441.737,35.5,41,0.0,7.4,26,704.0,514.0,39.3
2025-09-29 13:00:00,14936.467,1048.718,13887.751,18340.031,36.1,40,0.0,6.1,21,698.0,506.0,40.1
2025-09-29 14:00:00,15195.694,898.598,14297.097,18645.918999999998,36.2,39,0.0,5.8,16,633.0,464.0,39.8
2025-09-29 15:00:00,15313.184,725.234,14587.948,18784.557,36.3,39,0.0,5.6,11,496.0,346.0,39.4
2025-09-29 16:00:00,15146.843,543.419,14603.426,18588.275,35.9,39,0.1,6.5,37,319.0,197.0,38.6
2025-09-29 17:00:00,14993.375,264.202,14729.173,18407.18,34.7,43,0.1,6.4,23,135.0,61.0,37.7
2025-09-29 18:00:00,20037.199,0.0,20037.199,24358.894,34.0,46,0.0,7.4,21,15.0,3.0,37.1
2025-09-29 19:00:00,19780.263,0.0,19780.263,24055.711,33.1,49,0.0,7.8,9,0.0,0.0,36.3
2025-09-29 20:00:00,19859.754,0.0,19859.754,24149.51,32.3,52,0.0,5.5,18,0.0,0.0,35.9
2025-09-29 21:00:00,19874.364999999998,0.0,19874.364999999998,24166.752,31.9,55,0.0,4.5,0,0.0,0.0,35.9
2025-09-29 22:00:00,19946.037,0.0,19946.037,24251.325,31.3,58,0.0,4.8,3,0.0,0.0,35.5
2025-09-29 23:00:00,9038.916,0.0,9038.916,11380.92,30.2,65,0.0,5.2,2,0.0,0.0,34.8
2025-09-30 00:00:00,9073.51,0.0,9073.51,11421.743,29.4,71,0.0,3.4,6,0.0,0.0,34.7
2025-09-30 01:00:00,8966.749,0.0,8966.749,11295.762999999999,28.8,74,0.0,1.6,0,0.0,0.0,34.5
2025-09-30 02:00:00,9022.292,0.0,9022.292,11361.308,28.6,75,0.0,2.4,1,0.0,0.0,34.2
2025-09-30 03:00:00,8945.849,0.0,8945.849,11271.103,26.6,83,4.4,14.0,50,0.0,0.0,30.4
2025-09-30 04:00:00,8920.934,0.0,8920.934,11241.705,24.4,93,3.6,6.7,89,0.0,0.0,29.0
2025-09-30 05:00:00,15016.050000000001,0.0,15016.050000000001,18433.939,24.6,92,0.0,6.3,83,0.0,0.0,29.3
2025-09-30 06:00:00,16799.885000000002,0.0,16799.885000000002,20538.862,27.3,81,0.0,1.8,28,1.0,0.0,32.9
2025-09-30 07:00:00,16840.288,299.532,16540.754,20586.537,28.2,77,0.0,2.9,100,66.0,15.0,33.7
2025-09-30 08:00:00,16912.028,595.634,16316.394,20671.191,29.7,71,0.0,0.7,33,209.0,61.0,35.5
2025-09-30 09:00:00,16753.085,818.938,15934.148000000001,20483.641,31.9,60,0.0,2.7,69,444.0,298.0,37.1
2025-09-30 10:00:00,16759.903,981.78,15778.126,20491.686,33.4,52,0.0,3.4,98,586.0,396.0,38.2
2025-09-30 11:00:00,15019.187,1088.147,13931.039,18437.641,34.4,47,0.0,3.5,100,636.0,381.0,39.0
2025-09-30 12:00:00,15075.793,1058.363,14017.431999999999,18504.436,34.8,45,0.0,5.2,100,588.0,285.0,38.6
2025-09-30 13:00:00,15009.183,1035.819,13973.364,18425.837,34.4,46,0.0,4.5,99,448.0,131.0,38.0
2025-09-30 14:00:00,15170.295,963.234,14207.062,18615.948,34.4,45,0.0,1.3,96,459.0,165.0,38.5
2025-09-30 15:00:00,14893.297,780.592,14112.711,18289.093,33.6,47,0.0,2.2,98,236.0,49.0,37.4
2025-09-30 16:00:00,15239.456,529.12,14710.335,18697.558,33.3,48,0.0,3.2,87,167.0,40.0,37.1
2025-09-30 17:00:00,15101.866,288.71500000000003,14813.15,18535.199,33.0,49,0.0,3.4,99,104.0,24.0,36.8
2025-09-30 18:00:00,20057.864,0.0,20057.864,24383.279,32.5,52,0.0,5.8,99,9.0,0.0,36.2
2025-09-30 19:00:00,19753.926,0.0,19753.926,24024.631,31.8,56,0.0,5.2,44,0.0,0.0,35.9
2025-09-30 20:00:00,19998.217,0.0,19998.217,24312.897,31.1,61,0.0,4.8,91,0.0,0.0,35.6
2025-09-30 21:00:00,19620.979,0.0,19620.979,23867.757,30.3,66,0.0,5.6,89,0.0,0.0,35.1
2025-09-30 22:00:00,20160.532,0.0,20160.532,24504.426,29.8,69,0.0,5.6,41,0.0,0.0,34.7
2025-09-30 23:00:00,8938.417,0.0,8938.417,11262.331,29.2,71,0.0,7.2,72,0.0,0.0,33.9
2025-10-01 00:00:00,8117.736,0.0,8117.736,10293.929,28.8,72,0.0,7.0,54,0.0,0.0,33.4
2025-10-01 01:00:00,8234.594,0.0,8234.594,10431.819,28.5,73,0.0,6.5,100,0.0,0.0,33.0
2025-10-01 02:00:00,8153.514999999999,0.0,8153.514999999999,10336.147,28.0,74,0.0,6.6,0,0.0,0.0,32.5
2025-10-01 03:00:00,8241.477,0.0,8241.477,10439.942000000001,27.5,76,0.0,7.0,16,0.0,0.0,31.9
2025-10-01 04:00:00,8109.4310000000005,0.0,8109.4310000000005,10284.13,27.1,78,0.0,5.5,19,0.0,0.0,31.7
2025-10-01 05:00:00,13504.382,0.0,13504.382,16650.172,24.6,93,0.0,7.7,98,0.0,0.0,29.2
2025-10-01 06:00:00,15371.07,0.0,15371.07,18852.864,24.5,91,0.0,3.2,15,1.0,0.0,29.5
2025-10-01 07:00:00,15262.518,291.05899999999997,14971.462,18724.772,25.3,88,0.0,1.4,7,74.0,25.0,30.7
2025-10-01 08:00:00,15315.780999999999,517.502,14798.277,18787.621,27.0,81,0.0,1.0,14,244.0,134.0,32.5
2025-10-01 09:00:00,15269.672,761.096,14508.577,18733.213,28.5,72,0.0,2.2,20,417.0,254.0,33.6
2025-10-01 10:00:00,15555.275,919.083,14636.193,19070.224,29.9,65,0.0,1.9,9,561.0,372.0,34.8
2025-10-01 11:00:00,13489.113,924.756,12564.358,16632.155,30.7,63,0.0,3.1,31,697.0,509.0,36.6
2025-10-01 12:00:00,13601.131,920.445,12680.685,16764.331000000002,32.1,58,0.1,1.7,34,745.0,543.0,38.4
2025-10-01 13:00:00,13617.685000000001,887.308,12730.375,16783.868,32.7,53,0.1,0.3,94,703.0,490.0,38.6
2025-10-01 14:00:00,13493.880000000001,818.44,12675.438,16637.775,33.5,49,0.0,1.2,35,598.0,396.0,38.1
2025-10-01 15:00:00,13423.935,673.343,12750.592,16555.242000000002,28.5,75,2.6,13.7,63,435.0,269.0,32.3
2025-10-01 16:00:00,13404.258,476.169,12928.088,16532.022,27.9,76,0.0,2.2,30,244.0,115.0,33.2
2025-10-01 17:00:00,13731.016,246.548,13484.47,16917.599,27.8,74,0.0,3.8,49,115.0,45.0,32.6
2025-10-01 18:00:00,18118.457000000002,0.0,18118.457000000002,22094.779000000002,28.2,74,0.0,1.9,29,13.0,2.0,33.4
2025-10-01 19:00:00,18125.962,0.0,18125.962,22103.634,28.2,77,0.0,4.3,19,0.0,0.0,33.4
2025-10-01 20:00:00,17925.674,0.0,17925.674,21867.293,28.0,79,0.0,2.7,13,0.0,0.0,33.7
2025-10-01 21:00:00,18089.185,0.0,18089.185,22060.238,27.9,80,0.0,2.3,9,0.0,0.0,33.8
2025-10-01 22:00:00,18129.884,0.0,18129.884,22108.262000000002,27.7,79,0.0,6.3,4,0.0,0.0,32.6
2025-10-01 23:00:00,8174.6669999999995,0.0,8174.6669999999995,10361.108,26.4,83,0.0,8.5,14,0.0,0.0,30.8
2025-10-02 00:00:00,6717.673,0.0,6717.673,8641.853000000001,26.6,83,0.0,8.0,7,0.0,0.0,31.3
2025-10-02 01:00:00,6801.584,0.0,6801.584,8740.871000000001,26.5,82,0.0,5.6,9,0.0,0.0,31.3
2025-10-02 02:00:00,6710.763,0.0,6710.763,8633.701,26.3,84,0.0,3.3,6,0.0,0.0,31.5
2025-10-02 03:00:00,6717.676,0.0,6717.676,8641.856,26.2,85,0.0,2.3,15,0.0,0.0,31.6
2025-10-02 04:00:00,6628.387,0.0,6628.387,8536.498,25.3,85,0.1,9.1,43,0.0,0.0,29.3
2025-10-02 05:00:00,11038.553,0.0,11038.553,13740.493,24.4,90,0.0,2.6,22,0.0,0.0,29.3
2025-10-02 06:00:00,12363.831,0.0,12363.831,15304.321,25.1,87,0.0,2.4,7,1.0,0.0,30.1
2025-10-02 07:00:00,12467.337,229.669,12237.666,15426.456,26.4,80,0.0,2.2,2,71.0,24.0,31.3
2025-10-02 08:00:00,12560.419,445.833,12114.586,15536.293,28.7,70,0.0,4.5,2,251.0,144.0,33.2
2025-10-02 09:00:00,12493.402,640.371,11853.029,15457.213,30.3,63,0.0,4.1,1,436.0,291.0,34.9
2025-10-02 10:00:00,12545.884,745.3050000000001,11800.578,15519.141,31.7,56,0.0,5.8,5,606.0,446.0,36.1
2025-10-02 11:00:00,11096.932999999999,738.9110000000001,10358.023000000001,13809.381,31.1,56,0.0,6.4,55,689.0,507.0,35.6
2025-10-02 12:00:00,11333.301,785.6179999999999,10547.681,14088.296,32.4,51,0.0,8.5,24,704.0,496.0,36.4
2025-10-02 13:00:00,11139.091,774.841,10364.25,13859.127,32.3,52,0.2,7.2,57,664.0,452.0,36.3
2025-10-02 14:00:00,11214.097,699.854,10514.243,13947.635,31.6,55,0.3,7.4,45,486.0,288.0,35.2
2025-10-02 15:00:00,11062.382,550.247,10512.135,13768.61,31.9,54,0.0,5.4,30,444.0,270.0,35.6
2025-10-02 16:00:00,11094.82,383.952,10710.867,13806.886,31.5,50,0.3,8.3,77,293.0,167.0,34.1
2025-10-02 17:00:00,11213.764,205.41,11008.353000000001,13947.241,28.8,73,0.1,6.2,39,120.0,45.0,33.6
2025-10-02 18:00:00,14876.458999999999,0.0,14876.458999999999,18269.222,28.0,72,0.0,8.1,40,11.0,1.0,32.0
2025-10-02 19:00:00,14801.14,0.0,14801.14,18180.346,27.7,73,0.0,3.6,96,0.0,0.0,32.3
2025-10-02 20:00:00,14638.802,0.0,14638.802,17988.786,27.8,73,0.0,4.3,100,0.0,0.0,32.4
2025-10-02 21:00:00,14750.935,0.0,14750.935,18121.102,27.7,75,0.0,6.5,75,0.0,0.0,32.1
2025-10-02 22:00:00,14713.202,0.0,14713.202,18076.578,27.3,79,0.0,7.5,94,0.0,0.0,31.8
2025-10-02 23:00:00,6653.953,0.0,6653.953,8566.666,27.2,87,0.0,8.0,7,0.0,0.0,32.6
2025-10-03 00:00:00,8207.56,0.0,8207.56,10399.919,26.5,91,0.0,4.8,100,0.0,0.0,32.4
2025-10-03 01:00:00,8181.935,0.0,8181.935,10369.686,26.4,90,0.0,5.3,43,0.0,0.0,32.1
2025-10-03 02:00:00,8224.273,0.0,8224.273,10419.643,25.9,93,0.0,5.5,37,0.0,0.0,31.6
2025-10-03 03:00:00,8204.302,0.0,8204.302,10396.077,25.4,94,0.0,7.6,16,0.0,0.0,30.5
2025-10-03 04:00:00,8121.183,0.0,8121.183,10297.997,25.0,94,0.0,5.7,9,0.0,0.0,30.2
2025-10-03 05:00:00,13597.853,0.0,13597.853,16760.464,25.0,94,0.0,6.3,0,0.0,0.0,30.1
2025-10-03 06:00:00,15132.426,0.0,15132.426,18571.262,25.1,94,0.0,4.7,0,1.0,0.0,30.4
2025-10-03 07:00:00,15152.449,249.273,14903.176,18594.888,25.8,89,0.0,4.3,2,76.0,28.0,31.1
2025-10-03 08:00:00,15210.319,534.578,14675.743,18663.176,27.4,79,0.0,4.9,20,249.0,141.0,32.4
2025-10-03 09:00:00,15369.568,743.27,14626.3,18851.093,29.1,68,0.0,5.2,22,435.0,291.0,33.5
2025-10-03 10:00:00,15393.344,912.332,14481.012,18879.148,30.5,60,0.0,5.6,95,581.0,404.0,34.6
2025-10-03 11:00:00,13533.396,945.563,12587.832,16684.408,31.1,56,0.0,6.0,58,657.0,426.0,35.5
2025-10-03 12:00:00,13707.41,958.063,12749.346,16889.744,32.5,52,0.0,5.3,69,690.0,453.0,37.1
2025-10-03 13:00:00,13653.313,916.964,12736.351,16825.909,33.2,49,0.0,4.7,54,662.0,450.0,37.7
2025-10-03 14:00:00,13664.792,804.707,12860.085,16839.454999999998,33.6,48,0.0,5.2,47,580.0,390.0,37.3
2025-10-03 15:00:00,13501.296,633.518,12867.776,16646.528,33.5,47,0.0,6.8,22,464.0,288.0,36.8
2025-10-03 16:00:00,13503.572,492.51,13011.062,16649.214,32.5,50,0.0,8.2,37,275.0,159.0,35.5
2025-10-03 17:00:00,13581.014000000001,255.404,13325.61,16740.597,31.6,55,0.0,4.9,40,117.0,48.0,35.4
2025-10-03 18:00:00,17957.549,0.0,17957.549,21904.909,31.1,57,0.0,4.8,12,11.0,2.0,35.1
2025-10-03 19:00:00,18072.156,0.0,18072.156,22040.145,30.8,59,0.0,4.7,10,0.0,0.0,34.9
2025-10-03 20:00:00,17949.791,0.0,17949.791,21895.752,30.3,63,0.0,4.8,86,0.0,0.0,34.6
2025-10-03 21:00:00,18052.644,0.0,18052.644,22017.12,29.5,67,0.0,4.1,18,0.0,0.0,34.2
2025-10-03 22:00:00,18075.908,0.0,18075.908,22044.57,28.8,73,0.0,2.4,86,0.0,0.0,34.1
2025-10-03 23:00:00,8285.166,0.0,8285.166,10491.497,29.0,74,0.0,2.8,93,0.0,0.0,34.6
2025-10-04 00:00:00,7169.206,0.0,7169.206,9174.662,29.0,74,0.0,3.4,91,0.0,0.0,34.5
2025-10-04 01:00:00,7193.879,0.0,7193.879,9203.778,28.0,78,0.1,7.1,48,0.0,0.0,32.9
2025-10-04 02:00:00,7096.828,0.0,7096.828,9089.258,27.0,83,0.0,3.7,100,0.0,0.0,32.4
2025-10-04 03:00:00,7220.358,0.0,7220.358,9235.024,26.5,85,0.0,3.2,100,0.0,0.0,31.9
2025-10-04 04:00:00,7135.5509999999995,0.0,7135.5509999999995,9134.95,26.3,86,0.0,2.0,98,0.0,0.0,31.9
2025-10-04 05:00:00,11797.999,0.0,11797.999,14636.635,26.8,83,0.0,2.8,83,0.0,0.0,32.2
2025-10-04 06:00:00,13192.301000000001,0.0,13192.301000000001,16281.916,27.0,81,0.0,3.0,2,1.0,0.0,32.2
2025-10-04 07:00:00,13253.710000000001,249.088,13004.626,16354.379,27.6,76,0.0,3.1,2,76.0,28.0,32.6
2025-10-04 08:00:00,13047.919,457.56,12590.359,16111.543,29.5,64,0.0,3.7,0,253.0,147.0,33.7
2025-10-04 09:00:00,13401.511,652.769,12748.741,16528.783,31.2,53,0.0,7.0,2,446.0,308.0,34.3
2025-10-04 10:00:00,13285.557999999999,827.708,12457.849,16391.959,32.6,47,0.0,9.0,1,606.0,445.0,35.3
2025-10-04 11:00:00,11900.834,806.417,11094.416000000001,14757.984,33.3,45,0.0,9.5,16,720.0,550.0,36.6
2025-10-04 12:00:00,11734.658,806.2860000000001,10928.373,14561.898,34.2,40,0.0,10.7,13,727.0,540.0,36.8
2025-10-04 13:00:00,11776.119,809.16,10966.958,14610.818,34.6,38,0.0,11.9,16,710.0,527.0,36.8
2025-10-04 14:00:00,11904.471,728.635,11175.837,14762.276,34.6,37,0.0,12.2,16,602.0,429.0,35.9
2025-10-04 15:00:00,11797.335000000001,582.99,11214.343,14635.853,34.3,39,0.0,11.9,6,463.0,314.0,35.6
2025-10-04 16:00:00,11942.339,430.439,11511.9,14806.960000000001,33.6,42,0.0,12.2,16,302.0,187.0,35.0
2025-10-04 17:00:00,11997.942000000001,216.727,11781.215,14872.569,32.3,47,0.0,10.4,2,125.0,58.0,34.4
2025-10-04 18:00:00,15665.458,0.0,15665.458,19200.24,31.3,52,0.0,7.5,0,11.0,2.0,34.1
2025-10-04 19:00:00,15465.284,0.0,15465.284,18964.035,30.6,56,0.0,6.5,0,0.0,0.0,33.9
2025-10-04 20:00:00,15771.105,0.0,15771.105,19324.904,30.3,57,0.0,6.1,0,0.0,0.0,33.7
2025-10-04 21:00:00,15694.293,0.0,15694.293,19234.264,30.0,58,0.0,6.4,0,0.0,0.0,33.3
2025-10-04 22:00:00,15577.795,0.0,15577.795,19096.799,29.1,62,0.0,6.5,0,0.0,0.0,32.5
2025-10-04 23:00:00,7086.849,0.0,7086.849,9077.48,28.3,65,0.0,6.5,0,0.0,0.0,31.7
2025-10-05 00:00:00,7167.499,0.0,7167.499,9172.65,27.6,67,0.0,6.7,0,0.0,0.0,31.0
2025-10-05 01:00:00,7077.89,0.0,7077.89,9066.91,27.0,69,0.0,6.8,0,0.0,0.0,30.3
2025-10-05 02:00:00,7124.224,0.0,7124.224,9121.584,26.4,70,0.0,7.0,0,0.0,0.0,29.5
2025-10-05 03:00:00,7111.477,0.0,7111.477,9106.542,25.7,73,0.0,6.5,0,0.0,0.0,28.9
2025-10-05 04:00:00,7056.743,0.0,7056.743,9041.956,25.2,76,0.0,6.3,0,0.0,0.0,28.4
2025-10-05 05:00:00,11800.554,0.0,11800.554,14639.655,25.4,85,0.0,8.3,0,0.0,0.0,29.5
2025-10-05 06:00:00,13373.017,0.0,13373.017,16495.157,25.6,82,0.0,8.4,0,1.0,0.0,29.4
2025-10-05 07:00:00,13323.779,236.893,13086.886,16437.059,26.5,75,0.0,7.2,0,77.0,29.0,30.2
2025-10-05 08:00:00,13227.242,461.846,12765.396,16323.144,28.4,64,0.0,8.9,0,255.0,151.0,31.4
2025-10-05 09:00:00,13383.217999999999,668.745,12714.473,16507.195,30.4,58,0.0,12.5,0,448.0,312.0,33.1
2025-10-05 10:00:00,13133.184,793.913,12339.269,16212.158,31.8,51,0.1,12.6,5,606.0,447.0,34.3
2025-10-05 11:00:00,11802.823,767.186,11035.638,14642.331,31.0,50,0.0,9.7,34,688.0,517.0,33.9
2025-10-05 12:00:00,11856.395,833.114,11023.28,14705.546,32.2,48,0.6,5.3,10,672.0,474.0,36.0
2025-10-05 13:00:00,11740.75,781.228,10959.523,14569.087,33.4,42,0.0,5.5,20,684.0,493.0,36.6
2025-10-05 14:00:00,11757.886,740.654,11017.23,14589.307,33.9,37,0.0,7.0,22,606.0,437.0,35.7
2025-10-05 15:00:00,11864.134,590.169,11273.966,14714.678,33.7,38,0.0,7.8,8,458.0,312.0,35.2
2025-10-05 16:00:00,11904.378,416.712,11487.665,14762.163,32.9,41,0.0,8.8,7,297.0,182.0,34.5
2025-10-05 17:00:00,11775.911,213.00300000000001,11562.907000000001,14610.576,32.4,44,0.0,7.3,9,124.0,57.0,34.5
2025-10-05 18:00:00,15517.394,0.0,15517.394,19025.525,31.1,50,0.0,4.9,12,10.0,2.0,34.0
2025-10-05 19:00:00,15612.34,0.0,15612.34,19137.561,30.4,57,0.0,3.3,6,0.0,0.0,34.2
2025-10-05 20:00:00,15713.16,0.0,15713.16,19256.528,29.7,58,0.0,3.4,5,0.0,0.0,33.3
2025-10-05 21:00:00,15740.788,0.0,15740.788,19289.134,28.9,60,0.0,4.4,5,0.0,0.0,32.3
2025-10-05 22:00:00,15742.407,0.0,15742.407,19291.041,28.0,68,0.0,2.6,1,0.0,0.0,32.3
2025-10-05 23:00:00,7069.394,0.0,7069.394,9056.886,23.7,82,0.0,14.0,91,0.0,0.0,25.6
2025-10-06 00:00:00,8118.582,0.0,8118.582,10294.929,22.6,90,6.9,14.3,99,0.0,0.0,24.7
2025-10-06 01:00:00,8079.862,0.0,8079.862,10249.239,22.8,91,0.0,6.2,70,0.0,0.0,26.4
2025-10-06 02:00:00,8194.371,0.0,8194.371,10384.36,22.8,92,0.1,2.4,60,0.0,0.0,27.0
2025-10-06 03:00:00,8232.602,0.0,8232.602,10429.472,22.9,91,0.2,0.2,91,0.0,0.0,27.4
2025-10-06 04:00:00,8045.85,0.0,8045.85,10209.103,22.8,91,0.0,1.9,52,0.0,0.0,27.0
2025-10-06 05:00:00,13671.365,0.0,13671.365,16847.21,24.2,83,0.0,1.4,0,0.0,0.0,28.4
2025-10-06 06:00:00,15340.03,0.0,15340.03,18816.235,24.3,83,0.0,1.3,0,1.0,0.0,28.6
2025-10-06 07:00:00,15130.833,262.01,14868.825,18569.386,25.0,76,0.0,1.7,92,74.0,27.0,28.9
2025-10-06 08:00:00,15167.371,540.759,14626.61,18612.497,26.1,70,0.0,4.1,100,194.0,71.0,29.4
2025-10-06 09:00:00,15325.137999999999,754.716,14570.423,18798.662,26.1,70,0.0,3.5,99,105.0,0.0,29.5
2025-10-06 10:00:00,15313.129,926.108,14387.02,18784.493,27.0,67,0.0,5.1,100,179.0,29.0,30.2
2025-10-06 11:00:00,13637.787,882.4449999999999,12755.34,16807.588,29.2,52,0.0,9.3,100,179.0,7.0,30.9
2025-10-06 12:00:00,13635.382,930.087,12705.295,16804.752,25.5,73,1.3,4.9,100,65.0,0.0,28.9
2025-10-06 13:00:00,13597.865,969.294,12628.574,16760.483,24.8,81,1.8,7.1,100,173.0,15.0,28.3
2025-10-06 14:00:00,13562.804,855.186,12707.616,16719.109,23.5,93,2.4,7.2,95,49.0,0.0,27.5
2025-10-06 15:00:00,13677.747,669.411,13008.337,16854.742,24.5,86,0.7,7.8,100,163.0,17.0,28.2
2025-10-06 16:00:00,13607.114,491.079,13116.033000000001,16771.396,24.3,86,1.1,5.8,68,95.0,16.0,28.2
2025-10-06 17:00:00,13586.766,245.163,13341.604,16747.384,23.6,90,0.1,9.5,15,78.0,22.0,27.1
2025-10-06 18:00:00,18337.72,0.0,18337.72,22353.506999999998,22.7,95,0.0,8.1,100,9.0,1.0,26.3
2025-10-06 19:00:00,17999.005,0.0,17999.005,21953.826,22.7,94,0.0,8.5,100,0.0,0.0,26.1
2025-10-06 20:00:00,18054.902,0.0,18054.902,22019.786,22.6,94,0.0,7.5,27,0.0,0.0,26.2
2025-10-06 21:00:00,17956.138,0.0,17956.138,21903.243,22.4,96,0.0,8.4,100,0.0,0.0,25.9
2025-10-06 22:00:00,18134.402000000002,0.0,18134.402000000002,22113.593,22.3,96,0.0,8.7,24,0.0,0.0,25.7
2025-10-06 23:00:00,8212.046,0.0,8212.046,10405.214,22.6,96,0.0,6.6,97,0.0,0.0,26.6
2025-10-07 00:00:00,8167.946,0.0,8167.946,10353.175,22.7,96,0.0,6.4,72,0.0,0.0,26.6
2025-10-07 01:00:00,8159.7429999999995,0.0,8159.7429999999995,10343.494999999999,22.1,97,0.0,1.5,34,0.0,0.0,26.6
2025-10-07 02:00:00,8198.007,0.0,8198.007,10388.647,21.7,98,0.0,1.4,100,0.0,0.0,26.0
2025-10-07 03:00:00,8252.92,0.0,8252.92,10453.445,22.1,98,0.0,5.0,100,0.0,0.0,26.1
2025-10-07 04:00:00,8149.706999999999,0.0,8149.706999999999,10331.655,22.3,96,0.4,6.0,77,0.0,0.0,26.1
2025-10-07 05:00:00,13680.404,0.0,13680.404,16857.874,22.1,97,0.0,7.2,80,0.0,0.0,25.8
2025-10-07 06:00:00,15221.71,0.0,15221.71,18676.618,22.0,98,0.2,7.7,79,1.0,0.0,25.6
2025-10-07 07:00:00,15523.892,267.83299999999997,15256.06,19033.193,22.5,92,0.5,7.9,83,57.0,12.0,25.8
2025-10-07 08:00:00,15300.178,534.31,14765.869999999999,18769.211,23.1,90,0.3,9.8,52,134.0,30.0,26.2
2025-10-07 09:00:00,15115.657,734.9580000000001,14380.7,18551.477,24.3,85,0.1,8.5,23,365.0,198.0,27.8
2025-10-07 10:00:00,15296.042,926.322,14369.719,18764.328,25.6,80,0.1,9.0,22,478.0,273.0,29.1
2025-10-07 11:00:00,13622.064,923.831,12698.231,16789.036,26.9,68,0.1,6.6,42,582.0,300.0,30.2
2025-10-07 12:00:00,13748.622,930.372,12818.252,16938.375,27.5,67,0.0,5.4,27,652.0,428.0,31.6
2025-10-07 13:00:00,13478.152,912.831,12565.324999999999,16619.220999999998,28.2,65,0.0,4.4,15,661.0,462.0,32.7
2025-10-07 14:00:00,13683.899000000001,821.868,12862.029,16861.998,28.5,63,0.0,6.4,85,609.0,434.0,32.2
2025-10-07 15:00:00,13782.719,699.045,13083.674,16978.608,26.3,71,0.8,9.6,38,424.0,259.0,29.1
2025-10-07 16:00:00,13717.311,479.514,13237.795,16901.427,25.7,74,0.0,5.5,71,272.0,152.0,29.2
2025-10-07 17:00:00,13686.893,240.127,13446.765,16865.531,22.3,83,2.5,6.9,70,79.0,26.0,24.7
2025-10-07 18:00:00,18220.474,0.0,18220.474,22215.158,21.9,87,0.2,5.8,24,4.0,0.0,24.7
2025-10-07 19:00:00,18153.764,0.0,18153.764,22136.441,21.4,92,0.0,9.5,3,0.0,0.0,23.9
2025-10-07 20:00:00,18114.42,0.0,18114.42,22090.015,21.1,93,0.0,6.6,4,0.0,0.0,24.0
2025-10-07 21:00:00,17945.013,0.0,17945.013,21890.112,21.0,95,0.0,6.1,10,0.0,0.0,24.0
2025-10-07 22:00:00,17872.891,0.0,17872.891,21805.012,20.7,96,0.0,2.3,15,0.0,0.0,24.2
2025-10-07 23:00:00,8175.668,0.0,8175.668,10362.289,21.0,98,0.0,3.2,27,0.0,0.0,24.8
2025-10-08 00:00:00,8140.052,0.0,8140.052,10320.264,21.1,98,0.0,3.2,11,0.0,0.0,24.8
2025-10-08 01:00:00,8213.742,0.0,8213.742,10407.214,21.1,97,0.0,3.8,15,0.0,0.0,24.7
2025-10-08 02:00:00,8218.925,0.0,8218.925,10413.333,21.0,97,0.0,5.2,27,0.0,0.0,24.4
2025-10-08 03:00:00,8256.533,0.0,8256.533,10457.711,20.8,98,0.0,7.6,91,0.0,0.0,23.7
2025-10-08 04:00:00,8169.184,0.0,8169.184,10354.638,20.6,98,0.0,4.7,100,0.0,0.0,23.9
2025-10-08 05:00:00,13716.222,0.0,13716.222,16900.145,20.4,99,0.0,3.7,97,0.0,0.0,23.8
2025-10-08 06:00:00,15084.518,0.0,15084.518,18514.727,20.7,97,0.0,4.5,100,1.0,0.0,24.0
2025-10-08 07:00:00,15076.283,286.842,14789.439,18505.014,21.3,94,0.0,5.0,79,44.0,3.0,24.5
2025-10-08 08:00:00,15300.653,519.9,14780.754,18769.773,22.3,86,0.0,5.1,35,145.0,25.0,25.4
2025-10-08 09:00:00,15391.239,757.691,14633.548,18876.661,23.2,84,0.0,5.9,48,314.0,125.0,26.3
2025-10-08 10:00:00,15242.447,910.572,14331.875,18701.088,24.1,80,0.0,2.6,98,481.0,237.0,27.7
2025-10-08 11:00:00,13634.975,894.394,12740.579,16804.268,24.9,76,0.0,1.5,92,585.0,362.0,28.9
2025-10-08 12:00:00,13525.816,983.492,12542.326,16675.461,25.7,70,0.0,0.4,100,588.0,280.0,29.6
2025-10-08 13:00:00,13566.137,873.341,12692.797,16723.041,25.7,67,0.0,2.8,100,405.0,113.0,28.7
2025-10-08 14:00:00,13722.055,810.703,12911.356,16907.027,24.5,71,0.1,9.2,73,293.0,19.0,26.4
2025-10-08 15:00:00,13540.264,630.781,12909.483,16692.510000000002,23.6,77,0.1,7.7,9,322.0,141.0,25.9
2025-10-08 16:00:00,13328.075,466.088,12861.989,16442.13,24.2,76,0.0,5.1,7,294.0,176.0,27.1
2025-10-08 17:00:00,13427.720000000001,242.865,13184.857,16559.711,24.0,81,0.0,4.5,20,114.0,47.0,27.4
2025-10-08 18:00:00,17882.753,0.0,17882.753,21816.646,23.7,82,0.0,5.7,15,7.0,1.0,27.0
2025-10-08 19:00:00,17940.264,0.0,17940.264,21884.512,23.4,82,0.0,5.5,8,0.0,0.0,26.5
2025-10-08 20:00:00,17853.589,0.0,17853.589,21782.234,22.8,83,0.0,4.8,1,0.0,0.0,25.8
2025-10-08 21:00:00,18049.513,0.0,18049.513,22013.427,22.0,86,0.0,3.9,0,0.0,0.0,25.0
2025-10-08 22:00:00,17968.377,0.0,17968.377,21917.683,21.4,88,0.0,2.9,2,0.0,0.0,24.5
2025-10-08 23:00:00,8170.728999999999,0.0,8170.728999999999,10356.46,21.8,89,0.0,4.0,12,0.0,0.0,25.1
2025-10-09 00:00:00,8148.811,0.0,8148.811,10330.594000000001,22.0,89,0.0,4.7,5,0.0,0.0,25.2
2025-10-09 01:00:00,8127.285,0.0,8127.285,10305.195,21.7,91,0.0,5.6,2,0.0,0.0,24.8
2025-10-09 02:00:00,8126.12,0.0,8126.12,10303.821,21.4,92,0.0,5.0,0,0.0,0.0,24.6
2025-10-09 03:00:00,8194.552,0.0,8194.552,10384.571,21.1,93,0.0,4.4,0,0.0,0.0,24.2
2025-10-09 04:00:00,8161.099,0.0,8161.099,10345.096,20.7,94,0.0,4.1,0,0.0,0.0,23.8
2025-10-09 05:00:00,13565.697,0.0,13565.697,16722.523,20.6,92,0.0,4.7,6,0.0,0.0,23.4
2025-10-09 06:00:00,15210.758,0.0,15210.758,18663.692,20.8,92,0.0,5.0,1,1.0,0.0,23.6
2025-10-09 07:00:00,15128.366,256.774,14871.593,18566.472,21.4,91,0.0,5.6,0,70.0,25.0,24.4
2025-10-09 08:00:00,15029.232,524.028,14505.204,18449.494,22.7,88,0.0,5.1,0,243.0,136.0,26.2
2025-10-09 09:00:00,15298.106,768.574,14529.533,18766.764,24.2,83,0.1,7.4,24,438.0,298.0,27.5
2025-10-09 10:00:00,15321.979,880.6320000000001,14441.346,18794.935999999998,25.0,78,0.2,8.7,17,532.0,354.0,28.0
2025-10-09 11:00:00,13542.263,906.095,12636.166,16694.872,26.4,68,0.1,8.7,13,651.0,451.0,29.6
2025-10-09 12:00:00,13786.564999999999,967.894,12818.672,16983.149,27.5,58,0.0,8.5,30,704.0,500.0,30.3
2025-10-09 13:00:00,13669.454,886.272,12783.18,16844.954,28.2,50,0.0,7.7,13,692.0,503.0,30.2
2025-10-09 14:00:00,13728.904999999999,873.6800000000001,12855.225,16915.109,28.2,49,0.0,8.3,13,604.0,431.0,29.5
2025-10-09 15:00:00,13776.338,673.743,13102.595,16971.078999999998,28.0,49,0.0,8.4,5,468.0,320.0,28.9
2025-10-09 16:00:00,13667.222,493.632,13173.59,16842.322,27.4,53,0.0,7.1,5,292.0,177.0,28.8
2025-10-09 17:00:00,13709.336,248.665,13460.671,16892.017,26.3,61,0.0,6.8,11,116.0,51.0,28.2
2025-10-09 18:00:00,17995.403,0.0,17995.403,21949.576,24.6,66,0.0,6.6,9,7.0,1.0,26.4
2025-10-09 19:00:00,18065.118,0.0,18065.118,22031.838,23.8,68,0.0,7.5,2,0.0,0.0,25.4
2025-10-09 20:00:00,18171.457,0.0,18171.457,22157.322,23.1,69,0.0,8.6,0,0.0,0.0,24.4
2025-10-09 21:00:00,17998.354,0.0,17998.354,21953.059999999998,22.5,70,0.0,8.6,0,0.0,0.0,23.6
2025-10-09 22:00:00,18149.538,0.0,18149.538,22131.454,21.8,73,0.0,7.8,0,0.0,0.0,23.0
2025-10-09 23:00:00,8053.813,0.0,8053.813,10218.498,21.8,79,0.0,7.9,0,0.0,0.0,23.4
2025-10-10 00:00:00,8213.176,0.0,8213.176,10406.55,21.5,80,0.0,7.4,0,0.0,0.0,23.2
2025-10-10 01:00:00,8183.284,0.0,8183.284,10371.275,21.0,81,0.0,6.7,0,0.0,0.0,22.8
2025-10-10 02:00:00,8152.383,0.0,8152.383,10334.813,20.6,82,0.0,6.1,0,0.0,0.0,22.4
2025-10-10 03:00:00,8214.227,0.0,8214.227,10407.788,20.1,83,0.0,5.6,0,0.0,0.0,21.8
2025-10-10 04:00:00,8256.396,0.0,8256.396,10457.548,19.5,85,0.0,5.2,0,0.0,0.0,21.1
2025-10-10 05:00:00,13585.506,0.0,13585.506,16745.897,19.4,89,0.0,5.1,0,0.0,0.0,21.4
2025-10-10 06:00:00,15295.213,0.0,15295.213,18763.346,19.5,89,0.0,4.6,0,1.0,0.0,21.6
2025-10-10 07:00:00,15291.318000000001,275.708,15015.609,18758.754,20.5,86,0.0,6.1,0,73.0,28.0,22.5
2025-10-10 08:00:00,15219.308,530.495,14688.816,18673.784,22.1,81,0.0,4.2,0,252.0,149.0,24.7
2025-10-10 09:00:00,15304.461,754.64,14549.821,18774.264,24.0,75,0.0,4.4,0,446.0,310.0,26.8
2025-10-10 10:00:00,15407.572,907.763,14499.807999999999,18895.935,25.7,65,0.0,5.2,0,611.0,453.0,28.5
2025-10-10 11:00:00,13759.546,904.181,12855.363,16951.263,27.0,56,0.0,5.6,0,722.0,552.0,29.9
2025-10-10 12:00:00,13670.62,951.22,12719.4,16846.332,27.8,51,0.0,4.8,2,748.0,563.0,30.7
2025-10-10 13:00:00,13862.844,967.103,12895.742,17073.156,28.3,46,0.0,4.7,2,727.0,544.0,30.6
2025-10-10 14:00:00,13613.643,857.819,12755.824,16779.099,28.5,43,0.0,5.0,0,632.0,465.0,29.8
2025-10-10 15:00:00,13710.881,686.014,13024.868,16893.841,28.4,43,0.0,5.4,0,487.0,342.0,29.0
2025-10-10 16:00:00,13713.146,498.145,13215.001,16896.511,27.8,48,0.0,4.7,0,303.0,189.0,29.0
2025-10-10 17:00:00,13395.532,244.389,13151.142,16521.727,26.3,55,0.0,5.0,0,114.0,50.0,27.8
2025-10-10 18:00:00,17779.078999999998,0.0,17779.078999999998,21694.313,24.4,61,0.0,5.7,0,7.0,1.0,25.7
2025-10-10 19:00:00,18120.506,0.0,18120.506,22097.195,23.3,67,0.0,5.1,0,0.0,0.0,24.9
2025-10-10 20:00:00,17746.487,0.0,17746.487,21655.857,23.0,66,0.0,2.7,0,0.0,0.0,24.8
2025-10-10 21:00:00,18116.711,0.0,18116.711,22092.717,22.5,68,0.0,2.2,0,0.0,0.0,24.3
2025-10-10 22:00:00,17957.143,0.0,17957.143,21904.426,22.4,67,0.0,0.5,0,0.0,0.0,24.4
2025-10-10 23:00:00,8216.617,0.0,8216.617,10410.609,21.8,73,0.0,1.0,0,0.0,0.0,24.0
2025-10-11 00:00:00,7110.94,0.0,7110.94,9105.912,21.4,74,0.0,1.5,0,0.0,0.0,23.5
2025-10-11 01:00:00,7052.286,0.0,7052.286,9036.696,20.5,79,0.0,3.2,0,0.0,0.0,22.4
2025-10-11 02:00:00,7027.061,0.0,7027.061,9006.931,19.9,82,0.0,4.1,0,0.0,0.0,21.6
2025-10-11 03:00:00,6988.857,0.0,6988.857,8961.851,19.6,82,0.0,4.4,0,0.0,0.0,21.1
2025-10-11 04:00:00,7166.786,0.0,7166.786,9171.804,19.2,83,0.0,4.5,0,0.0,0.0,20.7
2025-10-11 05:00:00,11780.191,0.0,11780.191,14615.623,19.4,88,0.0,5.0,0,0.0,0.0,21.2
2025-10-11 06:00:00,13194.657,0.0,13194.657,16284.696,19.9,85,0.0,5.1,0,0.0,0.0,21.7
2025-10-11 07:00:00,13242.498,227.136,13015.362,16341.148,20.8,83,0.0,6.4,0,69.0,25.0,22.6
2025-10-11 08:00:00,13295.108,448.758,12846.354,16403.227,22.7,78,0.0,4.0,1,241.0,136.0,25.3
2025-10-11 09:00:00,13350.137999999999,656.753,12693.383,16468.161,25.0,68,0.0,4.7,0,431.0,288.0,27.5
2025-10-11 10:00:00,13403.892,825.1949999999999,12578.695,16531.591,26.6,58,0.0,6.0,43,595.0,433.0,28.8
2025-10-11 11:00:00,11961.373,829.547,11131.825,14829.418,27.2,53,0.0,6.7,18,564.0,347.0,28.7
2025-10-11 12:00:00,11803.869,812.895,10990.977,14643.566,28.0,50,0.0,6.1,26,681.0,480.0,30.3
2025-10-11 13:00:00,12009.815,801.063,11208.751,14886.583,28.8,47,0.0,6.0,29,657.0,462.0,30.7
2025-10-11 14:00:00,11778.273,704.43,11073.839,14613.360999999999,29.0,44,0.0,7.3,26,555.0,368.0,29.8
2025-10-11 15:00:00,11878.278,590.527,11287.751,14731.368,28.8,44,0.0,9.3,32,430.0,263.0,29.3
2025-10-11 16:00:00,12032.338,440.999,11591.336,14913.159,27.9,50,0.0,9.2,10,275.0,155.0,28.7
2025-10-11 17:00:00,11810.029999999999,224.317,11585.717,14650.837,27.0,59,0.0,4.5,13,107.0,44.0,29.3
2025-10-11 18:00:00,15551.685,0.0,15551.685,19065.985,25.3,65,0.0,5.9,9,6.0,1.0,27.4
2025-10-11 19:00:00,15556.919,0.0,15556.919,19072.167,24.4,67,0.0,6.6,9,0.0,0.0,26.3
2025-10-11 20:00:00,15550.691,0.0,15550.691,19064.814,23.7,69,0.0,6.9,12,0.0,0.0,25.4
2025-10-11 21:00:00,15675.939,0.0,15675.939,19212.609,23.0,70,0.0,7.1,16,0.0,0.0,24.5
2025-10-11 22:00:00,15703.09,0.0,15703.09,19244.645,22.5,72,0.0,7.0,20,0.0,0.0,24.0
2025-10-11 23:00:00,7150.764999999999,0.0,7150.764999999999,9152.901,23.2,73,0.0,8.1,41,0.0,0.0,24.9
2025-10-12 00:00:00,7029.534,0.0,7029.534,9009.85,23.1,73,0.0,6.0,20,0.0,0.0,25.1
2025-10-12 01:00:00,7040.821,0.0,7040.821,9023.17,22.3,77,0.0,4.5,0,0.0,0.0,24.5
2025-10-12 02:00:00,7211.84,0.0,7211.84,9224.973,21.6,78,0.0,4.9,1,0.0,0.0,23.5
2025-10-12 03:00:00,7031.487,0.0,7031.487,9012.155,21.0,78,0.0,4.9,0,0.0,0.0,22.7
2025-10-12 04:00:00,7135.5830000000005,0.0,7135.5830000000005,9134.986,20.5,79,0.0,5.4,0,0.0,0.0,22.0
2025-10-12 05:00:00,11896.725,0.0,11896.725,14753.136,20.6,86,0.0,5.4,0,0.0,0.0,22.7
2025-10-12 06:00:00,13302.365,0.0,13302.365,16411.79,21.0,84,0.0,5.0,0,0.0,0.0,23.2
2025-10-12 07:00:00,13273.378,230.2,13043.178,16377.586,22.1,79,0.0,6.3,0,69.0,26.0,24.2
2025-10-12 08:00:00,13412.07,472.053,12940.02,16541.245,23.7,75,0.0,4.2,0,243.0,142.0,26.4
2025-10-12 09:00:00,13386.813,673.7959999999999,12713.016,16511.439,25.6,68,0.0,4.2,0,435.0,300.0,28.4
2025-10-12 10:00:00,13309.61,808.707,12500.907,16420.34,27.5,59,0.0,5.3,0,598.0,442.0,30.3
2025-10-12 11:00:00,11807.094,785.589,11021.505,14647.372,29.0,49,0.0,6.5,0,708.0,540.0,31.5
2025-10-12 12:00:00,11811.314999999999,807.3249999999999,11003.992,14652.352,30.1,42,0.0,6.9,0,750.0,577.0,32.3
2025-10-12 13:00:00,11731.027,808.744,10922.282000000001,14557.611,30.6,39,0.0,8.5,1,725.0,556.0,32.1
2025-10-12 14:00:00,11837.615,695.599,11142.018,14683.386,30.7,38,0.0,9.7,1,632.0,473.0,31.3
2025-10-12 15:00:00,11766.481,576.009,11190.472,14599.449,30.3,39,0.0,9.9,0,480.0,340.0,30.5
2025-10-12 16:00:00,11904.221,417.247,11486.973,14761.979000000001,29.6,43,0.0,8.5,1,293.0,181.0,30.3
2025-10-12 17:00:00,11807.787,217.556,11590.23,14648.188,28.0,48,0.0,6.5,3,107.0,45.0,29.0
2025-10-12 18:00:00,15423.734,0.0,15423.734,18915.006,26.3,56,0.0,5.5,0,5.0,1.0,27.9
2025-10-12 19:00:00,15531.048,0.0,15531.048,19041.636,25.5,61,0.0,5.5,1,0.0,0.0,27.3
2025-10-12 20:00:00,15543.842999999999,0.0,15543.842999999999,19056.734,25.0,63,0.0,6.5,1,0.0,0.0,26.6
2025-10-12 21:00:00,15736.885,0.0,15736.885,19284.524,24.4,65,0.0,6.7,1,0.0,0.0,26.0
2025-10-12 22:00:00,15749.602,0.0,15749.602,19299.529,23.4,69,0.0,5.8,1,0.0,0.0,25.1
2025-10-12 23:00:00,7151.577,0.0,7151.577,9153.861,22.9,74,0.0,5.3,0,0.0,0.0,25.1
2025-10-13 00:00:00,8180.543,0.0,8180.543,10368.04,22.9,73,0.0,4.8,0,0.0,0.0,24.9
2025-10-13 01:00:00,8210.902,0.0,8210.902,10403.864,22.3,74,0.0,4.8,0,0.0,0.0,24.2
2025-10-13 02:00:00,8185.292,0.0,8185.292,10373.646,22.1,73,0.0,4.0,0,0.0,0.0,24.0
2025-10-13 03:00:00,8256.925,0.0,8256.925,10458.17,21.9,72,0.0,3.9,0,0.0,0.0,23.6
2025-10-13 04:00:00,8150.312,0.0,8150.312,10332.369,21.6,72,0.0,3.7,0,0.0,0.0,23.2
2025-10-13 05:00:00,13535.344,0.0,13535.344,16686.707000000002,20.4,85,0.0,4.2,0,0.0,0.0,22.6
2025-10-13 06:00:00,15428.367,0.0,15428.367,18920.472,20.5,86,0.0,3.5,0,0.0,0.0,22.9
2025-10-13 07:00:00,15263.804,260.52299999999997,15003.283,18726.287,21.8,81,0.0,4.0,0,68.0,25.0,24.2
2025-10-13 08:00:00,15249.785,524.975,14724.811,18709.747,23.8,73,0.0,2.7,0,243.0,142.0,26.6
2025-10-13 09:00:00,15208.482,716.264,14492.217,18661.01,26.1,63,0.0,2.8,0,435.0,300.0,28.9
2025-10-13 10:00:00,15231.079,953.888,14277.194,18687.675,28.3,52,0.0,3.3,0,597.0,441.0,30.8
2025-10-13 11:00:00,13567.203,946.285,12620.919,16724.298,29.7,41,0.0,3.9,0,706.0,538.0,31.7
2025-10-13 12:00:00,13598.464,985.751,12612.714,16761.190000000002,30.9,36,0.0,3.8,0,751.0,578.0,32.9
2025-10-13 13:00:00,13599.263,898.722,12700.539,16762.129,31.5,34,0.0,3.7,0,725.0,557.0,33.2
2025-10-13 14:00:00,13614.783000000001,862.99,12751.792,16780.441,31.7,33,0.0,3.9,1,631.0,473.0,32.7
2025-10-13 15:00:00,13466.262999999999,633.899,12832.364,16605.191,31.6,33,0.0,4.5,5,479.0,339.0,31.9
2025-10-13 16:00:00,13877.478,465.331,13412.146999999999,17090.422,30.9,34,0.0,5.4,12,290.0,179.0,31.1
2025-10-13 17:00:00,13691.178,246.143,13445.034,16870.591,28.7,53,0.0,2.7,0,104.0,44.0,31.3
2025-10-13 18:00:00,17842.482,0.0,17842.482,21769.13,27.4,53,0.0,1.4,0,5.0,1.0,29.6
2025-10-13 19:00:00,17986.248,0.0,17986.248,21938.772,27.0,54,0.0,0.4,0,0.0,0.0,29.4
2025-10-13 20:00:00,18124.533,0.0,18124.533,22101.951,26.2,55,0.0,0.4,0,0.0,0.0,28.4
2025-10-13 21:00:00,17949.104,0.0,17949.104,21894.943,25.2,59,0.0,1.7,0,0.0,0.0,27.3
2025-10-13 22:00:00,17965.677,0.0,17965.677,21914.499,24.1,63,0.0,3.4,0,0.0,0.0,25.9
2025-10-13 23:00:00,8177.287,0.0,8177.287,10364.198,23.1,73,0.0,4.0,3,0.0,0.0,25.4
2025-10-14 00:00:00,8223.982,0.0,8223.982,10419.298,22.9,73,0.0,3.5,6,0.0,0.0,25.1
2025-10-14 01:00:00,8175.813,0.0,8175.813,10362.460000000001,23.0,70,0.0,1.8,0,0.0,0.0,25.3
2025-10-14 02:00:00,8114.959,0.0,8114.959,10290.653,22.4,71,0.0,3.8,0,0.0,0.0,24.2
2025-10-14 03:00:00,8152.852,0.0,8152.852,10335.364,21.8,70,0.0,4.7,0,0.0,0.0,23.2
2025-10-14 04:00:00,8094.046,0.0,8094.046,10265.974,21.2,72,0.0,4.8,0,0.0,0.0,22.5
2025-10-14 05:00:00,13588.857,0.0,13588.857,16749.851,21.1,78,0.0,4.2,0,0.0,0.0,23.0
2025-10-14 06:00:00,15311.096000000001,0.0,15311.096000000001,18782.093,21.3,80,0.0,3.1,0,0.0,0.0,23.5
2025-10-14 07:00:00,15330.433,279.474,15050.959,18804.912,22.8,73,0.0,3.8,0,67.0,25.0,25.0
2025-10-14 08:00:00,15319.927,539.098,14780.834,18792.515,25.1,65,0.0,2.4,0,242.0,142.0,27.6
2025-10-14 09:00:00,15013.02,731.324,14281.698,18430.363,27.7,52,0.0,2.2,0,436.0,302.0,29.8
2025-10-14 10:00:00,15358.615,919.575,14439.041000000001,18838.165,29.6,36,0.0,3.6,0,599.0,445.0,30.4
2025-10-14 11:00:00,13788.745,942.171,12846.572,16985.718,30.3,33,0.0,5.0,0,708.0,542.0,31.2
2025-10-14 12:00:00,13573.867,935.6700000000001,12638.193,16732.163,31.3,31,0.0,4.8,0,754.0,583.0,32.5
2025-10-14 13:00:00,13731.699,932.347,12799.351999999999,16918.405,31.9,29,0.0,5.1,0,726.0,559.0,32.7
2025-10-14 14:00:00,13545.773,827.693,12718.074,16699.009000000002,32.0,29,0.0,5.0,0,631.0,474.0,32.2
2025-10-14 15:00:00,13559.528,676.191,12883.341,16715.244,31.8,29,0.0,5.1,0,478.0,340.0,31.4
2025-10-14 16:00:00,13847.818,503.109,13344.710000000001,17055.424,31.1,30,0.0,4.9,0,289.0,180.0,30.8
2025-10-14 17:00:00,13801.435,276.56100000000004,13524.875,17000.694,29.5,33,0.0,2.9,0,103.0,44.0,29.5
2025-10-14 18:00:00,17925.767,0.0,17925.767,21867.406,27.9,45,0.0,1.3,0,4.0,0.0,29.3
2025-10-14 19:00:00,17950.962,0.0,17950.962,21897.137,27.4,45,0.0,0.8,0,0.0,0.0,28.8
2025-10-14 20:00:00,17766.297,0.0,17766.297,21679.231,26.7,47,0.0,1.2,0,0.0,0.0,28.0
2025-10-14 21:00:00,17931.992,0.0,17931.992,21874.747,25.9,50,0.0,1.6,0,0.0,0.0,27.2
2025-10-14 22:00:00,18052.974000000002,0.0,18052.974000000002,22017.512,25.6,50,0.0,0.9,0,0.0,0.0,26.8
2025-10-14 23:00:00,8198.25,0.0,8198.25,10388.934,25.0,59,0.0,0.9,0,0.0,0.0,27.1
2025-10-15 00:00:00,8204.129,0.0,8204.129,10395.872,24.6,60,0.0,0.7,0,0.0,0.0,26.7
2025-10-15 01:00:00,8171.77,0.0,8171.77,10357.69,24.3,59,0.0,1.1,0,0.0,0.0,26.2
2025-10-15 02:00:00,8236.233,0.0,8236.233,10433.755,24.3,59,0.0,0.7,0,0.0,0.0,26.1
2025-10-15 03:00:00,8225.328,0.0,8225.328,10420.885,23.9,60,0.0,0.4,0,0.0,0.0,25.7
2025-10-15 04:00:00,8306.346,0.0,8306.346,10516.488,23.2,62,0.0,0.2,0,0.0,0.0,24.9
2025-10-15 05:00:00,13624.327,0.0,13624.327,16791.704999999998,21.8,73,0.0,2.2,0,0.0,0.0,23.8
2025-10-15 06:00:00,15217.43,0.0,15217.43,18671.567,21.2,77,0.0,3.4,0,0.0,0.0,23.1
2025-10-15 07:00:00,15371.456,292.274,15079.185,18853.322,22.6,71,0.0,4.0,0,65.0,24.0,24.5
2025-10-15 08:00:00,15300.246,508.651,14791.594000000001,18769.289,25.0,61,0.0,2.3,0,240.0,140.0,27.1
2025-10-15 09:00:00,15257.717,765.862,14491.857,18719.106,27.5,50,0.0,2.2,0,432.0,299.0,29.2
2025-10-15 10:00:00,15368.774,952.842,14415.932,18850.154,29.6,35,0.0,2.9,0,593.0,439.0,30.3
2025-10-15 11:00:00,13627.266,999.553,12627.714,16795.177,30.5,31,0.0,4.9,0,701.0,535.0,31.1
2025-10-15 12:00:00,13610.017,931.297,12678.721,16774.82,31.3,28,0.0,5.2,0,744.0,573.0,32.0
2025-10-15 13:00:00,13560.431,914.779,12645.653,16716.31,31.8,28,0.0,5.4,0,715.0,545.0,32.3
2025-10-15 14:00:00,13709.99,819.51,12890.482,16892.79,31.9,28,0.0,5.8,3,620.0,459.0,31.8
2025-10-15 15:00:00,13704.867,689.226,13015.645,16886.746,31.6,28,0.0,6.0,4,471.0,332.0,31.1
2025-10-15 16:00:00,13788.204,479.745,13308.455,16985.078999999998,30.9,29,0.0,6.0,3,281.0,171.0,30.3
2025-10-15 17:00:00,13534.502,240.09199999999998,13294.411,16685.713,29.5,33,0.0,3.6,0,99.0,41.0,29.4
2025-10-15 18:00:00,17881.545000000002,0.0,17881.545000000002,21815.224,27.5,46,0.0,2.3,0,4.0,0.0,28.8
2025-10-15 19:00:00,18031.308,0.0,18031.308,21991.944,27.2,48,0.0,0.4,0,0.0,0.0,28.9
2025-10-15 20:00:00,18086.006,0.0,18086.006,22056.490999999998,26.4,46,0.0,0.6,0,0.0,0.0,27.6
2025-10-15 21:00:00,18172.574,0.0,18172.574,22158.637,25.7,48,0.0,1.2,0,0.0,0.0,26.8
2025-10-15 22:00:00,18072.271,0.0,18072.271,22040.282,25.4,48,0.0,1.5,0,0.0,0.0,26.3
2025-10-15 23:00:00,8068.072,0.0,8068.072,10235.322,24.2,58,0.0,2.3,0,0.0,0.0,25.7
2025-10-16 00:00:00,8247.688,0.0,8247.688,10447.272,23.1,64,0.0,3.5,0,0.0,0.0,24.5
2025-10-16 01:00:00,8132.421,0.0,8132.421,10311.256,22.2,67,0.0,3.9,0,0.0,0.0,23.6
2025-10-16 02:00:00,8183.727,0.0,8183.727,10371.797,21.3,71,0.0,4.0,0,0.0,0.0,22.7
2025-10-16 03:00:00,8247.471,0.0,8247.471,10447.017,20.8,70,0.0,4.7,0,0.0,0.0,21.8
2025-10-16 04:00:00,8146.867,0.0,8146.867,10328.303,20.3,70,0.0,4.9,0,0.0,0.0,21.1
2025-10-16 05:00:00,13609.157,0.0,13609.157,16773.808,20.2,75,0.0,4.8,0,0.0,0.0,21.3
2025-10-16 06:00:00,15324.338,0.0,15324.338,18797.719,20.5,72,0.0,4.3,0,0.0,0.0,21.7
2025-10-16 07:00:00,15294.597,287.467,15007.131,18762.626,22.0,65,0.0,5.8,0,64.0,24.0,22.8
2025-10-16 08:00:00,15012.936,486.058,14526.878,18430.264,24.6,57,0.0,3.6,0,237.0,138.0,25.9
2025-10-16 09:00:00,15178.383,759.91,14418.473,18625.494,27.5,46,0.0,3.5,0,428.0,296.0,28.5
2025-10-16 10:00:00,15295.414999999999,940.049,14355.364,18763.587,29.4,38,0.0,4.2,0,590.0,437.0,30.1
2025-10-16 11:00:00,13577.756,870.523,12707.232,16736.75,30.3,34,0.0,5.3,0,698.0,532.0,31.2
2025-10-16 12:00:00,13505.656,917.749,12587.904,16651.672,31.1,32,0.0,5.4,0,741.0,572.0,32.3
2025-10-16 13:00:00,13675.274,892.2,12783.074,16851.825,31.5,32,0.0,5.5,0,714.0,548.0,32.6
2025-10-16 14:00:00,13762.178,825.157,12937.021,16954.369,31.7,32,0.0,5.8,0,619.0,463.0,32.1
2025-10-16 15:00:00,13646.082,671.996,12974.083,16817.376,31.4,33,0.0,6.3,0,466.0,329.0,31.5
2025-10-16 16:00:00,13592.67,465.44,13127.231,16754.352,30.7,35,0.0,6.9,0,278.0,171.0,30.8
2025-10-16 17:00:00,13585.489,247.244,13338.242,16745.873,29.5,36,0.0,5.7,0,96.0,40.0,29.5
2025-10-16 18:00:00,17976.003,0.0,17976.003,21926.682,28.0,42,0.0,3.8,0,3.0,0.0,28.7
2025-10-16 19:00:00,17990.347,0.0,17990.347,21943.611,27.0,50,0.0,3.5,0,0.0,0.0,28.3
2025-10-16 20:00:00,18130.558,0.0,18130.558,22109.058,26.7,51,0.0,1.7,0,0.0,0.0,28.3
2025-10-16 21:00:00,17879.056,0.0,17879.056,21812.285,26.4,53,0.0,0.9,0,0.0,0.0,28.3
2025-10-16 22:00:00,18057.47,0.0,18057.47,22022.812,26.0,54,0.0,0.4,0,0.0,0.0,28.0
2025-10-16 23:00:00,8104.859,0.0,8104.859,10278.733,25.8,56,0.0,0.6,0,0.0,0.0,27.9
2025-10-17 00:00:00,8308.158,0.0,8308.158,10518.628,25.2,56,0.0,0.8,0,0.0,0.0,27.1
2025-10-17 01:00:00,8243.685,0.0,8243.685,10442.548,24.0,59,0.0,1.9,0,0.0,0.0,25.6
2025-10-17 02:00:00,8187.584,0.0,8187.584,10376.347,22.3,66,0.0,3.7,0,0.0,0.0,23.6
2025-10-17 03:00:00,8147.86,0.0,8147.86,10329.476,21.1,71,0.0,4.4,0,0.0,0.0,22.4
2025-10-17 04:00:00,8055.452,0.0,8055.452,10220.434000000001,20.4,74,0.0,4.8,0,0.0,0.0,21.6
2025-10-17 05:00:00,13736.274,0.0,13736.274,16923.804,20.7,77,0.0,6.3,0,0.0,0.0,22.1
2025-10-17 06:00:00,15282.793,0.0,15282.793,18748.694,20.8,77,0.0,4.7,0,0.0,0.0,22.3
2025-10-17 07:00:00,15217.707,255.728,14961.977,18671.895,22.0,71,0.0,5.4,0,61.0,22.0,23.5
2025-10-17 08:00:00,15252.864,533.404,14719.46,18713.379,24.4,61,0.0,3.4,0,230.0,131.0,26.2
2025-10-17 09:00:00,15223.59,760.986,14462.605,18678.837,27.2,50,0.0,3.5,0,418.0,285.0,28.7
2025-10-17 10:00:00,15183.355,961.51,14221.845,18631.359,29.5,45,0.0,4.0,0,578.0,425.0,31.2
2025-10-17 11:00:00,13613.252,942.331,12670.921,16778.64,30.6,39,0.0,5.9,0,686.0,521.0,32.3
2025-10-17 12:00:00,13738.542000000001,986.682,12751.860999999999,16926.479,31.5,37,0.0,5.4,0,728.0,558.0,33.5
2025-10-17 13:00:00,13702.342999999999,916.1469999999999,12786.195,16883.764,32.1,36,0.0,5.7,0,700.0,533.0,33.8
2025-10-17 14:00:00,13634.425,850.471,12783.952000000001,16803.623,32.3,35,0.0,5.7,1,606.0,450.0,33.4
2025-10-17 15:00:00,13615.786,675.136,12940.651,16781.629,32.1,35,0.0,5.5,4,456.0,319.0,32.8
2025-10-17 16:00:00,13557.723,474.09,13083.635,16713.113,31.4,36,0.0,6.2,9,270.0,163.0,32.0
2025-10-17 17:00:00,13696.591,241.825,13454.766,16876.98,30.1,39,0.0,4.7,18,91.0,37.0,31.0
2025-10-17 18:00:00,18040.272,0.0,18040.272,22002.521,28.4,49,0.0,3.2,1,3.0,0.0,30.2
2025-10-17 19:00:00,17894.756999999998,0.0,17894.756999999998,21830.813,27.5,53,0.0,3.2,0,0.0,0.0,29.5
2025-10-17 20:00:00,17944.304,0.0,17944.304,21889.28,27.0,55,0.0,2.5,0,0.0,0.0,29.1
2025-10-17 21:00:00,17872.001,0.0,17872.001,21803.959,26.2,55,0.0,2.2,0,0.0,0.0,28.2
2025-10-17 22:00:00,18118.354,0.0,18118.354,22094.659,25.1,57,0.0,3.9,0,0.0,0.0,26.5
2025-10-17 23:00:00,8133.7,0.0,8133.7,10312.765,24.8,62,0.0,4.1,0,0.0,0.0,26.7
2025-10-18 00:00:00,7122.512,0.0,7122.512,9119.566,24.6,63,0.0,3.6,0,0.0,0.0,26.6
2025-10-18 01:00:00,7150.438,0.0,7150.438,9152.52,23.9,65,0.0,4.2,0,0.0,0.0,25.7
2025-10-18 02:00:00,7116.9800000000005,0.0,7116.9800000000005,9113.037,23.2,69,0.0,3.7,0,0.0,0.0,25.2
2025-10-18 03:00:00,7199.408,0.0,7199.408,9210.301,22.5,71,0.0,3.8,0,0.0,0.0,24.4
2025-10-18 04:00:00,7123.233,0.0,7123.233,9120.414999999999,21.7,75,0.0,3.5,0,0.0,0.0,23.7
2025-10-18 05:00:00,11796.521999999999,0.0,11796.521999999999,14634.896,21.7,80,0.0,4.4,0,0.0,0.0,24.0
2025-10-18 06:00:00,13322.835000000001,0.0,13322.835000000001,16435.946,21.6,79,0.0,4.7,0,0.0,0.0,23.8
2025-10-18 07:00:00,13212.675,242.459,12970.216,16305.956,22.4,75,0.0,4.9,0,59.0,21.0,24.5
2025-10-18 08:00:00,13294.214,450.287,12843.93,16402.175,24.6,64,0.0,3.1,0,226.0,128.0,26.8
2025-10-18 09:00:00,13376.909,676.033,12700.873,16499.752,27.4,52,0.0,3.4,0,413.0,281.0,29.2
2025-10-18 10:00:00,13278.289,770.105,12508.184,16383.382,29.6,44,0.0,3.8,0,571.0,418.0,31.2
2025-10-18 11:00:00,11821.885,820.094,11001.789,14664.821,30.9,38,0.0,3.4,2,678.0,512.0,32.9
2025-10-18 12:00:00,11805.699999999999,833.183,10972.519,14645.727,32.2,34,0.0,2.2,6,708.0,537.0,34.3
2025-10-18 13:00:00,11806.958,783.431,11023.528,14647.213,32.9,31,0.0,1.5,13,664.0,492.0,34.6
2025-10-18 14:00:00,11858.083999999999,714.672,11143.412,14707.539999999999,33.2,30,0.0,2.2,8,566.0,402.0,33.9
2025-10-18 15:00:00,11831.444,608.6759999999999,11222.768,14676.105,33.2,29,0.0,3.8,7,434.0,294.0,33.4
2025-10-18 16:00:00,11889.609,411.522,11478.088,14744.74,32.4,30,0.0,5.5,5,252.0,147.0,32.3
2025-10-18 17:00:00,11884.396,216.358,11668.038,14738.589,30.8,32,0.0,1.3,9,86.0,34.0,31.3
2025-10-18 18:00:00,15586.374,0.0,15586.374,19106.922,28.7,44,0.0,2.3,5,2.0,0.0,30.1
2025-10-18 19:00:00,15680.731,0.0,15680.731,19218.262,28.1,50,0.0,1.7,2,0.0,0.0,30.3
2025-10-18 20:00:00,15733.979,0.0,15733.979,19281.096,27.6,51,0.0,1.5,1,0.0,0.0,29.7
2025-10-18 21:00:00,15839.81,0.0,15839.81,19405.976,27.1,53,0.0,1.3,1,0.0,0.0,29.2
2025-10-18 22:00:00,15647.664,0.0,15647.664,19179.243,27.2,55,0.0,0.7,1,0.0,0.0,29.7
2025-10-18 23:00:00,6994.804,0.0,6994.804,8968.869,26.9,56,0.0,0.9,1,0.0,0.0,29.4
2025-10-19 00:00:00,7128.0199999999995,0.0,7128.0199999999995,9126.064,25.8,59,0.0,1.1,0,0.0,0.0,28.2
2025-10-19 01:00:00,7021.612,0.0,7021.612,9000.503,24.8,63,0.0,1.5,0,0.0,0.0,27.1
2025-10-19 02:00:00,7084.005,0.0,7084.005,9074.124,23.9,67,0.0,1.5,0,0.0,0.0,26.3
2025-10-19 03:00:00,7054.986,0.0,7054.986,9039.882,23.2,69,0.0,2.6,0,0.0,0.0,25.4
2025-10-19 04:00:00,7054.789,0.0,7054.789,9039.651,23.3,70,0.0,0.6,0,0.0,0.0,25.9
2025-10-19 05:00:00,11854.376,0.0,11854.376,14703.162,23.0,76,0.0,1.8,0,0.0,0.0,25.9
2025-10-19 06:00:00,13239.056,0.0,13239.056,16337.086,23.7,72,0.0,0.9,0,0.0,0.0,26.6
2025-10-19 07:00:00,13133.328,237.018,12896.314,16212.33,24.6,68,0.0,2.7,0,58.0,21.0,27.2
2025-10-19 08:00:00,13231.767,481.127,12750.637999999999,16328.484,26.4,61,0.0,2.3,0,223.0,127.0,29.1
2025-10-19 09:00:00,13324.422999999999,636.88,12687.544,16437.822,28.8,50,0.0,1.6,0,410.0,279.0,31.1
2025-10-19 10:00:00,13235.393,783.449,12451.943000000001,16332.762,30.6,40,0.0,2.0,0,567.0,415.0,32.2
2025-10-19 11:00:00,11904.907,810.713,11094.193,14762.788,31.4,37,0.0,2.3,6,673.0,508.0,33.6
2025-10-19 12:00:00,11859.225,803.121,11056.105,14708.886,32.7,34,0.0,1.7,23,682.0,505.0,34.8
2025-10-19 13:00:00,11843.09,798.504,11044.587,14689.846,33.3,32,0.0,1.3,30,649.0,472.0,35.1
2025-10-19 14:00:00,11869.946,722.404,11147.541,14721.537,33.6,30,0.0,2.8,34,552.0,387.0,34.3
2025-10-19 15:00:00,11818.041,563.174,11254.867,14660.288,33.5,29,0.0,6.5,28,411.0,269.0,33.4
2025-10-19 16:00:00,11868.546,407.798,11460.748,14719.885,32.3,32,0.0,10.1,78,227.0,118.0,32.0
2025-10-19 17:00:00,11754.511,222.61599999999999,11531.893,14585.325,30.5,38,0.0,2.4,6,76.0,27.0,31.5
2025-10-19 18:00:00,15844.8,0.0,15844.8,19411.865,29.0,51,0.0,0.9,1,2.0,0.0,31.7
2025-10-19 19:00:00,15475.119,0.0,15475.119,18975.64,28.3,52,0.0,1.8,0,0.0,0.0,30.7
2025-10-19 20:00:00,15683.89,0.0,15683.89,19221.988,27.5,52,0.0,3.1,0,0.0,0.0,29.3
2025-10-19 21:00:00,15838.042,0.0,15838.042,19403.89,27.0,52,0.0,2.4,0,0.0,0.0,28.9
2025-10-19 22:00:00,15516.61,0.0,15516.61,19024.603,26.7,54,0.0,1.0,0,0.0,0.0,28.8
2025-10-19 23:00:00,7189.353,0.0,7189.353,9198.435,26.5,57,0.0,0.8,0,0.0,0.0,29.0
2025-10-20 00:00:00,8172.944,0.0,8172.944,10359.075,26.2,55,0.0,0.4,0,0.0,0.0,28.3
2025-10-20 01:00:00,8291.856,0.0,8291.856,10499.392,26.0,55,0.0,0.3,0,0.0,0.0,28.2
2025-10-20 02:00:00,8238.479,0.0,8238.479,10436.405,26.0,54,0.0,0.6,0,0.0,0.0,28.0
2025-10-20 03:00:00,8115.121,0.0,8115.121,10290.842999999999,25.2,56,0.0,0.3,0,0.0,0.0,27.1
2025-10-20 04:00:00,8196.6,0.0,8196.6,10386.986,24.0,60,0.0,2.5,0,0.0,0.0,25.6
2025-10-20 05:00:00,13506.969000000001,0.0,13506.969000000001,16653.222999999998,22.9,72,0.0,3.4,0,0.0,0.0,25.1
2025-10-20 06:00:00,15380.124,0.0,15380.124,18863.546000000002,22.8,74,0.0,1.8,0,0.0,0.0,25.3
2025-10-20 07:00:00,15035.683,260.159,14775.525,18457.104,24.1,67,0.0,1.5,0,56.0,20.0,26.6
2025-10-20 08:00:00,15215.473,542.975,14672.499,18669.26,26.2,58,0.0,1.5,0,220.0,124.0,28.5
2025-10-20 09:00:00,15526.12,806.548,14719.571,19035.822,28.7,48,0.0,2.3,0,406.0,275.0,30.6
2025-10-20 10:00:00,15245.921999999999,874.472,14371.451000000001,18705.187,30.5,40,0.0,3.9,0,563.0,411.0,31.8
2025-10-20 11:00:00,13755.664,905.328,12850.335000000001,16946.683,31.6,35,0.0,5.8,14,670.0,506.0,32.9
2025-10-20 12:00:00,13705.82,978.015,12727.807,16887.869,32.8,31,0.0,7.1,8,666.0,474.0,33.6
2025-10-20 13:00:00,13787.567,932.4590000000001,12855.109,16984.332,33.1,30,0.0,8.0,16,638.0,462.0,33.4
2025-10-20 14:00:00,13709.854,799.9830000000001,12909.871000000001,16892.625,33.0,29,0.0,8.3,11,538.0,372.0,32.6
2025-10-20 15:00:00,13646.969000000001,665.885,12981.086,16818.422,32.6,30,0.0,8.2,13,396.0,243.0,32.2
2025-10-20 16:00:00,13731.164,499.877,13231.284,16917.771,32.1,30,0.0,8.0,5,232.0,124.0,31.7
2025-10-20 17:00:00,13482.026,238.499,13243.526,16623.791,30.7,36,0.0,8.5,8,75.0,27.0,30.6
2025-10-20 18:00:00,17914.848,0.0,17914.848,21854.523,29.6,41,0.0,4.3,13,2.0,0.0,30.6
2025-10-20 19:00:00,17891.554,0.0,17891.554,21827.035,28.7,47,0.0,3.5,5,0.0,0.0,30.3
2025-10-20 20:00:00,18107.215,0.0,18107.215,22081.513,28.0,51,0.0,3.3,4,0.0,0.0,30.0
2025-10-20 21:00:00,18009.477,0.0,18009.477,21966.184,27.3,55,0.0,3.1,0,0.0,0.0,29.5
2025-10-20 22:00:00,17950.594,0.0,17950.594,21896.702,26.5,57,0.0,3.2,1,0.0,0.0,28.5
2025-10-20 23:00:00,8186.269,0.0,8186.269,10374.798,25.6,64,0.0,3.9,1,0.0,0.0,28.0
2025-10-21 00:00:00,8310.854,0.0,8310.854,10521.805,24.8,68,0.0,3.4,1,0.0,0.0,27.4
2025-10-21 01:00:00,8082.772,0.0,8082.772,10252.671,24.2,71,0.0,3.5,1,0.0,0.0,26.8
2025-10-21 02:00:00,8135.984,0.0,8135.984,10315.461,23.6,74,0.0,3.5,1,0.0,0.0,26.4
2025-10-21 03:00:00,8166.738,0.0,8166.738,10351.749,23.2,77,0.0,3.3,1,0.0,0.0,26.0
2025-10-21 04:00:00,8202.657,0.0,8202.657,10394.134,22.7,79,0.0,3.3,16,0.0,0.0,25.6
2025-10-21 05:00:00,13555.094000000001,0.0,13555.094000000001,16710.011,23.2,78,0.0,5.8,100,0.0,0.0,25.8
2025-10-21 06:00:00,15346.66,0.0,15346.66,18824.059,23.8,77,0.0,4.1,71,0.0,0.0,26.7
2025-10-21 07:00:00,15121.887,286.601,14835.288,18558.826,24.1,74,0.0,3.6,41,39.0,10.0,27.0
2025-10-21 08:00:00,15263.001,558.267,14704.735,18725.342,25.9,64,0.0,2.6,19,182.0,80.0,28.6
2025-10-21 09:00:00,15149.503,763.6999999999999,14385.804,18591.414,28.3,52,0.0,3.8,34,380.0,241.0,30.4
2025-10-21 10:00:00,15313.499,924.6039999999999,14388.896,18784.929,30.1,43,0.0,4.9,23,545.0,384.0,31.5
2025-10-21 11:00:00,13383.922,932.159,12451.765,16508.026,30.3,40,0.0,7.0,27,637.0,474.0,31.4
2025-10-21 12:00:00,13635.953,918.748,12717.204,16805.425,30.4,39,0.1,5.4,14,550.0,323.0,31.2
2025-10-21 13:00:00,13721.455,926.043,12795.412,16906.317,30.4,39,0.1,7.1,21,549.0,353.0,30.9
2025-10-21 14:00:00,13454.859,874.4639999999999,12580.395,16591.732,30.1,40,0.1,7.0,11,514.0,347.0,30.8
2025-10-21 15:00:00,13818.373,693.937,13124.435,17020.682,29.9,41,0.1,5.6,5,390.0,246.0,30.7
2025-10-21 16:00:00,13596.007,492.187,13103.82,16758.288,29.3,42,0.0,6.0,5,229.0,125.0,30.1
2025-10-21 17:00:00,13551.767,248.43,13303.335,16706.086,30.1,37,0.0,2.9,52,75.0,28.0,30.8
2025-10-21 18:00:00,17967.236,0.0,17967.236,21916.338,29.2,42,0.0,5.3,5,1.0,0.0,30.0
2025-10-21 19:00:00,17854.344,0.0,17854.344,21783.128,28.2,49,0.0,4.6,9,0.0,0.0,29.8
2025-10-21 20:00:00,18234.708,0.0,18234.708,22231.956,27.5,54,0.0,5.1,16,0.0,0.0,29.4
2025-10-21 21:00:00,17876.145,0.0,17876.145,21808.85,26.6,59,0.0,5.2,2,0.0,0.0,28.7
2025-10-21 22:00:00,18034.326,0.0,18034.326,21995.504,25.7,65,0.0,1.8,4,0.0,0.0,28.6
2025-10-21 23:00:00,8274.962,0.0,8274.962,10479.455,25.9,67,0.0,0.7,26,0.0,0.0,29.3
2025-10-22 00:00:00,8205.8,0.0,8205.8,10397.844,25.6,69,0.0,0.5,9,0.0,0.0,29.0
2025-10-22 01:00:00,8138.627,0.0,8138.627,10318.579,25.2,69,0.0,1.0,2,0.0,0.0,28.5
2025-10-22 02:00:00,8314.193,0.0,8314.193,10525.747,25.0,74,0.0,0.6,2,0.0,0.0,28.8
2025-10-22 03:00:00,8106.324,0.0,8106.324,10280.461,24.7,75,0.0,0.0,0,0.0,0.0,28.6
2025-10-22 04:00:00,8192.361,0.0,8192.361,10381.985,24.0,77,0.0,1.2,1,0.0,0.0,27.4
2025-10-22 05:00:00,13557.693,0.0,13557.693,16713.075,23.8,85,0.0,0.9,0,0.0,0.0,28.1
2025-10-22 06:00:00,15249.027,0.0,15249.027,18708.852,23.5,87,0.0,0.5,0,0.0,0.0,27.9
2025-10-22 07:00:00,15450.842,273.13100000000003,15177.711,18946.994,24.1,84,0.0,3.9,2,47.0,12.0,28.0
2025-10-22 08:00:00,15337.537,535.097,14802.442,18813.295,25.7,75,0.0,3.6,1,190.0,81.0,29.5
2025-10-22 09:00:00,15303.652,708.195,14595.454,18773.311,28.2,61,0.0,3.9,0,387.0,249.0,31.4
2025-10-22 10:00:00,15371.171,949.523,14421.647,18852.982,30.2,46,0.0,4.1,10,547.0,395.0,32.2
2025-10-22 11:00:00,13725.208,930.888,12794.321,16910.746,30.8,46,0.0,6.8,19,631.0,462.0,33.0
2025-10-22 12:00:00,13794.536,930.453,12864.085,16992.555,31.4,40,0.0,6.6,36,573.0,349.0,32.6
2025-10-22 13:00:00,13519.336,934.727,12584.610999999999,16667.817,32.0,35,0.0,6.6,20,611.0,422.0,32.9
2025-10-22 14:00:00,13551.487000000001,842.768,12708.72,16705.753,32.1,31,0.0,7.3,18,490.0,320.0,31.8
2025-10-22 15:00:00,13596.473,693.285,12903.189,16758.837,31.9,30,0.0,8.1,9,402.0,265.0,31.4
2025-10-22 16:00:00,13543.3,474.13,13069.171,16696.093,31.2,32,0.0,9.2,5,235.0,134.0,30.6
2025-10-22 17:00:00,13709.755000000001,243.792,13465.961,16892.509,30.3,32,0.0,9.0,10,76.0,29.0,29.5
2025-10-22 18:00:00,17918.268,0.0,17918.268,21858.558,29.5,32,0.0,8.8,8,1.0,0.0,28.5
2025-10-22 19:00:00,18182.036,0.0,18182.036,22169.804,28.8,32,0.0,6.0,7,0.0,0.0,28.1
2025-10-22 20:00:00,17800.948,0.0,17800.948,21720.123,27.8,34,0.0,5.1,5,0.0,0.0,27.2
2025-10-22 21:00:00,18197.653,0.0,18197.653,22188.23,26.9,38,0.0,5.6,2,0.0,0.0,26.5
2025-10-22 22:00:00,18303.199,0.0,18303.199,22312.771,25.8,43,0.0,5.2,0,0.0,0.0,25.7
2025-10-22 23:00:00,8173.576,0.0,8173.576,10359.82,25.0,52,0.0,4.4,0,0.0,0.0,25.9
2025-10-23 00:00:00,8103.571,0.0,8103.571,10277.215,24.6,52,0.0,5.4,0,0.0,0.0,25.1
2025-10-23 01:00:00,8233.65,0.0,8233.65,10430.71,24.0,51,0.0,6.1,0,0.0,0.0,24.1
2025-10-23 02:00:00,8190.194,0.0,8190.194,10379.43,23.3,51,0.0,5.6,0,0.0,0.0,23.3
2025-10-23 03:00:00,8181.718,0.0,8181.718,10369.425,22.6,53,0.0,5.6,0,0.0,0.0,22.5
2025-10-23 04:00:00,8144.603,0.0,8144.603,10325.632,22.0,54,0.0,5.0,0,0.0,0.0,22.0
2025-10-23 05:00:00,13598.978,0.0,13598.978,16761.796,21.6,64,0.0,4.8,0,0.0,0.0,22.4
2025-10-23 06:00:00,15239.378999999999,0.0,15239.378999999999,18697.465,21.2,68,0.0,4.8,0,0.0,0.0,22.1
2025-10-23 07:00:00,15069.152,282.188,14786.965,18496.601,21.8,66,0.0,6.3,0,53.0,19.0,22.6
2025-10-23 08:00:00,15184.667000000001,536.444,14648.223,18632.909,23.7,59,0.0,4.0,0,218.0,125.0,24.9
2025-10-23 09:00:00,15163.295,742.313,14420.981,18607.688000000002,26.5,50,0.0,4.1,0,405.0,278.0,27.7
2025-10-23 10:00:00,15419.427,967.819,14451.609,18909.925,29.2,42,0.0,5.8,0,563.0,415.0,30.0
2025-10-23 11:00:00,13574.524,922.153,12652.369,16732.937,30.9,32,0.0,8.6,6,669.0,510.0,31.0
2025-10-23 12:00:00,13625.876,933.451,12692.426,16793.533,31.4,28,0.0,8.2,10,663.0,481.0,31.1
2025-10-23 13:00:00,13401.857,892.302,12509.556,16529.194,31.7,27,0.0,7.3,3,639.0,464.0,31.3
2025-10-23 14:00:00,13549.649,804.333,12745.314,16703.587,31.8,26,0.0,7.4,0,584.0,433.0,30.9
2025-10-23 15:00:00,13627.021,674.252,12952.769,16794.885000000002,31.4,26,0.0,8.5,0,435.0,303.0,30.0
2025-10-23 16:00:00,13751.443,481.09299999999996,13270.349,16941.702,30.5,28,0.0,9.7,0,251.0,151.0,29.0
2025-10-23 17:00:00,13682.154999999999,239.049,13443.108,16859.946,29.7,27,0.0,9.2,0,78.0,31.0,27.9
2025-10-23 18:00:00,17894.149,0.0,17894.149,21830.094,28.8,28,0.0,8.2,0,1.0,0.0,27.2
2025-10-23 19:00:00,17886.838,0.0,17886.838,21821.466,28.2,30,0.0,5.0,0,0.0,0.0,27.1
2025-10-23 20:00:00,17972.767,0.0,17972.767,21922.867,27.3,33,0.0,2.3,0,0.0,0.0,26.8
2025-10-23 21:00:00,18031.016,0.0,18031.016,21991.598,26.6,34,0.0,1.4,0,0.0,0.0,26.2
2025-10-23 22:00:00,18196.821,0.0,18196.821,22187.247,25.0,38,0.0,3.6,0,0.0,0.0,24.4
2025-10-23 23:00:00,8108.502,0.0,8108.502,10283.033,24.3,47,0.0,4.1,0,0.0,0.0,24.4
2025-10-24 00:00:00,8244.75,0.0,8244.75,10443.807999999999,23.4,52,0.0,4.0,0,0.0,0.0,23.6
2025-10-24 01:00:00,8150.204,0.0,8150.204,10332.241,22.5,56,0.0,3.3,0,0.0,0.0,23.1
2025-10-24 02:00:00,8250.189,0.0,8250.189,10450.223,21.6,59,0.0,4.2,0,0.0,0.0,22.1
2025-10-24 03:00:00,8276.95,0.0,8276.95,10481.801,20.8,64,0.0,5.2,0,0.0,0.0,21.2
2025-10-24 04:00:00,8178.603,0.0,8178.603,10365.753,20.2,66,0.0,5.5,0,0.0,0.0,20.5
2025-10-24 05:00:00,13369.231,0.0,13369.231,16490.693,20.2,73,0.0,6.0,0,0.0,0.0,21.0
2025-10-24 06:00:00,15225.616,0.0,15225.616,18681.228,20.2,72,0.0,5.4,0,0.0,0.0,21.0
2025-10-24 07:00:00,14958.902,267.591,14691.309,18366.503,21.2,66,0.0,6.0,0,52.0,19.0,21.9
2025-10-24 08:00:00,15365.072,521.171,14843.899,18845.785,23.5,58,0.0,2.9,0,215.0,122.0,24.6
2025-10-24 09:00:00,15270.692,737.028,14533.664999999999,18734.418,26.6,45,0.0,2.4,0,401.0,274.0,27.4
2025-10-24 10:00:00,15165.592999999999,931.206,14234.39,18610.4,29.2,35,0.0,2.3,0,560.0,412.0,29.7
2025-10-24 11:00:00,13673.855,904.808,12769.046,16850.15,30.5,27,0.0,3.1,0,666.0,506.0,30.6
2025-10-24 12:00:00,13594.433,932.252,12662.182999999999,16756.431,31.6,24,0.0,3.7,0,706.0,541.0,31.7
2025-10-24 13:00:00,13459.69,853.528,12606.162,16597.433,32.1,23,0.0,4.3,0,676.0,515.0,31.8
2025-10-24 14:00:00,13570.31,842.734,12727.573,16727.963,32.2,22,0.0,4.8,0,581.0,431.0,31.1
2025-10-24 15:00:00,13577.994,673.133,12904.863,16737.033,31.8,24,0.0,5.8,0,431.0,301.0,30.5
2025-10-24 16:00:00,13598.475,478.87,13119.606,16761.203,30.8,26,0.0,6.5,0,248.0,148.0,29.6
2025-10-24 17:00:00,13639.654,247.001,13392.653,16809.792,29.0,29,0.0,3.2,0,75.0,30.0,28.3
2025-10-24 18:00:00,18056.934,0.0,18056.934,22022.181,28.0,40,0.0,0.6,0,1.0,0.0,28.9
2025-10-24 19:00:00,18050.167,0.0,18050.167,22014.199,27.3,39,0.0,1.4,0,0.0,0.0,27.7
2025-10-24 20:00:00,17894.714,0.0,17894.714,21830.763,26.1,43,0.0,3.5,0,0.0,0.0,26.4
2025-10-24 21:00:00,18140.57,0.0,18140.57,22120.873,25.3,50,0.0,1.7,0,0.0,0.0,26.4
2025-10-24 22:00:00,18156.498,0.0,18156.498,22139.668,24.8,52,0.0,1.3,0,0.0,0.0,25.9
2025-10-24 23:00:00,8231.521,0.0,8231.521,10428.197,23.8,53,0.0,3.3,0,0.0,0.0,24.5
2025-10-25 00:00:00,7095.817,0.0,7095.817,9088.067,23.0,54,0.0,5.1,0,0.0,0.0,23.2
2025-10-25 01:00:00,7168.625,0.0,7168.625,9173.975,22.2,53,0.0,6.0,0,0.0,0.0,22.0
2025-10-25 02:00:00,7135.4,0.0,7135.4,9134.774000000001,21.6,55,0.0,5.2,0,0.0,0.0,21.5
2025-10-25 03:00:00,7154.656,0.0,7154.656,9157.494,20.9,58,0.0,4.9,0,0.0,0.0,20.9
2025-10-25 04:00:00,7089.336,0.0,7089.336,9080.418,20.1,62,0.0,3.8,0,0.0,0.0,20.3
2025-10-25 05:00:00,11919.522,0.0,11919.522,14780.034,19.7,76,0.0,3.4,0,0.0,0.0,20.9
2025-10-25 06:00:00,13445.453000000001,0.0,13445.453000000001,16580.638,19.9,76,0.0,1.3,0,0.0,0.0,21.5
2025-10-25 07:00:00,13402.442000000001,247.977,13154.464,16529.882,21.2,69,0.0,1.7,0,49.0,17.0,22.7
2025-10-25 08:00:00,13408.348,452.47,12955.88,16536.85,23.7,59,0.0,1.5,0,210.0,117.0,25.2
2025-10-25 09:00:00,13363.463,666.448,12697.017,16483.886,26.7,46,0.0,1.3,0,396.0,269.0,27.8
2025-10-25 10:00:00,13468.979,817.286,12651.691,16608.396,29.2,36,0.0,1.1,0,554.0,405.0,29.8
2025-10-25 11:00:00,11860.288,803.691,11056.598,14710.143,29.8,30,0.0,1.0,0,660.0,499.0,30.5
2025-10-25 12:00:00,11685.682,842.243,10843.437,14504.105,31.2,27,0.0,2.5,0,700.0,535.0,31.8
2025-10-25 13:00:00,11894.996,815.755,11079.241,14751.096,31.6,26,0.0,4.6,0,671.0,510.0,31.6
2025-10-25 14:00:00,12020.116,722.718,11297.4,14898.739,31.7,26,0.0,5.7,0,576.0,426.0,31.0
2025-10-25 15:00:00,11917.128,562.91,11354.219,14777.21,31.3,26,0.0,6.4,0,427.0,296.0,30.2
2025-10-25 16:00:00,11770.435,416.145,11354.289999999999,14604.114,30.4,27,0.0,5.2,0,244.0,145.0,29.4
2025-10-25 17:00:00,11959.216,208.767,11750.448,14826.875,28.8,30,0.0,2.9,0,73.0,28.0,28.1
2025-10-25 18:00:00,15628.707,0.0,15628.707,19156.874,27.4,33,0.0,3.6,0,1.0,0.0,26.8
2025-10-25 19:00:00,15735.944,0.0,15735.944,19283.413,26.7,35,0.0,3.8,0,0.0,0.0,26.1
2025-10-25 20:00:00,15700.962,0.0,15700.962,19242.136,26.0,40,0.0,2.7,0,0.0,0.0,26.0
2025-10-25 21:00:00,15605.846,0.0,15605.846,19129.899999999998,25.4,41,0.0,2.0,0,0.0,0.0,25.5
2025-10-25 22:00:00,15808.769,0.0,15808.769,19369.35,24.6,44,0.0,2.1,0,0.0,0.0,24.8
2025-10-25 23:00:00,7196.121,0.0,7196.121,9206.422,24.1,49,0.0,1.9,0,0.0,0.0,24.6
2025-10-26 00:00:00,7116.64,0.0,7116.64,9112.635,23.5,52,0.0,1.1,0,0.0,0.0,24.3
2025-10-26 01:00:00,7100.092000000001,0.0,7100.092000000001,9093.11,22.4,55,0.0,2.4,0,0.0,0.0,23.0
2025-10-26 02:00:00,7168.484,0.0,7168.484,9173.809,21.3,59,0.0,4.5,0,0.0,0.0,21.5
2025-10-26 03:00:00,7073.233,0.0,7073.233,9061.417,21.0,59,0.0,6.5,0,0.0,0.0,20.9
2025-10-26 04:00:00,7050.383,0.0,7050.383,9034.453,20.0,64,0.0,5.0,0,0.0,0.0,20.2
2025-10-26 05:00:00,11782.735,0.0,11782.735,14618.626,19.3,69,0.0,4.3,0,0.0,0.0,19.8
2025-10-26 06:00:00,13450.357,0.0,13450.357,16586.421000000002,18.9,70,0.0,4.8,0,0.0,0.0,19.3
2025-10-26 07:00:00,13472.633,252.381,13220.251,16612.708,20.2,66,0.0,5.2,0,50.0,18.0,20.6
2025-10-26 08:00:00,13280.396,483.658,12796.738,16385.868,22.7,59,0.0,3.6,0,213.0,121.0,23.6
2025-10-26 09:00:00,13450.371000000001,691.665,12758.705,16586.438,25.8,47,0.0,2.9,0,399.0,274.0,26.5
2025-10-26 10:00:00,13251.865,777.97,12473.895,16352.197,28.2,38,0.0,4.0,0,558.0,411.0,28.5
2025-10-26 11:00:00,11871.745,825.2810000000001,11046.464,14723.657,29.6,33,0.0,3.8,0,663.0,505.0,30.2
2025-10-26 12:00:00,11871.288999999999,811.131,11060.16,14723.119,30.7,28,0.0,2.7,0,703.0,541.0,31.3
2025-10-26 13:00:00,11869.98,820.812,11049.165,14721.574,31.4,25,0.0,4.0,0,675.0,517.0,31.3
2025-10-26 14:00:00,11839.556,669.396,11170.161,14685.675,31.6,24,0.0,5.7,0,581.0,432.0,30.5
2025-10-26 15:00:00,11936.607,594.467,11342.14,14800.194,31.2,24,0.0,7.1,0,430.0,301.0,29.6
2025-10-26 16:00:00,11874.572,440.425,11434.144,14726.994,30.4,25,0.0,6.8,0,245.0,147.0,28.8
2025-10-26 17:00:00,11994.628,211.529,11783.096,14868.661,29.0,34,0.0,0.8,0,72.0,28.0,29.4
2025-10-26 18:00:00,15807.323,0.0,15807.323,19367.639,27.7,36,0.0,0.9,0,1.0,0.0,27.9
2025-10-26 19:00:00,15529.246,0.0,15529.246,19039.51,26.8,40,0.0,2.5,0,0.0,0.0,27.0
2025-10-26 20:00:00,15955.419,0.0,15955.419,19542.395,26.2,44,0.0,1.6,0,0.0,0.0,26.8
2025-10-26 21:00:00,15494.517,0.0,15494.517,18998.531,25.6,46,0.0,1.8,2,0.0,0.0,26.3
2025-10-26 22:00:00,15883.569,0.0,15883.569,19457.611,24.9,49,0.0,1.5,86,0.0,0.0,25.8
2025-10-26 23:00:00,7122.464,0.0,7122.464,9119.507,23.7,53,0.0,4.1,100,0.0,0.0,24.2
2025-10-27 00:00:00,8129.594,0.0,8129.594,10307.92,22.6,59,0.0,4.3,70,0.0,0.0,23.3
2025-10-27 01:00:00,8138.899,0.0,8138.899,10318.902,22.0,61,0.0,4.2,74,0.0,0.0,22.7
2025-10-27 02:00:00,8188.9130000000005,0.0,8188.9130000000005,10377.921,21.5,62,0.0,4.4,1,0.0,0.0,22.2
2025-10-27 03:00:00,8112.597,0.0,8112.597,10287.866,21.4,63,0.0,3.4,0,0.0,0.0,22.2
2025-10-27 04:00:00,8231.781,0.0,8231.781,10428.501,20.9,65,0.0,2.5,10,0.0,0.0,21.9
2025-10-27 05:00:00,13648.01,0.0,13648.01,16819.653000000002,20.6,66,0.0,2.0,0,0.0,0.0,21.6
2025-10-27 06:00:00,15319.536,0.0,15319.536,18792.053,20.3,68,0.0,2.2,0,0.0,0.0,21.3
2025-10-27 07:00:00,15216.208,275.144,14941.067,18670.127,21.3,66,0.0,2.2,0,48.0,17.0,22.5
2025-10-27 08:00:00,15424.805,525.859,14898.947,18916.272,23.4,57,0.0,3.3,0,208.0,117.0,24.4
2025-10-27 09:00:00,15230.199,754.6469999999999,14475.552,18686.635,26.1,48,0.0,3.9,19,394.0,269.0,26.9
2025-10-27 10:00:00,15352.895,960.1519999999999,14392.745,18831.415,28.5,39,0.0,4.3,34,530.0,356.0,28.8
2025-10-27 11:00:00,13592.495,889.155,12703.337,16754.144,29.1,38,0.0,6.0,100,595.0,399.0,29.5
2025-10-27 12:00:00,13524.063,913.7950000000001,12610.268,16673.394,30.3,34,0.0,6.5,100,571.0,274.0,30.3
2025-10-27 13:00:00,13659.783,957.112,12702.672,16833.543,30.0,35,0.0,8.2,100,425.0,107.0,29.6
2025-10-27 14:00:00,13818.033,819.7,12998.333999999999,17020.279,28.8,41,0.0,11.2,100,249.0,32.0,28.5
2025-10-27 15:00:00,13620.530999999999,688.75,12931.782,16787.226,25.9,51,0.0,14.3,100,135.0,7.0,25.4
2025-10-27 16:00:00,13473.511,469.142,13004.371000000001,16613.741,24.8,48,0.0,9.2,100,67.0,0.0,24.4
2025-10-27 17:00:00,13687.562,255.651,13431.911,16866.322,25.8,47,0.0,10.7,100,15.0,0.0,25.3
2025-10-27 18:00:00,18091.2,0.0,18091.2,22062.615,24.7,49,0.0,10.9,100,0.0,0.0,24.1
2025-10-27 19:00:00,17762.909,0.0,17762.909,21675.232,23.8,57,0.0,9.7,100,0.0,0.0,23.8
2025-10-27 20:00:00,18054.756,0.0,18054.756,22019.612,23.2,64,0.0,7.7,100,0.0,0.0,24.0
2025-10-27 21:00:00,17749.28,0.0,17749.28,21659.149,22.7,69,0.0,6.4,100,0.0,0.0,24.0
2025-10-27 22:00:00,17731.719,0.0,17731.719,21638.426,22.3,71,0.0,5.2,100,0.0,0.0,23.9
2025-10-27 23:00:00,8115.027,0.0,8115.027,10290.732,22.1,74,0.0,6.4,100,0.0,0.0,23.7
2025-10-28 00:00:00,8179.463,0.0,8179.463,10366.766,21.9,76,0.0,4.0,100,0.0,0.0,24.0
2025-10-28 01:00:00,8270.758,0.0,8270.758,10474.493,21.6,78,0.0,2.8,100,0.0,0.0,23.9
2025-10-28 02:00:00,8098.617,0.0,8098.617,10271.367,21.3,81,0.0,2.5,100,0.0,0.0,23.7
2025-10-28 03:00:00,8136.943,0.0,8136.943,10316.59,21.3,82,0.0,0.4,100,0.0,0.0,24.2
2025-10-28 04:00:00,8120.222,0.0,8120.222,10296.86,21.4,79,0.0,2.6,100,0.0,0.0,23.8
2025-10-28 05:00:00,13473.723,0.0,13473.723,16613.991,22.0,80,0.0,1.8,100,0.0,0.0,24.7
2025-10-28 06:00:00,15303.709,0.0,15303.709,18773.377,22.0,78,0.0,1.9,100,0.0,0.0,24.7
2025-10-28 07:00:00,15397.109,284.423,15112.685,18883.589,22.3,75,0.0,3.4,100,18.0,0.0,24.6
2025-10-28 08:00:00,15385.833,571.237,14814.595000000001,18870.282,22.7,74,0.0,4.0,100,73.0,3.0,24.9
2025-10-28 09:00:00,15173.07,749.881,14423.189,18619.221,23.4,70,0.0,4.4,100,123.0,5.0,25.5
2025-10-28 10:00:00,15280.086,898.245,14381.843,18745.498,24.7,63,0.0,4.0,100,272.0,75.0,26.6
2025-10-28 11:00:00,13473.343,913.518,12559.825,16613.547,25.4,58,0.0,3.5,100,293.0,49.0,27.1
2025-10-28 12:00:00,13672.109,992.325,12679.782,16848.088,25.5,57,0.0,4.3,100,147.0,1.0,27.0
2025-10-28 13:00:00,13553.287,894.546,12658.743,16707.88,26.2,53,0.0,6.0,100,265.0,30.0,27.4
2025-10-28 14:00:00,13579.183,853.649,12725.534,16738.435,26.3,55,0.0,6.5,100,258.0,28.0,27.6
2025-10-28 15:00:00,13568.479,696.903,12871.575,16725.805,26.6,53,0.0,6.0,100,238.0,56.0,27.9
2025-10-28 16:00:00,13708.777,499.166,13209.61,16891.357,26.3,55,0.0,6.7,100,167.0,44.0,27.6
2025-10-28 17:00:00,13651.946,244.423,13407.522,16824.298,24.8,66,0.0,6.9,99,50.0,7.0,26.7
2025-10-28 18:00:00,17975.656,0.0,17975.656,21926.274,23.9,72,0.0,5.4,100,0.0,0.0,26.2
2025-10-28 19:00:00,18022.841,0.0,18022.841,21981.954,23.4,75,0.0,6.8,100,0.0,0.0,25.5
2025-10-28 20:00:00,17947.254,0.0,17947.254,21892.761,22.6,80,0.0,5.6,84,0.0,0.0,25.1
2025-10-28 21:00:00,17751.117,0.0,17751.117,21661.317,22.1,84,0.0,5.6,100,0.0,0.0,24.7
2025-10-28 22:00:00,18066.198,0.0,18066.198,22033.116,21.6,87,0.0,2.9,97,0.0,0.0,24.7
2025-10-28 23:00:00,8079.563,0.0,8079.563,10248.884,21.3,86,0.0,3.6,100,0.0,0.0,24.1
2025-10-29 00:00:00,8191.469,0.0,8191.469,10380.932,21.0,88,0.0,2.4,100,0.0,0.0,24.0
2025-10-29 01:00:00,8180.209,0.0,8180.209,10367.645,20.9,89,0.0,1.6,100,0.0,0.0,24.0
2025-10-29 02:00:00,8185.015,0.0,8185.015,10373.316,20.8,90,0.0,1.9,100,0.0,0.0,23.8
2025-10-29 03:00:00,8100.915,0.0,8100.915,10274.08,20.7,89,0.0,2.7,100,0.0,0.0,23.6
2025-10-29 04:00:00,8287.4,0.0,8287.4,10494.131,20.7,88,0.0,3.0,100,0.0,0.0,23.4
2025-10-29 05:00:00,13545.271,0.0,13545.271,16698.422,20.2,87,0.0,3.5,83,0.0,0.0,22.6
2025-10-29 06:00:00,15118.155999999999,0.0,15118.155999999999,18554.424,20.3,86,0.0,3.0,20,0.0,0.0,22.7
2025-10-29 07:00:00,15272.978,284.003,14988.974,18737.116,21.1,81,0.0,3.8,0,43.0,13.0,23.3
2025-10-29 08:00:00,15130.999,508.51,14622.491,18569.578,22.8,73,0.0,3.6,14,195.0,107.0,25.0
2025-10-29 09:00:00,15151.901,745.649,14406.253,18594.245,25.0,64,0.0,5.5,70,371.0,245.0,26.9
2025-10-29 10:00:00,15208.63,948.362,14260.268,18661.185,26.9,55,0.0,8.6,1,514.0,350.0,28.1
2025-10-29 11:00:00,13670.643,902.376,12768.267,16846.36,27.7,53,0.0,7.6,19,622.0,453.0,29.6
2025-10-29 12:00:00,13652.014,958.084,12693.93,16824.377,28.6,50,0.0,6.7,7,643.0,447.0,30.6
2025-10-29 13:00:00,13420.695,879.961,12540.733,16551.418,29.2,47,0.0,6.1,95,622.0,445.0,31.0
2025-10-29 14:00:00,13632.904,843.366,12789.539,16801.828,29.2,46,0.0,5.6,98,443.0,206.0,30.6
2025-10-29 15:00:00,13482.927,641.762,12841.161,16624.851,29.0,46,0.0,6.3,99,305.0,128.0,30.2
2025-10-29 16:00:00,13782.011,455.327,13326.68,16977.771,28.4,48,0.0,5.6,100,160.0,43.0,29.8
2025-10-29 17:00:00,13744.202000000001,245.814,13498.391,16933.161,27.9,48,0.0,3.6,95,49.0,8.0,29.4
2025-10-29 18:00:00,18023.216,0.0,18023.216,21982.392,27.1,52,0.0,3.4,100,0.0,0.0,28.8
2025-10-29 19:00:00,17907.908,0.0,17907.908,21846.331,26.7,54,0.0,4.0,70,0.0,0.0,28.4
2025-10-29 20:00:00,17993.504,0.0,17993.504,21947.335,26.0,61,0.0,1.9,52,0.0,0.0,28.5
2025-10-29 21:00:00,18238.947,0.0,18238.947,22236.961,25.9,60,0.0,0.7,9,0.0,0.0,28.5
2025-10-29 22:00:00,18215.929,0.0,18215.929,22209.795,25.3,61,0.0,2.4,15,0.0,0.0,27.5
2025-10-29 23:00:00,8138.379,0.0,8138.379,10318.288,24.8,66,0.0,2.8,94,0.0,0.0,27.2
2025-10-30 00:00:00,8123.882,0.0,8123.882,10301.179,24.7,63,0.0,4.3,98,0.0,0.0,26.7
2025-10-30 01:00:00,8169.341,0.0,8169.341,10354.822,24.1,66,0.0,4.1,81,0.0,0.0,26.2
2025-10-30 02:00:00,8246.749,0.0,8246.749,10446.161,24.0,67,0.0,4.7,85,0.0,0.0,26.0
2025-10-30 03:00:00,8101.085,0.0,8101.085,10274.278,23.5,69,0.0,5.5,100,0.0,0.0,25.4
2025-10-30 04:00:00,8132.0689999999995,0.0,8132.0689999999995,10310.842,23.1,72,0.0,4.8,100,0.0,0.0,25.1
2025-10-30 05:00:00,13723.674,0.0,13723.674,16908.935,22.9,78,0.0,3.0,95,0.0,0.0,25.7
2025-10-30 06:00:00,15300.356,0.0,15300.356,18769.417999999998,22.6,80,0.0,2.7,100,0.0,0.0,25.5
2025-10-30 07:00:00,15287.488,268.611,15018.876,18754.238,23.0,78,0.0,1.9,100,24.0,2.0,26.0
2025-10-30 08:00:00,15163.234999999999,534.854,14628.38,18607.616,23.4,76,0.0,0.7,100,58.0,2.0,26.7
2025-10-30 09:00:00,15311.941,769.124,14542.82,18783.093,24.8,72,0.0,0.6,100,186.0,29.0,28.2
2025-10-30 10:00:00,15246.802,934.233,14312.566,18706.224,26.1,68,0.0,2.6,100,292.0,61.0,29.4
2025-10-30 11:00:00,13922.39,951.081,12971.306,17143.418,27.3,65,0.0,4.9,100,307.0,52.0,30.5
2025-10-30 12:00:00,13462.532,939.73,12522.798999999999,16600.786,27.3,61,0.1,4.6,100,243.0,13.0,30.0
2025-10-30 13:00:00,13510.041,931.9689999999999,12578.072,16656.848,26.9,63,0.0,5.0,100,182.0,2.0,29.6
2025-10-30 14:00:00,13653.602,812.996,12840.604,16826.249,26.7,64,0.0,4.5,100,157.0,15.0,29.5
2025-10-30 15:00:00,13947.172,654.636,13292.535,17172.662,26.4,65,0.0,3.7,100,99.0,8.0,29.3
2025-10-30 16:00:00,13564.825,483.086,13081.738,16721.494,26.1,66,0.0,2.7,99,69.0,6.0,29.1
2025-10-30 17:00:00,13748.487000000001,250.64,13497.849,16938.217,24.9,75,0.0,2.2,99,17.0,0.0,28.5
2025-10-30 18:00:00,17765.504,0.0,17765.504,21678.296,24.8,77,0.0,2.9,36,0.0,0.0,28.4
2025-10-30 19:00:00,18052.893,0.0,18052.893,22017.416,24.0,83,0.0,3.9,98,0.0,0.0,27.7
2025-10-30 20:00:00,18070.829999999998,0.0,18070.829999999998,22038.579,23.5,88,0.0,5.7,98,0.0,0.0,27.3
2025-10-30 21:00:00,18083.149,0.0,18083.149,22053.114,23.2,91,0.0,3.9,100,0.0,0.0,27.4
2025-10-30 22:00:00,18177.306,0.0,18177.306,22164.221,23.1,93,0.0,3.9,100,0.0,0.0,27.4
2025-10-30 23:00:00,8107.7,0.0,8107.7,10282.086,22.9,95,0.0,6.3,100,0.0,0.0,26.9
2025-10-31 00:00:00,8165.09,0.0,8165.09,10349.807999999999,22.9,94,0.0,5.8,100,0.0,0.0,26.8
2025-10-31 01:00:00,8145.983,0.0,8145.983,10327.257,22.7,94,0.0,4.4,100,0.0,0.0,26.8
2025-10-31 02:00:00,8193.026,0.0,8193.026,10382.771,22.5,94,0.0,4.4,100,0.0,0.0,26.5
2025-10-31 03:00:00,8162.451,0.0,8162.451,10346.692000000001,22.3,95,0.0,3.4,100,0.0,0.0,26.4
2025-10-31 04:00:00,8137.234,0.0,8137.234,10316.938,22.1,96,0.0,1.8,100,0.0,0.0,26.4
2025-10-31 05:00:00,13813.637,0.0,13813.637,17015.091,21.6,96,0.0,1.1,97,0.0,0.0,25.7
2025-10-31 06:00:00,15340.432,0.0,15340.432,18816.711,21.4,97,0.0,1.8,95,0.0,0.0,25.5
2025-10-31 07:00:00,15287.68,260.886,15026.793,18754.463,22.2,95,0.0,5.2,97,31.0,4.0,25.9
2025-10-31 08:00:00,15463.863,511.763,14952.098,18962.356,23.2,90,0.0,6.4,100,132.0,33.0,26.9
2025-10-31 09:00:00,15287.826000000001,781.527,14506.295,18754.636,24.9,79,0.0,6.5,33,248.0,65.0,28.3
2025-10-31 10:00:00,15371.087,887.873,14483.214,18852.881,26.6,68,0.0,5.3,31,407.0,202.0,29.8
2025-10-31 11:00:00,13767.991,953.5749999999999,12814.414,16961.229,27.9,61,0.0,4.4,16,484.0,258.0,30.9
2025-10-31 12:00:00,13578.481,956.2660000000001,12622.214,16737.609,29.1,55,0.1,3.9,21,564.0,373.0,32.1
2025-10-31 13:00:00,13772.413,917.0120000000001,12855.4,16966.448,29.9,51,0.0,4.0,98,560.0,378.0,32.6
2025-10-31 14:00:00,13524.689999999999,816.476,12708.214,16674.132,30.3,48,0.0,4.0,73,462.0,279.0,32.6
2025-10-31 15:00:00,13571.208,697.2669999999999,12873.942,16729.025,30.3,47,0.0,5.8,26,370.0,239.0,32.2
2025-10-31 16:00:00,13641.384,472.149,13169.234,16811.835,29.7,47,0.0,6.9,37,202.0,108.0,31.2
2025-10-31 17:00:00,13654.704,263.39,13391.316,16827.552,28.2,55,0.0,4.3,34,54.0,18.0,30.7
2025-10-31 18:00:00,18018.773,0.0,18018.773,21977.151,26.9,64,0.0,3.6,7,0.0,0.0,30.0
2025-10-31 19:00:00,18092.321,0.0,18092.321,22063.942,26.1,68,0.0,4.0,6,0.0,0.0,29.3
2025-10-31 20:00:00,17986.366,0.0,17986.366,21938.912,25.5,70,0.0,4.9,1,0.0,0.0,28.4
2025-10-31 21:00:00,18069.864999999998,0.0,18069.864999999998,22037.441,24.8,71,0.0,6.2,1,0.0,0.0,27.4
2025-10-31 22:00:00,18045.116,0.0,18045.116,22008.236,24.0,73,0.0,6.6,0,0.0,0.0,26.4
2025-10-31 23:00:00,8184.543,0.0,8184.543,10372.762999999999,23.4,81,0.0,5.5,0,0.0,0.0,26.3
2025-11-01 00:00:00,5595.8550000000005,0.0,5595.8550000000005,7318.107,23.0,82,0.0,4.8,2,0.0,0.0,25.9
2025-11-01 01:00:00,5502.259,0.0,5502.259,7207.667,22.7,82,0.0,5.8,2,0.0,0.0,25.3
2025-11-01 02:00:00,5501.03,0.0,5501.03,7206.217,22.0,85,0.0,5.2,1,0.0,0.0,24.8
2025-11-01 03:00:00,5515.743,0.0,5515.743,7223.5779999999995,21.2,89,0.0,5.2,1,0.0,0.0,24.0
2025-11-01 04:00:00,5530.015,0.0,5530.015,7240.419,20.8,92,0.0,5.4,0,0.0,0.0,23.6
2025-11-01 05:00:00,9235.732,0.0,9235.732,11613.164999999999,20.9,95,0.0,5.7,2,0.0,0.0,23.9
2025-11-01 06:00:00,10288.384,0.0,10288.384,12855.293,20.8,96,0.0,5.3,12,0.0,0.0,23.9
2025-11-01 07:00:00,10459.981,179.926,10280.057,13057.778,21.3,91,0.0,6.1,10,37.0,10.0,24.1
2025-11-01 08:00:00,10243.464,347.649,9895.819,12802.289,23.1,81,0.0,4.0,0,169.0,69.0,26.2
2025-11-01 09:00:00,10305.729,509.063,9796.667,12875.76,26.0,64,0.0,4.3,0,367.0,238.0,28.5
2025-11-01 10:00:00,10384.551,630.509,9754.04,12968.77,28.4,48,0.0,5.6,0,527.0,383.0,29.8
2025-11-01 11:00:00,9209.61,624.318,8585.292,11582.338,29.8,36,0.0,7.9,0,632.0,477.0,30.2
2025-11-01 12:00:00,9201.944,621.206,8580.738,11573.294,30.6,31,0.0,8.9,0,672.0,513.0,30.5
2025-11-01 13:00:00,9313.553,610.0600000000001,8703.494,11704.991,30.9,29,0.0,9.8,1,641.0,484.0,30.2
2025-11-01 14:00:00,9140.274,568.528,8571.745,11500.522,30.8,29,0.0,10.2,1,542.0,396.0,29.4
2025-11-01 15:00:00,9248.77,457.546,8791.229,11628.55,30.4,29,0.0,10.2,0,397.0,272.0,29.1
2025-11-01 16:00:00,9292.318,316.301,8976.017,11679.935,29.6,30,0.0,9.6,0,220.0,127.0,28.2
2025-11-01 17:00:00,9162.531,157.377,9005.152,11526.784,27.0,47,0.0,5.4,0,59.0,22.0,27.7
2025-11-01 18:00:00,12232.083,0.0,12232.083,15148.858,25.6,52,0.0,5.7,0,0.0,0.0,26.4
2025-11-01 19:00:00,12140.608,0.0,12140.608,15040.916000000001,24.7,55,0.0,5.4,0,0.0,0.0,25.5
2025-11-01 20:00:00,12163.662,0.0,12163.662,15068.122,24.1,56,0.0,6.1,0,0.0,0.0,24.7
2025-11-01 21:00:00,12185.846,0.0,12185.846,15094.3,23.5,58,0.0,6.0,0,0.0,0.0,24.1
2025-11-01 22:00:00,12078.883,0.0,12078.883,14968.082,23.0,58,0.0,6.0,0,0.0,0.0,23.5
2025-11-01 23:00:00,5525.883,0.0,5525.883,7235.543,22.0,68,0.0,5.2,0,0.0,0.0,23.2
2025-11-02 00:00:00,6719.825,0.0,6719.825,8644.394,21.4,68,0.0,5.8,0,0.0,0.0,22.2
2025-11-02 01:00:00,6685.149,0.0,6685.149,8603.476,21.2,68,0.0,6.2,0,0.0,0.0,21.9
2025-11-02 02:00:00,6819.657,0.0,6819.657,8762.197,20.9,69,0.0,6.5,0,0.0,0.0,21.5
2025-11-02 03:00:00,6721.822,0.0,6721.822,8646.751,20.1,72,0.0,6.2,0,0.0,0.0,20.8
2025-11-02 04:00:00,6767.688,0.0,6767.688,8700.872,19.6,73,0.0,6.1,0,0.0,0.0,20.2
2025-11-02 05:00:00,11219.972,0.0,11219.972,13954.571,19.4,79,0.0,5.9,1,0.0,0.0,20.4
2025-11-02 06:00:00,12515.541,0.0,12515.541,15483.338,19.3,80,0.0,5.6,0,0.0,0.0,20.4
2025-11-02 07:00:00,12553.992,234.248,12319.741,15528.712,19.9,78,0.0,6.3,0,39.0,13.0,21.0
2025-11-02 08:00:00,12665.877,427.722,12238.157,15660.736,21.6,73,0.0,6.1,0,189.0,103.0,23.0
2025-11-02 09:00:00,12489.618999999999,607.925,11881.693,15452.749,23.8,65,0.0,5.9,0,370.0,249.0,25.3
2025-11-02 10:00:00,12663.281,791.675,11871.606,15657.672,25.8,58,0.0,5.9,0,524.0,382.0,27.4
2025-11-02 11:00:00,11182.54,745.37,10437.173,13910.398,27.6,50,0.0,8.8,0,627.0,473.0,29.0
2025-11-02 12:00:00,11222.972,804.127,10418.848,13958.11,28.8,39,0.0,12.3,0,667.0,508.0,28.8
2025-11-02 13:00:00,11148.274,709.131,10439.145,13869.962,29.3,36,0.0,12.8,0,638.0,483.0,28.7
2025-11-02 14:00:00,11272.154,694.665,10577.492,14016.141,29.4,35,0.0,12.7,0,545.0,402.0,28.2
2025-11-02 15:00:00,11170.557,597.45,10573.106,13896.255000000001,29.1,35,0.0,12.2,0,398.0,274.0,28.0
2025-11-02 16:00:00,11241.717,391.094,10850.623,13980.224,28.1,39,0.0,9.8,0,220.0,128.0,27.5
2025-11-02 17:00:00,11173.197,193.123,10980.072,13899.372,26.2,48,0.0,7.6,0,57.0,22.0,26.5
2025-11-02 18:00:00,14852.206,0.0,14852.206,18240.603,24.6,54,0.0,6.8,0,0.0,0.0,25.2
2025-11-02 19:00:00,14736.947,0.0,14736.947,18104.594,23.7,56,0.0,7.0,0,0.0,0.0,24.2
2025-11-02 20:00:00,14769.213,0.0,14769.213,18142.673,23.1,56,0.0,7.2,0,0.0,0.0,23.3
2025-11-02 21:00:00,14594.269,0.0,14594.269,17936.237,22.5,56,0.0,7.4,0,0.0,0.0,22.4
2025-11-02 22:00:00,14811.991,0.0,14811.991,18193.15,21.8,57,0.0,7.9,0,0.0,0.0,21.5
2025-11-02 23:00:00,6721.745,0.0,6721.745,8646.658,21.6,60,0.0,8.2,0,0.0,0.0,21.6
2025-11-03 00:00:00,7700.383,0.0,7700.383,9801.453,21.2,60,0.0,8.5,0,0.0,0.0,21.0
2025-11-03 01:00:00,7741.939,0.0,7741.939,9850.487,20.6,61,0.0,9.1,0,0.0,0.0,20.1
2025-11-03 02:00:00,7786.124,0.0,7786.124,9902.625,19.7,64,0.0,9.2,0,0.0,0.0,19.2
2025-11-03 03:00:00,7845.306,0.0,7845.306,9972.46,19.0,66,0.0,8.8,0,0.0,0.0,18.5
2025-11-03 04:00:00,7762.4490000000005,0.0,7762.4490000000005,9874.688,18.5,68,0.0,8.5,0,0.0,0.0,18.0
2025-11-03 05:00:00,12759.612000000001,0.0,12759.612000000001,15771.342,18.2,72,0.0,8.3,0,0.0,0.0,17.9
2025-11-03 06:00:00,14412.056,0.0,14412.056,17721.226000000002,17.9,73,0.0,8.0,0,0.0,0.0,17.6
2025-11-03 07:00:00,14530.081,278.466,14251.617,17860.495,18.3,70,0.0,8.3,0,39.0,13.0,17.9
2025-11-03 08:00:00,14612.776,490.53,14122.248,17958.075,19.9,69,0.0,8.1,0,193.0,108.0,20.0
2025-11-03 09:00:00,14485.377,694.319,13791.055,17807.744,22.3,60,0.0,5.9,0,375.0,256.0,22.8
2025-11-03 10:00:00,14401.882,873.304,13528.581,17709.221,24.8,52,0.0,6.0,0,531.0,392.0,25.3
2025-11-03 11:00:00,12955.391,869.498,12085.893,16002.361,27.2,46,0.0,7.0,0,636.0,485.0,28.1
2025-11-03 12:00:00,12756.878,866.3340000000001,11890.544,15768.115,28.8,40,0.0,8.7,0,677.0,522.0,29.5
2025-11-03 13:00:00,12929.833999999999,904.837,12024.994,15972.204,29.9,35,0.0,10.8,0,648.0,497.0,29.7
2025-11-03 14:00:00,12873.476,795.282,12078.192,15905.701000000001,30.5,28,0.0,14.1,0,553.0,413.0,28.4
2025-11-03 15:00:00,12996.262,639.767,12356.495,16050.591,30.0,28,0.0,13.3,0,405.0,283.0,28.0
2025-11-03 16:00:00,12987.336000000001,478.611,12508.723,16040.055,28.7,32,0.0,10.3,0,223.0,132.0,27.3
2025-11-03 17:00:00,12883.076,244.35399999999998,12638.723,15917.030999999999,26.3,42,0.0,6.9,0,58.0,23.0,26.1
2025-11-03 18:00:00,16945.111,0.0,16945.111,20710.232,25.2,46,0.0,6.9,0,0.0,0.0,25.0
2025-11-03 19:00:00,17162.648,0.0,17162.648,20966.928,24.3,51,0.0,5.7,11,0.0,0.0,24.6
2025-11-03 20:00:00,16992.891,0.0,16992.891,20766.61,24.1,50,0.0,2.7,0,0.0,0.0,24.6
2025-11-03 21:00:00,16846.036,0.0,16846.036,20593.32,23.5,51,0.0,1.6,0,0.0,0.0,24.1
2025-11-03 22:00:00,17239.117,0.0,17239.117,21057.161,22.7,53,0.0,2.0,0,0.0,0.0,23.2
2025-11-03 23:00:00,7759.693,0.0,7759.693,9871.439,23.0,54,0.0,1.7,0,0.0,0.0,23.7
2025-11-04 00:00:00,7778.709,0.0,7778.709,9893.875,21.7,57,0.0,0.4,8,0.0,0.0,22.5
2025-11-04 01:00:00,7831.049,0.0,7831.049,9955.64,21.0,59,0.0,0.4,9,0.0,0.0,21.7
2025-11-04 02:00:00,7715.821,0.0,7715.821,9819.668,20.1,63,0.0,2.5,3,0.0,0.0,20.5
2025-11-04 03:00:00,7827.275,0.0,7827.275,9951.185,19.3,67,0.0,3.6,87,0.0,0.0,19.7
2025-11-04 04:00:00,7726.714,0.0,7726.714,9832.523,19.5,69,0.0,5.3,74,0.0,0.0,19.8
2025-11-04 05:00:00,13053.701,0.0,13053.701,16118.366,18.9,74,0.0,5.1,100,0.0,0.0,19.4
2025-11-04 06:00:00,14515.346,0.0,14515.346,17843.11,19.9,68,0.0,6.8,48,0.0,0.0,20.2
2025-11-04 07:00:00,14594.071,277.709,14316.362000000001,17936.003,20.1,67,0.0,9.0,32,30.0,8.0,20.0
2025-11-04 08:00:00,14654.714,494.96,14159.759,18007.563,21.8,65,0.0,8.5,17,151.0,66.0,22.1
2025-11-04 09:00:00,14382.94,697.415,13685.525,17686.869,23.6,61,0.0,3.8,3,311.0,184.0,24.9
2025-11-04 10:00:00,14493.338,841.721,13651.617,17817.137,25.7,54,0.0,2.0,2,497.0,356.0,27.3
2025-11-04 11:00:00,12952.709,865.736,12086.971,15999.198,27.5,47,0.0,3.9,1,617.0,464.0,29.0
2025-11-04 12:00:00,12900.038,919.75,11980.289999999999,15937.046,28.7,42,0.0,4.2,3,632.0,455.0,30.0
2025-11-04 13:00:00,12815.294,845.3729999999999,11969.921,15837.047,28.7,44,0.0,10.6,7,618.0,464.0,29.2
2025-11-04 14:00:00,12948.579,777.366,12171.214,15994.326000000001,28.2,46,0.0,11.0,5,512.0,366.0,28.3
2025-11-04 15:00:00,12946.169,635.2,12310.968,15991.481,27.9,43,0.0,9.4,6,375.0,250.0,27.8
2025-11-04 16:00:00,12911.636,483.376,12428.262,15950.73,26.9,47,0.0,7.1,6,204.0,114.0,27.3
2025-11-04 17:00:00,12996.48,230.599,12765.881,16050.848,25.4,62,0.0,5.2,13,52.0,20.0,27.3
2025-11-04 18:00:00,17001.559,0.0,17001.559,20776.84,24.7,60,0.0,6.8,5,0.0,0.0,25.9
2025-11-04 19:00:00,17276.643,0.0,17276.643,21101.436999999998,23.6,64,0.0,5.8,9,0.0,0.0,25.0
2025-11-04 20:00:00,16996.789,0.0,16996.789,20771.21,23.0,67,0.0,6.8,8,0.0,0.0,24.3
2025-11-04 21:00:00,17193.229,0.0,17193.229,21003.013,22.1,71,0.0,5.4,41,0.0,0.0,23.6
2025-11-04 22:00:00,17112.94,0.0,17112.94,20908.268,21.6,73,0.0,4.7,5,0.0,0.0,23.2
2025-11-04 23:00:00,7801.065,0.0,7801.065,9920.256,21.8,80,0.0,3.7,70,0.0,0.0,24.3
2025-11-05 00:00:00,7808.728,0.0,7808.728,9929.3,21.3,83,0.0,3.8,7,0.0,0.0,23.7
2025-11-05 01:00:00,7815.615,0.0,7815.615,9937.425,21.5,82,0.0,2.4,17,0.0,0.0,24.1
2025-11-05 02:00:00,7747.588,0.0,7747.588,9857.154999999999,21.4,81,0.0,6.1,7,0.0,0.0,23.5
2025-11-05 03:00:00,7712.146,0.0,7712.146,9815.334,20.2,86,0.0,6.7,0,0.0,0.0,21.9
2025-11-05 04:00:00,7677.977,0.0,7677.977,9775.012999999999,19.4,88,0.0,5.9,0,0.0,0.0,21.1
2025-11-05 05:00:00,12909.117,0.0,12909.117,15947.761,19.0,92,0.0,4.0,0,0.0,0.0,21.1
2025-11-05 06:00:00,14535.218,0.0,14535.218,17866.558,18.9,92,0.0,3.2,0,0.0,0.0,21.1
2025-11-05 07:00:00,14492.888,247.893,14244.995,17816.608,20.0,88,0.0,4.0,0,34.0,10.0,22.2
2025-11-05 08:00:00,14497.688,490.531,14007.155999999999,17822.271,22.1,80,0.0,4.3,0,180.0,97.0,24.5
2025-11-05 09:00:00,14554.795,695.733,13859.063,17889.658,24.2,72,0.0,3.2,0,356.0,236.0,26.9
2025-11-05 10:00:00,14614.9,861.77,13753.132,17960.583,26.1,63,0.0,3.1,0,511.0,370.0,28.8
2025-11-05 11:00:00,12942.917,855.314,12087.601,15987.642,28.1,55,0.0,5.4,11,614.0,461.0,30.6
2025-11-05 12:00:00,13137.547,909.0699999999999,12228.474,16217.307,29.3,43,0.0,8.0,24,631.0,468.0,30.4
2025-11-05 13:00:00,13166.047999999999,934.817,12231.233,16250.937,29.5,37,0.0,9.4,8,543.0,363.0,29.1
2025-11-05 14:00:00,12998.809,813.098,12185.716,16053.596,29.4,35,0.0,10.2,7,457.0,294.0,28.6
2025-11-05 15:00:00,12941.164999999999,611.6,12329.563,15985.575,28.9,36,0.0,10.9,11,343.0,213.0,28.0
2025-11-05 16:00:00,13001.487000000001,440.44,12561.048999999999,16056.755,28.0,39,0.0,10.2,2,197.0,107.0,27.4
2025-11-05 17:00:00,12980.14,240.59199999999998,12739.549,16031.567,27.1,40,0.0,8.1,12,51.0,18.0,26.6
2025-11-05 18:00:00,17056.315000000002,0.0,17056.315000000002,20841.453,25.9,45,0.0,9.2,7,0.0,0.0,25.5
2025-11-05 19:00:00,17118.495,0.0,17118.495,20914.823,24.8,47,0.0,9.7,1,0.0,0.0,24.2
2025-11-05 20:00:00,17330.084,0.0,17330.084,21164.501,23.8,49,0.0,8.9,0,0.0,0.0,23.1
2025-11-05 21:00:00,17383.27,0.0,17383.27,21227.257,22.8,50,0.0,8.8,0,0.0,0.0,22.1
2025-11-05 22:00:00,17041.971,0.0,17041.971,20824.525,22.0,51,0.0,8.9,0,0.0,0.0,21.1
2025-11-05 23:00:00,7811.718,0.0,7811.718,9932.827,21.3,60,0.0,8.4,0,0.0,0.0,21.0
2025-11-06 00:00:00,7836.179999999999,0.0,7836.179999999999,9961.691,20.5,60,0.0,9.8,0,0.0,0.0,19.8
2025-11-06 01:00:00,7758.951,0.0,7758.951,9870.563,19.6,57,0.0,9.8,0,0.0,0.0,18.5
2025-11-06 02:00:00,7843.331,0.0,7843.331,9970.132,18.8,50,0.0,9.4,0,0.0,0.0,16.9
2025-11-06 03:00:00,7815.438,0.0,7815.438,9937.216,17.7,48,0.0,9.5,0,0.0,0.0,15.4
2025-11-06 04:00:00,7830.558,0.0,7830.558,9955.057,16.8,51,0.0,9.4,0,0.0,0.0,14.6
2025-11-06 05:00:00,12913.573,0.0,12913.573,15953.015,16.4,64,0.0,10.2,0,0.0,0.0,14.8
2025-11-06 06:00:00,14468.075,0.0,14468.075,17787.328,15.8,66,0.0,8.9,0,0.0,0.0,14.4
2025-11-06 07:00:00,14482.54,265.652,14216.889,17804.398,16.1,66,0.0,8.9,0,36.0,12.0,14.7
2025-11-06 08:00:00,14104.234,504.523,13599.710000000001,17357.995,17.7,63,0.0,7.6,0,192.0,107.0,16.7
2025-11-06 09:00:00,14535.696,719.263,13816.431999999999,17867.121,19.8,56,0.0,7.2,0,379.0,259.0,19.0
2025-11-06 10:00:00,14618.876,879.025,13739.853,17965.276,22.1,47,0.0,8.4,0,537.0,396.0,20.9
2025-11-06 11:00:00,12702.746,881.954,11820.792,15704.24,24.1,38,0.0,10.2,0,638.0,486.0,22.7
2025-11-06 12:00:00,12869.514,887.326,11982.188,15901.028,25.2,32,0.0,9.5,0,678.0,521.0,23.9
2025-11-06 13:00:00,12845.629,890.875,11954.754,15872.842,25.9,29,0.0,9.6,0,648.0,496.0,24.2
2025-11-06 14:00:00,12947.885,787.376,12160.511,15993.505,26.1,29,0.0,9.9,0,553.0,412.0,23.8
2025-11-06 15:00:00,12785.262999999999,640.3919999999999,12144.868,15801.610999999999,25.7,30,0.0,10.7,0,401.0,279.0,23.3
2025-11-06 16:00:00,12991.269,436.892,12554.38,16044.699,24.8,33,0.0,9.3,0,218.0,128.0,22.8
2025-11-06 17:00:00,12965.208,228.566,12736.644,16013.945,22.9,42,0.0,6.8,0,53.0,20.0,21.6
2025-11-06 18:00:00,17323.795000000002,0.0,17323.795000000002,21157.077,21.7,47,0.0,6.3,0,0.0,0.0,20.8
2025-11-06 19:00:00,17100.003,0.0,17100.003,20893.006,21.0,50,0.0,7.2,0,0.0,0.0,20.0
2025-11-06 20:00:00,17322.209,0.0,17322.209,21155.206,20.2,52,0.0,7.6,0,0.0,0.0,19.1
2025-11-06 21:00:00,17281.309,0.0,17281.309,21106.944,19.7,52,0.0,8.4,0,0.0,0.0,18.3
2025-11-06 22:00:00,17173.882,0.0,17173.882,20980.181,19.1,52,0.0,8.4,0,0.0,0.0,17.5
2025-11-06 23:00:00,7694.279,0.0,7694.279,9794.249,18.7,53,0.0,9.1,0,0.0,0.0,17.1
2025-11-07 00:00:00,7748.197,0.0,7748.197,9857.872,17.8,55,0.0,8.4,0,0.0,0.0,16.2
2025-11-07 01:00:00,7844.664,0.0,7844.664,9971.7,17.0,56,0.0,8.3,0,0.0,0.0,15.3
2025-11-07 02:00:00,7752.521000000001,0.0,7752.521000000001,9862.978000000001,16.4,58,0.0,8.1,0,0.0,0.0,14.7
2025-11-07 03:00:00,7720.439,0.0,7720.439,9825.119,15.8,60,0.0,7.7,0,0.0,0.0,14.1
2025-11-07 04:00:00,7811.886,0.0,7811.886,9933.024,15.4,61,0.0,7.6,0,0.0,0.0,13.7
2025-11-07 05:00:00,12928.993,0.0,12928.993,15971.214,15.4,65,0.0,8.7,0,0.0,0.0,13.8
2025-11-07 06:00:00,14405.321,0.0,14405.321,17713.277,14.8,67,0.0,8.2,0,0.0,0.0,13.2
2025-11-07 07:00:00,14429.638,253.644,14175.994999999999,17741.974,15.0,66,0.0,9.0,0,34.0,11.0,13.3
2025-11-07 08:00:00,14348.344000000001,493.915,13854.429,17646.048,16.5,62,0.0,8.3,0,185.0,102.0,15.0
2025-11-07 09:00:00,14489.201000000001,746.211,13742.99,17812.255,18.9,54,0.0,7.6,0,369.0,251.0,17.5
2025-11-07 10:00:00,14623.75,850.207,13773.545,17971.027000000002,21.3,46,0.0,7.5,0,526.0,387.0,20.0
2025-11-07 11:00:00,13057.735,872.64,12185.093,16123.124,24.4,39,0.0,9.0,0,632.0,481.0,23.4
2025-11-07 12:00:00,13062.629,909.299,12153.331,16128.905,26.1,32,0.0,9.3,0,669.0,515.0,24.9
2025-11-07 13:00:00,13015.37,885.639,12129.729,16073.137,27.0,27,0.0,9.6,0,640.0,489.0,25.2
2025-11-07 14:00:00,12928.324,757.017,12171.306999999999,15970.422,27.3,24,0.0,10.0,0,544.0,405.0,24.6
2025-11-07 15:00:00,12872.996,659.207,12213.789,15905.137,27.0,25,0.0,9.6,0,395.0,274.0,24.4
2025-11-07 16:00:00,13052.103,435.652,12616.449,16116.481,25.9,29,0.0,8.4,0,214.0,125.0,23.7
2025-11-07 17:00:00,12832.668,228.441,12604.226,15857.549,24.0,36,0.0,7.7,0,51.0,20.0,22.3
2025-11-07 18:00:00,17057.295,0.0,17057.295,20842.608,22.7,40,0.0,7.6,0,0.0,0.0,21.1
2025-11-07 19:00:00,17083.635000000002,0.0,17083.635000000002,20873.691,21.5,43,0.0,7.3,0,0.0,0.0,19.9
2025-11-07 20:00:00,17055.828,0.0,17055.828,20840.877,20.5,45,0.0,7.4,0,0.0,0.0,18.9
2025-11-07 21:00:00,17075.589,0.0,17075.589,20864.195,19.5,47,0.0,6.8,0,0.0,0.0,17.9
2025-11-07 22:00:00,17159.089,0.0,17159.089,20962.726,18.7,48,0.0,7.0,0,0.0,0.0,17.0
2025-11-07 23:00:00,7735.48,0.0,7735.48,9842.864,18.3,51,0.0,8.0,0,0.0,0.0,16.5
2025-11-08 00:00:00,6743.173,0.0,6743.173,8671.943,17.3,53,0.0,7.9,0,0.0,0.0,15.6
2025-11-08 01:00:00,6682.465,0.0,6682.465,8600.311,16.8,55,0.0,8.0,0,0.0,0.0,15.0
2025-11-08 02:00:00,6777.739,0.0,6777.739,8712.733,16.3,56,0.0,8.2,0,0.0,0.0,14.4
2025-11-08 03:00:00,6729.041,0.0,6729.041,8655.269,15.8,57,0.0,7.5,0,0.0,0.0,13.9
2025-11-08 04:00:00,6748.817,0.0,6748.817,8678.603,15.2,58,0.0,6.5,0,0.0,0.0,13.4
2025-11-08 05:00:00,11142.642,0.0,11142.642,13863.318,14.4,64,0.0,6.2,0,0.0,0.0,12.8
2025-11-08 06:00:00,12482.783000000001,0.0,12482.783000000001,15444.687,13.9,66,0.0,5.2,0,0.0,0.0,12.4
2025-11-08 07:00:00,12640.282,218.572,12421.711,15630.533,14.8,61,0.0,5.4,0,33.0,11.0,13.3
2025-11-08 08:00:00,12684.472,453.167,12231.305,15682.677,16.8,56,0.0,6.1,0,186.0,103.0,15.3
2025-11-08 09:00:00,12616.007,619.842,11996.164999999999,15601.889,19.4,47,0.0,4.7,0,372.0,254.0,18.1
2025-11-08 10:00:00,12781.067,783.421,11997.647,15796.659,22.0,38,0.0,5.5,0,532.0,393.0,20.5
2025-11-08 11:00:00,11211.218,746.2180000000001,10465.0,13944.238,24.6,29,0.0,8.3,0,638.0,488.0,22.8
2025-11-08 12:00:00,11413.667,795.0740000000001,10618.594,14183.128,25.9,25,0.0,9.4,0,676.0,522.0,24.0
2025-11-08 13:00:00,11104.987,753.009,10351.981,13818.885,26.6,23,0.0,10.1,0,644.0,494.0,24.2
2025-11-08 14:00:00,11266.29,668.362,10597.927,14009.223,26.8,22,0.0,10.7,0,546.0,407.0,23.6
2025-11-08 15:00:00,11306.614,547.643,10758.969000000001,14056.803,26.4,23,0.0,10.4,0,396.0,275.0,23.3
2025-11-08 16:00:00,11209.042,402.031,10807.01,13941.671,25.4,26,0.0,9.3,0,213.0,125.0,22.7
2025-11-08 17:00:00,11393.636,207.164,11186.475,14159.492,23.2,34,0.0,6.0,0,50.0,19.0,21.3
2025-11-08 18:00:00,14919.223,0.0,14919.223,18319.684,22.1,39,0.0,5.7,0,0.0,0.0,20.5
2025-11-08 19:00:00,14996.069,0.0,14996.069,18410.36,21.2,42,0.0,6.0,0,0.0,0.0,19.7
2025-11-08 20:00:00,14649.182,0.0,14649.182,18001.036,20.2,45,0.0,6.1,0,0.0,0.0,18.7
2025-11-08 21:00:00,14761.408,0.0,14761.408,18133.461,19.3,49,0.0,5.7,0,0.0,0.0,18.0
2025-11-08 22:00:00,15165.719000000001,0.0,15165.719000000001,18610.549,18.7,49,0.0,5.9,0,0.0,0.0,17.3
2025-11-08 23:00:00,6766.459,0.0,6766.459,8699.421,18.1,54,0.0,6.1,0,0.0,0.0,16.8
2025-11-09 00:00:00,6695.178,0.0,6695.178,8615.308,17.5,53,0.0,6.7,0,0.0,0.0,15.9
2025-11-09 01:00:00,6669.213,0.0,6669.213,8584.669,16.9,54,0.0,7.1,0,0.0,0.0,15.2
2025-11-09 02:00:00,6732.455,0.0,6732.455,8659.296,16.3,55,0.0,6.4,0,0.0,0.0,14.6
2025-11-09 03:00:00,6757.965,0.0,6757.965,8689.4,15.7,57,0.0,6.3,0,0.0,0.0,14.0
2025-11-09 04:00:00,6795.68,0.0,6795.68,8733.901,15.1,59,0.0,6.2,0,0.0,0.0,13.4
2025-11-09 05:00:00,11357.626,0.0,11357.626,14117.0,14.2,67,0.0,6.0,0,0.0,0.0,12.8
2025-11-09 06:00:00,12707.908,0.0,12707.908,15710.334,14.1,66,0.0,5.8,0,0.0,0.0,12.6
2025-11-09 07:00:00,12692.199,230.857,12461.34,15691.794,14.7,64,0.0,7.0,0,32.0,10.0,13.1
2025-11-09 08:00:00,12507.537,425.726,12081.809000000001,15473.891,16.4,60,0.0,6.5,0,180.0,99.0,15.1
2025-11-09 09:00:00,12734.812,638.587,12096.223,15742.079,19.0,52,0.0,4.5,0,362.0,245.0,18.0
2025-11-09 10:00:00,12638.691,773.028,11865.662,15628.651,21.7,44,0.0,4.9,0,518.0,381.0,20.7
2025-11-09 11:00:00,11157.382,749.844,10407.536,13880.709,24.4,33,0.0,8.4,0,623.0,474.0,22.9
2025-11-09 12:00:00,11240.391,788.643,10451.747,13978.662,25.9,28,0.0,8.6,0,663.0,510.0,24.3
2025-11-09 13:00:00,11264.122,740.499,10523.624,14006.661,26.7,26,0.0,8.6,0,633.0,484.0,24.8
2025-11-09 14:00:00,11270.993,653.083,10617.912,14014.77,26.8,25,0.0,9.0,0,538.0,400.0,24.3
2025-11-09 15:00:00,11366.494,583.03,10783.462,14127.463,26.5,27,0.0,9.3,0,388.0,269.0,24.1
2025-11-09 16:00:00,11442.553,402.483,11040.072,14217.215,25.6,30,0.0,9.0,0,208.0,121.0,23.4
2025-11-09 17:00:00,11155.404,194.876,10960.529,13878.379,23.5,38,0.0,6.2,0,48.0,18.0,22.1
2025-11-09 18:00:00,14840.477,0.0,14840.477,18226.764,22.4,41,0.0,6.9,0,0.0,0.0,21.0
2025-11-09 19:00:00,14878.759,0.0,14878.759,18271.935,21.4,42,0.0,7.3,0,0.0,0.0,19.8
2025-11-09 20:00:00,14911.176,0.0,14911.176,18310.189,20.5,43,0.0,7.1,0,0.0,0.0,18.7
2025-11-09 21:00:00,14886.431,0.0,14886.431,18280.99,19.6,45,0.0,6.4,0,0.0,0.0,17.9
2025-11-09 22:00:00,14869.231,0.0,14869.231,18260.692,19.1,45,0.0,6.6,0,0.0,0.0,17.3
2025-11-09 23:00:00,6814.7970000000005,0.0,6814.7970000000005,8756.458999999999,18.5,48,0.0,6.7,0,0.0,0.0,16.8
2025-11-10 00:00:00,7782.95,0.0,7782.95,9898.883,17.8,51,0.0,6.9,0,0.0,0.0,16.1
2025-11-10 01:00:00,7735.889999999999,0.0,7735.889999999999,9843.351,16.8,55,0.0,6.3,0,0.0,0.0,15.2
2025-11-10 02:00:00,7828.412,0.0,7828.412,9952.525,16.1,58,0.0,5.9,0,0.0,0.0,14.6
2025-11-10 03:00:00,7884.098,0.0,7884.098,10018.235999999999,15.6,59,0.0,5.8,0,0.0,0.0,14.1
2025-11-10 04:00:00,7847.11,0.0,7847.11,9974.587,15.0,61,0.0,5.5,0,0.0,0.0,13.5
2025-11-10 05:00:00,12725.621,0.0,12725.621,15731.234,14.2,69,0.0,5.6,17,0.0,0.0,12.9
2025-11-10 06:00:00,14482.826000000001,0.0,14482.826000000001,17804.734,13.9,70,0.0,5.2,0,0.0,0.0,12.7
2025-11-10 07:00:00,14618.530999999999,273.295,14345.236,17964.865999999998,14.5,68,0.0,5.8,0,30.0,9.0,13.2
2025-11-10 08:00:00,14567.039,509.793,14057.248,17904.105,16.4,63,0.0,5.5,0,176.0,96.0,15.4
2025-11-10 09:00:00,14450.006000000001,692.178,13757.828,17766.004,19.3,52,0.0,4.1,0,357.0,241.0,18.4
2025-11-10 10:00:00,14471.018,899.846,13571.171,17790.799,22.0,43,0.0,4.0,0,512.0,376.0,21.0
2025-11-10 11:00:00,12748.188,902.459,11845.732,15757.865,24.4,35,0.0,5.4,0,617.0,468.0,23.5
2025-11-10 12:00:00,12940.296,919.185,12021.11,15984.549,26.1,28,0.0,7.2,0,655.0,503.0,24.6
2025-11-10 13:00:00,12983.67,836.799,12146.871000000001,16035.73,26.7,25,0.0,8.4,10,626.0,477.0,24.8
2025-11-10 14:00:00,13045.387,791.507,12253.881,16108.556,27.0,24,0.0,8.8,60,532.0,394.0,24.4
2025-11-10 15:00:00,13064.207,642.7669999999999,12421.444,16130.765,26.6,24,0.0,8.8,70,381.0,260.0,24.0
2025-11-10 16:00:00,12872.257000000001,440.904,12431.353,15904.265,25.7,26,0.0,8.1,64,202.0,110.0,23.2
2025-11-10 17:00:00,12876.894,228.501,12648.389,15909.732,23.4,35,0.0,4.7,48,47.0,16.0,21.9
2025-11-10 18:00:00,17177.835,0.0,17177.835,20984.843,22.3,38,0.0,4.6,0,0.0,0.0,20.9
2025-11-10 19:00:00,17174.957,0.0,17174.957,20981.451,21.3,43,0.0,4.0,7,0.0,0.0,20.3
2025-11-10 20:00:00,17009.396,0.0,17009.396,20786.09,20.5,45,0.0,3.2,49,0.0,0.0,19.6
2025-11-10 21:00:00,16873.568,0.0,16873.568,20625.809,19.9,47,0.0,3.3,30,0.0,0.0,18.9
2025-11-10 22:00:00,17037.925,0.0,17037.925,20819.75,19.4,47,0.0,3.8,83,0.0,0.0,18.2
2025-11-10 23:00:00,7833.477,0.0,7833.477,9958.503,19.0,50,0.0,3.2,94,0.0,0.0,18.0
2025-11-11 00:00:00,7738.518,0.0,7738.518,9846.45,17.5,53,0.0,3.3,9,0.0,0.0,16.4
2025-11-11 01:00:00,7790.805,0.0,7790.805,9908.15,16.4,57,0.0,3.8,0,0.0,0.0,15.2
2025-11-11 02:00:00,7767.147,0.0,7767.147,9880.232,15.4,59,0.0,5.5,0,0.0,0.0,13.9
2025-11-11 03:00:00,7734.101,0.0,7734.101,9841.238,14.6,62,0.0,5.3,0,0.0,0.0,13.1
2025-11-11 04:00:00,7823.986,0.0,7823.986,9947.303,14.1,63,0.0,5.4,0,0.0,0.0,12.6
2025-11-11 05:00:00,13079.585,0.0,13079.585,16148.911,13.7,70,0.0,5.8,0,0.0,0.0,12.4
2025-11-11 06:00:00,14766.167,0.0,14766.167,18139.078,13.7,70,0.0,5.9,0,0.0,0.0,12.3
2025-11-11 07:00:00,14442.552,254.925,14187.628,17757.213,14.2,67,0.0,6.8,0,29.0,9.0,12.7
2025-11-11 08:00:00,14466.292,495.522,13970.772,17785.227,16.4,61,0.0,7.0,0,172.0,93.0,15.0
2025-11-11 09:00:00,14477.502,688.191,13789.311,17798.45,19.3,51,0.0,4.9,0,353.0,238.0,18.3
2025-11-11 10:00:00,14710.49,882.129,13828.362000000001,18073.379,22.2,42,0.0,5.2,0,509.0,373.0,21.0
2025-11-11 11:00:00,13023.745,876.226,12147.519,16083.022,24.8,34,0.0,7.1,0,614.0,466.0,23.6
2025-11-11 12:00:00,12899.298999999999,926.528,11972.769,15936.172,26.4,28,0.0,9.2,0,652.0,501.0,24.7
2025-11-11 13:00:00,12920.111,872.818,12047.294,15960.731,27.1,25,0.0,9.9,0,623.0,476.0,24.9
2025-11-11 14:00:00,12922.728,793.702,12129.023,15963.818,27.4,23,0.0,10.3,0,530.0,393.0,24.5
2025-11-11 15:00:00,12891.143,646.098,12245.044,15926.547,27.0,24,0.0,10.6,0,382.0,264.0,24.1
2025-11-11 16:00:00,12962.746,462.77,12499.973,16011.039,26.0,27,0.0,9.4,0,203.0,117.0,23.4
2025-11-11 17:00:00,13005.145,231.339,12773.807,16061.07,23.8,32,0.0,6.0,0,46.0,17.0,21.9
2025-11-11 18:00:00,17059.554,0.0,17059.554,20845.273,22.6,37,0.0,6.0,0,0.0,0.0,21.0
2025-11-11 19:00:00,17112.041,0.0,17112.041,20907.21,21.4,42,0.0,6.8,0,0.0,0.0,19.9
2025-11-11 20:00:00,17078.056,0.0,17078.056,20867.108,20.4,47,0.0,6.7,0,0.0,0.0,19.0
2025-11-11 21:00:00,16920.796,0.0,16920.796,20681.538,19.7,49,0.0,6.9,0,0.0,0.0,18.3
2025-11-11 22:00:00,16924.670000000002,0.0,16924.670000000002,20686.111,19.1,49,0.0,7.5,0,0.0,0.0,17.5
2025-11-11 23:00:00,7790.669,0.0,7790.669,9907.991,18.8,52,0.0,7.7,0,0.0,0.0,17.3
2025-11-12 00:00:00,7795.033,0.0,7795.033,9913.14,17.8,54,0.0,7.1,0,0.0,0.0,16.3
2025-11-12 01:00:00,7784.630999999999,0.0,7784.630999999999,9900.863,17.0,56,0.0,6.4,0,0.0,0.0,15.6
2025-11-12 02:00:00,7682.7210000000005,0.0,7682.7210000000005,9780.615,16.4,58,0.0,6.1,0,0.0,0.0,15.0
2025-11-12 03:00:00,7766.064,0.0,7766.064,9878.956,15.8,60,0.0,5.8,0,0.0,0.0,14.4
2025-11-12 04:00:00,7834.597,0.0,7834.597,9959.826,15.2,62,0.0,6.5,0,0.0,0.0,13.7
2025-11-12 05:00:00,12740.259,0.0,12740.259,15748.507,14.3,69,0.0,7.2,0,0.0,0.0,12.9
2025-11-12 06:00:00,14475.392,0.0,14475.392,17795.963,14.0,70,0.0,7.6,0,0.0,0.0,12.5
2025-11-12 07:00:00,14435.698,263.913,14171.785,17749.123,14.4,68,0.0,8.7,0,27.0,8.0,12.7
2025-11-12 08:00:00,14338.475,481.915,13856.557999999999,17634.398,16.3,62,0.0,7.8,0,168.0,90.0,14.8
2025-11-12 09:00:00,14581.696,725.731,13855.966,17921.400999999998,19.2,52,0.0,6.7,0,346.0,232.0,18.0
2025-11-12 10:00:00,14649.494,904.442,13745.048999999999,18001.402000000002,22.2,43,0.0,7.1,0,500.0,366.0,20.9
2025-11-12 11:00:00,12802.086,864.222,11937.863,15821.46,24.9,36,0.0,9.6,0,604.0,457.0,23.4
2025-11-12 12:00:00,13121.581,955.175,12166.405,16198.464,26.6,29,0.0,11.8,0,643.0,492.0,24.6
2025-11-12 13:00:00,13203.38,931.404,12271.978,16294.989,27.3,26,0.0,12.8,0,614.0,467.0,24.7
2025-11-12 14:00:00,13056.256,794.2049999999999,12262.049,16121.382,27.5,24,0.0,12.8,0,521.0,385.0,24.4
2025-11-12 15:00:00,12950.217,640.1039999999999,12310.115,15996.256,27.1,25,0.0,12.3,0,375.0,258.0,24.1
2025-11-12 16:00:00,12961.595,471.329,12490.266,16009.683,26.2,26,0.0,10.7,0,199.0,114.0,23.5
2025-11-12 17:00:00,12877.329,232.64,12644.688,15910.248,23.9,35,0.0,6.3,0,44.0,16.0,22.2
2025-11-12 18:00:00,17124.123,0.0,17124.123,20921.464,22.8,39,0.0,5.6,0,0.0,0.0,21.4
2025-11-12 19:00:00,17157.538,0.0,17157.538,20960.895,21.7,43,0.0,5.4,0,0.0,0.0,20.6
2025-11-12 20:00:00,17142.88,0.0,17142.88,20943.597,20.8,47,0.0,5.1,0,0.0,0.0,19.8
2025-11-12 21:00:00,17072.454999999998,0.0,17072.454999999998,20860.498,20.2,51,0.0,4.2,0,0.0,0.0,19.4
2025-11-12 22:00:00,16993.959,0.0,16993.959,20767.873,19.4,53,0.0,4.2,0,0.0,0.0,18.6
2025-11-12 23:00:00,7710.066,0.0,7710.066,9812.876,19.1,54,0.0,3.6,0,0.0,0.0,18.4
2025-11-13 00:00:00,7706.315,0.0,7706.315,9808.45,17.3,59,0.0,5.8,0,0.0,0.0,16.2
2025-11-13 01:00:00,7743.533,0.0,7743.533,9852.368,16.2,64,0.0,5.6,0,0.0,0.0,15.2
2025-11-13 02:00:00,7820.5830000000005,0.0,7820.5830000000005,9943.288,15.4,69,0.0,5.4,0,0.0,0.0,14.5
2025-11-13 03:00:00,7841.763,0.0,7841.763,9968.284,14.7,72,0.0,5.1,0,0.0,0.0,13.9
2025-11-13 04:00:00,7794.871,0.0,7794.871,9912.95,14.3,75,0.0,5.4,0,0.0,0.0,13.4
2025-11-13 05:00:00,12916.179,0.0,12916.179,15956.095,13.7,80,0.0,6.2,0,0.0,0.0,12.9
2025-11-13 06:00:00,14606.679,0.0,14606.679,17950.882,13.2,81,0.0,5.5,0,0.0,0.0,12.4
2025-11-13 07:00:00,14409.560000000001,258.45,14151.110999999999,17718.278,13.8,76,0.0,6.5,0,26.0,8.0,12.7
2025-11-13 08:00:00,14424.057,498.543,13925.512999999999,17735.387,15.7,68,0.0,6.3,0,165.0,88.0,14.7
2025-11-13 09:00:00,14479.766,691.187,13788.579,17801.125,18.3,57,0.0,4.9,0,343.0,229.0,17.5
2025-11-13 10:00:00,14431.245,894.859,13536.387,17743.868,21.2,47,0.0,4.9,0,497.0,361.0,20.3
2025-11-13 11:00:00,12960.101,873.893,12086.206,16007.918,23.8,37,0.0,8.1,0,600.0,452.0,22.5
2025-11-13 12:00:00,12891.456,918.473,11972.983,15926.918,25.2,33,0.0,9.4,0,640.0,488.0,23.7
2025-11-13 13:00:00,13003.861,889.316,12114.543,16059.556,25.9,28,0.0,9.5,0,611.0,463.0,23.9
2025-11-13 14:00:00,12890.135,805.272,12084.865,15925.36,26.3,26,0.0,9.7,0,519.0,382.0,23.6
2025-11-13 15:00:00,13013.292,629.919,12383.372,16070.684,26.0,26,0.0,9.9,0,373.0,256.0,23.2
2025-11-13 16:00:00,12816.951000000001,439.712,12377.238,15839.003999999999,25.1,29,0.0,8.9,0,197.0,113.0,22.7
2025-11-13 17:00:00,12895.024,247.33300000000003,12647.691,15931.127,22.5,38,0.0,5.5,0,44.0,16.0,20.9
2025-11-13 18:00:00,17051.303,0.0,17051.303,20835.536,21.5,40,0.0,6.2,0,0.0,0.0,19.9
2025-11-13 19:00:00,17153.627,0.0,17153.627,20956.285,20.4,44,0.0,6.5,0,0.0,0.0,18.9
2025-11-13 20:00:00,17178.437,0.0,17178.437,20985.555,19.3,48,0.0,6.5,0,0.0,0.0,17.8
2025-11-13 21:00:00,17040.303,0.0,17040.303,20822.557,18.6,50,0.0,6.7,0,0.0,0.0,17.1
2025-11-13 22:00:00,17250.373,0.0,17250.373,21070.439,17.9,52,0.0,6.5,0,0.0,0.0,16.4
2025-11-13 23:00:00,7726.601000000001,0.0,7726.601000000001,9832.391,17.6,55,0.0,6.7,0,0.0,0.0,16.1
2025-11-14 00:00:00,7837.628000000001,0.0,7837.628000000001,9963.402,16.7,57,0.0,6.7,0,0.0,0.0,15.2
2025-11-14 01:00:00,7811.589,0.0,7811.589,9932.675,15.7,61,0.0,5.7,0,0.0,0.0,14.4
2025-11-14 02:00:00,7734.652,0.0,7734.652,9841.888,15.0,64,0.0,5.4,0,0.0,0.0,13.8
2025-11-14 03:00:00,7800.2429999999995,0.0,7800.2429999999995,9919.288,14.5,66,0.0,5.5,0,0.0,0.0,13.2
2025-11-14 04:00:00,7763.099,0.0,7763.099,9875.458,13.9,68,0.0,5.8,0,0.0,0.0,12.5
2025-11-14 05:00:00,13078.012999999999,0.0,13078.012999999999,16147.055,13.5,74,0.0,6.0,0,0.0,0.0,12.4
2025-11-14 06:00:00,14581.572,0.0,14581.572,17921.253,13.3,75,0.0,5.6,0,0.0,0.0,12.2
2025-11-14 07:00:00,14440.443,274.117,14166.328,17754.724000000002,13.7,74,0.0,6.7,0,25.0,7.0,12.4
2025-11-14 08:00:00,14509.24,502.61,14006.63,17835.902,15.6,67,0.0,6.2,0,162.0,86.0,14.5
2025-11-14 09:00:00,14446.392,749.588,13696.804,17761.744,18.4,56,0.0,4.9,0,339.0,226.0,17.5
2025-11-14 10:00:00,14387.142,892.7669999999999,13494.371,17691.824,21.1,46,0.0,5.2,0,493.0,358.0,20.0
2025-11-14 11:00:00,12999.983,891.249,12108.735,16054.981,23.5,37,0.0,7.0,0,597.0,451.0,22.3
2025-11-14 12:00:00,12786.658,877.217,11909.439,15803.255,25.1,29,0.0,8.6,0,637.0,486.0,23.2
2025-11-14 13:00:00,12882.887,837.429,12045.460000000001,15916.806,25.7,28,0.0,9.4,0,608.0,461.0,23.5
2025-11-14 14:00:00,12866.077,758.198,12107.88,15896.971,26.0,26,0.0,9.5,0,515.0,379.0,23.4
2025-11-14 15:00:00,13040.449,655.41,12385.04,16102.731,25.8,24,0.0,9.7,0,369.0,254.0,22.9
2025-11-14 16:00:00,13058.156,476.344,12581.813,16123.626,24.9,27,0.0,8.9,0,194.0,111.0,22.3
2025-11-14 17:00:00,12803.682,242.595,12561.09,15823.346,22.6,35,0.0,5.2,0,42.0,15.0,20.9
2025-11-14 18:00:00,17210.488,0.0,17210.488,21023.376,21.9,38,0.0,5.4,0,0.0,0.0,20.3
2025-11-14 19:00:00,17225.206000000002,0.0,17225.206000000002,21040.741,20.8,42,0.0,5.6,0,0.0,0.0,19.3
2025-11-14 20:00:00,17237.024,0.0,17237.024,21054.688,19.6,46,0.0,5.6,0,0.0,0.0,18.2
2025-11-14 21:00:00,16917.946,0.0,16917.946,20678.175,18.8,50,0.0,5.6,0,0.0,0.0,17.4
2025-11-14 22:00:00,16772.346,0.0,16772.346,20506.366,18.1,52,0.0,5.6,0,0.0,0.0,16.7
2025-11-14 23:00:00,7746.631,0.0,7746.631,9856.024,17.5,57,0.0,5.8,0,0.0,0.0,16.3
2025-11-15 00:00:00,6821.507,0.0,6821.507,8764.377,16.9,56,0.0,6.0,0,0.0,0.0,15.5
2025-11-15 01:00:00,6661.367,0.0,6661.367,8575.412,15.9,59,0.0,5.6,0,0.0,0.0,14.5
2025-11-15 02:00:00,6806.013,0.0,6806.013,8746.097,15.2,62,0.0,5.4,0,0.0,0.0,13.8
2025-11-15 03:00:00,6837.74,0.0,6837.74,8783.533,14.4,65,0.0,5.2,0,0.0,0.0,13.1
2025-11-15 04:00:00,6800.689,0.0,6800.689,8739.814,13.7,69,0.0,4.9,0,0.0,0.0,12.4
2025-11-15 05:00:00,11258.298,0.0,11258.298,13999.791,13.1,76,0.0,5.4,0,0.0,0.0,12.0
2025-11-15 06:00:00,12643.07,0.0,12643.07,15633.824,12.8,77,0.0,5.6,0,0.0,0.0,11.6
2025-11-15 07:00:00,12589.998,227.153,12362.843,15571.197,13.0,76,0.0,6.6,0,24.0,7.0,11.7
2025-11-15 08:00:00,12530.863000000001,447.826,12083.039,15501.419,15.1,67,0.0,6.2,0,160.0,85.0,14.0
2025-11-15 09:00:00,12629.382,631.698,11997.682999999999,15617.671,18.1,56,0.0,4.7,0,337.0,225.0,17.1
2025-11-15 10:00:00,12802.204,762.132,12040.073,15821.604,21.0,45,0.0,5.1,0,492.0,358.0,19.8
2025-11-15 11:00:00,11279.592,811.759,10467.835000000001,14024.92,23.6,36,0.0,6.7,0,596.0,451.0,22.3
2025-11-15 12:00:00,11234.116,791.045,10443.071,13971.256,25.3,29,0.0,7.5,0,636.0,486.0,23.7
2025-11-15 13:00:00,11283.243,757.037,10526.207,14029.226,26.1,28,0.0,8.8,0,608.0,461.0,24.1
2025-11-15 14:00:00,11144.303,695.578,10448.726,13865.278,26.6,25,0.0,10.0,0,515.0,380.0,23.9
2025-11-15 15:00:00,11289.528,589.011,10700.519,14036.643,26.4,25,0.0,10.3,0,369.0,253.0,23.6
2025-11-15 16:00:00,11269.349,381.254,10888.096,14012.833999999999,25.5,28,0.0,9.0,0,193.0,110.0,23.1
2025-11-15 17:00:00,11142.834,196.756,10946.076000000001,13863.539999999999,22.8,39,0.0,5.2,0,41.0,15.0,21.6
2025-11-15 18:00:00,14802.074,0.0,14802.074,18181.445,22.2,39,0.0,5.9,0,0.0,0.0,20.7
2025-11-15 19:00:00,14963.195,0.0,14963.195,18371.57,21.2,42,0.0,6.8,0,0.0,0.0,19.6
2025-11-15 20:00:00,14929.4,0.0,14929.4,18331.691,20.3,45,0.0,7.2,0,0.0,0.0,18.7
2025-11-15 21:00:00,14900.304,0.0,14900.304,18297.356,19.5,47,0.0,7.0,0,0.0,0.0,17.9
2025-11-15 22:00:00,14920.715,0.0,14920.715,18321.444,18.7,49,0.0,6.3,0,0.0,0.0,17.2
2025-11-15 23:00:00,6757.119000000001,0.0,6757.119000000001,8688.401,17.3,58,0.0,5.4,0,0.0,0.0,16.2
2025-11-16 00:00:00,6746.483,0.0,6746.483,8675.848,16.2,59,0.0,5.2,0,0.0,0.0,15.0
2025-11-16 01:00:00,6755.944,0.0,6755.944,8687.012999999999,15.3,63,0.0,4.8,0,0.0,0.0,14.1
2025-11-16 02:00:00,6778.471,0.0,6778.471,8713.6,14.6,67,0.0,4.6,0,0.0,0.0,13.5
2025-11-16 03:00:00,6735.193,0.0,6735.193,8662.53,13.9,69,0.0,4.0,0,0.0,0.0,12.9
2025-11-16 04:00:00,6747.405,0.0,6747.405,8676.94,13.3,70,0.0,4.7,0,0.0,0.0,12.0
2025-11-16 05:00:00,11170.18,0.0,11170.18,13895.814,12.5,80,0.0,4.9,0,0.0,0.0,11.5
2025-11-16 06:00:00,12339.711,0.0,12339.711,15275.857,12.3,79,0.0,4.7,0,0.0,0.0,11.3
2025-11-16 07:00:00,12617.455,239.599,12377.858,15603.601,12.8,75,0.0,6.1,0,23.0,6.0,11.5
2025-11-16 08:00:00,12600.172,442.9,12157.271999999999,15583.203,15.0,66,0.0,6.9,0,157.0,82.0,13.6
2025-11-16 09:00:00,12726.847,632.112,12094.733,15732.677,18.0,55,0.0,4.8,0,333.0,221.0,16.9
2025-11-16 10:00:00,12569.710000000001,753.644,11816.065999999999,15547.261,21.0,45,0.0,5.7,0,487.0,354.0,19.8
2025-11-16 11:00:00,11136.32,732.456,10403.865,13855.859,23.7,37,0.0,7.7,0,591.0,445.0,22.3
2025-11-16 12:00:00,11314.556,812.699,10501.855,14066.176,25.6,29,0.0,10.2,0,631.0,481.0,23.6
2025-11-16 13:00:00,11304.110999999999,767.3050000000001,10536.807999999999,14053.850999999999,26.5,26,0.0,11.4,0,603.0,457.0,24.0
2025-11-16 14:00:00,11376.054,697.4970000000001,10678.557,14138.744,26.8,24,0.0,11.6,0,511.0,376.0,23.7
2025-11-16 15:00:00,11217.322,537.108,10680.212,13951.440999999999,26.4,24,0.0,11.5,0,365.0,250.0,23.3
2025-11-16 16:00:00,11244.265,404.63100000000003,10839.636,13983.234,25.5,26,0.0,9.8,0,191.0,108.0,22.8
2025-11-16 17:00:00,11223.121000000001,208.897,11014.221,13958.282,23.0,34,0.0,5.7,0,41.0,14.0,21.3
2025-11-16 18:00:00,14802.691,0.0,14802.691,18182.177,22.3,36,0.0,6.2,0,0.0,0.0,20.5
2025-11-16 19:00:00,14824.396,0.0,14824.396,18207.787,21.1,40,0.0,6.5,0,0.0,0.0,19.3
2025-11-16 20:00:00,14767.441,0.0,14767.441,18140.582,19.7,45,0.0,5.7,0,0.0,0.0,18.2
2025-11-16 21:00:00,14730.333,0.0,14730.333,18096.792,18.9,47,0.0,6.1,0,0.0,0.0,17.3
2025-11-16 22:00:00,15031.697,0.0,15031.697,18452.400999999998,18.3,48,0.0,6.5,0,0.0,0.0,16.5
2025-11-16 23:00:00,6821.043,0.0,6821.043,8763.829,17.4,52,0.0,6.2,0,0.0,0.0,15.8
2025-11-17 00:00:00,7783.549,0.0,7783.549,9899.586,15.9,56,0.0,5.8,0,0.0,0.0,14.3
2025-11-17 01:00:00,7857.645,0.0,7857.645,9987.024,14.8,60,0.0,5.2,0,0.0,0.0,13.3
2025-11-17 02:00:00,7774.782,0.0,7774.782,9889.244,14.3,62,0.0,5.2,0,0.0,0.0,12.7
2025-11-17 03:00:00,7665.441,0.0,7665.441,9760.22,13.7,63,0.0,5.2,0,0.0,0.0,12.1
2025-11-17 04:00:00,7732.624,0.0,7732.624,9839.497,13.2,65,0.0,5.4,0,0.0,0.0,11.5
2025-11-17 05:00:00,13107.741,0.0,13107.741,16182.137999999999,12.3,73,0.0,5.2,0,0.0,0.0,10.9
2025-11-17 06:00:00,14614.492,0.0,14614.492,17960.104,12.3,73,0.0,5.5,0,0.0,0.0,10.8
2025-11-17 07:00:00,14483.951000000001,258.705,14225.248,17806.062,12.7,70,0.0,6.4,0,22.0,6.0,11.0
2025-11-17 08:00:00,14544.633,528.257,14016.379,17877.667,14.8,63,0.0,6.8,0,154.0,80.0,13.2
2025-11-17 09:00:00,14424.974,718.681,13706.295,17736.47,17.8,52,0.0,4.7,1,327.0,217.0,16.5
2025-11-17 10:00:00,14398.171,854.059,13544.113,17704.843,20.6,42,0.0,4.4,0,479.0,347.0,19.3
2025-11-17 11:00:00,12904.537,878.319,12026.217999999999,15942.351,23.2,36,0.0,4.4,0,582.0,438.0,22.0
2025-11-17 12:00:00,12855.832,923.831,11932.003,15884.881,25.0,30,0.0,5.9,0,622.0,474.0,23.6
2025-11-17 13:00:00,12879.389000000001,850.453,12028.935,15912.678,25.7,29,0.0,6.5,0,594.0,449.0,24.1
2025-11-17 14:00:00,12986.119999999999,787.652,12198.467,16038.619,26.0,28,0.0,6.1,0,503.0,368.0,24.2
2025-11-17 15:00:00,12797.811,605.481,12192.331,15816.418,25.8,29,0.0,5.6,0,359.0,244.0,24.0
2025-11-17 16:00:00,12781.029,430.341,12350.686,15796.612000000001,25.1,30,0.0,5.3,0,186.0,104.0,23.4
2025-11-17 17:00:00,12766.418,229.108,12537.308,15779.372,22.7,43,0.0,3.5,0,39.0,13.0,22.0
2025-11-17 18:00:00,16921.383,0.0,16921.383,20682.23,22.0,43,0.0,2.7,0,0.0,0.0,21.3
2025-11-17 19:00:00,16996.03,0.0,16996.03,20770.313,21.3,45,0.0,1.3,0,0.0,0.0,20.7
2025-11-17 20:00:00,16926.461,0.0,16926.461,20688.225,20.4,48,0.0,1.6,0,0.0,0.0,19.9
2025-11-17 21:00:00,17264.437,0.0,17264.437,21087.036,19.6,52,0.0,1.5,0,0.0,0.0,19.1
2025-11-17 22:00:00,17000.729,0.0,17000.729,20775.863,18.8,55,0.0,1.1,0,0.0,0.0,18.6
2025-11-17 23:00:00,7691.787,0.0,7691.787,9791.311,17.7,60,0.0,2.0,0,0.0,0.0,17.3
2025-11-18 00:00:00,7848.693,0.0,7848.693,9976.455,16.6,64,0.0,2.1,0,0.0,0.0,16.1
2025-11-18 01:00:00,7841.437,0.0,7841.437,9967.896,16.0,66,0.0,2.1,0,0.0,0.0,15.5
2025-11-18 02:00:00,7736.826,0.0,7736.826,9844.454,15.5,67,0.0,1.7,0,0.0,0.0,15.1
2025-11-18 03:00:00,7792.647,0.0,7792.647,9910.324,15.1,68,0.0,1.8,0,0.0,0.0,14.6
2025-11-18 04:00:00,7698.465,0.0,7698.465,9799.19,14.2,72,0.0,3.3,0,0.0,0.0,13.4
2025-11-18 05:00:00,12953.489,0.0,12953.489,16000.118,14.5,70,0.0,2.3,0,0.0,0.0,13.9
2025-11-18 06:00:00,14550.852,0.0,14550.852,17885.006,13.5,74,0.0,4.2,0,0.0,0.0,12.6
2025-11-18 07:00:00,14690.033,266.226,14423.806,18049.239,13.6,74,0.0,5.1,0,21.0,5.0,12.5
2025-11-18 08:00:00,14760.845000000001,529.536,14231.307999999999,18132.797,15.3,68,0.0,4.9,5,149.0,76.0,14.4
2025-11-18 09:00:00,14395.444,682.801,13712.642,17701.624,18.0,58,0.0,3.5,0,321.0,210.0,17.3
2025-11-18 10:00:00,14696.681,913.309,13783.371000000001,18057.083,20.8,48,0.0,3.9,0,471.0,339.0,20.0
2025-11-18 11:00:00,12892.832,865.17,12027.66,15928.541,23.4,40,0.0,5.6,11,573.0,429.0,22.4
2025-11-18 12:00:00,12817.036,885.587,11931.448,15839.1,24.9,34,0.0,6.9,9,612.0,462.0,23.8
2025-11-18 13:00:00,12998.337,902.4,12095.935,16053.037,25.6,34,0.0,7.6,2,585.0,439.0,24.2
2025-11-18 14:00:00,12930.543,765.314,12165.228000000001,15973.04,25.8,34,0.0,7.7,2,495.0,360.0,24.3
2025-11-18 15:00:00,12937.712,646.413,12291.297,15981.496,25.7,36,0.0,7.8,0,352.0,237.0,24.3
2025-11-18 16:00:00,13122.856,426.545,12696.308,16199.970000000001,24.9,41,0.0,7.5,2,182.0,100.0,24.0
2025-11-18 17:00:00,13020.902,244.165,12776.739,16079.665,22.6,54,0.0,4.6,0,38.0,12.0,22.8
2025-11-18 18:00:00,17175.611,0.0,17175.611,20982.221,21.9,59,0.0,3.4,0,0.0,0.0,22.4
2025-11-18 19:00:00,16922.126,0.0,16922.126,20683.108,21.4,61,0.0,2.2,0,0.0,0.0,22.2
2025-11-18 20:00:00,16914.553,0.0,16914.553,20674.173,20.9,63,0.0,0.9,0,0.0,0.0,21.9
2025-11-18 21:00:00,16892.947,0.0,16892.947,20648.676,19.9,66,0.0,0.9,0,0.0,0.0,20.8
2025-11-18 22:00:00,16968.977,0.0,16968.977,20738.393,18.5,70,0.0,3.8,0,0.0,0.0,18.8
2025-11-18 23:00:00,7780.5650000000005,0.0,7780.5650000000005,9896.069,17.1,77,0.0,3.9,0,0.0,0.0,17.5
2025-11-19 00:00:00,7770.232,0.0,7770.232,9883.875,16.2,80,0.0,3.2,0,0.0,0.0,16.6
2025-11-19 01:00:00,7738.235,0.0,7738.235,9846.118,15.6,83,0.0,3.0,5,0.0,0.0,15.9
2025-11-19 02:00:00,7849.733,0.0,7849.733,9977.687,15.2,83,0.0,4.0,0,0.0,0.0,15.3
2025-11-19 03:00:00,7898.9400000000005,0.0,7898.9400000000005,10035.748,14.7,84,0.0,4.4,0,0.0,0.0,14.6
2025-11-19 04:00:00,7788.561,0.0,7788.561,9905.503,14.2,83,0.0,4.0,0,0.0,0.0,14.0
2025-11-19 05:00:00,12930.32,0.0,12930.32,15972.777,13.6,84,0.0,3.7,0,0.0,0.0,13.3
2025-11-19 06:00:00,14341.093,0.0,14341.093,17637.49,13.3,83,0.0,4.0,0,0.0,0.0,12.8
2025-11-19 07:00:00,14663.613,273.053,14390.561,18018.062,13.8,79,0.0,4.2,0,19.0,5.0,13.2
2025-11-19 08:00:00,14264.829,488.555,13776.274,17547.497,15.7,71,0.0,2.2,0,145.0,73.0,15.5
2025-11-19 09:00:00,14514.207,696.254,13817.953,17841.764,18.7,59,0.0,0.4,0,314.0,204.0,18.8
2025-11-19 10:00:00,14609.326000000001,857.316,13752.01,17954.003,21.7,50,0.0,1.1,0,464.0,331.0,21.8
2025-11-19 11:00:00,12831.465,833.12,11998.344,15856.128999999999,24.0,46,0.0,5.3,0,565.0,420.0,23.7
2025-11-19 12:00:00,12811.583,903.908,11907.68,15832.668,25.3,40,0.0,5.9,36,603.0,454.0,25.0
2025-11-19 13:00:00,12856.411,844.15,12012.263,15885.565999999999,25.9,38,0.0,5.4,5,576.0,429.0,25.4
2025-11-19 14:00:00,12968.607,797.97,12170.636999999999,16017.956,26.0,37,0.0,4.8,5,486.0,351.0,25.4
2025-11-19 15:00:00,13007.638,642.663,12364.974,16064.013,25.8,37,0.0,4.4,9,346.0,231.0,25.2
2025-11-19 16:00:00,12984.975,457.955,12527.019,16037.268,25.1,40,0.0,4.8,2,178.0,97.0,24.5
2025-11-19 17:00:00,12881.008,228.88,12652.127999999999,15914.589,23.4,48,0.0,4.4,0,37.0,12.0,23.3
2025-11-19 18:00:00,17066.365,0.0,17066.365,20853.311,22.5,56,0.0,3.5,0,0.0,0.0,22.9
2025-11-19 19:00:00,17147.463,0.0,17147.463,20949.008,21.8,59,0.0,0.9,1,0.0,0.0,22.8
2025-11-19 20:00:00,17252.935,0.0,17252.935,21073.464,21.1,63,0.0,0.4,5,0.0,0.0,22.3
2025-11-19 21:00:00,17225.764,0.0,17225.764,21041.401,20.4,64,0.0,0.6,2,0.0,0.0,21.4
2025-11-19 22:00:00,17031.671000000002,0.0,17031.671000000002,20812.372,20.0,65,0.0,0.7,0,0.0,0.0,20.9
2025-11-19 23:00:00,7867.729,0.0,7867.729,9998.922,18.8,71,0.0,1.2,0,0.0,0.0,19.7
2025-11-20 00:00:00,7717.849,0.0,7717.849,9822.062,18.1,73,0.0,1.3,2,0.0,0.0,18.9
2025-11-20 01:00:00,7844.951,0.0,7844.951,9972.043,17.4,76,0.0,2.5,0,0.0,0.0,18.0
2025-11-20 02:00:00,7795.53,0.0,7795.53,9913.725,16.4,80,0.0,4.2,0,0.0,0.0,16.6
2025-11-20 03:00:00,7790.537,0.0,7790.537,9907.831,16.0,79,0.0,4.2,0,0.0,0.0,16.1
2025-11-20 04:00:00,7812.424,0.0,7812.424,9933.661,15.3,81,0.0,4.6,0,0.0,0.0,15.2
2025-11-20 05:00:00,12920.824,0.0,12920.824,15961.572,14.4,85,0.0,4.4,0,0.0,0.0,14.4
2025-11-20 06:00:00,14500.178,0.0,14500.178,17825.213,14.1,85,0.0,4.2,0,0.0,0.0,14.0
2025-11-20 07:00:00,14393.417,272.784,14120.634,17699.232,14.4,84,0.0,4.5,0,18.0,4.0,14.2
2025-11-20 08:00:00,14673.305,499.112,14174.195,18029.499,16.2,76,0.0,3.4,0,140.0,68.0,16.3
2025-11-20 09:00:00,14489.342,680.332,13809.01,17812.423,19.2,65,0.0,1.5,0,306.0,195.0,19.8
2025-11-20 10:00:00,14397.162,874.4169999999999,13522.744,17703.651,22.2,54,0.0,1.1,0,454.0,321.0,22.8
2025-11-20 11:00:00,13033.252,881.648,12151.606,16094.242,24.4,46,0.0,4.7,0,555.0,410.0,24.3
2025-11-20 12:00:00,12984.599,926.574,12058.024000000001,16036.826,25.6,42,0.0,5.3,0,596.0,447.0,25.6
2025-11-20 13:00:00,13017.030999999999,903.642,12113.389,16075.095000000001,26.0,41,0.0,4.9,0,571.0,425.0,25.9
2025-11-20 14:00:00,12935.774,788.6999999999999,12147.074,15979.213,26.1,40,0.0,4.5,0,482.0,347.0,25.9
2025-11-20 15:00:00,12961.377,636.389,12324.987,16009.425,25.7,41,0.0,4.9,0,343.0,228.0,25.4
2025-11-20 16:00:00,12993.815,455.956,12537.863,16047.702,25.0,43,0.0,5.6,0,176.0,95.0,24.6
2025-11-20 17:00:00,13026.440999999999,229.46,12796.98,16086.199,23.4,50,0.0,4.9,0,36.0,12.0,23.4
2025-11-20 18:00:00,17185.097,0.0,17185.097,20993.416,22.0,57,0.0,4.1,0,0.0,0.0,22.4
2025-11-20 19:00:00,17038.633,0.0,17038.633,20820.587,21.0,62,0.0,4.1,0,0.0,0.0,21.4
2025-11-20 20:00:00,17084.481,0.0,17084.481,20874.69,20.6,63,0.0,2.0,0,0.0,0.0,21.3
2025-11-20 21:00:00,17060.785,0.0,17060.785,20846.725,20.1,66,0.0,0.5,0,0.0,0.0,21.1
2025-11-20 22:00:00,16968.132,0.0,16968.132,20737.396,19.2,68,0.0,0.7,0,0.0,0.0,20.1
2025-11-20 23:00:00,7824.852,0.0,7824.852,9948.325,18.3,72,0.0,0.7,0,0.0,0.0,19.1
2025-11-21 00:00:00,7694.453,0.0,7694.453,9794.456,17.5,73,0.0,0.6,0,0.0,0.0,18.2
2025-11-21 01:00:00,7820.08,0.0,7820.08,9942.693,16.8,75,0.0,1.5,0,0.0,0.0,17.3
2025-11-21 02:00:00,7808.897,0.0,7808.897,9929.497,16.4,75,0.0,1.4,0,0.0,0.0,16.8
2025-11-21 03:00:00,7842.2119999999995,0.0,7842.2119999999995,9968.813,16.2,74,0.0,0.9,0,0.0,0.0,16.5
2025-11-21 04:00:00,7699.775,0.0,7699.775,9800.733,15.9,75,0.0,0.9,0,0.0,0.0,16.2
2025-11-21 05:00:00,13092.039,0.0,13092.039,16163.606,15.1,78,0.0,2.3,0,0.0,0.0,15.2
2025-11-21 06:00:00,14412.821,0.0,14412.821,17722.131,14.5,81,0.0,4.1,0,0.0,0.0,14.3
2025-11-21 07:00:00,14535.458,269.798,14265.659,17866.841,15.0,79,0.0,4.6,0,17.0,4.0,14.8
2025-11-21 08:00:00,14589.546,514.596,14074.948,17930.663,17.7,69,0.0,5.3,0,137.0,67.0,17.5
2025-11-21 09:00:00,14525.302,706.313,13818.983,17854.852,20.5,62,0.0,3.2,0,303.0,193.0,20.9
2025-11-21 10:00:00,14691.279,873.944,13817.334,18050.706,22.8,55,0.0,4.7,0,451.0,318.0,23.2
2025-11-21 11:00:00,13039.578,908.477,12131.104,16101.705,24.5,46,0.0,6.1,0,551.0,406.0,24.2
2025-11-21 12:00:00,12898.777,872.644,12026.135,15935.556,25.6,40,0.0,4.7,0,592.0,442.0,25.5
2025-11-21 13:00:00,13016.046,899.629,12116.417,16073.936,26.1,38,0.0,3.5,0,567.0,420.0,25.9
2025-11-21 14:00:00,12928.583,778.246,12150.336,15970.728,26.2,38,0.0,3.1,0,479.0,343.0,25.9
2025-11-21 15:00:00,12845.295,626.893,12218.399,15872.447,26.0,38,0.0,3.4,0,340.0,225.0,25.6
2025-11-21 16:00:00,12919.179,429.758,12489.421,15959.628,25.4,39,0.0,4.6,0,175.0,94.0,24.9
2025-11-21 17:00:00,13060.866,227.859,12833.006,16126.821,23.5,50,0.0,3.2,0,35.0,11.0,23.8
2025-11-21 18:00:00,17242.799,0.0,17242.799,21061.502,22.9,55,0.0,0.7,0,0.0,0.0,23.9
2025-11-21 19:00:00,16962.176,0.0,16962.176,20730.368,21.6,57,0.0,2.0,0,0.0,0.0,22.1
2025-11-21 20:00:00,17133.017,0.0,17133.017,20931.961,20.6,61,0.0,2.7,0,0.0,0.0,21.1
2025-11-21 21:00:00,16996.383,0.0,16996.383,20770.735,20.1,62,0.0,2.8,0,0.0,0.0,20.5
2025-11-21 22:00:00,16988.456,0.0,16988.456,20761.378,19.3,66,0.0,3.1,0,0.0,0.0,19.8
2025-11-21 23:00:00,7870.594,0.0,7870.594,10002.302,18.6,72,0.0,2.9,0,0.0,0.0,19.2
2025-11-22 00:00:00,6817.721,0.0,6817.721,8759.91,18.2,73,0.0,1.3,0,0.0,0.0,19.0
2025-11-22 01:00:00,6764.707,0.0,6764.707,8697.354,17.8,74,0.0,0.9,0,0.0,0.0,18.7
2025-11-22 02:00:00,6784.254,0.0,6784.254,8720.42,17.4,76,0.0,0.3,0,0.0,0.0,18.3
2025-11-22 03:00:00,6814.478,0.0,6814.478,8756.086,16.7,78,0.0,0.9,0,0.0,0.0,17.5
2025-11-22 04:00:00,6769.298,0.0,6769.298,8702.77,15.9,80,0.0,2.1,0,0.0,0.0,16.3
2025-11-22 05:00:00,11161.445,0.0,11161.445,13885.506,14.8,84,0.0,3.0,0,0.0,0.0,15.0
2025-11-22 06:00:00,12590.076,0.0,12590.076,15571.287,14.1,87,0.0,3.5,0,0.0,0.0,14.2
2025-11-22 07:00:00,12601.731,231.316,12370.416,15585.043,14.4,86,0.0,4.4,0,17.0,4.0,14.3
2025-11-22 08:00:00,12625.681,452.481,12173.202,15613.303,16.7,76,0.0,5.2,0,138.0,68.0,16.6
2025-11-22 09:00:00,12622.353,632.75,11989.603000000001,15609.378,20.0,63,0.0,4.0,0,307.0,199.0,20.3
2025-11-22 10:00:00,12709.908,755.359,11954.55,15712.694,22.9,51,0.0,4.7,0,457.0,327.0,22.9
2025-11-22 11:00:00,11294.409,741.21,10553.196,14042.404,24.6,37,0.0,5.8,0,560.0,417.0,23.5
2025-11-22 12:00:00,11282.78,822.788,10459.992,14028.684,25.7,32,0.0,6.0,0,600.0,454.0,24.5
2025-11-22 13:00:00,11174.114,779.083,10395.029999999999,13900.453,26.1,30,0.0,7.1,0,575.0,431.0,24.4
2025-11-22 14:00:00,11317.390000000001,686.658,10630.728,14069.519,26.2,29,0.0,7.7,0,487.0,354.0,24.2
2025-11-22 15:00:00,11151.057999999999,570.471,10580.589,13873.249,25.8,29,0.0,8.2,0,346.0,233.0,23.6
2025-11-22 16:00:00,11264.402,391.678,10872.723,14006.992,25.0,30,0.0,7.9,0,178.0,98.0,22.9
2025-11-22 17:00:00,11213.953,205.657,11008.298999999999,13947.465,22.7,43,0.0,4.1,0,36.0,12.0,21.9
2025-11-22 18:00:00,14819.331,0.0,14819.331,18201.812,21.8,46,0.0,3.6,0,0.0,0.0,21.2
2025-11-22 19:00:00,14720.082,0.0,14720.082,18084.699,21.4,48,0.0,2.0,0,0.0,0.0,21.0
2025-11-22 20:00:00,14936.262,0.0,14936.262,18339.79,20.8,50,0.0,1.4,0,0.0,0.0,20.5
2025-11-22 21:00:00,14706.04,0.0,14706.04,18068.127,20.1,51,0.0,1.4,0,0.0,0.0,19.8
2025-11-22 22:00:00,14969.985999999999,0.0,14969.985999999999,18379.585,19.4,53,0.0,1.6,0,0.0,0.0,19.0
2025-11-22 23:00:00,6786.685,0.0,6786.685,8723.289,19.0,56,0.0,1.1,0,0.0,0.0,18.8
2025-11-23 00:00:00,6765.9220000000005,0.0,6765.9220000000005,8698.789,17.8,59,0.0,2.1,0,0.0,0.0,17.4
2025-11-23 01:00:00,6720.497,0.0,6720.497,8645.189,17.0,63,0.0,2.0,0,0.0,0.0,16.7
2025-11-23 02:00:00,6749.76,0.0,6749.76,8679.714,16.1,68,0.0,1.5,0,0.0,0.0,15.9
2025-11-23 03:00:00,6736.19,0.0,6736.19,8663.706,14.6,74,0.0,3.5,0,0.0,0.0,14.1
2025-11-23 04:00:00,6670.195,0.0,6670.195,8585.83,13.7,78,0.0,3.9,0,0.0,0.0,13.1
2025-11-23 05:00:00,11279.792,0.0,11279.792,14025.154,13.2,82,0.0,3.5,0,0.0,0.0,12.8
2025-11-23 06:00:00,12599.267,0.0,12599.267,15582.133000000002,13.2,82,0.0,2.5,0,0.0,0.0,12.8
2025-11-23 07:00:00,12531.127,229.148,12301.977,15501.729,13.5,80,0.0,3.2,0,16.0,4.0,13.1
2025-11-23 08:00:00,12803.075,459.178,12343.895999999999,15822.627,15.8,70,0.0,4.0,0,135.0,66.0,15.2
2025-11-23 09:00:00,12650.921,648.779,12002.14,15643.086,19.3,57,0.0,2.2,0,303.0,196.0,19.1
2025-11-23 10:00:00,12749.394,729.759,12019.637999999999,15759.287,22.1,46,0.0,1.8,0,453.0,323.0,21.8
2025-11-23 11:00:00,11297.596,788.792,10508.805,14046.164,24.0,39,0.0,2.7,0,556.0,414.0,23.4
2025-11-23 12:00:00,11217.356,779.687,10437.67,13951.478,25.5,31,0.0,5.1,0,597.0,451.0,24.4
2025-11-23 13:00:00,11227.483,781.4300000000001,10446.053,13963.43,25.9,29,0.0,7.2,0,572.0,429.0,24.1
2025-11-23 14:00:00,11277.366,707.371,10569.995,14022.293,25.9,28,0.0,7.8,0,485.0,353.0,23.7
2025-11-23 15:00:00,11305.779,574.559,10731.219000000001,14055.821,25.4,29,0.0,8.1,0,346.0,234.0,23.2
2025-11-23 16:00:00,11210.702,389.215,10821.489,13943.628999999999,24.4,33,0.0,7.9,0,178.0,99.0,22.5
2025-11-23 17:00:00,11331.613,201.979,11129.636,14086.304,22.3,42,0.0,4.9,0,36.0,12.0,21.3
2025-11-23 18:00:00,14930.919,0.0,14930.919,18333.483,21.5,46,0.0,4.4,0,0.0,0.0,20.7
2025-11-23 19:00:00,14764.48,0.0,14764.48,18137.087,20.4,52,0.0,4.3,0,0.0,0.0,19.7
2025-11-23 20:00:00,14925.036,0.0,14925.036,18326.542999999998,19.4,56,0.0,4.3,0,0.0,0.0,18.9
2025-11-23 21:00:00,14762.104,0.0,14762.104,18134.28,18.4,60,0.0,4.2,0,0.0,0.0,17.9
2025-11-23 22:00:00,14771.651,0.0,14771.651,18145.549,17.8,63,0.0,3.1,0,0.0,0.0,17.5
2025-11-23 23:00:00,6836.612,0.0,6836.612,8782.201,17.2,66,0.0,3.3,0,0.0,0.0,16.9
2025-11-24 00:00:00,7728.131,0.0,7728.131,9834.194,16.3,69,0.0,3.1,0,0.0,0.0,16.0
2025-11-24 01:00:00,7786.737999999999,0.0,7786.737999999999,9903.352,15.7,71,0.0,2.5,0,0.0,0.0,15.5
2025-11-24 02:00:00,7796.7,0.0,7796.7,9915.106,14.8,75,0.0,3.6,0,0.0,0.0,14.3
2025-11-24 03:00:00,7716.6359999999995,0.0,7716.6359999999995,9820.629,13.9,79,0.0,3.8,0,0.0,0.0,13.4
2025-11-24 04:00:00,7792.897,0.0,7792.897,9910.615,13.2,81,0.0,4.5,0,0.0,0.0,12.5
2025-11-24 05:00:00,12881.229000000001,0.0,12881.229000000001,15914.85,12.4,88,0.0,4.5,0,0.0,0.0,11.8
2025-11-24 06:00:00,14472.399,0.0,14472.399,17792.428,12.2,88,0.0,4.0,0,0.0,0.0,11.7
2025-11-24 07:00:00,14390.426,263.252,14127.173999999999,17695.701,12.7,84,0.0,4.5,0,15.0,3.0,12.1
2025-11-24 08:00:00,14585.739,518.673,14067.064,17926.172,14.7,75,0.0,4.5,0,133.0,65.0,14.1
2025-11-24 09:00:00,14535.994,704.799,13831.194,17867.472,17.8,62,0.0,2.6,0,300.0,193.0,17.5
2025-11-24 10:00:00,14562.756,890.413,13672.346,17899.053,20.6,52,0.0,2.2,0,449.0,320.0,20.3
2025-11-24 11:00:00,12928.143,889.205,12038.94,15970.209,22.8,42,0.0,3.9,0,552.0,410.0,22.0
2025-11-24 12:00:00,12869.065,964.149,11904.917,15900.497,24.2,36,0.0,4.6,0,595.0,449.0,23.3
2025-11-24 13:00:00,12911.831,902.135,12009.697,15950.96,24.8,31,0.0,5.5,0,571.0,429.0,23.3
2025-11-24 14:00:00,12877.964,769.091,12108.872,15910.997,25.0,30,0.0,6.3,0,484.0,353.0,23.1
2025-11-24 15:00:00,12927.607,647.762,12279.848,15969.575,24.8,29,0.0,6.9,0,345.0,233.0,22.6
2025-11-24 16:00:00,12978.998,447.125,12531.874,16030.219,23.9,31,0.0,6.9,0,178.0,98.0,21.9
2025-11-24 17:00:00,13085.518,243.642,12841.876,16155.912,21.5,44,0.0,4.4,0,35.0,12.0,20.5
2025-11-24 18:00:00,16978.518,0.0,16978.518,20749.65,20.7,47,0.0,3.9,0,0.0,0.0,19.8
2025-11-24 19:00:00,17012.936,0.0,17012.936,20790.265,20.0,49,0.0,2.7,0,0.0,0.0,19.3
2025-11-24 20:00:00,17206.7,0.0,17206.7,21018.906,19.0,52,0.0,3.1,0,0.0,0.0,18.3
2025-11-24 21:00:00,17043.295,0.0,17043.295,20826.088,18.1,55,0.0,3.3,0,0.0,0.0,17.3
2025-11-24 22:00:00,17070.169,0.0,17070.169,20857.8,17.2,58,0.0,3.4,0,0.0,0.0,16.4
2025-11-24 23:00:00,7759.8730000000005,0.0,7759.8730000000005,9871.653,16.4,63,0.0,3.4,0,0.0,0.0,15.7
2025-11-25 00:00:00,7747.285,0.0,7747.285,9856.795,15.3,66,0.0,3.6,0,0.0,0.0,14.5
2025-11-25 01:00:00,7772.04,0.0,7772.04,9886.008,14.5,67,0.0,4.8,0,0.0,0.0,13.3
2025-11-25 02:00:00,7770.189,0.0,7770.189,9883.823,13.6,72,0.0,4.0,0,0.0,0.0,12.6
2025-11-25 03:00:00,7803.13,0.0,7803.13,9922.694,12.8,75,0.0,4.5,0,0.0,0.0,11.7
2025-11-25 04:00:00,7761.645,0.0,7761.645,9873.742,12.2,77,0.0,4.4,0,0.0,0.0,11.1
2025-11-25 05:00:00,12920.519,0.0,12920.519,15961.21,11.6,82,0.0,4.3,0,0.0,0.0,10.6
2025-11-25 06:00:00,14537.035,0.0,14537.035,17868.699,11.4,83,0.0,4.5,0,0.0,0.0,10.3
2025-11-25 07:00:00,14513.246,259.045,14254.199,17840.63,11.8,80,0.0,5.9,0,15.0,3.0,10.5
2025-11-25 08:00:00,14512.713,506.177,14006.533,17840.001,13.7,72,0.0,6.5,0,133.0,65.0,12.4
2025-11-25 09:00:00,14488.414,728.393,13760.019,17811.326,16.7,59,0.0,4.3,0,301.0,194.0,15.7
2025-11-25 10:00:00,14532.366,895.561,13636.809,17863.194,19.5,50,0.0,4.8,0,451.0,322.0,18.5
2025-11-25 11:00:00,12991.915,882.258,12109.653,16045.458,21.9,42,0.0,7.1,0,554.0,412.0,20.5
2025-11-25 12:00:00,13134.917,907.119,12227.796,16214.2,23.3,36,0.0,8.3,0,595.0,449.0,21.6
2025-11-25 13:00:00,12917.756,893.123,12024.637999999999,15957.953,23.8,35,0.0,8.3,0,570.0,427.0,22.0
2025-11-25 14:00:00,12895.815,800.129,12095.688,15932.066,24.0,34,0.0,8.6,0,483.0,351.0,22.0
2025-11-25 15:00:00,12886.071,673.931,12212.141,15920.566,23.6,34,0.0,8.7,0,344.0,232.0,21.5
2025-11-25 16:00:00,12906.321,463.167,12443.155999999999,15944.46,22.8,35,0.0,8.3,0,177.0,98.0,20.7
2025-11-25 17:00:00,12948.293,243.974,12704.318000000001,15993.985,20.7,44,0.0,5.0,0,35.0,12.0,19.3
2025-11-25 18:00:00,17166.446,0.0,17166.446,20971.406,20.0,46,0.0,5.2,0,0.0,0.0,18.6
2025-11-25 19:00:00,17179.139,0.0,17179.139,20986.385000000002,18.9,51,0.0,5.3,0,0.0,0.0,17.7
2025-11-25 20:00:00,17097.924,0.0,17097.924,20890.55,17.8,55,0.0,5.4,0,0.0,0.0,16.7
2025-11-25 21:00:00,17093.871,0.0,17093.871,20885.771,16.9,60,0.0,5.3,0,0.0,0.0,15.8
2025-11-25 22:00:00,17097.119,0.0,17097.119,20889.602,16.0,63,0.0,5.2,0,0.0,0.0,15.0
2025-11-25 23:00:00,7703.502,0.0,7703.502,9805.133,15.3,68,0.0,5.2,0,0.0,0.0,14.3
2025-11-26 00:00:00,7686.1539999999995,0.0,7686.1539999999995,9784.663,14.8,67,0.0,5.4,0,0.0,0.0,13.6
2025-11-26 01:00:00,7879.171,0.0,7879.171,10012.424,14.1,69,0.0,5.2,0,0.0,0.0,13.0
2025-11-26 02:00:00,7781.629,0.0,7781.629,9897.322,13.3,73,0.0,4.7,0,0.0,0.0,12.2
2025-11-26 03:00:00,7779.48,0.0,7779.48,9894.789,12.5,76,0.0,4.1,0,0.0,0.0,11.5
2025-11-26 04:00:00,7822.115,0.0,7822.115,9945.095,11.9,79,0.0,4.0,0,0.0,0.0,10.8
2025-11-26 05:00:00,12787.106,0.0,12787.106,15803.786,11.4,85,0.0,4.5,0,0.0,0.0,10.4
2025-11-26 06:00:00,14481.003,0.0,14481.003,17802.581,11.2,86,0.0,4.1,0,0.0,0.0,10.2
2025-11-26 07:00:00,14475.972,256.491,14219.482,17796.646,11.5,83,0.0,4.0,0,14.0,3.0,10.6
2025-11-26 08:00:00,14531.046,515.619,14015.429,17861.635,13.5,74,0.0,4.3,0,130.0,63.0,12.6
2025-11-26 09:00:00,14414.087,693.118,13720.971,17723.624,16.5,62,0.0,2.6,0,297.0,192.0,15.9
2025-11-26 10:00:00,14465.639,910.164,13555.474,17784.453,19.3,51,0.0,2.0,0,449.0,321.0,18.8
2025-11-26 11:00:00,12798.584,868.271,11930.307999999999,15817.327,21.2,43,0.0,2.9,0,555.0,415.0,20.2
2025-11-26 12:00:00,13060.661,953.4200000000001,12107.243,16126.579,22.9,35,0.0,3.4,0,599.0,454.0,21.8
2025-11-26 13:00:00,12956.819,864.406,12092.415,16004.047,23.6,32,0.0,3.6,0,576.0,434.0,22.2
2025-11-26 14:00:00,12892.413,778.769,12113.645,15928.05,23.9,31,0.0,3.9,0,488.0,357.0,22.2
2025-11-26 15:00:00,12908.312,620.962,12287.35,15946.807,23.7,31,0.0,4.8,0,347.0,236.0,21.9
2025-11-26 16:00:00,12886.086,457.319,12428.768,15920.583,22.9,33,0.0,5.4,0,178.0,99.0,21.0
2025-11-26 17:00:00,13212.225,239.185,12973.039999999999,16305.426,20.6,45,0.0,3.5,0,35.0,12.0,19.6
2025-11-26 18:00:00,17137.344,0.0,17137.344,20937.066,19.6,46,0.0,4.0,0,0.0,0.0,18.4
2025-11-26 19:00:00,17127.662,0.0,17127.662,20925.64,18.8,51,0.0,4.0,0,0.0,0.0,17.8
2025-11-26 20:00:00,17117.731,0.0,17117.731,20913.922,18.4,52,0.0,2.8,0,0.0,0.0,17.5
2025-11-26 21:00:00,17027.039,0.0,17027.039,20806.906,17.6,54,0.0,2.7,0,0.0,0.0,16.7
2025-11-26 22:00:00,16961.846,0.0,16961.846,20729.977,17.2,56,0.0,1.0,0,0.0,0.0,16.7
2025-11-26 23:00:00,7775.055,0.0,7775.055,9889.564,16.4,60,0.0,0.6,0,0.0,0.0,15.9
2025-11-27 00:00:00,7826.198,0.0,7826.198,9949.915,15.9,61,0.0,0.4,0,0.0,0.0,15.3
2025-11-27 01:00:00,7846.685,0.0,7846.685,9974.09,15.6,62,0.0,0.4,0,0.0,0.0,15.1
2025-11-27 02:00:00,7815.116,0.0,7815.116,9936.838,14.8,65,0.0,0.6,0,0.0,0.0,14.2
2025-11-27 03:00:00,7887.0509999999995,0.0,7887.0509999999995,10021.72,14.0,67,0.0,0.8,0,0.0,0.0,13.4
2025-11-27 04:00:00,7913.468,0.0,7913.468,10052.896,13.4,70,0.0,1.0,0,0.0,0.0,12.7
2025-11-27 05:00:00,12824.02,0.0,12824.02,15847.341,13.3,71,0.0,0.6,0,0.0,0.0,12.7
2025-11-27 06:00:00,14320.959,0.0,14320.959,17613.733,12.8,74,0.0,1.1,0,0.0,0.0,12.1
2025-11-27 07:00:00,14630.086,271.879,14358.21,17978.502,12.6,77,0.0,1.6,0,13.0,3.0,12.0
2025-11-27 08:00:00,14465.59,480.83,13984.762,17784.397,14.5,71,0.0,2.8,0,129.0,63.0,13.9
2025-11-27 09:00:00,14532.162,778.269,13753.893,17862.951,17.4,59,0.0,2.0,0,297.0,192.0,16.9
2025-11-27 10:00:00,14534.811,893.3820000000001,13641.429,17866.077,19.9,47,0.0,3.0,0,448.0,321.0,19.0
2025-11-27 11:00:00,13036.648000000001,852.576,12184.073,16098.245,21.6,35,0.0,3.3,0,552.0,413.0,20.0
2025-11-27 12:00:00,13028.252,855.963,12172.287,16088.336,23.2,31,0.0,3.1,0,594.0,450.0,21.8
2025-11-27 13:00:00,12965.367,891.252,12074.115,16014.134,24.0,29,0.0,2.1,0,570.0,429.0,22.6
2025-11-27 14:00:00,12897.387,779.858,12117.531,15933.915,24.4,29,0.0,2.1,0,483.0,353.0,22.9
2025-11-27 15:00:00,12903.521,664.668,12238.853,15941.154,24.3,29,0.0,2.6,0,344.0,233.0,22.7
2025-11-27 16:00:00,12926.016,452.091,12473.922,15967.7,23.5,32,0.0,3.1,0,176.0,98.0,22.0
2025-11-27 17:00:00,12890.381,234.737,12655.646,15925.65,21.3,46,0.0,2.1,0,34.0,12.0,20.7
2025-11-27 18:00:00,17154.029,0.0,17154.029,20956.755,20.3,49,0.0,2.2,0,0.0,0.0,19.8
2025-11-27 19:00:00,17309.228,0.0,17309.228,21139.891,19.3,54,0.0,2.5,0,0.0,0.0,18.9
2025-11-27 20:00:00,17295.337,0.0,17295.337,21123.499,18.6,58,0.0,2.5,0,0.0,0.0,18.3
2025-11-27 21:00:00,16898.805,0.0,16898.805,20655.59,17.7,62,0.0,2.9,0,0.0,0.0,17.4
2025-11-27 22:00:00,17209.026,0.0,17209.026,21021.650999999998,16.9,66,0.0,3.4,0,0.0,0.0,16.5
2025-11-27 23:00:00,7766.894,0.0,7766.894,9879.936,16.2,71,0.0,3.3,0,0.0,0.0,15.9
2025-11-28 00:00:00,7752.678,0.0,7752.678,9863.162,15.3,74,0.0,3.7,0,0.0,0.0,14.9
2025-11-28 01:00:00,7773.342,0.0,7773.342,9887.544,14.7,75,0.0,3.8,0,0.0,0.0,14.2
2025-11-28 02:00:00,7752.569,0.0,7752.569,9863.031,14.2,76,0.0,3.1,1,0.0,0.0,13.7
2025-11-28 03:00:00,7646.449,0.0,7646.449,9737.808,13.4,79,0.0,3.9,1,0.0,0.0,12.8
2025-11-28 04:00:00,7828.023,0.0,7828.023,9952.068,12.5,84,0.0,4.8,0,0.0,0.0,11.8
2025-11-28 05:00:00,12993.287,0.0,12993.287,16047.079,11.8,88,0.0,3.9,0,0.0,0.0,11.2
2025-11-28 06:00:00,14510.146,0.0,14510.146,17836.974,11.5,88,0.0,3.8,0,0.0,0.0,10.8
2025-11-28 07:00:00,14386.941,259.79,14127.154,17691.594,12.1,84,0.0,4.1,0,12.0,3.0,11.3
2025-11-28 08:00:00,14660.477,496.561,14163.915,18014.362,14.2,73,0.0,6.3,0,123.0,60.0,13.1
2025-11-28 09:00:00,14525.122,701.524,13823.6,17854.643,16.7,63,0.0,5.0,0,287.0,184.0,15.9
2025-11-28 10:00:00,14500.161,877.169,13622.993999999999,17825.192,19.3,53,0.0,4.8,0,434.0,309.0,18.4
2025-11-28 11:00:00,13055.594000000001,900.248,12155.347,16120.603000000001,21.8,44,0.0,5.2,26,536.0,399.0,20.7
2025-11-28 12:00:00,13112.734,943.54,12169.192,16188.024000000001,23.6,36,0.0,5.3,55,537.0,366.0,22.2
2025-11-28 13:00:00,13046.511,876.161,12170.35,16109.881,24.6,32,0.0,6.4,47,443.0,241.0,22.8
2025-11-28 14:00:00,12904.797,776.958,12127.838,15942.66,25.2,30,0.0,7.0,23,415.0,262.0,23.3
2025-11-28 15:00:00,12867.895,671.318,12196.573,15899.113,25.2,29,0.0,7.6,5,319.0,204.0,23.1
2025-11-28 16:00:00,12882.934000000001,464.103,12418.831,15916.863,24.3,33,0.0,7.7,0,166.0,88.0,22.4
2025-11-28 17:00:00,13013.845,231.263,12782.582999999999,16071.339,20.8,54,0.0,4.0,1,33.0,11.0,20.6
2025-11-28 18:00:00,17120.907,0.0,17120.907,20917.672,20.5,52,0.0,4.7,0,0.0,0.0,19.9
2025-11-28 19:00:00,17016.035,0.0,17016.035,20793.924,19.8,54,0.0,5.1,1,0.0,0.0,19.2
2025-11-28 20:00:00,17121.501,0.0,17121.501,20918.373,19.1,57,0.0,5.6,5,0.0,0.0,18.4
2025-11-28 21:00:00,16912.929,0.0,16912.929,20672.256,18.4,60,0.0,5.5,12,0.0,0.0,17.7
2025-11-28 22:00:00,17127.911,0.0,17127.911,20925.936,17.6,64,0.0,5.4,1,0.0,0.0,17.0
2025-11-28 23:00:00,7755.871,0.0,7755.871,9866.926,16.5,71,0.0,5.2,2,0.0,0.0,16.0
2025-11-29 00:00:00,6759.068,0.0,6759.068,8690.698,15.9,71,0.0,5.6,0,0.0,0.0,15.3
2025-11-29 01:00:00,6701.026,0.0,6701.026,8622.211,15.5,71,0.0,6.2,0,0.0,0.0,14.6
2025-11-29 02:00:00,6848.374,0.0,6848.374,8796.083999999999,15.0,72,0.0,6.5,0,0.0,0.0,14.0
2025-11-29 03:00:00,6714.691,0.0,6714.691,8638.336,14.7,71,0.0,7.3,0,0.0,0.0,13.5
2025-11-29 04:00:00,6859.938,0.0,6859.938,8809.723,14.4,71,0.0,7.4,0,0.0,0.0,13.0
2025-11-29 05:00:00,11362.566,0.0,11362.566,14122.828,13.9,73,0.0,7.8,0,0.0,0.0,12.5
2025-11-29 06:00:00,12496.076,0.0,12496.076,15460.37,13.7,73,0.0,7.5,0,0.0,0.0,12.3
2025-11-29 07:00:00,12675.009,225.409,12449.599,15671.507,13.7,73,0.0,7.5,0,11.0,2.0,12.3
2025-11-29 08:00:00,12635.282,436.666,12198.617,15624.635,15.1,68,0.0,8.0,0,118.0,54.0,13.8
2025-11-29 09:00:00,12739.689,612.315,12127.374,15747.831,17.4,60,0.0,6.2,0,276.0,171.0,16.4
2025-11-29 10:00:00,12629.959,789.564,11840.396999999999,15618.353,20.1,49,0.0,6.2,0,425.0,299.0,19.0
2025-11-29 11:00:00,11355.313,765.569,10589.743,14114.267,23.0,41,0.0,6.6,0,528.0,388.0,21.7
2025-11-29 12:00:00,11314.712,822.206,10492.506,14066.357,25.1,32,0.0,8.2,0,570.0,426.0,23.3
2025-11-29 13:00:00,11354.876,751.078,10603.796,14113.754,25.9,30,0.0,10.9,0,549.0,408.0,23.6
2025-11-29 14:00:00,11229.384,710.433,10518.951000000001,13965.675,25.9,32,0.0,11.5,0,466.0,335.0,23.6
2025-11-29 15:00:00,11233.008,559.337,10673.668,13969.95,25.4,34,0.0,11.2,0,331.0,220.0,23.4
2025-11-29 16:00:00,11255.102,379.83299999999997,10875.269,13996.018,24.5,36,0.0,9.4,0,169.0,90.0,22.7
2025-11-29 17:00:00,11343.427,209.119,11134.306,14100.245,22.5,42,0.0,5.2,1,33.0,11.0,21.4
2025-11-29 18:00:00,14933.967,0.0,14933.967,18337.08,21.5,44,0.0,5.2,0,0.0,0.0,20.4
2025-11-29 19:00:00,15082.718,0.0,15082.718,18512.605,20.5,47,0.0,5.5,0,0.0,0.0,19.4
2025-11-29 20:00:00,14897.962,0.0,14897.962,18294.597,19.5,50,0.0,6.1,0,0.0,0.0,18.2
2025-11-29 21:00:00,14825.735,0.0,14825.735,18209.365999999998,18.6,52,0.0,6.3,0,0.0,0.0,17.2
2025-11-29 22:00:00,15009.534,0.0,15009.534,18426.25,17.7,53,0.0,5.8,0,0.0,0.0,16.3
2025-11-29 23:00:00,6772.507,0.0,6772.507,8706.56,16.6,58,0.0,5.8,0,0.0,0.0,15.3
2025-11-30 00:00:00,6800.423000000001,0.0,6800.423000000001,8739.498,16.1,57,0.0,6.5,0,0.0,0.0,14.5
2025-11-30 01:00:00,6819.72,0.0,6819.72,8762.269,15.1,58,0.0,5.5,51,0.0,0.0,13.4
2025-11-30 02:00:00,6720.8099999999995,0.0,6720.8099999999995,8645.56,14.0,60,0.0,4.7,76,0.0,0.0,12.3
2025-11-30 03:00:00,6825.277,0.0,6825.277,8768.831,13.4,60,0.0,4.7,82,0.0,0.0,11.6
2025-11-30 04:00:00,6706.905,0.0,6706.905,8629.147,12.8,61,0.0,5.0,95,0.0,0.0,11.0
2025-11-30 05:00:00,11231.285,0.0,11231.285,13967.916,12.5,68,0.0,5.5,100,0.0,0.0,10.8
2025-11-30 06:00:00,12695.914,0.0,12695.914,15696.177,11.7,71,0.0,5.6,100,0.0,0.0,10.0
2025-11-30 07:00:00,12702.172,221.324,12480.849,15703.564,11.9,71,0.0,6.8,81,11.0,1.0,10.0
2025-11-30 08:00:00,12440.283,415.515,12024.77,15394.532,13.4,65,0.0,7.4,98,117.0,49.0,11.5
2025-11-30 09:00:00,12544.367,613.331,11931.033,15517.352,15.8,56,0.0,6.7,100,277.0,163.0,14.1
2025-11-30 10:00:00,12661.659,714.897,11946.762,15655.757,18.5,47,0.0,7.1,98,427.0,286.0,16.6
2025-11-30 11:00:00,11254.626,777.585,10477.043,13995.460000000001,21.2,38,0.0,8.5,98,518.0,341.0,18.9
2025-11-30 12:00:00,11319.965,801.092,10518.873,14072.559,23.0,32,0.0,10.4,99,555.0,368.0,20.3
2025-11-30 13:00:00,11075.32,748.191,10327.13,13783.877,23.6,31,0.0,12.5,100,509.0,291.0,20.6
2025-11-30 14:00:00,11200.823,670.502,10530.321,13931.972,23.4,31,0.0,12.9,99,380.0,152.0,20.4
2025-11-30 15:00:00,11204.616,517.747,10686.869,13936.449,23.2,31,0.0,12.8,90,299.0,139.0,20.1
2025-11-30 16:00:00,11423.419,390.579,11032.843,14194.637,22.5,32,0.0,10.6,52,171.0,85.0,19.7
2025-11-30 17:00:00,11329.661,191.851,11137.811,14084.0,20.4,39,0.0,6.9,36,34.0,11.0,18.4
2025-11-30 18:00:00,14825.884,0.0,14825.884,18209.544,19.5,42,0.0,7.3,16,0.0,0.0,17.5
2025-11-30 19:00:00,14966.543,0.0,14966.543,18375.522,18.3,45,0.0,6.6,0,0.0,0.0,16.4
2025-11-30 20:00:00,14973.225999999999,0.0,14973.225999999999,18383.407,17.2,47,0.0,5.8,0,0.0,0.0,15.3
2025-11-30 21:00:00,14893.197,0.0,14893.197,18288.972999999998,16.5,48,0.0,6.1,0,0.0,0.0,14.4
2025-11-30 22:00:00,14940.125,0.0,14940.125,18344.347,15.7,48,0.0,5.9,0,0.0,0.0,13.5
2025-11-30 23:00:00,6805.168,0.0,6805.168,8745.095,15.1,51,0.0,5.1,0,0.0,0.0,13.1
2025-12-01 00:00:00,7400.675,0.0,7400.675,9447.798,13.9,51,0.0,5.7,0,0.0,0.0,11.6
2025-12-01 01:00:00,7375.693,0.0,7375.693,9418.318,13.2,53,0.0,5.2,0,0.0,0.0,10.9
2025-12-01 02:00:00,7353.851000000001,0.0,7353.851000000001,9392.545,12.6,55,0.0,4.2,0,0.0,0.0,10.5
2025-12-01 03:00:00,7433.762,0.0,7433.762,9486.84,12.1,58,0.0,3.3,0,0.0,0.0,10.2
2025-12-01 04:00:00,7303.565,0.0,7303.565,9333.206,11.6,60,0.0,3.1,0,0.0,0.0,9.8
2025-12-01 05:00:00,12183.434000000001,0.0,12183.434000000001,15091.453,11.0,69,0.0,1.6,0,0.0,0.0,9.6
2025-12-01 06:00:00,13542.807,0.0,13542.807,16695.513,10.2,73,0.0,0.7,0,0.0,0.0,9.0
2025-12-01 07:00:00,13394.63,236.698,13157.93,16520.665,10.0,75,0.0,2.1,0,11.0,2.0,8.6
2025-12-01 08:00:00,13729.736,476.7,13253.037,16916.089,12.2,65,0.0,3.7,0,122.0,60.0,10.6
2025-12-01 09:00:00,13714.493,686.199,13028.292,16898.101,15.2,54,0.0,1.8,0,290.0,189.0,13.9
2025-12-01 10:00:00,13818.77,797.634,13021.134,17021.149,18.1,44,0.0,1.8,0,440.0,317.0,16.7
2025-12-01 11:00:00,12248.333,834.426,11413.907,15168.037,21.1,34,0.0,2.7,0,544.0,408.0,19.4
2025-12-01 12:00:00,12351.217,873.835,11477.382,15289.435,23.2,28,0.0,4.8,0,587.0,448.0,21.2
2025-12-01 13:00:00,12218.619999999999,778.846,11439.774,15132.973,24.1,26,0.0,6.0,0,565.0,428.0,21.7
2025-12-01 14:00:00,12192.538,751.732,11440.806,15102.197,24.3,26,0.0,6.5,0,479.0,352.0,21.8
2025-12-01 15:00:00,12239.966,609.724,11630.239,15158.16,24.0,27,0.0,6.5,0,342.0,233.0,21.6
2025-12-01 16:00:00,12243.928,429.215,11814.71,15162.836,23.1,30,0.0,5.0,0,175.0,98.0,21.1
2025-12-01 17:00:00,12477.172,233.551,12243.622,15438.061,20.8,40,0.0,2.2,0,34.0,12.0,19.7
2025-12-01 18:00:00,15940.346,0.0,15940.346,19524.607,20.0,43,0.0,1.8,0,0.0,0.0,18.9
2025-12-01 19:00:00,15990.086,0.0,15990.086,19583.304,18.8,47,0.0,2.7,0,0.0,0.0,17.6
2025-12-01 20:00:00,16284.275,0.0,16284.275,19930.446,17.9,51,0.0,2.7,0,0.0,0.0,16.8
2025-12-01 21:00:00,16332.076000000001,0.0,16332.076000000001,19986.852,17.1,55,0.0,3.5,0,0.0,0.0,16.0
2025-12-01 22:00:00,16190.339,0.0,16190.339,19819.601,16.3,58,0.0,4.4,0,0.0,0.0,15.1
2025-12-01 23:00:00,7266.561,0.0,7266.561,9289.542,15.9,61,0.0,3.8,0,0.0,0.0,14.8
2025-12-02 00:00:00,7236.094,0.0,7236.094,9253.591,14.9,65,0.0,3.3,0,0.0,0.0,13.9
2025-12-02 01:00:00,7316.735,0.0,7316.735,9348.749,14.1,69,0.0,4.2,0,0.0,0.0,13.1
2025-12-02 02:00:00,7330.346,0.0,7330.346,9364.81,13.6,70,0.0,5.0,0,0.0,0.0,12.3
2025-12-02 03:00:00,7374.816,0.0,7374.816,9417.285,13.4,69,0.0,3.1,2,0.0,0.0,12.4
2025-12-02 04:00:00,7446.404,0.0,7446.404,9501.757,13.2,69,0.0,3.1,3,0.0,0.0,12.1
2025-12-02 05:00:00,12070.247,0.0,12070.247,14957.889,12.8,74,0.0,3.1,17,0.0,0.0,11.9
2025-12-02 06:00:00,13724.572,0.0,13724.572,16909.994,12.7,72,0.0,4.1,8,0.0,0.0,11.5
2025-12-02 07:00:00,13801.362000000001,242.054,13559.305,17000.607,12.9,71,0.0,3.6,4,9.0,1.0,11.7
2025-12-02 08:00:00,13921.958,510.052,13411.904,17142.909,15.0,61,0.0,3.7,2,110.0,47.0,13.8
2025-12-02 09:00:00,13787.856,675.405,13112.451,16984.669,18.0,51,0.0,2.2,2,267.0,162.0,17.0
2025-12-02 10:00:00,13780.113,806.759,12973.356,16975.534,20.8,43,0.0,2.7,0,413.0,284.0,19.8
2025-12-02 11:00:00,12158.356,797.672,11360.682999999999,15061.860999999999,22.8,46,0.0,4.0,0,516.0,373.0,22.4
2025-12-02 12:00:00,12205.62,864.965,11340.653,15117.63,24.2,46,0.0,3.5,0,561.0,414.0,24.4
2025-12-02 13:00:00,12095.385,812.85,11282.529999999999,14987.551,24.9,45,0.0,3.3,5,543.0,400.0,25.0
2025-12-02 14:00:00,12231.663,752.851,11478.81,15148.36,25.2,42,0.0,4.3,12,459.0,327.0,25.0
2025-12-02 15:00:00,12271.065,589.309,11681.758,15194.857,25.0,41,0.0,6.1,4,321.0,207.0,24.4
2025-12-02 16:00:00,12365.876,424.824,11941.051,15306.733,24.2,44,0.0,7.5,21,164.0,85.0,23.5
2025-12-02 17:00:00,12069.76,213.899,11855.860999999999,14957.316,21.8,52,0.0,6.2,7,32.0,10.0,21.4
2025-12-02 18:00:00,16155.474,0.0,16155.474,19778.463,20.9,51,0.0,6.3,0,0.0,0.0,20.1
2025-12-02 19:00:00,16250.627,0.0,16250.627,19890.739,19.8,51,0.0,4.8,0,0.0,0.0,18.9
2025-12-02 20:00:00,15997.619,0.0,15997.619,19592.187,18.6,55,0.0,4.5,0,0.0,0.0,17.8
2025-12-02 21:00:00,16073.438,0.0,16073.438,19681.656,18.1,56,0.0,2.7,0,0.0,0.0,17.4
2025-12-02 22:00:00,16217.528,0.0,16217.528,19851.68,16.7,59,0.0,4.5,0,0.0,0.0,15.7
2025-12-02 23:00:00,7311.189,0.0,7311.189,9342.204,15.8,65,0.0,4.2,0,0.0,0.0,14.9
2025-12-03 00:00:00,7354.847,0.0,7354.847,9393.721,14.4,67,0.0,4.5,0,0.0,0.0,13.3
2025-12-03 01:00:00,7363.831,0.0,7363.831,9404.323,13.7,67,0.0,5.0,0,0.0,0.0,12.3
2025-12-03 02:00:00,7434.071,0.0,7434.071,9487.203,12.8,68,0.0,4.4,0,0.0,0.0,11.3
2025-12-03 03:00:00,7324.443,0.0,7324.443,9357.845,12.1,69,0.0,4.0,0,0.0,0.0,10.6
2025-12-03 04:00:00,7315.484,0.0,7315.484,9347.268,11.3,71,0.0,4.2,0,0.0,0.0,9.7
2025-12-03 05:00:00,12352.899,0.0,12352.899,15291.421,10.8,77,0.0,4.5,0,0.0,0.0,9.3
2025-12-03 06:00:00,13737.352,0.0,13737.352,16925.076,10.3,79,0.0,4.3,0,0.0,0.0,8.8
2025-12-03 07:00:00,13548.056,242.05,13306.006000000001,16701.706,10.4,78,0.0,4.2,0,10.0,2.0,8.9
2025-12-03 08:00:00,13680.739,475.166,13205.572,16858.272,12.5,69,0.0,5.1,0,118.0,57.0,10.9
2025-12-03 09:00:00,13675.617,690.063,12985.556,16852.229,15.1,59,0.0,3.7,0,286.0,185.0,13.8
2025-12-03 10:00:00,13904.098,796.332,13107.764,17121.833,17.9,49,0.0,5.0,0,439.0,316.0,16.3
2025-12-03 11:00:00,12373.306,797.988,11575.318,15315.503,20.2,40,0.0,7.8,0,546.0,411.0,18.0
2025-12-03 12:00:00,12425.405,882.02,11543.386,15376.977,21.7,34,0.0,8.0,0,591.0,451.0,19.6
2025-12-03 13:00:00,12201.337,846.851,11354.488,15112.579,22.6,30,0.0,8.9,0,570.0,432.0,20.0
2025-12-03 14:00:00,12184.559,725.193,11459.367,15092.780999999999,22.9,29,0.0,9.7,0,484.0,357.0,19.9
2025-12-03 15:00:00,12247.703,619.989,11627.713,15167.288,22.4,30,0.0,10.4,0,345.0,236.0,19.5
2025-12-03 16:00:00,12255.213,415.435,11839.777,15176.152,21.4,34,0.0,9.4,0,177.0,100.0,18.8
2025-12-03 17:00:00,12127.371,226.086,11901.285,15025.298,19.5,41,0.0,6.2,0,34.0,12.0,17.5
2025-12-03 18:00:00,15907.725,0.0,15907.725,19486.114,18.8,45,0.0,6.4,0,0.0,0.0,17.0
2025-12-03 19:00:00,16286.263,0.0,16286.263,19932.789,17.8,49,0.0,6.1,0,0.0,0.0,16.1
2025-12-03 20:00:00,16344.817,0.0,16344.817,20001.881,16.8,52,0.0,6.6,9,0.0,0.0,15.1
2025-12-03 21:00:00,15921.349,0.0,15921.349,19502.193,15.8,55,0.0,6.0,14,0.0,0.0,14.1
2025-12-03 22:00:00,16236.872,0.0,16236.872,19874.509,14.9,57,0.0,5.7,49,0.0,0.0,13.2
2025-12-03 23:00:00,7334.513,0.0,7334.513,9369.727,13.9,63,0.0,5.7,54,0.0,0.0,12.3
2025-12-04 00:00:00,7341.8859999999995,0.0,7341.8859999999995,9378.425,12.9,66,0.0,6.1,71,0.0,0.0,11.2
2025-12-04 01:00:00,7436.394,0.0,7436.394,9489.943000000001,12.0,69,0.0,5.6,89,0.0,0.0,10.3
2025-12-04 02:00:00,7337.143,0.0,7337.143,9372.829,11.5,70,0.0,5.9,37,0.0,0.0,9.7
2025-12-04 03:00:00,7352.698,0.0,7352.698,9391.184,11.1,71,0.0,6.0,5,0.0,0.0,9.2
2025-12-04 04:00:00,7336.321,0.0,7336.321,9371.858,10.7,72,0.0,5.9,0,0.0,0.0,8.8
2025-12-04 05:00:00,12132.07,0.0,12132.07,15030.842,10.1,75,0.0,6.6,1,0.0,0.0,8.1
2025-12-04 06:00:00,13693.666000000001,0.0,13693.666000000001,16873.527000000002,9.8,75,0.0,7.2,7,0.0,0.0,7.6
2025-12-04 07:00:00,13845.103,243.969,13601.137,17052.221,9.9,74,0.0,7.9,2,9.0,2.0,7.6
2025-12-04 08:00:00,13663.694,500.742,13162.955,16838.158,11.4,68,0.0,9.1,14,117.0,56.0,9.0
2025-12-04 09:00:00,13606.297,687.733,12918.563,16770.431,13.8,60,0.0,6.7,66,279.0,173.0,11.8
2025-12-04 10:00:00,13710.553,826.134,12884.419,16893.453,16.4,51,0.0,7.3,82,412.0,258.0,14.4
2025-12-04 11:00:00,12247.3,809.58,11437.722,15166.815,19.2,44,0.0,9.4,71,507.0,318.0,16.9
2025-12-04 12:00:00,12408.691,881.367,11527.326,15357.257,20.8,38,0.0,9.8,15,566.0,392.0,18.4
2025-12-04 13:00:00,12273.58,856.513,11417.065999999999,15197.822,21.6,34,0.0,10.5,0,563.0,416.0,19.0
2025-12-04 14:00:00,12297.776,760.681,11537.095000000001,15226.375,21.9,32,0.0,10.5,0,484.0,357.0,19.0
2025-12-04 15:00:00,12272.182999999999,604.371,11667.811,15196.176,21.5,33,0.0,10.4,0,345.0,236.0,18.7
2025-12-04 16:00:00,12166.473,443.12,11723.353,15071.439,20.6,36,0.0,10.0,0,178.0,100.0,17.9
2025-12-04 17:00:00,12278.295,218.242,12060.054,15203.389,18.3,44,0.0,5.1,0,34.0,12.0,16.5
2025-12-04 18:00:00,16223.999,0.0,16223.999,19859.319,17.5,47,0.0,4.9,0,0.0,0.0,15.8
2025-12-04 19:00:00,16204.806,0.0,16204.806,19836.668,16.6,51,0.0,5.2,0,0.0,0.0,14.9
2025-12-04 20:00:00,16255.574,0.0,16255.574,19896.578,15.7,54,0.0,5.9,0,0.0,0.0,13.9
2025-12-04 21:00:00,16141.999,0.0,16141.999,19762.557,14.8,56,0.0,5.4,0,0.0,0.0,13.0
2025-12-04 22:00:00,16155.146999999999,0.0,16155.146999999999,19778.076,14.0,58,0.0,5.5,0,0.0,0.0,12.1
2025-12-04 23:00:00,7310.306,0.0,7310.306,9341.162,13.5,62,0.0,4.0,0,0.0,0.0,12.0
2025-12-05 00:00:00,7419.5470000000005,0.0,7419.5470000000005,9470.063,12.3,65,0.0,4.6,0,0.0,0.0,10.6
2025-12-05 01:00:00,7375.47,0.0,7375.47,9418.056,11.5,67,0.0,4.9,0,0.0,0.0,9.7
2025-12-05 02:00:00,7263.674,0.0,7263.674,9286.134,10.9,68,0.0,4.8,0,0.0,0.0,9.0
2025-12-05 03:00:00,7447.228,0.0,7447.228,9502.73,10.2,70,0.0,4.3,0,0.0,0.0,8.3
2025-12-05 04:00:00,7319.707,0.0,7319.707,9352.254,9.5,74,0.0,4.7,0,0.0,0.0,7.5
2025-12-05 05:00:00,12222.863,0.0,12222.863,15137.979,8.9,80,0.0,4.9,0,0.0,0.0,7.0
2025-12-05 06:00:00,13637.783,0.0,13637.783,16807.584,8.6,81,0.0,4.5,0,0.0,0.0,6.8
2025-12-05 07:00:00,13674.327000000001,244.119,13430.208,16850.709,8.7,80,0.0,4.7,0,8.0,1.0,6.8
2025-12-05 08:00:00,13663.923999999999,486.776,13177.15,16838.428,10.5,71,0.0,5.2,0,113.0,54.0,8.6
2025-12-05 09:00:00,13636.908,670.007,12966.899,16806.55,13.7,59,0.0,3.6,0,280.0,180.0,12.1
2025-12-05 10:00:00,13654.579,832.533,12822.046,16827.404,16.8,47,0.0,3.9,0,432.0,310.0,15.0
2025-12-05 11:00:00,12307.221,812.8770000000001,11494.344000000001,15237.521,19.3,38,0.0,4.9,0,538.0,404.0,17.2
2025-12-05 12:00:00,12213.149,851.333,11361.813,15126.513,20.8,31,0.0,5.2,0,582.0,443.0,18.6
2025-12-05 13:00:00,12200.465,886.588,11313.878,15111.548999999999,21.5,29,0.0,5.4,0,560.0,423.0,19.1
2025-12-05 14:00:00,12319.803,776.404,11543.401,15252.368,21.8,31,0.0,5.6,0,475.0,348.0,19.5
2025-12-05 15:00:00,12121.351999999999,611.037,11510.314,15018.195,21.7,33,0.0,6.5,0,338.0,230.0,19.4
2025-12-05 16:00:00,12293.317,430.78499999999997,11862.532,15221.116,20.8,37,0.0,7.5,0,174.0,97.0,18.6
2025-12-05 17:00:00,12243.096,227.77800000000002,12015.316,15161.851,19.0,44,0.0,6.8,0,34.0,11.0,17.0
2025-12-05 18:00:00,16327.34,0.0,16327.34,19981.259000000002,18.2,48,0.0,5.2,0,0.0,0.0,16.6
2025-12-05 19:00:00,16247.335,0.0,16247.335,19886.854,17.3,51,0.0,5.7,0,0.0,0.0,15.7
2025-12-05 20:00:00,16152.161,0.0,16152.161,19774.55,16.2,56,0.0,5.6,0,0.0,0.0,14.6
2025-12-05 21:00:00,16320.947,0.0,16320.947,19973.717,15.1,60,0.0,5.3,0,0.0,0.0,13.7
2025-12-05 22:00:00,16147.714,0.0,16147.714,19769.3,14.4,62,0.0,5.6,0,0.0,0.0,12.9
2025-12-05 23:00:00,7319.923,0.0,7319.923,9352.509,13.5,67,0.0,5.8,0,0.0,0.0,12.0
2025-12-06 00:00:00,6388.058,0.0,6388.058,8252.908,12.9,66,0.0,5.9,0,0.0,0.0,11.2
2025-12-06 01:00:00,6397.6669999999995,0.0,6397.6669999999995,8264.249,12.3,67,0.0,6.4,0,0.0,0.0,10.4
2025-12-06 02:00:00,6410.033,0.0,6410.033,8278.839,11.8,68,0.0,7.0,0,0.0,0.0,9.8
2025-12-06 03:00:00,6413.609,0.0,6413.609,8283.06,11.3,69,0.0,7.6,5,0.0,0.0,9.1
2025-12-06 04:00:00,6305.135,0.0,6305.135,8155.061,10.9,70,0.0,8.1,97,0.0,0.0,8.6
2025-12-06 05:00:00,10693.803,0.0,10693.803,13333.687,10.5,75,0.0,9.1,94,0.0,0.0,8.2
2025-12-06 06:00:00,11990.92,0.0,11990.92,14864.285,10.2,76,0.0,9.3,0,0.0,0.0,7.9
2025-12-06 07:00:00,12098.805,219.083,11879.723,14991.59,10.4,74,0.0,10.4,2,8.0,1.0,7.9
2025-12-06 08:00:00,12084.692000000001,421.329,11663.364,14974.939,11.9,68,0.0,11.5,0,110.0,52.0,9.2
2025-12-06 09:00:00,11874.038,561.331,11312.709,14726.365,14.2,58,0.0,9.3,0,274.0,176.0,11.9
2025-12-06 10:00:00,11905.485,702.952,11202.535,14763.47,16.8,49,0.0,9.3,12,426.0,306.0,14.4
2025-12-06 11:00:00,10616.168,738.099,9878.07,13242.079,19.7,42,0.0,10.2,0,533.0,400.0,17.3
2025-12-06 12:00:00,10605.391,741.87,9863.521,13229.360999999999,21.9,35,0.0,10.2,85,579.0,441.0,19.6
2025-12-06 13:00:00,10655.46,687.381,9968.08,13288.445,23.1,32,0.0,11.4,32,558.0,422.0,20.4
2025-12-06 14:00:00,10753.309,658.949,10094.361,13403.905999999999,23.6,32,0.0,11.9,55,474.0,346.0,20.8
2025-12-06 15:00:00,10628.755000000001,553.967,10074.784,13256.928,23.1,34,0.0,12.9,73,321.0,187.0,20.3
2025-12-06 16:00:00,10676.168,374.031,10302.136999999999,13312.878,22.1,36,0.0,10.9,98,165.0,75.0,19.5
2025-12-06 17:00:00,10666.899,199.223,10467.678,13301.940999999999,20.2,42,0.0,9.6,77,32.0,7.0,17.9
2025-12-06 18:00:00,13774.957,0.0,13774.957,16969.449,19.4,42,0.0,10.2,87,0.0,0.0,16.9
2025-12-06 19:00:00,14048.181999999999,0.0,14048.181999999999,17291.854,18.3,43,0.0,9.4,100,0.0,0.0,15.8
2025-12-06 20:00:00,14270.709,0.0,14270.709,17554.435,17.6,44,0.0,8.9,84,0.0,0.0,15.1
2025-12-06 21:00:00,14096.098,0.0,14096.098,17348.398,16.5,47,0.0,8.7,100,0.0,0.0,14.0
2025-12-06 22:00:00,13989.139,0.0,13989.139,17222.184,15.9,50,0.0,8.8,96,0.0,0.0,13.4
2025-12-06 23:00:00,6430.353,0.0,6430.353,8302.815,15.1,54,0.0,8.5,100,0.0,0.0,12.8
2025-12-07 00:00:00,6425.785,0.0,6425.785,8297.426,14.5,57,0.0,8.3,99,0.0,0.0,12.3
2025-12-07 01:00:00,6392.567,0.0,6392.567,8258.229,13.8,60,0.0,7.9,5,0.0,0.0,11.6
2025-12-07 02:00:00,6435.56,0.0,6435.56,8308.959,13.2,63,0.0,8.0,13,0.0,0.0,11.0
2025-12-07 03:00:00,6375.969,0.0,6375.969,8238.646,12.7,65,0.0,9.0,0,0.0,0.0,10.5
2025-12-07 04:00:00,6345.833,0.0,6345.833,8203.082,12.3,67,0.0,9.4,0,0.0,0.0,10.0
2025-12-07 05:00:00,10681.623,0.0,10681.623,13319.316,11.4,73,0.0,9.7,0,0.0,0.0,9.1
2025-12-07 06:00:00,11808.372,0.0,11808.372,14648.877,10.8,76,0.0,9.0,0,0.0,0.0,8.6
2025-12-07 07:00:00,12026.223,212.698,11813.526,14905.943,10.7,76,0.0,9.3,0,7.0,1.0,8.5
2025-12-07 08:00:00,12004.64,417.42199999999997,11587.216,14880.474,12.1,70,0.0,10.4,0,106.0,50.0,9.8
2025-12-07 09:00:00,11982.393,570.5360000000001,11411.858,14854.223,14.6,61,0.0,7.5,0,267.0,170.0,12.7
2025-12-07 10:00:00,11838.724,740.703,11098.024,14684.697,17.4,52,0.0,7.9,0,416.0,297.0,15.5
2025-12-07 11:00:00,10617.511,690.086,9927.427,13243.661,20.3,44,0.0,8.8,0,521.0,389.0,18.4
2025-12-07 12:00:00,10650.103,748.608,9901.494,13282.118999999999,22.4,39,0.0,9.0,0,567.0,431.0,20.6
2025-12-07 13:00:00,10754.891,750.965,10003.927,13405.772,23.7,35,0.0,9.3,0,549.0,415.0,21.6
2025-12-07 14:00:00,10687.866,639.659,10048.208,13326.681,24.1,35,0.0,9.6,0,468.0,344.0,22.1
2025-12-07 15:00:00,10669.659,545.143,10124.519,13305.201,23.7,38,0.0,9.9,32,334.0,228.0,21.8
2025-12-07 16:00:00,10771.113,387.638,10383.474,13424.912,22.7,41,0.0,9.7,77,171.0,93.0,21.0
2025-12-07 17:00:00,10783.91,189.409,10594.503,13440.014000000001,20.8,49,0.0,7.0,87,33.0,9.0,19.7
2025-12-07 18:00:00,13957.576000000001,0.0,13957.576000000001,17184.94,20.3,52,0.0,8.1,72,0.0,0.0,19.1
2025-12-07 19:00:00,14157.384,0.0,14157.384,17420.713,19.3,55,0.0,8.6,48,0.0,0.0,18.0
2025-12-07 20:00:00,14188.928,0.0,14188.928,17457.933,18.3,58,0.0,8.2,97,0.0,0.0,17.0
2025-12-07 21:00:00,14148.622,0.0,14148.622,17410.376,17.4,60,0.0,7.6,36,0.0,0.0,16.1
2025-12-07 22:00:00,14251.966,0.0,14251.966,17532.319,16.6,61,0.0,7.4,56,0.0,0.0,15.3
2025-12-07 23:00:00,6451.726,0.0,6451.726,8328.039999999999,15.9,63,0.0,7.9,95,0.0,0.0,14.5
2025-12-08 00:00:00,7342.071,0.0,7342.071,9378.643,15.2,64,0.0,8.0,100,0.0,0.0,13.6
2025-12-08 01:00:00,7486.969,0.0,7486.969,9549.622,15.0,63,0.0,8.5,100,0.0,0.0,13.2
2025-12-08 02:00:00,7403.719,0.0,7403.719,9451.389,14.6,62,0.0,8.4,99,0.0,0.0,12.7
2025-12-08 03:00:00,7285.557,0.0,7285.557,9311.958,14.2,63,0.0,8.5,2,0.0,0.0,12.2
2025-12-08 04:00:00,7363.202,0.0,7363.202,9403.578,13.7,65,0.0,8.7,2,0.0,0.0,11.7
2025-12-08 05:00:00,12350.444,0.0,12350.444,15288.521999999999,12.8,69,0.0,9.4,0,0.0,0.0,10.7
2025-12-08 06:00:00,13789.182999999999,0.0,13789.182999999999,16986.238,12.2,72,0.0,9.3,0,0.0,0.0,10.1
2025-12-08 07:00:00,13783.444,243.358,13540.083,16979.462,12.1,73,0.0,9.8,1,7.0,1.0,9.9
2025-12-08 08:00:00,13719.919,464.41499999999996,13255.503,16904.503,13.5,67,0.0,10.8,0,104.0,49.0,11.2
2025-12-08 09:00:00,13742.872,678.15,13064.722,16931.589,15.8,59,0.0,8.5,0,266.0,170.0,13.9
2025-12-08 10:00:00,13721.439,857.59,12863.85,16906.3,18.6,49,0.0,8.6,0,417.0,298.0,16.7
2025-12-08 11:00:00,12298.123,808.71,11489.41,15226.783,21.5,41,0.0,9.0,0,523.0,392.0,19.6
2025-12-08 12:00:00,12284.921,882.366,11402.553,15211.206,23.6,36,0.0,9.5,0,571.0,435.0,21.8
2025-12-08 13:00:00,12080.075,826.102,11253.974,14969.488,24.9,32,0.0,10.2,0,552.0,419.0,22.7
2025-12-08 14:00:00,12174.387,764.885,11409.503,15080.774000000001,25.2,31,0.0,11.7,0,469.0,346.0,22.7
2025-12-08 15:00:00,12243.36,628.5409999999999,11614.82,15162.167,24.7,32,0.0,12.6,0,336.0,231.0,22.1
2025-12-08 16:00:00,12329.466,430.741,11898.724,15263.772,23.7,35,0.0,11.1,0,175.0,99.0,21.3
2025-12-08 17:00:00,12215.613,228.47,11987.14,15129.423,21.8,42,0.0,8.4,0,35.0,12.0,20.1
2025-12-08 18:00:00,16368.121000000001,0.0,16368.121000000001,20029.384,20.7,47,0.0,9.4,0,0.0,0.0,19.0
2025-12-08 19:00:00,15956.755,0.0,15956.755,19543.969,19.5,50,0.0,9.0,0,0.0,0.0,17.9
2025-12-08 20:00:00,16279.373,0.0,16279.373,19924.659,18.6,51,0.0,8.7,0,0.0,0.0,16.8
2025-12-08 21:00:00,16200.585,0.0,16200.585,19831.69,17.7,52,0.0,9.7,0,0.0,0.0,15.7
2025-12-08 22:00:00,16059.555,0.0,16059.555,19665.274,16.8,53,0.0,9.6,0,0.0,0.0,14.7
2025-12-08 23:00:00,7357.739,0.0,7357.739,9397.134,15.9,56,0.0,9.7,0,0.0,0.0,13.8
2025-12-09 00:00:00,7491.617,0.0,7491.617,9555.111,15.0,58,0.0,9.5,0,0.0,0.0,12.7
2025-12-09 01:00:00,7394.6720000000005,0.0,7394.6720000000005,9440.715,14.3,60,0.0,9.8,0,0.0,0.0,12.0
2025-12-09 02:00:00,7376.522,0.0,7376.522,9419.295,13.7,63,0.0,10.1,0,0.0,0.0,11.3
2025-12-09 03:00:00,7253.543,0.0,7253.543,9274.181,13.2,65,0.0,10.3,0,0.0,0.0,10.9
2025-12-09 04:00:00,7338.808,0.0,7338.808,9374.793,12.8,67,0.0,10.5,0,0.0,0.0,10.5
2025-12-09 05:00:00,12233.594,0.0,12233.594,15150.64,12.1,71,0.0,10.8,0,0.0,0.0,9.7
2025-12-09 06:00:00,13539.9,0.0,13539.9,16692.08,11.7,72,0.0,10.4,0,0.0,0.0,9.4
2025-12-09 07:00:00,13593.61,233.231,13360.379,16755.457,11.6,73,0.0,11.2,0,6.0,1.0,9.2
2025-12-09 08:00:00,13756.097,474.321,13281.774,16947.193,12.8,68,0.0,12.7,0,106.0,51.0,10.2
2025-12-09 09:00:00,13801.523,664.482,13137.043,17000.797,15.1,60,0.0,9.3,0,272.0,176.0,13.1
2025-12-09 10:00:00,13860.504,809.343,13051.16,17070.392,17.9,51,0.0,8.9,0,424.0,306.0,16.0
2025-12-09 11:00:00,12231.655,810.434,11421.221,15148.351,20.8,44,0.0,9.4,0,531.0,400.0,19.0
2025-12-09 12:00:00,12447.498,884.5889999999999,11562.907,15403.048,22.9,38,0.0,10.7,0,576.0,440.0,20.8
2025-12-09 13:00:00,12378.16,848.783,11529.376,15321.229,24.1,33,0.0,11.5,0,557.0,424.0,21.6
2025-12-09 14:00:00,12320.73,750.829,11569.902,15253.463,24.5,31,0.0,11.7,0,476.0,352.0,21.8
2025-12-09 15:00:00,12325.566,602.792,11722.773,15259.165,24.1,34,0.0,11.8,0,341.0,235.0,21.6
2025-12-09 16:00:00,12232.717,423.043,11809.675,15149.608,23.1,38,0.0,11.0,0,176.0,100.0,20.9
2025-12-09 17:00:00,12448.774,224.61,12224.162,15404.555,21.0,46,0.0,7.9,0,35.0,12.0,19.5
2025-12-09 18:00:00,16294.304,0.0,16294.304,19942.278,20.3,49,0.0,8.3,0,0.0,0.0,18.9
2025-12-09 19:00:00,16091.653,0.0,16091.653,19703.15,19.4,51,0.0,8.0,0,0.0,0.0,17.9
2025-12-09 20:00:00,16180.607,0.0,16180.607,19808.114,18.7,52,0.0,8.3,1,0.0,0.0,17.1
2025-12-09 21:00:00,16172.188,0.0,16172.188,19798.184,18.2,53,0.0,8.5,0,0.0,0.0,16.5
2025-12-09 22:00:00,16070.79,0.0,16070.79,19678.534,17.5,55,0.0,8.9,0,0.0,0.0,15.7
2025-12-09 23:00:00,7331.326,0.0,7331.326,9365.965,16.5,58,0.0,9.2,2,0.0,0.0,14.7
2025-12-10 00:00:00,7370.3949999999995,0.0,7370.3949999999995,9412.066,15.3,62,0.0,9.3,20,0.0,0.0,13.4
2025-12-10 01:00:00,7466.652,0.0,7466.652,9525.65,14.7,64,0.0,9.7,100,0.0,0.0,12.8
2025-12-10 02:00:00,7382.765,0.0,7382.765,9426.663,14.2,66,0.0,9.5,0,0.0,0.0,12.2
2025-12-10 03:00:00,7248.473,0.0,7248.473,9268.199,13.6,68,0.0,9.2,0,0.0,0.0,11.7
2025-12-10 04:00:00,7404.674,0.0,7404.674,9452.515,13.2,70,0.0,9.4,0,0.0,0.0,11.2
2025-12-10 05:00:00,12172.146999999999,0.0,12172.146999999999,15078.136,12.6,71,0.0,9.4,0,0.0,0.0,10.5
2025-12-10 06:00:00,13750.833,0.0,13750.833,16940.984,12.1,73,0.0,9.4,3,0.0,0.0,10.1
2025-12-10 07:00:00,13690.037,241.127,13448.909,16869.242,11.8,75,0.0,9.7,0,6.0,1.0,9.7
2025-12-10 08:00:00,13789.56,487.055,13302.503999999999,16986.681,13.0,70,0.0,10.3,9,103.0,48.0,10.8
2025-12-10 09:00:00,13777.492,661.233,13116.262,16972.441,15.2,61,0.0,6.5,0,266.0,170.0,13.6
2025-12-10 10:00:00,13615.867,817.927,12797.941,16781.722999999998,17.9,52,0.0,5.9,0,417.0,299.0,16.5
2025-12-10 11:00:00,12237.873,813.237,11424.635,15155.69,20.7,44,0.0,5.6,0,524.0,394.0,19.3
2025-12-10 12:00:00,12171.997,843.929,11328.066,15077.955,22.7,38,0.0,7.1,0,570.0,435.0,21.1
2025-12-10 13:00:00,12005.971,816.072,11189.901,14882.045,23.7,36,0.0,7.6,0,551.0,418.0,21.9
2025-12-10 14:00:00,12373.847,753.694,11620.153,15316.14,24.1,35,0.0,8.9,0,471.0,347.0,22.1
2025-12-10 15:00:00,12273.893,597.466,11676.427,15198.194,23.7,38,0.0,9.6,0,337.0,232.0,21.9
2025-12-10 16:00:00,12366.653,448.659,11917.995,15307.651,22.8,43,0.0,8.2,3,174.0,98.0,21.5
2025-12-10 17:00:00,12249.987,212.994,12036.991,15169.984,20.4,54,0.0,5.1,1,35.0,12.0,19.9
2025-12-10 18:00:00,16079.02,0.0,16079.02,19688.242,20.3,53,0.0,5.7,0,0.0,0.0,19.5
2025-12-10 19:00:00,16207.006000000001,0.0,16207.006000000001,19839.266,19.4,55,0.0,5.5,0,0.0,0.0,18.6
2025-12-10 20:00:00,16156.485,0.0,16156.485,19779.653,18.4,58,0.0,5.2,0,0.0,0.0,17.6
2025-12-10 21:00:00,16371.939,0.0,16371.939,20033.887,17.6,60,0.0,5.0,0,0.0,0.0,16.8
2025-12-10 22:00:00,16284.613,0.0,16284.613,19930.844,17.0,61,0.0,5.4,20,0.0,0.0,16.1
2025-12-10 23:00:00,7277.142,0.0,7277.142,9302.029,16.6,61,0.0,5.5,0,0.0,0.0,15.5
2025-12-11 00:00:00,7298.231,0.0,7298.231,9326.911,15.2,64,0.0,6.0,0,0.0,0.0,13.9
2025-12-11 01:00:00,7397.551,0.0,7397.551,9444.111,14.2,68,0.0,5.4,0,0.0,0.0,12.9
2025-12-11 02:00:00,7353.097,0.0,7353.097,9391.658,13.2,73,0.0,5.0,0,0.0,0.0,12.0
2025-12-11 03:00:00,7383.698,0.0,7383.698,9427.765,12.4,76,0.0,4.5,0,0.0,0.0,11.3
2025-12-11 04:00:00,7412.021,0.0,7412.021,9461.183,12.1,78,0.0,5.1,0,0.0,0.0,10.8
2025-12-11 05:00:00,12212.6,0.0,12212.6,15125.868,11.1,85,0.0,6.8,0,0.0,0.0,9.8
2025-12-11 06:00:00,13968.044,0.0,13968.044,17197.292,10.8,86,0.0,6.4,0,0.0,0.0,9.4
2025-12-11 07:00:00,13672.319,254.834,13417.486,16848.335,10.8,85,0.0,6.7,0,5.0,1.0,9.3
2025-12-11 08:00:00,13714.657000000001,489.76,13224.898,16898.295,12.4,76,0.0,6.9,0,99.0,46.0,11.0
2025-12-11 09:00:00,13668.211,648.852,13019.357,16843.488,15.2,64,0.0,3.3,0,258.0,164.0,14.3
2025-12-11 10:00:00,13694.074,848.405,12845.672,16874.008,18.3,52,0.0,3.7,0,408.0,291.0,17.2
2025-12-11 11:00:00,12348.47,852.849,11495.619,15286.195,21.5,44,0.0,4.9,0,515.0,386.0,20.4
2025-12-11 12:00:00,12230.949,857.795,11373.154,15147.521,23.5,37,0.0,7.1,0,564.0,430.0,21.9
2025-12-11 13:00:00,12241.547,850.498,11391.05,15160.024,24.4,34,0.0,9.2,0,547.0,415.0,22.4
2025-12-11 14:00:00,12090.135,744.789,11345.343,14981.356,24.7,33,0.0,10.4,0,468.0,345.0,22.4
2025-12-11 15:00:00,12283.199,610.581,11672.617,15209.176,24.3,34,0.0,10.0,0,336.0,231.0,22.1
2025-12-11 16:00:00,12037.62,442.341,11595.275,14919.391,23.4,38,0.0,8.0,0,175.0,99.0,21.7
2025-12-11 17:00:00,12225.055,227.944,11997.112000000001,15140.564,20.7,52,0.0,4.9,0,35.0,12.0,20.2
2025-12-11 18:00:00,16457.8,0.0,16457.8,20135.203,20.0,55,0.0,4.4,0,0.0,0.0,19.6
2025-12-11 19:00:00,16248.94,0.0,16248.94,19888.749,19.1,59,0.0,4.4,0,0.0,0.0,18.7
2025-12-11 20:00:00,16165.496,0.0,16165.496,19790.286,18.2,62,0.0,4.5,0,0.0,0.0,17.8
2025-12-11 21:00:00,16256.495,0.0,16256.495,19897.666,17.5,64,0.0,3.8,0,0.0,0.0,17.2
2025-12-11 22:00:00,16212.76,0.0,16212.76,19846.057,17.1,65,0.0,3.0,0,0.0,0.0,16.8
2025-12-11 23:00:00,7316.6320000000005,0.0,7316.6320000000005,9348.627,16.9,66,0.0,1.5,0,0.0,0.0,16.8
2025-12-12 00:00:00,7277.47,0.0,7277.47,9302.417,15.4,71,0.0,2.7,0,0.0,0.0,15.0
2025-12-12 01:00:00,7292.722,0.0,7292.722,9320.414,14.0,77,0.0,4.7,0,0.0,0.0,13.3
2025-12-12 02:00:00,7257.89,0.0,7257.89,9279.311,13.2,80,0.0,5.2,0,0.0,0.0,12.4
2025-12-12 03:00:00,7291.949,0.0,7291.949,9319.5,12.4,83,0.0,4.8,0,0.0,0.0,11.6
2025-12-12 04:00:00,7409.379,0.0,7409.379,9458.064,11.8,85,0.0,4.5,0,0.0,0.0,10.9
2025-12-12 05:00:00,12200.577,0.0,12200.577,15111.683,11.2,88,0.0,5.6,0,0.0,0.0,10.2
2025-12-12 06:00:00,13802.206,0.0,13802.206,17001.604,10.5,90,0.0,4.4,0,0.0,0.0,9.6
2025-12-12 07:00:00,13731.175,237.27,13493.905999999999,16917.788,10.4,90,0.0,4.2,0,5.0,1.0,9.4
2025-12-12 08:00:00,13821.032,485.972,13335.06,17023.818,12.2,82,0.0,5.1,0,99.0,47.0,11.2
2025-12-12 09:00:00,13600.588,668.76,12931.828,16763.695,15.3,69,0.0,3.4,0,261.0,171.0,14.6
2025-12-12 10:00:00,13874.726999999999,811.307,13063.422,17087.179,18.4,56,0.0,2.9,0,408.0,291.0,17.8
2025-12-12 11:00:00,12262.371,841.319,11421.052,15184.598,21.0,47,0.0,3.1,4,515.0,385.0,20.3
2025-12-12 12:00:00,12141.887999999999,825.264,11316.624,15042.425,22.9,40,0.0,3.4,4,564.0,430.0,22.0
2025-12-12 13:00:00,12364.313,801.089,11563.226,15304.887999999999,23.9,35,0.0,3.3,2,547.0,415.0,22.7
2025-12-12 14:00:00,12435.9,768.733,11667.164999999999,15389.36,24.4,32,0.0,3.6,0,467.0,344.0,22.9
2025-12-12 15:00:00,12288.45,617.979,11670.472,15215.372,24.3,31,0.0,3.8,0,336.0,231.0,22.7
2025-12-12 16:00:00,12090.045,419.586,11670.459,14981.25,23.5,34,0.0,4.0,20,175.0,99.0,22.1
2025-12-12 17:00:00,12303.464,237.368,12066.094,15233.089,21.0,48,0.0,3.3,99,35.0,12.0,20.4
2025-12-12 18:00:00,16351.11,0.0,16351.11,20009.31,19.9,53,0.0,3.5,94,0.0,0.0,19.4
2025-12-12 19:00:00,16186.081,0.0,16186.081,19814.576,19.1,57,0.0,2.2,95,0.0,0.0,18.9
2025-12-12 20:00:00,16226.05,0.0,16226.05,19861.736,18.4,61,0.0,2.2,0,0.0,0.0,18.3
2025-12-12 21:00:00,16013.175,0.0,16013.175,19610.543,17.9,63,0.0,2.0,19,0.0,0.0,17.9
2025-12-12 22:00:00,16235.378999999999,0.0,16235.378999999999,19872.747,17.2,66,0.0,2.4,0,0.0,0.0,17.0
2025-12-12 23:00:00,7356.559,0.0,7356.559,9395.741,16.4,69,0.0,2.4,0,0.0,0.0,16.2
2025-12-13 00:00:00,6360.009,0.0,6360.009,8219.81,15.3,75,0.0,2.3,13,0.0,0.0,15.2
2025-12-13 01:00:00,6425.173,0.0,6425.173,8296.703,14.3,80,0.0,3.5,6,0.0,0.0,14.1
2025-12-13 02:00:00,6395.407,0.0,6395.407,8261.579,13.9,82,0.0,1.9,0,0.0,0.0,13.8
2025-12-13 03:00:00,6455.806,0.0,6455.806,8332.852,13.7,82,0.0,1.5,0,0.0,0.0,13.6
2025-12-13 04:00:00,6439.541,0.0,6439.541,8313.66,13.4,83,0.0,0.9,4,0.0,0.0,13.4
2025-12-13 05:00:00,10626.48,0.0,10626.48,13254.247,13.1,82,0.0,0.4,38,0.0,0.0,13.0
2025-12-13 06:00:00,11872.872,0.0,11872.872,14724.988,12.8,83,0.0,0.0,97,0.0,0.0,12.7
2025-12-13 07:00:00,11906.722,214.184,11692.539999999999,14764.935,12.7,84,0.0,0.2,100,5.0,0.0,12.7
2025-12-13 08:00:00,11923.44,398.66700000000003,11524.774,14784.66,14.1,79,0.0,3.1,13,76.0,14.0,13.8
2025-12-13 09:00:00,11903.235,565.331,11337.904,14760.816,16.5,69,0.0,2.4,9,250.0,151.0,16.4
2025-12-13 10:00:00,11942.02,699.724,11242.297,14806.582,19.3,58,0.0,3.0,4,403.0,285.0,19.1
2025-12-13 11:00:00,10625.402,728.809,9896.592,13252.974,21.4,52,0.0,3.6,12,510.0,378.0,21.2
2025-12-13 12:00:00,10564.754,744.843,9819.912,13181.41,23.1,44,0.0,2.8,13,559.0,423.0,22.8
2025-12-13 13:00:00,10620.35,718.422,9901.929,13247.015,24.0,40,0.0,1.5,35,543.0,410.0,23.7
2025-12-13 14:00:00,10627.34,690.959,9936.383,13255.26,24.5,37,0.0,1.1,100,462.0,332.0,24.1
2025-12-13 15:00:00,10685.673,532.305,10153.371,13324.095,24.4,37,0.0,1.9,34,319.0,187.0,23.8
2025-12-13 16:00:00,10648.157,373.889,10274.271,13279.828,23.8,39,0.0,3.5,73,174.0,98.0,22.9
2025-12-13 17:00:00,10515.963,187.823,10328.142,13123.838,21.0,52,0.0,4.5,86,36.0,12.0,20.6
2025-12-13 18:00:00,14170.32,0.0,14170.32,17435.978,20.2,57,0.0,4.0,78,0.0,0.0,20.0
2025-12-13 19:00:00,14189.559000000001,0.0,14189.559000000001,17458.679,19.2,64,0.0,2.9,98,0.0,0.0,19.4
2025-12-13 20:00:00,14128.68,0.0,14128.68,17386.841,18.2,68,0.0,2.4,100,0.0,0.0,18.5
2025-12-13 21:00:00,13834.175,0.0,13834.175,17039.328,17.3,72,0.0,2.7,80,0.0,0.0,17.6
2025-12-13 22:00:00,14049.673,0.0,14049.673,17293.612,16.3,77,0.0,4.0,100,0.0,0.0,16.4
2025-12-13 23:00:00,6393.541,0.0,6393.541,8259.38,15.4,83,0.0,3.9,100,0.0,0.0,15.6
2025-12-14 00:00:00,6423.367,0.0,6423.367,8294.576,14.7,85,0.0,3.1,100,0.0,0.0,15.0
2025-12-14 01:00:00,6361.084,0.0,6361.084,8221.08,14.1,87,0.0,2.5,98,0.0,0.0,14.3
2025-12-14 02:00:00,6393.738,0.0,6393.738,8259.611,13.7,89,0.0,1.8,74,0.0,0.0,13.9
2025-12-14 03:00:00,6445.148,0.0,6445.148,8320.275,13.3,89,0.0,1.3,70,0.0,0.0,13.6
2025-12-14 04:00:00,6346.789,0.0,6346.789,8204.208,13.0,90,0.0,0.8,12,0.0,0.0,13.2
2025-12-14 05:00:00,10658.538,0.0,10658.538,13292.072,11.6,93,0.0,3.2,98,0.0,0.0,11.2
2025-12-14 06:00:00,12094.441,0.0,12094.441,14986.443,11.2,94,0.0,4.3,3,0.0,0.0,10.6
2025-12-14 07:00:00,12049.616,220.646,11828.97,14933.547,11.2,94,0.0,4.0,18,5.0,1.0,10.7
2025-12-14 08:00:00,11970.386,407.459,11562.928,14840.057,13.5,86,0.0,4.5,1,95.0,42.0,13.2
2025-12-14 09:00:00,12050.851,603.296,11447.557,14935.007,16.9,71,0.0,1.9,8,257.0,166.0,17.2
2025-12-14 10:00:00,11862.744999999999,722.013,11140.728000000001,14713.038,19.8,60,0.0,1.3,4,407.0,291.0,20.1
2025-12-14 11:00:00,10591.858,718.263,9873.592,13213.39,21.2,54,0.0,1.9,100,514.0,383.0,21.4
2025-12-14 12:00:00,10655.581,732.405,9923.175,13288.586,22.8,48,0.0,0.8,100,523.0,331.0,23.1
2025-12-14 13:00:00,10673.405,744.807,9928.601999999999,13309.62,23.7,43,0.0,0.4,98,503.0,307.0,23.8
2025-12-14 14:00:00,10555.767,649.2429999999999,9906.523,13170.803,24.2,41,0.0,0.5,83,442.0,277.0,24.1
2025-12-14 15:00:00,10727.267,536.195,10191.072,13373.174,24.2,40,0.0,1.2,66,335.0,222.0,23.9
2025-12-14 16:00:00,10632.569,377.853,10254.715,13261.429,23.4,51,0.0,1.0,100,173.0,90.0,24.1
2025-12-14 17:00:00,10575.205,195.018,10380.189,13193.743,21.1,60,0.0,2.2,100,31.0,2.0,21.7
2025-12-14 18:00:00,13984.219,0.0,13984.219,17216.378,20.2,60,0.0,3.1,100,0.0,0.0,20.5
2025-12-14 19:00:00,14057.609,0.0,14057.609,17302.979,19.4,62,0.0,3.6,100,0.0,0.0,19.4
2025-12-14 20:00:00,14095.307,0.0,14095.307,17347.463,18.8,65,0.0,3.1,100,0.0,0.0,19.0
2025-12-14 21:00:00,14189.751,0.0,14189.751,17458.908,18.3,68,0.0,1.7,100,0.0,0.0,18.7
2025-12-14 22:00:00,14027.188,0.0,14027.188,17267.081,17.9,69,0.0,0.6,92,0.0,0.0,18.5
2025-12-14 23:00:00,6466.207,0.0,6466.207,8345.122,17.4,71,0.0,0.2,100,0.0,0.0,18.0
2025-12-15 00:00:00,7352.963,0.0,7352.963,9391.498,16.3,75,0.0,0.9,100,0.0,0.0,16.7
2025-12-15 01:00:00,7367.019,0.0,7367.019,9408.082,14.8,81,0.0,3.1,100,0.0,0.0,14.8
2025-12-15 02:00:00,7454.979,0.0,7454.979,9511.878,13.6,88,0.0,5.2,98,0.0,0.0,13.3
2025-12-15 03:00:00,7433.255,0.0,7433.255,9486.242,12.6,93,0.0,5.8,91,0.0,0.0,12.2
2025-12-15 04:00:00,7257.715,0.0,7257.715,9279.102,12.0,95,0.0,5.0,75,0.0,0.0,11.6
2025-12-15 05:00:00,12172.121,0.0,12172.121,15078.103000000001,11.3,94,0.0,5.2,2,0.0,0.0,10.6
2025-12-15 06:00:00,13761.01,0.0,13761.01,16952.992,10.9,95,0.0,5.0,22,0.0,0.0,10.2
2025-12-15 07:00:00,13654.75,248.996,13405.755,16827.604,10.5,99,0.0,5.6,59,4.0,0.0,9.8
2025-12-15 08:00:00,13753.971,492.12,13261.854000000001,16944.686,11.5,97,0.0,6.3,100,79.0,25.0,10.8
2025-12-15 09:00:00,13732.156,681.929,13050.225,16918.944,13.8,87,0.0,6.0,100,204.0,87.0,13.4
2025-12-15 10:00:00,13640.094,798.519,12841.573,16810.311,16.1,76,0.0,4.3,20,355.0,192.0,16.0
2025-12-15 11:00:00,12172.164,833.003,11339.161,15078.155,19.4,63,0.0,5.4,0,510.0,368.0,19.3
2025-12-15 12:00:00,12409.942,859.558,11550.387999999999,15358.731,21.7,51,0.0,6.1,0,567.0,432.0,21.2
2025-12-15 13:00:00,12163.816,818.4499999999999,11345.364,15068.3,22.9,44,0.0,6.8,0,552.0,420.0,21.9
2025-12-15 14:00:00,12217.336000000001,754.49,11462.846,15131.455,23.3,46,0.0,7.4,0,473.0,350.0,22.5
2025-12-15 15:00:00,12165.216,620.865,11544.351999999999,15069.955,23.2,48,0.0,7.4,0,341.0,235.0,22.6
2025-12-15 16:00:00,12181.412,420.406,11761.003999999999,15089.065,22.4,50,0.0,7.1,0,179.0,102.0,21.8
2025-12-15 17:00:00,12328.024,232.784,12095.239,15262.068,19.9,57,0.0,5.1,0,37.0,14.0,19.5
2025-12-15 18:00:00,16027.326000000001,0.0,16027.326000000001,19627.243,19.1,60,0.0,4.8,0,0.0,0.0,18.7
2025-12-15 19:00:00,16120.498,0.0,16120.498,19737.186999999998,18.2,64,0.0,5.1,0,0.0,0.0,17.8
2025-12-15 20:00:00,16044.689,0.0,16044.689,19647.731,17.3,68,0.0,5.4,0,0.0,0.0,16.8
2025-12-15 21:00:00,16306.889,0.0,16306.889,19957.13,16.6,69,0.0,6.3,0,0.0,0.0,15.9
2025-12-15 22:00:00,16153.758,0.0,16153.758,19776.436,16.2,68,0.0,7.7,0,0.0,0.0,15.1
2025-12-15 23:00:00,7272.671,0.0,7272.671,9296.75,15.4,70,0.0,8.3,0,0.0,0.0,14.2
2025-12-16 00:00:00,7355.543,0.0,7355.543,9394.54,14.4,73,0.0,7.9,0,0.0,0.0,13.1
2025-12-16 01:00:00,7389.365,0.0,7389.365,9434.449,13.7,76,0.0,7.8,0,0.0,0.0,12.4
2025-12-16 02:00:00,7358.71,0.0,7358.71,9398.28,13.2,79,0.0,8.0,0,0.0,0.0,11.9
2025-12-16 03:00:00,7308.348,0.0,7308.348,9338.852,12.8,82,0.0,8.4,0,0.0,0.0,11.5
2025-12-16 04:00:00,7411.006,0.0,7411.006,9459.988,12.5,85,0.0,8.9,0,0.0,0.0,11.2
2025-12-16 05:00:00,12289.924,0.0,12289.924,15217.109,12.0,88,0.0,9.3,0,0.0,0.0,10.6
2025-12-16 06:00:00,13723.061,0.0,13723.061,16908.213,11.8,89,0.0,9.3,0,0.0,0.0,10.4
2025-12-16 07:00:00,13632.078,251.219,13380.859,16800.85,11.6,90,0.0,9.9,0,4.0,0.0,10.2
2025-12-16 08:00:00,13701.23,475.834,13225.398,16882.452,13.0,83,0.0,11.2,0,93.0,42.0,11.4
2025-12-16 09:00:00,13689.539999999999,685.423,13004.114,16868.656,15.2,73,0.0,9.3,0,254.0,161.0,13.9
2025-12-16 10:00:00,13766.621,870.881,12895.741,16959.611,17.8,62,0.0,10.3,0,406.0,291.0,16.4
2025-12-16 11:00:00,12263.897,861.457,11402.441,15186.401,20.0,56,0.0,11.0,0,516.0,388.0,18.7
2025-12-16 12:00:00,12051.963,846.321,11205.645,14936.318000000001,21.9,48,0.0,11.7,0,566.0,433.0,20.5
2025-12-16 13:00:00,12319.053,810.823,11508.23,15251.484,23.0,45,0.0,11.3,0,552.0,420.0,21.4
2025-12-16 14:00:00,12223.713,757.8190000000001,11465.893,15138.981,23.3,45,0.0,11.1,0,474.0,351.0,21.9
2025-12-16 15:00:00,12387.799,587.017,11800.78,15332.601999999999,23.1,48,0.0,11.5,2,342.0,236.0,21.8
2025-12-16 16:00:00,12373.014,427.132,11945.883,15315.158,22.2,52,0.0,11.1,0,180.0,103.0,21.2
2025-12-16 17:00:00,12285.544,225.63,12059.915,15211.939,20.5,60,0.0,7.9,6,38.0,14.0,20.1
2025-12-16 18:00:00,16222.497,0.0,16222.497,19857.546,19.6,64,0.0,8.1,2,0.0,0.0,19.2
2025-12-16 19:00:00,16200.523,0.0,16200.523,19831.617,18.8,67,0.0,8.6,0,0.0,0.0,18.3
2025-12-16 20:00:00,16125.496,0.0,16125.496,19743.084,18.1,69,0.0,8.9,0,0.0,0.0,17.5
2025-12-16 21:00:00,16135.796,0.0,16135.796,19755.238,17.3,71,0.0,9.0,1,0.0,0.0,16.6
2025-12-16 22:00:00,16220.162,0.0,16220.162,19854.791,16.6,74,0.0,8.9,16,0.0,0.0,15.9
2025-12-16 23:00:00,7360.814,0.0,7360.814,9400.762999999999,15.5,79,0.0,7.7,12,0.0,0.0,14.9
2025-12-17 00:00:00,7357.526,0.0,7357.526,9396.884,14.6,83,0.0,7.9,0,0.0,0.0,14.0
2025-12-17 01:00:00,7314.206,0.0,7314.206,9345.766,14.1,85,0.0,7.6,0,0.0,0.0,13.4
2025-12-17 02:00:00,7265.887,0.0,7265.887,9288.748,13.5,86,0.0,8.0,3,0.0,0.0,12.7
2025-12-17 03:00:00,7309.762000000001,0.0,7309.762000000001,9340.521,13.1,87,0.0,8.5,1,0.0,0.0,12.2
2025-12-17 04:00:00,7437.693,0.0,7437.693,9491.479,12.7,88,0.0,9.1,4,0.0,0.0,11.6
2025-12-17 05:00:00,12235.845,0.0,12235.845,15153.299,11.6,90,0.0,9.3,1,0.0,0.0,10.3
2025-12-17 06:00:00,13718.478,0.0,13718.478,16902.804,11.4,90,0.0,9.0,0,0.0,0.0,10.1
2025-12-17 07:00:00,13614.526,242.378,13372.147,16780.14,11.4,90,0.0,9.1,0,4.0,0.0,10.0
2025-12-17 08:00:00,13774.289999999999,502.968,13271.321,16968.663,12.9,82,0.0,10.5,0,91.0,41.0,11.3
2025-12-17 09:00:00,13519.236,685.144,12834.095,16667.7,15.2,71,0.0,8.7,0,250.0,157.0,14.0
2025-12-17 10:00:00,13743.662,861.981,12881.683,16932.524,17.8,62,0.0,8.9,0,402.0,286.0,16.6
2025-12-17 11:00:00,12227.834,764.134,11463.702,15143.844,19.9,57,0.0,9.3,0,512.0,384.0,18.9
2025-12-17 12:00:00,12218.808,883.43,11335.381,15133.195,21.8,51,0.0,9.2,0,562.0,428.0,20.9
2025-12-17 13:00:00,12290.995,808.363,11482.632,15218.374,23.1,47,0.0,9.1,0,548.0,416.0,22.1
2025-12-17 14:00:00,12205.272,739.606,11465.666,15117.221,23.8,45,0.0,8.7,0,472.0,348.0,22.8
2025-12-17 15:00:00,12253.572,608.57,11645.004,15174.215,23.7,46,0.0,8.2,0,341.0,235.0,22.8
2025-12-17 16:00:00,12292.0,427.23900000000003,11864.762,15219.562,22.8,50,0.0,7.6,0,180.0,103.0,22.3
2025-12-17 17:00:00,12242.699999999999,218.362,12024.339,15161.384,20.6,60,0.0,6.5,0,39.0,14.0,20.4
2025-12-17 18:00:00,16231.751,0.0,16231.751,19868.467,19.6,64,0.0,7.1,0,0.0,0.0,19.4
2025-12-17 19:00:00,16353.35,0.0,16353.35,20011.954999999998,18.9,65,0.0,7.4,0,0.0,0.0,18.5
2025-12-17 20:00:00,16217.452,0.0,16217.452,19851.595,18.1,66,0.0,6.9,0,0.0,0.0,17.6
2025-12-17 21:00:00,16071.127,0.0,16071.127,19678.928,17.1,69,0.0,6.5,0,0.0,0.0,16.5
2025-12-17 22:00:00,16042.772,0.0,16042.772,19645.469,16.1,72,0.0,5.7,0,0.0,0.0,15.6
2025-12-17 23:00:00,7442.166,0.0,7442.166,9496.756,14.9,78,0.0,5.2,0,0.0,0.0,14.4
2025-12-18 00:00:00,7435.243,0.0,7435.243,9488.585,14.4,79,0.0,5.3,0,0.0,0.0,13.8
2025-12-18 01:00:00,7450.302,0.0,7450.302,9506.356,13.4,85,0.0,4.7,4,0.0,0.0,13.0
2025-12-18 02:00:00,7230.437,0.0,7230.437,9246.914,12.8,87,0.0,4.4,80,0.0,0.0,12.3
2025-12-18 03:00:00,7342.142,0.0,7342.142,9378.728000000001,12.5,88,0.0,4.5,59,0.0,0.0,12.0
2025-12-18 04:00:00,7370.835999999999,0.0,7370.835999999999,9412.586,12.0,89,0.0,4.7,44,0.0,0.0,11.4
2025-12-18 05:00:00,12277.499,0.0,12277.499,15202.449,11.9,92,0.0,6.2,20,0.0,0.0,11.2
2025-12-18 06:00:00,13876.509,0.0,13876.509,17089.282,11.8,93,0.0,6.0,27,0.0,0.0,11.1
2025-12-18 07:00:00,13672.522,251.242,13421.278,16848.573,11.6,94,0.0,6.0,77,4.0,0.0,10.9
2025-12-18 08:00:00,13642.448,487.062,13155.386,16813.088,12.9,89,0.0,6.7,91,91.0,39.0,12.3
2025-12-18 09:00:00,13756.07,668.255,13087.813,16947.161,15.3,78,0.0,4.8,89,244.0,141.0,15.1
2025-12-18 10:00:00,13777.883,875.438,12902.447,16972.902,17.8,68,0.0,5.0,97,388.0,255.0,17.6
2025-12-18 11:00:00,12352.203,820.923,11531.280999999999,15290.598,19.3,61,0.0,5.5,99,498.0,354.0,19.0
2025-12-18 12:00:00,12204.583,851.981,11352.604,15116.407,21.0,52,0.0,5.7,100,537.0,369.0,20.4
2025-12-18 13:00:00,12251.902,812.781,11439.119999999999,15172.244,22.0,48,0.0,6.1,100,512.0,327.0,21.2
2025-12-18 14:00:00,12253.690999999999,719.95,11533.745,15174.36,22.5,47,0.0,7.0,100,433.0,259.0,21.7
2025-12-18 15:00:00,12162.46,575.736,11586.725,15066.703,22.4,49,0.0,8.3,96,317.0,178.0,21.4
2025-12-18 16:00:00,12232.883,429.68399999999997,11803.199,15149.801,21.6,53,0.0,7.8,42,175.0,89.0,20.9
2025-12-18 17:00:00,12383.955,230.972,12152.983,15328.067,19.3,62,0.0,5.1,100,39.0,14.0,19.1
2025-12-18 18:00:00,16243.368,0.0,16243.368,19882.174,18.2,69,0.0,4.9,100,0.0,0.0,18.2
2025-12-18 19:00:00,16171.059000000001,0.0,16171.059000000001,19796.851000000002,17.6,73,0.0,4.7,100,0.0,0.0,17.7
2025-12-18 20:00:00,16168.175,0.0,16168.175,19793.448,17.0,76,0.0,4.7,100,0.0,0.0,17.1
2025-12-18 21:00:00,16299.309000000001,0.0,16299.309000000001,19948.185,16.2,81,0.0,4.3,100,0.0,0.0,16.4
2025-12-18 22:00:00,16152.846,0.0,16152.846,19775.358,15.4,85,0.0,4.0,100,0.0,0.0,15.7
2025-12-18 23:00:00,7431.67,0.0,7431.67,9484.367,14.8,88,0.0,4.0,100,0.0,0.0,15.1
2025-12-19 00:00:00,7428.544,0.0,7428.544,9480.681,13.9,91,0.0,5.0,100,0.0,0.0,13.9
2025-12-19 01:00:00,7373.737,0.0,7373.737,9416.01,13.3,93,0.0,4.9,100,0.0,0.0,13.3
2025-12-19 02:00:00,7344.082,0.0,7344.082,9381.017,13.0,94,0.0,5.2,100,0.0,0.0,12.9
2025-12-19 03:00:00,7376.041,0.0,7376.041,9418.726999999999,12.9,94,0.0,6.2,100,0.0,0.0,12.6
2025-12-19 04:00:00,7400.063,0.0,7400.063,9447.074,12.4,95,0.0,6.8,100,0.0,0.0,11.9
2025-12-19 05:00:00,12251.576,0.0,12251.576,15171.859,11.7,96,0.0,7.7,100,0.0,0.0,10.9
2025-12-19 06:00:00,13800.315,0.0,13800.315,16999.371,11.2,97,0.0,6.3,99,0.0,0.0,10.5
2025-12-19 07:00:00,13766.257,251.898,13514.358,16959.183,11.2,97,0.0,6.0,69,3.0,0.0,10.6
2025-12-19 08:00:00,13740.523,518.821,13221.702,16928.814,12.1,95,0.0,6.4,98,74.0,20.0,11.6
2025-12-19 09:00:00,13849.324,677.07,13172.254,17057.203,13.6,92,0.0,4.5,98,186.0,64.0,13.6
2025-12-19 10:00:00,13727.773,809.345,12918.429,16913.774,16.2,78,0.0,4.0,63,344.0,181.0,16.4
2025-12-19 11:00:00,12260.548,843.454,11417.092,15182.446,18.0,66,0.0,5.5,92,503.0,353.0,17.7
2025-12-19 12:00:00,12328.968,883.049,11445.918,15263.182,20.0,55,0.0,7.0,99,563.0,419.0,19.2
2025-12-19 13:00:00,12164.106,781.689,11382.414999999999,15068.644,21.3,48,0.0,7.7,93,547.0,397.0,20.1
2025-12-19 14:00:00,12286.75,735.085,11551.663,15213.366,21.9,44,0.0,7.3,77,470.0,330.0,20.6
2025-12-19 15:00:00,12318.585,605.322,11713.265,15250.93,21.9,44,0.0,7.1,94,347.0,234.0,20.7
2025-12-19 16:00:00,12238.319,420.15,11818.17,15156.214,21.0,50,0.0,6.9,40,185.0,103.0,20.0
2025-12-19 17:00:00,12153.594000000001,212.966,11940.628999999999,15056.239,18.5,65,0.0,5.0,4,41.0,15.0,18.3
2025-12-19 18:00:00,16269.783,0.0,16269.783,19913.343,17.6,70,0.0,5.1,1,0.0,0.0,17.5
2025-12-19 19:00:00,16158.269,0.0,16158.269,19781.759,16.7,74,0.0,5.3,0,0.0,0.0,16.6
2025-12-19 20:00:00,16220.101,0.0,16220.101,19854.718,15.8,78,0.0,5.2,0,0.0,0.0,15.6
2025-12-19 21:00:00,16098.221,0.0,16098.221,19710.902,15.0,80,0.0,5.1,0,0.0,0.0,14.7
2025-12-19 22:00:00,16108.768,0.0,16108.768,19723.345999999998,14.2,83,0.0,4.8,0,0.0,0.0,13.9
2025-12-19 23:00:00,7322.565,0.0,7322.565,9355.627,13.5,85,0.0,5.2,0,0.0,0.0,13.0
2025-12-20 00:00:00,6361.592,0.0,6361.592,8221.679,12.7,86,0.0,5.1,0,0.0,0.0,12.0
2025-12-20 01:00:00,6392.028,0.0,6392.028,8257.594000000001,12.2,88,0.0,5.3,0,0.0,0.0,11.4
2025-12-20 02:00:00,6370.89,0.0,6370.89,8232.65,11.6,89,0.0,5.1,0,0.0,0.0,10.8
2025-12-20 03:00:00,6485.515,0.0,6485.515,8367.905999999999,11.1,90,0.0,5.1,0,0.0,0.0,10.3
2025-12-20 04:00:00,6380.147,0.0,6380.147,8243.573,10.7,92,0.0,5.2,0,0.0,0.0,9.7
2025-12-20 05:00:00,10721.797,0.0,10721.797,13366.718,9.7,97,0.0,4.3,5,0.0,0.0,8.9
2025-12-20 06:00:00,11993.724,0.0,11993.724,14867.595,9.6,98,0.0,3.4,34,0.0,0.0,8.9
2025-12-20 07:00:00,11991.834,208.596,11783.238,14865.365,9.5,99,0.0,3.0,99,3.0,0.0,8.9
2025-12-20 08:00:00,11935.153,396.021,11539.132,14798.477,10.7,95,0.0,2.1,98,74.0,23.0,10.3
2025-12-20 09:00:00,11939.473,593.722,11345.751,14803.579,13.7,83,0.0,0.6,7,204.0,84.0,13.8
2025-12-20 10:00:00,11956.125,767.5409999999999,11188.588,14823.233,17.0,68,0.0,1.3,24,363.0,213.0,17.2
2025-12-20 11:00:00,10670.431,746.541,9923.89,13306.109,18.7,60,0.0,3.4,100,498.0,363.0,18.5
2025-12-20 12:00:00,10784.803,772.168,10012.633,13441.068,20.3,54,0.0,3.0,100,544.0,395.0,20.0
2025-12-20 13:00:00,10668.895,734.666,9934.229,13304.298,21.2,50,0.0,2.2,99,515.0,344.0,21.0
2025-12-20 14:00:00,10651.514,635.5,10016.011,13283.785,21.8,48,0.0,1.1,98,445.0,297.0,21.7
2025-12-20 15:00:00,10603.437,539.923,10063.512,13227.053,21.8,48,0.0,1.3,95,318.0,186.0,21.7
2025-12-20 16:00:00,10746.559,393.83500000000004,10352.725,13395.94,21.2,51,0.0,2.5,95,173.0,89.0,21.0
2025-12-20 17:00:00,10722.859,184.439,10538.418,13367.973,18.1,73,0.0,3.1,90,39.0,12.0,18.6
2025-12-20 18:00:00,13956.574,0.0,13956.574,17183.756999999998,17.2,75,0.0,6.1,88,0.0,0.0,17.1
2025-12-20 19:00:00,13994.455,0.0,13994.455,17228.459,16.1,80,0.0,6.2,63,0.0,0.0,16.0
2025-12-20 20:00:00,14026.231,0.0,14026.231,17265.956,15.1,84,0.0,6.4,54,0.0,0.0,14.8
2025-12-20 21:00:00,14223.958999999999,0.0,14223.958999999999,17499.272,14.1,88,0.0,6.4,1,0.0,0.0,13.8
2025-12-20 22:00:00,13931.399,0.0,13931.399,17154.05,13.3,91,0.0,6.9,1,0.0,0.0,12.8
2025-12-20 23:00:00,6384.066,0.0,6384.066,8248.199,12.5,95,0.0,6.6,8,0.0,0.0,12.0
2025-12-21 00:00:00,6403.204,0.0,6403.204,8270.783,12.0,96,0.0,5.3,63,0.0,0.0,11.6
2025-12-21 01:00:00,6383.449,0.0,6383.449,8247.472,11.7,96,0.0,4.8,34,0.0,0.0,11.3
2025-12-21 02:00:00,6395.169,0.0,6395.169,8261.301,11.3,97,0.0,4.5,10,0.0,0.0,10.9
2025-12-21 03:00:00,6339.308,0.0,6339.308,8195.384,11.0,97,0.0,4.5,88,0.0,0.0,10.5
2025-12-21 04:00:00,6383.801,0.0,6383.801,8247.883,10.7,98,0.0,4.8,100,0.0,0.0,10.1
2025-12-21 05:00:00,10671.741,0.0,10671.741,13307.653,10.8,99,0.0,5.1,100,0.0,0.0,10.2
2025-12-21 06:00:00,11854.157000000001,0.0,11854.157000000001,14702.903,11.0,98,0.0,5.7,100,0.0,0.0,10.3
2025-12-21 07:00:00,12052.623,223.529,11829.092,14937.094000000001,11.1,98,0.0,6.0,100,2.0,0.0,10.5
2025-12-21 08:00:00,11921.805,401.001,11520.805,14782.734,11.5,98,0.0,5.5,100,51.0,4.0,11.0
2025-12-21 09:00:00,11934.582,596.323,11338.259,14797.806,12.9,91,0.0,5.5,100,147.0,21.0,12.6
2025-12-21 10:00:00,11994.899,704.8430000000001,11290.054,14868.98,15.1,81,0.0,5.1,100,298.0,103.0,14.9
2025-12-21 11:00:00,10604.634,731.837,9872.794,13228.467,16.2,75,0.0,4.0,100,433.0,226.0,16.2
2025-12-21 12:00:00,10681.813,779.276,9902.54,13319.541,18.1,67,0.0,3.8,100,502.0,313.0,18.1
2025-12-21 13:00:00,10595.661,741.136,9854.523,13217.880000000001,19.4,61,0.0,3.4,100,497.0,322.0,19.4
2025-12-21 14:00:00,10686.856,636.894,10049.962,13325.492,20.2,57,0.0,3.4,93,414.0,232.0,20.1
2025-12-21 15:00:00,10643.346,532.602,10110.74,13274.146,20.4,56,0.0,3.6,50,318.0,192.0,20.2
2025-12-21 16:00:00,10642.748,374.382,10268.365,13273.444,19.8,59,0.0,4.0,13,174.0,94.0,19.7
2025-12-21 17:00:00,10724.74,191.914,10532.827,13370.194,16.6,78,0.0,3.2,15,39.0,14.0,17.0
2025-12-21 18:00:00,14108.819,0.0,14108.819,17363.408,16.0,80,0.0,3.3,21,0.0,0.0,16.3
2025-12-21 19:00:00,14109.464,0.0,14109.464,17364.168999999998,15.3,84,0.0,3.1,36,0.0,0.0,15.7
2025-12-21 20:00:00,13995.217,0.0,13995.217,17229.354,14.8,87,0.0,3.3,6,0.0,0.0,15.1
2025-12-21 21:00:00,14122.518,0.0,14122.518,17379.572,14.4,88,0.0,2.3,52,0.0,0.0,14.8
2025-12-21 22:00:00,14090.26,0.0,14090.26,17341.510000000002,13.8,91,0.0,3.7,19,0.0,0.0,13.9
2025-12-21 23:00:00,6369.199,0.0,6369.199,8230.653,13.3,93,0.0,4.5,69,0.0,0.0,13.3
2025-12-22 00:00:00,7373.593,0.0,7373.593,9415.838,12.6,95,0.0,4.1,68,0.0,0.0,12.6
2025-12-22 01:00:00,7336.235,0.0,7336.235,9371.755,12.2,96,0.0,3.9,81,0.0,0.0,12.1
2025-12-22 02:00:00,7271.063,0.0,7271.063,9294.857,11.7,98,0.0,4.0,21,0.0,0.0,11.5
2025-12-22 03:00:00,7476.678,0.0,7476.678,9537.482,11.4,100,0.0,3.5,100,0.0,0.0,11.3
2025-12-22 04:00:00,7411.255,0.0,7411.255,9460.282,11.4,100,0.0,2.9,100,0.0,0.0,11.3
2025-12-22 05:00:00,12292.478000000001,0.0,12292.478000000001,15220.126,11.8,99,0.0,5.2,100,0.0,0.0,11.5
2025-12-22 06:00:00,13792.607,0.0,13792.607,16990.278,11.9,100,0.0,4.2,100,0.0,0.0,11.8
2025-12-22 07:00:00,13836.744,267.11,13569.636,17042.358,11.9,99,0.0,3.6,100,1.0,0.0,11.9
2025-12-22 08:00:00,13729.171,462.263,13266.907000000001,16915.423,12.1,98,0.0,3.9,100,38.0,3.0,12.1
2025-12-22 09:00:00,13822.261,705.198,13117.061,17025.268,13.0,94,0.0,4.7,100,126.0,22.0,13.0
2025-12-22 10:00:00,13844.648000000001,853.739,12990.907,17051.685,15.1,83,0.0,3.1,42,243.0,57.0,15.3
2025-12-22 11:00:00,12133.012,825.914,11307.099,15031.955,16.1,79,0.0,0.6,44,388.0,156.0,16.7
2025-12-22 12:00:00,12324.749,872.504,11452.244,15258.204,18.3,71,0.0,1.6,30,521.0,350.0,19.0
2025-12-22 13:00:00,12447.754,816.641,11631.117,15403.351,19.9,63,0.0,2.7,0,529.0,387.0,20.3
2025-12-22 14:00:00,12169.525,699.709,11469.818,15075.041,21.0,57,0.0,3.5,0,463.0,339.0,21.1
2025-12-22 15:00:00,12387.377,586.493,11800.885,15332.100999999999,21.3,55,0.0,3.0,0,337.0,230.0,21.4
2025-12-22 16:00:00,12210.762,428.35,11782.411,15123.698,20.8,60,0.0,2.0,0,181.0,103.0,21.4
2025-12-22 17:00:00,12112.189,210.667,11901.525,15007.384,19.1,68,0.0,1.3,0,41.0,15.0,19.8
2025-12-22 18:00:00,16304.248,0.0,16304.248,19954.011,17.9,73,0.0,2.7,0,0.0,0.0,18.5
2025-12-22 19:00:00,15953.189,0.0,15953.189,19539.764,17.1,77,0.0,3.1,0,0.0,0.0,17.6
2025-12-22 20:00:00,16263.144,0.0,16263.144,19905.511,16.4,80,0.0,4.3,0,0.0,0.0,16.7
2025-12-22 21:00:00,16185.036,0.0,16185.036,19813.342,15.9,82,0.0,3.5,0,0.0,0.0,16.3
2025-12-22 22:00:00,16168.591,0.0,16168.591,19793.939000000002,15.4,84,0.0,2.5,0,0.0,0.0,15.9
2025-12-22 23:00:00,7439.579,0.0,7439.579,9493.701000000001,14.6,89,0.0,3.2,0,0.0,0.0,15.0
2025-12-23 00:00:00,7410.738,0.0,7410.738,9459.669,13.5,94,0.0,3.4,1,0.0,0.0,13.7
2025-12-23 01:00:00,7326.58,0.0,7326.58,9360.366,12.9,96,0.0,4.3,32,0.0,0.0,13.0
2025-12-23 02:00:00,7287.2570000000005,0.0,7287.2570000000005,9313.965,12.7,97,0.0,4.3,53,0.0,0.0,12.7
2025-12-23 03:00:00,7291.857,0.0,7291.857,9319.392,12.4,98,0.0,5.7,69,0.0,0.0,12.2
2025-12-23 04:00:00,7332.393,0.0,7332.393,9367.223,12.4,98,0.0,7.2,81,0.0,0.0,12.0
2025-12-23 05:00:00,12290.82,0.0,12290.82,15218.17,11.7,98,0.0,8.7,100,0.0,0.0,10.9
2025-12-23 06:00:00,13750.503,0.0,13750.503,16940.596,11.6,98,0.0,8.2,100,0.0,0.0,10.7
2025-12-23 07:00:00,13559.498,245.509,13313.991,16715.207,11.7,97,0.0,8.3,100,2.0,0.0,10.8
2025-12-23 08:00:00,13750.86,479.707,13271.154,16941.014,12.6,96,0.0,9.1,100,52.0,7.0,11.9
2025-12-23 09:00:00,13830.155,659.853,13170.303,17034.584,14.1,93,0.0,7.1,91,171.0,44.0,14.0
2025-12-23 10:00:00,13929.171,863.8629999999999,13065.307,17151.423,16.8,79,0.0,6.8,7,347.0,199.0,16.7
2025-12-23 11:00:00,12332.634,834.52,11498.115,15267.509,19.0,69,0.0,7.4,2,497.0,363.0,18.9
2025-12-23 12:00:00,12329.971,880.438,11449.532,15264.367,21.0,61,0.0,7.6,0,552.0,415.0,20.9
2025-12-23 13:00:00,12391.748,880.622,11511.125,15337.262,22.4,57,0.0,8.4,0,544.0,410.0,22.2
2025-12-23 14:00:00,12212.683,789.876,11422.806,15125.967,23.1,53,0.0,9.5,0,471.0,346.0,22.6
2025-12-23 15:00:00,12216.943,562.546,11654.397,15130.993,22.9,54,0.0,9.9,0,344.0,236.0,22.4
2025-12-23 16:00:00,12318.688,424.047,11894.637,15251.048999999999,22.0,59,0.0,9.3,0,186.0,106.0,21.8
2025-12-23 17:00:00,12214.793,228.521,11986.27,15128.452000000001,20.5,65,0.0,7.8,0,43.0,16.0,20.5
2025-12-23 18:00:00,15976.527,0.0,15976.527,19567.302,19.4,71,0.0,8.2,0,0.0,0.0,19.4
2025-12-23 19:00:00,16161.956,0.0,16161.956,19786.109,18.3,76,0.0,8.9,0,0.0,0.0,18.3
2025-12-23 20:00:00,16035.506,0.0,16035.506,19636.894,17.4,78,0.0,9.2,0,0.0,0.0,17.1
2025-12-23 21:00:00,15975.113,0.0,15975.113,19565.631,16.6,80,0.0,9.3,0,0.0,0.0,16.2
2025-12-23 22:00:00,16244.095,0.0,16244.095,19883.033,15.9,82,0.0,9.9,0,0.0,0.0,15.3
2025-12-23 23:00:00,7397.196,0.0,7397.196,9443.690999999999,15.2,84,0.0,10.4,0,0.0,0.0,14.4
2025-12-24 00:00:00,7312.265,0.0,7312.265,9343.472,14.5,87,0.0,10.2,0,0.0,0.0,13.7
2025-12-24 01:00:00,7356.146000000001,0.0,7356.146000000001,9395.254,14.1,88,0.0,9.8,0,0.0,0.0,13.3
2025-12-24 02:00:00,7320.141,0.0,7320.141,9352.768,13.7,89,0.0,9.8,0,0.0,0.0,12.9
2025-12-24 03:00:00,7349.352,0.0,7349.352,9387.236,13.4,90,0.0,9.6,0,0.0,0.0,12.5
2025-12-24 04:00:00,7347.05,0.0,7347.05,9384.517,12.9,90,0.0,9.2,0,0.0,0.0,12.0
2025-12-24 05:00:00,12247.428,0.0,12247.428,15166.964,12.5,91,0.0,9.6,0,0.0,0.0,11.4
2025-12-24 06:00:00,13674.011999999999,0.0,13674.011999999999,16850.335,11.9,90,0.0,9.6,0,0.0,0.0,10.6
2025-12-24 07:00:00,13648.348,245.5,13402.85,16820.049,11.6,90,0.0,9.6,0,2.0,0.0,10.2
2025-12-24 08:00:00,13698.318,491.723,13206.593,16879.016,12.6,84,0.0,9.7,0,84.0,37.0,11.2
2025-12-24 09:00:00,13575.351,663.192,12912.159,16733.916,14.6,75,0.0,8.6,0,245.0,152.0,13.3
2025-12-24 10:00:00,13694.49,821.107,12873.383,16874.499,16.7,67,0.0,8.8,0,400.0,283.0,15.5
2025-12-24 11:00:00,12199.507,809.028,11390.478,15110.419,18.9,60,0.0,10.4,0,514.0,384.0,17.6
2025-12-24 12:00:00,12300.544,865.895,11434.648000000001,15229.64,20.4,45,0.0,12.1,0,569.0,434.0,18.3
2025-12-24 13:00:00,12278.778,876.744,11402.034,15203.960000000001,21.0,41,0.0,11.8,0,559.0,425.0,18.6
2025-12-24 14:00:00,12258.205,730.345,11527.861,15179.684,21.1,40,0.0,11.6,0,485.0,359.0,18.7
2025-12-24 15:00:00,12375.886,617.415,11758.472,15318.546,20.8,42,0.0,11.7,0,356.0,247.0,18.3
2025-12-24 16:00:00,12164.751,416.18,11748.569,15069.404999999999,20.0,44,0.0,10.9,0,193.0,112.0,17.7
2025-12-24 17:00:00,12424.191,234.918,12189.272,15375.543,18.6,50,0.0,7.2,0,45.0,17.0,17.0
2025-12-24 18:00:00,16202.143,0.0,16202.143,19833.529,17.5,57,0.0,5.5,0,0.0,0.0,16.4
2025-12-24 19:00:00,16218.798,0.0,16218.798,19853.181,16.3,64,0.0,4.6,0,0.0,0.0,15.5
2025-12-24 20:00:00,15997.06,0.0,15997.06,19591.532,15.5,67,0.0,4.9,0,0.0,0.0,14.6
2025-12-24 21:00:00,16151.328,0.0,16151.328,19773.568,14.7,68,0.0,5.4,0,0.0,0.0,13.6
2025-12-24 22:00:00,16126.521,0.0,16126.521,19744.295000000002,14.1,69,0.0,5.8,0,0.0,0.0,12.8
2025-12-24 23:00:00,7417.688,0.0,7417.688,9467.869,13.0,74,0.0,5.4,0,0.0,0.0,11.8
2025-12-25 00:00:00,7351.958,0.0,7351.958,9390.311,12.3,75,0.0,5.4,0,0.0,0.0,11.0
2025-12-25 01:00:00,7397.641,0.0,7397.641,9444.22,11.9,75,0.0,6.0,0,0.0,0.0,10.4
2025-12-25 02:00:00,7357.771000000001,0.0,7357.771000000001,9397.17,11.3,76,0.0,6.5,0,0.0,0.0,9.7
2025-12-25 03:00:00,7362.062,0.0,7362.062,9402.229,10.8,77,0.0,6.6,0,0.0,0.0,9.0
2025-12-25 04:00:00,7341.124,0.0,7341.124,9377.527,10.2,78,0.0,6.9,0,0.0,0.0,8.3
2025-12-25 05:00:00,12160.422,0.0,12160.422,15064.296,9.8,82,0.0,7.8,0,0.0,0.0,7.8
2025-12-25 06:00:00,13758.124,0.0,13758.124,16949.586,9.4,82,0.0,7.1,0,0.0,0.0,7.5
2025-12-25 07:00:00,13644.289,240.626,13403.663,16815.260000000002,9.3,81,0.0,7.5,0,2.0,0.0,7.2
2025-12-25 08:00:00,13614.411,477.298,13137.116,16780.007,10.7,74,0.0,8.0,0,83.0,36.0,8.5
2025-12-25 09:00:00,13690.16,668.141,13022.016,16869.387,13.1,64,0.0,4.5,0,243.0,152.0,11.6
2025-12-25 10:00:00,13802.314,847.735,12954.578,17001.73,15.9,53,0.0,4.0,0,400.0,285.0,14.4
2025-12-25 11:00:00,12280.784,810.39,11470.392,15206.324999999999,18.5,46,0.0,5.2,0,515.0,387.0,16.9
2025-12-25 12:00:00,12138.067000000001,821.02,11317.045,15037.919,19.9,43,0.0,5.8,0,569.0,434.0,18.3
2025-12-25 13:00:00,12305.132,807.781,11497.349,15235.057,20.7,40,0.0,6.7,0,559.0,426.0,18.8
2025-12-25 14:00:00,12300.818,745.183,11555.637,15229.966,21.0,38,0.0,6.7,0,486.0,362.0,19.0
2025-12-25 15:00:00,12198.386,602.561,11595.824,15109.096,20.8,39,0.0,6.5,13,358.0,250.0,18.9
2025-12-25 16:00:00,12238.918,437.419,11801.498,15156.924,19.9,45,0.0,4.7,15,195.0,115.0,18.5
2025-12-25 17:00:00,12256.375,227.168,12029.207,15177.523000000001,17.9,54,0.0,4.4,15,46.0,18.0,16.8
2025-12-25 18:00:00,16201.155999999999,0.0,16201.155999999999,19832.363,17.1,57,0.0,4.7,98,0.0,0.0,16.0
2025-12-25 19:00:00,16021.976,0.0,16021.976,19620.929,16.0,65,0.0,4.1,100,0.0,0.0,15.2
2025-12-25 20:00:00,16101.214,0.0,16101.214,19714.431,15.2,69,0.0,3.8,100,0.0,0.0,14.5
2025-12-25 21:00:00,16398.308,0.0,16398.308,20065.001,14.6,73,0.0,3.0,100,0.0,0.0,14.1
2025-12-25 22:00:00,16329.611,0.0,16329.611,19983.942,14.1,75,0.0,2.2,100,0.0,0.0,13.7
2025-12-25 23:00:00,7392.635,0.0,7392.635,9438.31,13.2,79,0.0,2.1,98,0.0,0.0,12.8
2025-12-26 00:00:00,7367.102,0.0,7367.102,9408.18,12.9,79,0.0,1.5,100,0.0,0.0,12.4
2025-12-26 01:00:00,7321.751,0.0,7321.751,9354.666,12.6,79,0.0,1.3,98,0.0,0.0,12.2
2025-12-26 02:00:00,7337.852,0.0,7337.852,9373.667,11.9,82,0.0,2.3,99,0.0,0.0,11.2
2025-12-26 03:00:00,7344.761,0.0,7344.761,9381.82,11.3,83,0.0,2.8,100,0.0,0.0,10.5
2025-12-26 04:00:00,7220.166,0.0,7220.166,9234.797,10.7,85,0.0,4.3,100,0.0,0.0,9.6
2025-12-26 05:00:00,12416.651,0.0,12416.651,15366.65,10.4,87,0.0,4.7,100,0.0,0.0,9.3
2025-12-26 06:00:00,13933.135,0.0,13933.135,17156.099,10.1,87,0.0,4.3,100,0.0,0.0,8.9
2025-12-26 07:00:00,13768.97,246.24,13522.728000000001,16962.383,9.9,86,0.0,3.4,100,2.0,0.0,8.8
2025-12-26 08:00:00,13788.499,469.231,13319.269,16985.428,11.3,79,0.0,3.3,100,59.0,2.0,10.2
2025-12-26 09:00:00,13921.745,708.2919999999999,13213.453000000001,17142.659,13.7,68,0.0,2.3,99,200.0,55.0,12.8
2025-12-26 10:00:00,13646.607,799.936,12846.672,16817.995,16.3,58,0.0,3.0,100,347.0,161.0,15.3
2025-12-26 11:00:00,12280.969,771.297,11509.673,15206.545,18.3,52,0.0,5.9,90,438.0,218.0,17.0
2025-12-26 12:00:00,12243.171,860.523,11382.649,15161.942,19.8,43,0.0,7.5,7,497.0,281.0,17.9
2025-12-26 13:00:00,12284.422,842.736,11441.68,15210.616,20.7,39,0.0,7.6,0,555.0,421.0,18.7
2025-12-26 14:00:00,12167.986,725.472,11442.515,15073.223,21.1,38,0.0,8.4,40,482.0,357.0,18.9
2025-12-26 15:00:00,12246.942000000001,607.66,11639.285,15166.393,20.8,40,0.0,8.4,73,352.0,241.0,18.7
2025-12-26 16:00:00,12265.512,448.35,11817.164,15188.306,20.0,44,0.0,8.2,99,191.0,108.0,18.1
2025-12-26 17:00:00,12120.959,221.304,11899.654,15017.733,18.6,51,0.0,6.0,100,43.0,9.0,17.3
2025-12-26 18:00:00,16253.401,0.0,16253.401,19894.013,17.7,59,0.0,3.9,89,0.0,0.0,17.0
2025-12-26 19:00:00,16267.802,0.0,16267.802,19911.005999999998,16.7,65,0.0,4.2,52,0.0,0.0,16.1
2025-12-26 20:00:00,16023.601,0.0,16023.601,19622.846,16.0,69,0.0,4.6,0,0.0,0.0,15.4
2025-12-26 21:00:00,16281.366,0.0,16281.366,19927.013,15.2,73,0.0,4.6,0,0.0,0.0,14.6
2025-12-26 22:00:00,16131.442,0.0,16131.442,19750.103,14.5,77,0.0,4.5,91,0.0,0.0,13.9
2025-12-26 23:00:00,7338.879,0.0,7338.879,9374.877,13.9,81,0.0,4.8,99,0.0,0.0,13.4
2025-12-27 00:00:00,6419.294,0.0,6419.294,8289.767,12.8,85,0.0,5.1,37,0.0,0.0,12.1
2025-12-27 01:00:00,6422.856,0.0,6422.856,8293.97,12.2,87,0.0,4.4,97,0.0,0.0,11.6
2025-12-27 02:00:00,6411.668,0.0,6411.668,8280.769,11.8,89,0.0,4.9,91,0.0,0.0,11.1
2025-12-27 03:00:00,6407.57,0.0,6407.57,8275.932,11.2,92,0.0,5.1,0,0.0,0.0,10.4
2025-12-27 04:00:00,6335.29,0.0,6335.29,8190.643,10.6,95,0.0,5.1,98,0.0,0.0,9.8
2025-12-27 05:00:00,10659.632,0.0,10659.632,13293.366,10.1,98,0.0,5.4,50,0.0,0.0,9.3
2025-12-27 06:00:00,11989.616,0.0,11989.616,14862.744999999999,9.8,98,0.0,5.4,99,0.0,0.0,8.8
2025-12-27 07:00:00,11810.766,210.816,11599.95,14651.704,9.7,98,0.0,5.2,100,2.0,0.0,8.8
2025-12-27 08:00:00,11901.589,398.492,11503.097,14758.876,10.7,94,0.0,5.6,100,60.0,6.0,9.8
2025-12-27 09:00:00,12006.721,606.566,11400.158,14882.934000000001,12.5,86,0.0,4.4,99,186.0,59.0,11.9
2025-12-27 10:00:00,12053.226,763.644,11289.579,14937.807,15.1,73,0.0,4.4,100,316.0,138.0,14.5
2025-12-27 11:00:00,10770.659,750.814,10019.845,13424.378,17.3,65,0.0,5.2,99,448.0,259.0,16.8
2025-12-27 12:00:00,10669.874,748.738,9921.137,13305.451,19.1,56,0.0,6.1,95,527.0,345.0,18.2
2025-12-27 13:00:00,10832.22,768.627,10063.596,13497.021999999999,20.0,52,0.0,6.4,80,516.0,329.0,19.1
2025-12-27 14:00:00,10698.652,625.255,10073.398,13339.408,20.5,51,0.0,6.8,82,436.0,257.0,19.5
2025-12-27 15:00:00,10705.257,536.641,10168.617,13347.202,20.5,50,0.0,7.6,42,332.0,193.0,19.3
2025-12-27 16:00:00,10726.736,391.214,10335.523,13372.548999999999,19.8,54,0.0,7.5,82,186.0,95.0,18.7
2025-12-27 17:00:00,10669.658,192.83700000000002,10476.821,13305.196,18.2,66,0.0,4.0,85,45.0,13.0,18.1
2025-12-27 18:00:00,14163.428,0.0,14163.428,17427.845,17.6,67,0.0,4.1,99,0.0,0.0,17.4
2025-12-27 19:00:00,14210.062,0.0,14210.062,17482.875,16.9,71,0.0,3.9,73,0.0,0.0,16.8
2025-12-27 20:00:00,13895.887,0.0,13895.887,17112.146,16.3,75,0.0,3.0,9,0.0,0.0,16.4
2025-12-27 21:00:00,14159.075,0.0,14159.075,17422.708,15.5,77,0.0,2.7,1,0.0,0.0,15.5
2025-12-27 22:00:00,13958.68,0.0,13958.68,17186.245,14.9,79,0.0,1.4,0,0.0,0.0,15.1
2025-12-27 23:00:00,6444.246,0.0,6444.246,8319.213,13.8,85,0.0,2.4,73,0.0,0.0,13.9
2025-12-28 00:00:00,6386.016,0.0,6386.016,8250.498,12.9,88,0.0,3.8,21,0.0,0.0,12.6
2025-12-28 01:00:00,6348.107,0.0,6348.107,8205.768,12.1,91,0.0,4.5,0,0.0,0.0,11.6
2025-12-28 02:00:00,6353.384,0.0,6353.384,8211.99,11.5,92,0.0,4.7,0,0.0,0.0,10.9
2025-12-28 03:00:00,6338.877,0.0,6338.877,8194.876,10.9,94,0.0,4.7,0,0.0,0.0,10.2
2025-12-28 04:00:00,6401.929,0.0,6401.929,8269.275,10.1,95,0.0,4.2,0,0.0,0.0,9.3
2025-12-28 05:00:00,10754.549,0.0,10754.549,13405.366,9.6,97,0.0,4.5,10,0.0,0.0,8.7
2025-12-28 06:00:00,11988.411,0.0,11988.411,14861.324,9.6,97,0.0,4.3,39,0.0,0.0,8.7
2025-12-28 07:00:00,11836.035,217.73,11618.307,14681.522,9.4,99,0.0,4.7,56,2.0,0.0,8.4
2025-12-28 08:00:00,11979.433,421.29,11558.145,14850.732,10.1,96,0.0,4.9,100,65.0,15.0,9.2
2025-12-28 09:00:00,11958.665,571.8910000000001,11386.776,14826.225,11.9,89,0.0,4.2,96,184.0,61.0,11.4
2025-12-28 10:00:00,11924.055,707.003,11217.051,14785.384,15.2,74,0.0,3.8,68,358.0,189.0,14.8
2025-12-28 11:00:00,10815.433,761.398,10054.033,13477.211,17.7,64,0.0,5.6,48,518.0,395.0,17.0
2025-12-28 12:00:00,10689.436,721.765,9967.672,13328.537,19.1,56,0.0,6.3,0,567.0,430.0,18.4
2025-12-28 13:00:00,10733.824,708.239,10025.583,13380.911,20.1,52,0.0,6.2,0,561.0,428.0,19.2
2025-12-28 14:00:00,10686.357,658.465,10027.893,13324.901,20.5,50,0.0,5.9,0,489.0,363.0,19.5
2025-12-28 15:00:00,10847.592,543.44,10304.153,13515.157000000001,20.4,50,0.0,5.0,12,361.0,252.0,19.6
2025-12-28 16:00:00,10685.901,369.65700000000004,10316.242,13324.363,19.8,55,0.0,5.6,0,199.0,117.0,19.1
2025-12-28 17:00:00,10723.146,190.22899999999998,10532.917,13368.311,18.0,64,0.0,4.5,41,49.0,19.0,17.7
2025-12-28 18:00:00,14121.024,0.0,14121.024,17377.809,17.0,71,0.0,3.7,30,0.0,0.0,17.0
2025-12-28 19:00:00,14023.376,0.0,14023.376,17262.582,16.7,73,0.0,2.3,95,0.0,0.0,16.9
2025-12-28 20:00:00,14322.768,0.0,14322.768,17615.866,15.8,76,0.0,2.9,100,0.0,0.0,15.9
2025-12-28 21:00:00,14272.748,0.0,14272.748,17556.841,14.9,81,0.0,3.1,93,0.0,0.0,15.0
2025-12-28 22:00:00,14161.92,0.0,14161.92,17426.067,14.1,85,0.0,2.3,2,0.0,0.0,14.3
2025-12-28 23:00:00,6536.398,0.0,6536.398,8427.951,13.3,89,0.0,1.2,76,0.0,0.0,13.6
2025-12-29 00:00:00,7327.0380000000005,0.0,7327.0380000000005,9360.904,13.0,89,0.0,0.3,41,0.0,0.0,13.4
2025-12-29 01:00:00,7316.956,0.0,7316.956,9349.01,12.7,91,0.0,0.2,15,0.0,0.0,13.0
2025-12-29 02:00:00,7483.722,0.0,7483.722,9545.791,11.4,98,0.0,0.4,16,0.0,0.0,11.7
2025-12-29 03:00:00,7449.448,0.0,7449.448,9505.348,11.1,99,0.0,1.9,100,0.0,0.0,11.0
2025-12-29 04:00:00,7404.2,0.0,7404.2,9451.955,11.0,99,0.0,3.4,100,0.0,0.0,10.7
2025-12-29 05:00:00,12290.172,0.0,12290.172,15217.403,10.6,98,0.0,3.9,100,0.0,0.0,10.1
2025-12-29 06:00:00,13775.902,0.0,13775.902,16970.565,10.6,97,0.0,3.8,100,0.0,0.0,10.1
2025-12-29 07:00:00,13645.743999999999,250.51,13395.233,16816.977,10.7,95,0.0,3.1,100,1.0,0.0,10.2
2025-12-29 08:00:00,13785.267,483.41,13301.856,16981.614,10.9,95,0.0,3.2,100,43.0,4.0,10.5
2025-12-29 09:00:00,13832.675,681.535,13151.14,17037.557,11.6,96,0.0,3.4,100,135.0,20.0,11.4
2025-12-29 10:00:00,13780.841,783.7860000000001,12997.056,16976.392,13.4,86,0.0,2.4,72,215.0,33.0,13.4
2025-12-29 11:00:00,12330.85,800.189,11530.664,15265.404,15.3,77,0.0,4.1,48,373.0,120.0,15.1
2025-12-29 12:00:00,12295.552,883.295,11412.255,15223.748,17.5,65,0.0,4.9,28,528.0,348.0,17.0
2025-12-29 13:00:00,12432.268,835.185,11597.083,15385.075,18.9,53,0.0,5.5,3,551.0,404.0,17.9
2025-12-29 14:00:00,12290.186,776.305,11513.882,15217.422,19.8,46,0.0,5.6,0,487.0,361.0,18.4
2025-12-29 15:00:00,12245.386,613.451,11631.932,15164.555,19.9,44,0.0,5.6,0,361.0,252.0,18.4
2025-12-29 16:00:00,12156.497,411.713,11744.782,15059.665,19.2,49,0.0,5.6,0,200.0,119.0,17.9
2025-12-29 17:00:00,12163.098,221.653,11941.444,15067.457,16.8,66,0.0,4.0,0,50.0,20.0,16.3
2025-12-29 18:00:00,16194.816,0.0,16194.816,19824.88,15.7,73,0.0,3.8,0,0.0,0.0,15.3
2025-12-29 19:00:00,16267.019,0.0,16267.019,19910.083,15.0,78,0.0,3.6,0,0.0,0.0,14.8
2025-12-29 20:00:00,16129.476,0.0,16129.476,19747.782,14.4,81,0.0,3.4,0,0.0,0.0,14.2
2025-12-29 21:00:00,16362.291,0.0,16362.291,20022.504,13.7,84,0.0,2.5,0,0.0,0.0,13.6
2025-12-29 22:00:00,16031.694,0.0,16031.694,19632.399,12.9,87,0.0,2.1,88,0.0,0.0,12.8
2025-12-29 23:00:00,7425.64,0.0,7425.64,9477.258,12.0,92,0.0,3.2,97,0.0,0.0,11.8
2025-12-30 00:00:00,7421.65,0.0,7421.65,9472.548,11.2,96,0.0,3.2,89,0.0,0.0,10.9
2025-12-30 01:00:00,7405.276,0.0,7405.276,9453.224,10.7,98,0.0,2.9,57,0.0,0.0,10.4
2025-12-30 02:00:00,7375.509,0.0,7375.509,9418.101999999999,10.6,97,0.0,2.6,82,0.0,0.0,10.2
2025-12-30 03:00:00,7290.557,0.0,7290.557,9317.857,10.4,99,0.0,3.3,99,0.0,0.0,9.9
2025-12-30 04:00:00,7317.996,0.0,7317.996,9350.237,9.8,99,0.0,5.0,100,0.0,0.0,9.0
2025-12-30 05:00:00,12204.768,0.0,12204.768,15116.625,9.8,99,0.0,4.4,100,0.0,0.0,9.1
2025-12-30 06:00:00,13682.414999999999,0.0,13682.414999999999,16860.249,9.7,99,0.0,4.2,100,0.0,0.0,9.0
2025-12-30 07:00:00,13847.174,247.775,13599.397,17054.664,9.7,99,0.0,4.4,100,1.0,0.0,8.9
2025-12-30 08:00:00,13743.217,475.039,13268.176,16931.999,10.0,98,0.0,4.1,100,46.0,4.0,9.2
2025-12-30 09:00:00,13934.042,690.628,13243.412,17157.169,10.9,97,0.0,4.7,100,147.0,29.0,10.3
2025-12-30 10:00:00,13912.069,834.4639999999999,13077.606,17131.242,13.8,80,0.0,3.6,11,291.0,82.0,13.4
2025-12-30 11:00:00,12162.469,832.085,11330.386,15066.714,16.7,67,0.0,5.0,77,511.0,376.0,16.0
2025-12-30 12:00:00,12173.744999999999,840.8340000000001,11332.914,15080.02,18.6,56,0.0,6.0,4,538.0,361.0,17.6
2025-12-30 13:00:00,12223.312,847.131,11376.181,15138.509,19.9,47,0.0,6.5,0,560.0,428.0,18.5
2025-12-30 14:00:00,12275.515,726.968,11548.543,15200.106,20.4,46,0.0,7.2,0,491.0,367.0,18.9
2025-12-30 15:00:00,12348.246,627.224,11721.022,15285.929,20.4,45,0.0,7.6,0,365.0,258.0,18.8
2025-12-30 16:00:00,12356.706,426.954,11929.749,15295.912,19.6,52,0.0,7.4,0,204.0,124.0,18.4
2025-12-30 17:00:00,12079.951,218.778,11861.176,14969.343,17.9,62,0.0,5.0,0,52.0,22.0,17.3
2025-12-30 18:00:00,16460.011,0.0,16460.011,20137.811999999998,16.7,69,0.0,4.8,0,0.0,0.0,16.3
2025-12-30 19:00:00,16259.438,0.0,16259.438,19901.138,15.9,72,0.0,4.8,0,0.0,0.0,15.5
2025-12-30 20:00:00,16127.224,0.0,16127.224,19745.124,15.3,74,0.0,4.8,0,0.0,0.0,14.8
2025-12-30 21:00:00,16205.923,0.0,16205.923,19837.989,14.8,76,0.0,3.5,0,0.0,0.0,14.4
2025-12-30 22:00:00,16097.842,0.0,16097.842,19710.455,14.2,78,0.0,3.1,0,0.0,0.0,13.8
2025-12-30 23:00:00,7342.976,0.0,7342.976,9379.713,13.4,80,0.0,2.4,0,0.0,0.0,13.1
2025-12-31 00:00:00,7274.773,0.0,7274.773,9299.233,12.8,80,0.0,0.8,0,0.0,0.0,12.5
2025-12-31 01:00:00,7396.656,0.0,7396.656,9443.056,12.2,82,0.0,1.2,0,0.0,0.0,11.8
2025-12-31 02:00:00,7340.947,0.0,7340.947,9377.32,11.2,86,0.0,2.3,0,0.0,0.0,10.5
2025-12-31 03:00:00,7499.586,0.0,7499.586,9564.511,10.3,90,0.0,2.4,55,0.0,0.0,9.5
2025-12-31 04:00:00,7400.5470000000005,0.0,7400.5470000000005,9447.644,9.4,95,0.0,3.6,11,0.0,0.0,8.5
2025-12-31 05:00:00,12286.024,0.0,12286.024,15212.508,9.1,99,0.0,4.7,49,0.0,0.0,8.1
2025-12-31 06:00:00,13826.381,0.0,13826.381,17030.131,9.2,99,0.0,5.8,98,0.0,0.0,8.0
2025-12-31 07:00:00,13836.516,256.611,13579.909,17042.092,9.2,98,0.0,6.3,100,1.0,0.0,8.0
2025-12-31 08:00:00,13754.333999999999,467.696,13286.636,16945.113,10.4,93,0.0,7.6,100,56.0,12.0,9.1
2025-12-31 09:00:00,13714.494,695.028,13019.465,16898.101,11.6,91,0.0,6.0,95,180.0,56.0,10.8
2025-12-31 10:00:00,13710.122,835.991,12874.131,16892.941,14.2,77,0.0,5.9,8,336.0,171.0,13.4
2025-12-31 11:00:00,12166.248,818.582,11347.665,15071.172999999999,16.2,71,0.0,7.5,23,508.0,364.0,15.4
2025-12-31 12:00:00,12308.342999999999,848.434,11459.909,15238.843,17.8,68,0.0,7.1,25,541.0,375.0,17.3
2025-12-31 13:00:00,12258.391,794.268,11464.121000000001,15179.902,18.9,64,0.0,6.4,100,531.0,363.0,18.5
2025-12-31 14:00:00,12303.909,694.1,11609.809,15233.612000000001,19.4,61,0.0,6.3,69,438.0,248.0,19.0
2025-12-31 15:00:00,12174.382,583.415,11590.966,15080.771,19.3,61,0.0,8.2,100,332.0,185.0,18.5
2025-12-31 16:00:00,12200.819,408.671,11792.148,15111.967,18.3,65,0.0,8.4,98,170.0,58.0,17.6
2025-12-31 17:00:00,12253.043000000001,216.703,12036.342,15173.591,14.7,80,0.0,9.4,15,43.0,5.0,13.7
2025-12-31 18:00:00,16116.834,0.0,16116.834,19732.865,13.4,86,0.0,11.2,7,0.0,0.0,12.0
2025-12-31 19:00:00,16462.009000000002,0.0,16462.009000000002,20140.169,12.4,89,0.0,10.5,97,0.0,0.0,11.1
2025-12-31 20:00:00,16188.259,0.0,16188.259,19817.145,12.1,90,0.0,9.6,13,0.0,0.0,10.8
2025-12-31 21:00:00,16193.223,0.0,16193.223,19823.005,11.8,91,0.0,9.3,10,0.0,0.0,10.6
2025-12-31 22:00:00,16235.107,0.0,16235.107,19872.427,11.6,93,0.0,9.3,8,0.0,0.0,10.3
2025-12-31 23:00:00,7297.223,0.0,7297.223,9325.722,11.4,96,0.0,9.5,20,0.0,0.0,10.3
2026-01-01 00:00:00,7540.08,0.0,7540.08,9612.293,11.1,97,0.0,8.3,26,0.0,0.0,10.1
2026-01-01 01:00:00,7630.697,0.0,7630.697,9719.223,10.9,97,0.0,7.8,26,0.0,0.0,9.8
2026-01-01 02:00:00,7553.631,0.0,7553.631,9628.287,10.6,97,0.0,7.1,91,0.0,0.0,9.6
2026-01-01 03:00:00,7565.44,0.0,7565.44,9642.218,10.5,98,0.0,6.0,100,0.0,0.0,9.7
2026-01-01 04:00:00,7582.758,0.0,7582.758,9662.653,10.5,98,0.0,6.3,100,0.0,0.0,9.6
2026-01-01 05:00:00,12575.809000000001,0.0,12575.809000000001,15554.454,10.7,99,0.0,7.2,100,0.0,0.0,9.8
2026-01-01 06:00:00,14139.556,0.0,14139.556,17399.675,10.9,98,1.1,8.7,100,0.0,0.0,9.8
2026-01-01 07:00:00,14140.949,245.958,13894.993,17401.32,11.0,98,0.5,9.8,100,1.0,0.0,9.8
2026-01-01 08:00:00,14081.339,488.433,13592.907,17330.98,11.5,96,0.0,9.6,100,40.0,4.0,10.4
2026-01-01 09:00:00,13953.457999999999,709.502,13243.955,17180.079999999998,12.2,94,0.0,6.9,100,74.0,0.0,11.6
2026-01-01 10:00:00,14391.412,923.14,13468.272,17696.869,13.2,91,0.0,7.2,100,127.0,1.0,12.6
2026-01-01 11:00:00,12783.838,813.035,11970.803,15799.929,14.0,88,0.0,7.3,100,90.0,0.0,13.6
2026-01-01 12:00:00,12733.059,916.723,11816.335000000001,15740.009,15.5,82,0.0,4.7,100,302.0,66.0,15.5
2026-01-01 13:00:00,12662.567,859.34,11803.229,15656.829,16.6,78,0.0,3.9,100,313.0,54.0,16.9
2026-01-01 14:00:00,12654.661,720.883,11933.778,15647.498,16.9,77,0.0,3.3,100,232.0,35.0,17.3
2026-01-01 15:00:00,12728.255,625.086,12103.167,15734.34,16.9,77,0.0,3.1,100,174.0,21.0,17.4
2026-01-01 16:00:00,12561.001,436.475,12124.526,15536.981,16.8,78,0.0,3.5,100,100.0,10.0,17.2
2026-01-01 17:00:00,12692.819,228.21200000000002,12464.608,15692.527,15.5,81,0.0,3.4,100,22.0,0.0,15.6
2026-01-01 18:00:00,16774.365999999998,0.0,16774.365999999998,20508.751,15.0,85,0.0,3.8,95,0.0,0.0,15.1
2026-01-01 19:00:00,16707.684,0.0,16707.684,20430.068,14.4,88,0.0,1.8,84,0.0,0.0,14.9
2026-01-01 20:00:00,17015.385000000002,0.0,17015.385000000002,20793.156,14.2,88,0.0,1.5,95,0.0,0.0,14.6
2026-01-01 21:00:00,16829.936,0.0,16829.936,20574.325,14.1,89,0.0,2.7,59,0.0,0.0,14.4
2026-01-01 22:00:00,16690.614999999998,0.0,16690.614999999998,20409.925,13.3,91,0.0,4.1,17,0.0,0.0,13.2
2026-01-01 23:00:00,7532.536,0.0,7532.536,9603.393,13.2,93,0.0,5.0,100,0.0,0.0,13.1
2026-01-02 00:00:00,7600.063,0.0,7600.063,9683.074,13.3,94,0.0,6.1,100,0.0,0.0,13.1
2026-01-02 01:00:00,7636.139,0.0,7636.139,9725.646,13.4,92,0.0,6.9,100,0.0,0.0,13.0
2026-01-02 02:00:00,7639.196,0.0,7639.196,9729.25,13.2,92,0.0,7.4,100,0.0,0.0,12.7
2026-01-02 03:00:00,7548.6179999999995,0.0,7548.6179999999995,9622.369,13.1,92,0.0,9.0,100,0.0,0.0,12.4
2026-01-02 04:00:00,7599.891,0.0,7599.891,9682.869,13.0,92,0.0,8.7,100,0.0,0.0,12.2
2026-01-02 05:00:00,12609.389000000001,0.0,12609.389000000001,15594.078,12.4,93,0.0,9.7,100,0.0,0.0,11.4
2026-01-02 06:00:00,14334.952,0.0,14334.952,17630.244,12.8,90,0.0,9.2,100,0.0,0.0,11.8
2026-01-02 07:00:00,14265.193,267.301,13997.893,17547.926,12.7,89,0.0,8.1,100,1.0,0.0,11.7
2026-01-02 08:00:00,14276.03,512.8870000000001,13763.144,17560.715,13.1,85,0.0,9.0,55,65.0,18.0,12.0
2026-01-02 09:00:00,14387.325,726.345,13660.981,17692.044,14.1,78,0.0,9.7,39,212.0,99.0,12.8
2026-01-02 10:00:00,14182.261,865.251,13317.012,17450.066,15.4,70,0.0,8.5,45,328.0,158.0,14.1
2026-01-02 11:00:00,12668.024,856.4499999999999,11811.573,15663.27,15.9,67,0.0,8.9,32,434.0,242.0,14.5
2026-01-02 12:00:00,12731.044,923.259,11807.786,15737.632,16.8,60,0.0,9.2,29,469.0,256.0,15.2
2026-01-02 13:00:00,12739.328,904.3620000000001,11834.969,15747.41,17.3,56,0.0,10.2,27,494.0,297.0,15.4
2026-01-02 14:00:00,12707.177,809.455,11897.721,15709.471,17.5,55,0.0,9.2,20,473.0,325.0,15.7
2026-01-02 15:00:00,12676.489,652.389,12024.101,15673.257,17.4,55,0.0,8.3,6,357.0,231.0,15.7
2026-01-02 16:00:00,12619.113,430.317,12188.794,15605.552,16.9,58,0.0,7.6,3,207.0,120.0,15.4
2026-01-02 17:00:00,12675.815,227.77100000000002,12448.041000000001,15672.463,15.0,67,0.0,8.7,44,56.0,21.0,13.5
2026-01-02 18:00:00,16821.853,0.0,16821.853,20564.785,13.8,75,0.0,5.5,6,0.0,0.0,12.8
2026-01-02 19:00:00,16689.292999999998,0.0,16689.292999999998,20408.366,13.1,80,0.0,4.6,13,0.0,0.0,12.3
2026-01-02 20:00:00,16811.488,0.0,16811.488,20552.557,12.3,84,0.0,3.6,10,0.0,0.0,11.7
2026-01-02 21:00:00,16917.041,0.0,16917.041,20677.108,12.0,84,0.0,2.2,1,0.0,0.0,11.5
2026-01-02 22:00:00,16622.328,0.0,16622.328,20329.344,11.1,88,0.0,3.9,21,0.0,0.0,10.3
2026-01-02 23:00:00,7755.13,0.0,7755.13,9866.054,11.2,90,0.0,3.0,84,0.0,0.0,10.6
2026-01-03 00:00:00,6577.031,0.0,6577.031,8475.894,11.8,89,0.0,2.7,100,0.0,0.0,11.4
2026-01-03 01:00:00,6751.061,0.0,6751.061,8681.251,12.0,88,0.0,3.1,99,0.0,0.0,11.6
2026-01-03 02:00:00,6605.174,0.0,6605.174,8509.106,11.9,90,0.0,3.2,100,0.0,0.0,11.5
2026-01-03 03:00:00,6649.8730000000005,0.0,6649.8730000000005,8561.853000000001,11.8,90,0.0,3.3,90,0.0,0.0,11.4
2026-01-03 04:00:00,6607.128,0.0,6607.128,8511.413,11.6,88,0.0,2.3,100,0.0,0.0,11.2
2026-01-03 05:00:00,11042.422,0.0,11042.422,13745.055,10.7,94,0.0,4.9,100,0.0,0.0,10.0
2026-01-03 06:00:00,12474.449,0.0,12474.449,15434.849,11.1,92,0.0,5.1,100,0.0,0.0,10.3
2026-01-03 07:00:00,12472.993,233.654,12239.337,15433.131,11.3,91,0.0,4.0,100,1.0,0.0,10.6
2026-01-03 08:00:00,12403.803,443.352,11960.451000000001,15351.489,11.8,88,0.0,3.6,100,38.0,2.0,11.3
2026-01-03 09:00:00,12407.983,603.237,11804.745,15356.419,13.0,83,0.0,4.4,100,124.0,18.0,12.4
2026-01-03 10:00:00,12388.473,757.569,11630.903,15333.398,13.9,75,0.0,6.6,100,193.0,33.0,12.8
2026-01-03 11:00:00,10964.179,717.828,10246.352,13652.734,14.8,70,0.0,6.6,100,298.0,95.0,13.7
2026-01-03 12:00:00,11055.862000000001,752.711,10303.15,13760.917,15.7,65,0.0,5.5,97,355.0,90.0,14.7
2026-01-03 13:00:00,11083.939,726.558,10357.384,13794.05,16.6,59,0.0,5.2,44,386.0,137.0,15.4
2026-01-03 14:00:00,11074.517,697.699,10376.818,13782.932,17.0,55,0.0,5.3,34,354.0,152.0,15.6
2026-01-03 15:00:00,10999.69,549.881,10449.81,13694.635,17.1,54,0.0,5.4,40,300.0,150.0,15.6
2026-01-03 16:00:00,11090.823,403.483,10687.341,13802.168,16.6,55,0.0,5.5,22,180.0,84.0,15.1
2026-01-03 17:00:00,11011.012,200.7,10810.311,13707.994999999999,14.3,70,0.0,3.6,5,50.0,16.0,13.4
2026-01-03 18:00:00,14616.353,0.0,14616.353,17962.298,13.3,73,0.0,3.8,12,0.0,0.0,12.3
2026-01-03 19:00:00,14560.443,0.0,14560.443,17896.322,12.6,76,0.0,3.2,1,0.0,0.0,11.7
2026-01-03 20:00:00,14826.467,0.0,14826.467,18210.231,12.3,77,0.0,1.8,2,0.0,0.0,11.5
2026-01-03 21:00:00,14489.014,0.0,14489.014,17812.038,12.3,76,0.0,1.1,0,0.0,0.0,11.6
2026-01-03 22:00:00,14546.026,0.0,14546.026,17879.312,12.2,75,0.0,0.7,3,0.0,0.0,11.6
2026-01-03 23:00:00,6558.981,0.0,6558.981,8454.599,11.3,81,0.0,1.5,0,0.0,0.0,10.6
2026-01-04 00:00:00,6629.809,0.0,6629.809,8538.174,10.7,83,0.0,1.8,0,0.0,0.0,9.9
2026-01-04 01:00:00,6606.473,0.0,6606.473,8510.639,9.9,87,0.0,2.1,0,0.0,0.0,9.0
2026-01-04 02:00:00,6663.813,0.0,6663.813,8578.297,9.1,91,0.0,3.2,0,0.0,0.0,8.0
2026-01-04 03:00:00,6664.723,0.0,6664.723,8579.374,8.5,93,0.0,4.0,4,0.0,0.0,7.3
2026-01-04 04:00:00,6590.084,0.0,6590.084,8491.301,8.7,94,0.0,4.4,46,0.0,0.0,7.4
2026-01-04 05:00:00,10897.694,0.0,10897.694,13574.279,8.7,96,0.0,4.8,27,0.0,0.0,7.5
2026-01-04 06:00:00,12304.029,0.0,12304.029,15233.753,9.1,96,0.0,6.3,99,0.0,0.0,7.8
2026-01-04 07:00:00,12464.114,214.54,12249.573,15422.654,9.3,94,0.0,6.3,99,1.0,0.0,8.0
2026-01-04 08:00:00,12225.569,413.426,11812.143,15141.171,10.4,90,0.0,5.2,100,46.0,2.0,9.3
2026-01-04 09:00:00,12344.727,611.707,11733.02,15281.779,11.9,83,0.0,5.0,41,150.0,37.0,10.9
2026-01-04 10:00:00,12349.138,751.451,11597.687,15286.982,13.7,75,0.0,5.2,36,281.0,130.0,12.7
2026-01-04 11:00:00,10955.923999999999,719.124,10236.798999999999,13642.992,15.1,68,0.0,9.2,21,350.0,185.0,13.5
2026-01-04 12:00:00,11077.336,789.419,10287.918,13786.257,16.1,61,0.0,7.4,55,411.0,176.0,14.6
2026-01-04 13:00:00,10923.915,724.058,10199.853000000001,13605.217,16.5,58,0.0,7.3,38,363.0,118.0,14.9
2026-01-04 14:00:00,11114.292,688.461,10425.831,13829.866,16.9,56,0.0,6.9,31,341.0,113.0,15.3
2026-01-04 15:00:00,11046.112,534.899,10511.217,13749.413,17.1,55,0.0,5.9,23,318.0,163.0,15.6
2026-01-04 16:00:00,11139.711,387.731,10751.981,13859.862000000001,16.5,56,0.0,5.9,18,204.0,109.0,15.0
2026-01-04 17:00:00,11213.062,207.109,11005.951000000001,13946.414,14.8,68,0.0,3.8,12,58.0,21.0,13.9
2026-01-04 18:00:00,14581.291,0.0,14581.291,17920.926,13.6,74,0.0,4.7,16,0.0,0.0,12.6
2026-01-04 19:00:00,14477.048,0.0,14477.048,17797.915,12.8,79,0.0,4.2,85,0.0,0.0,11.9
2026-01-04 20:00:00,14397.332,0.0,14397.332,17703.852,12.7,80,0.0,3.6,100,0.0,0.0,11.9
2026-01-04 21:00:00,14654.749,0.0,14654.749,18007.605,12.8,81,0.0,4.2,75,0.0,0.0,12.1
2026-01-04 22:00:00,14457.176,0.0,14457.176,17774.465,12.3,85,0.0,4.3,38,0.0,0.0,11.6
2026-01-04 23:00:00,6699.246,0.0,6699.246,8620.108,11.4,89,0.0,5.1,30,0.0,0.0,10.6
2026-01-05 00:00:00,7618.032,0.0,7618.032,9704.278,11.1,88,0.0,6.2,0,0.0,0.0,9.9
2026-01-05 01:00:00,7755.622,0.0,7755.622,9866.634,10.4,86,0.0,6.7,0,0.0,0.0,8.9
2026-01-05 02:00:00,7560.536,0.0,7560.536,9636.432,10.0,85,0.0,6.1,0,0.0,0.0,8.5
2026-01-05 03:00:00,7635.337,0.0,7635.337,9724.699,9.5,85,0.0,5.2,0,0.0,0.0,7.9
2026-01-05 04:00:00,7576.232,0.0,7576.232,9654.954,9.2,85,0.0,5.2,1,0.0,0.0,7.6
2026-01-05 05:00:00,12622.578,0.0,12622.578,15609.643,8.6,89,0.0,5.2,0,0.0,0.0,7.0
2026-01-05 06:00:00,14213.173,0.0,14213.173,17486.543,8.6,90,0.0,4.6,0,0.0,0.0,7.2
2026-01-05 07:00:00,14216.067000000001,246.24099999999999,13969.824,17489.96,8.5,90,0.0,3.6,0,1.0,0.0,7.2
2026-01-05 08:00:00,14495.044,492.271,14002.773,17819.150999999998,10.1,87,0.0,5.6,0,75.0,31.0,8.7
2026-01-05 09:00:00,14064.255000000001,716.093,13348.164,17310.821,12.0,80,0.0,3.9,0,234.0,142.0,11.0
2026-01-05 10:00:00,14341.052,861.529,13479.524,17637.442,13.8,71,0.0,4.5,0,391.0,272.0,12.7
2026-01-05 11:00:00,12853.131,918.668,11934.462,15881.694,14.6,68,0.0,6.0,16,509.0,375.0,13.4
2026-01-05 12:00:00,12662.616,858.5360000000001,11804.079,15656.886,15.8,64,0.0,5.4,5,548.0,382.0,14.7
2026-01-05 13:00:00,12660.827,813.374,11847.455,15654.776,16.6,61,0.0,4.6,4,562.0,418.0,15.8
2026-01-05 14:00:00,12622.774,782.024,11840.749,15609.873,17.2,60,0.0,5.6,1,494.0,362.0,16.2
2026-01-05 15:00:00,12743.548999999999,639.429,12104.122,15752.387999999999,17.2,61,0.0,6.2,0,371.0,254.0,16.1
2026-01-05 16:00:00,12647.591,420.992,12226.601,15639.155999999999,16.6,64,0.0,8.6,85,211.0,124.0,15.3
2026-01-05 17:00:00,12711.984,237.75900000000001,12474.227,15715.14,15.0,74,0.0,5.8,34,58.0,19.0,14.3
2026-01-05 18:00:00,16818.618,0.0,16818.618,20560.971,14.1,79,0.0,5.8,20,0.0,0.0,13.5
2026-01-05 19:00:00,16624.119,0.0,16624.119,20331.458,13.2,84,0.0,4.9,98,0.0,0.0,12.6
2026-01-05 20:00:00,16704.308,0.0,16704.308,20426.083,12.8,86,0.0,4.1,6,0.0,0.0,12.4
2026-01-05 21:00:00,16929.095,0.0,16929.095,20691.334,12.2,88,0.0,4.8,3,0.0,0.0,11.5
2026-01-05 22:00:00,16944.425,0.0,16944.425,20709.424,11.3,90,0.0,4.9,11,0.0,0.0,10.5
2026-01-05 23:00:00,7697.898,0.0,7697.898,9798.518,11.0,91,0.0,5.2,2,0.0,0.0,10.1
2026-01-06 00:00:00,7604.622,0.0,7604.622,9688.456,10.4,92,0.0,4.5,0,0.0,0.0,9.5
2026-01-06 01:00:00,7649.03,0.0,7649.03,9740.858,9.9,93,0.0,5.1,0,0.0,0.0,8.9
2026-01-06 02:00:00,7590.017,0.0,7590.017,9671.221,9.5,94,0.0,5.1,1,0.0,0.0,8.4
2026-01-06 03:00:00,7699.957,0.0,7699.957,9800.947,9.0,95,0.0,4.5,3,0.0,0.0,7.9
2026-01-06 04:00:00,7633.852,0.0,7633.852,9722.943,8.5,98,0.0,4.7,71,0.0,0.0,7.3
2026-01-06 05:00:00,12578.11,0.0,12578.11,15557.173,8.7,99,0.0,5.5,69,0.0,0.0,7.5
2026-01-06 06:00:00,14070.733,0.0,14070.733,17318.466,8.6,99,0.0,4.0,99,0.0,0.0,7.5
2026-01-06 07:00:00,14180.545,248.60399999999998,13931.940999999999,17448.044,9.0,98,0.0,4.7,97,1.0,0.0,8.0
2026-01-06 08:00:00,14313.626,522.425,13791.197,17605.076,9.9,96,0.0,6.7,92,54.0,6.0,8.8
2026-01-06 09:00:00,14318.1,691.973,13626.126,17610.359,11.4,92,0.0,5.0,37,185.0,56.0,10.7
2026-01-06 10:00:00,14421.671,857.415,13564.253,17732.573,13.4,84,0.0,6.0,10,357.0,206.0,12.8
2026-01-06 11:00:00,12640.139,889.953,11750.187,15630.363,14.2,75,0.0,8.2,39,493.0,341.0,13.0
2026-01-06 12:00:00,12721.616,849.418,11872.198,15726.506,15.4,69,0.0,7.6,34,546.0,377.0,14.2
2026-01-06 13:00:00,12736.702,862.332,11874.37,15744.31,16.4,64,0.0,7.7,0,559.0,410.0,15.2
2026-01-06 14:00:00,12624.952000000001,757.641,11867.31,15612.441,17.0,61,0.0,7.6,0,497.0,362.0,15.8
2026-01-06 15:00:00,12615.855,613.607,12002.247,15601.709,17.1,63,0.0,7.4,0,375.0,260.0,15.9
2026-01-06 16:00:00,12631.012,450.498,12180.516,15619.594,16.5,67,0.0,7.8,0,215.0,128.0,15.4
2026-01-06 17:00:00,12513.465,214.81900000000002,12298.647,15480.889,14.6,73,0.0,6.0,0,62.0,25.0,13.6
2026-01-06 18:00:00,16673.734,0.0,16673.734,20390.007999999998,13.2,79,0.0,5.7,0,0.0,0.0,12.3
2026-01-06 19:00:00,16752.637,0.0,16752.637,20483.113,12.5,82,0.0,5.6,0,0.0,0.0,11.5
2026-01-06 20:00:00,16780.863,0.0,16780.863,20516.419,11.7,86,0.0,5.3,0,0.0,0.0,10.7
2026-01-06 21:00:00,16772.181,0.0,16772.181,20506.173,10.9,89,0.0,5.1,0,0.0,0.0,9.9
2026-01-06 22:00:00,16818.043,0.0,16818.043,20560.295,10.3,92,0.0,5.2,0,0.0,0.0,9.2
2026-01-06 23:00:00,7610.2029999999995,0.0,7610.2029999999995,9695.041,9.6,96,0.0,4.8,0,0.0,0.0,8.6
2026-01-07 00:00:00,7608.725,0.0,7608.725,9693.295,9.7,96,0.0,5.0,0,0.0,0.0,8.7
2026-01-07 01:00:00,7602.202,0.0,7602.202,9685.601,9.5,97,0.0,5.1,0,0.0,0.0,8.4
2026-01-07 02:00:00,7612.066,0.0,7612.066,9697.239,9.0,97,0.0,5.0,1,0.0,0.0,7.9
2026-01-07 03:00:00,7623.777,0.0,7623.777,9711.056,7.9,99,0.0,5.0,15,0.0,0.0,6.5
2026-01-07 04:00:00,7723.676,0.0,7723.676,9828.937,7.9,100,0.0,4.9,100,0.0,0.0,6.6
2026-01-07 05:00:00,12758.057999999999,0.0,12758.057999999999,15769.511,8.5,99,0.0,6.7,100,0.0,0.0,7.1
2026-01-07 06:00:00,14320.04,0.0,14320.04,17612.647,8.7,99,0.0,5.2,100,0.0,0.0,7.6
2026-01-07 07:00:00,14288.411,263.794,14024.617,17575.325,8.9,99,0.0,7.0,100,1.0,0.0,7.5
2026-01-07 08:00:00,14286.020999999999,482.657,13803.364,17572.505,9.5,98,0.0,8.2,100,36.0,3.0,8.1
2026-01-07 09:00:00,14186.147,695.422,13490.726,17454.656,9.9,98,0.0,9.1,100,84.0,7.0,8.4
2026-01-07 10:00:00,14319.369999999999,838.155,13481.212,17611.857,10.5,94,0.0,10.7,100,162.0,19.0,8.9
2026-01-07 11:00:00,12852.698,880.776,11971.918,15881.18,11.6,84,0.0,7.4,63,289.0,45.0,10.3
2026-01-07 12:00:00,12736.214,910.226,11825.991,15743.734,13.4,77,0.0,5.1,64,494.0,243.0,12.5
2026-01-07 13:00:00,12646.299,853.884,11792.412,15637.630000000001,14.5,73,0.0,5.2,16,548.0,361.0,13.7
2026-01-07 14:00:00,12647.582,761.111,11886.473,15639.148,15.3,69,0.0,5.5,16,502.0,358.0,14.3
2026-01-07 15:00:00,12648.656,619.562,12029.097,15640.415,15.4,69,0.0,4.9,4,384.0,265.0,14.6
2026-01-07 16:00:00,12666.496,455.943,12210.554,15661.465,15.0,71,0.0,4.7,2,222.0,131.0,14.3
2026-01-07 17:00:00,12696.204,230.548,12465.653,15696.519,12.7,82,0.0,4.0,4,65.0,26.0,12.0
2026-01-07 18:00:00,16724.665,0.0,16724.665,20450.107,11.9,84,0.0,5.6,3,0.0,0.0,10.9
2026-01-07 19:00:00,16556.569,0.0,16556.569,20251.752,11.2,87,0.0,6.6,0,0.0,0.0,10.0
2026-01-07 20:00:00,16608.283,0.0,16608.283,20312.773,10.5,90,0.0,6.3,0,0.0,0.0,9.2
2026-01-07 21:00:00,16848.957000000002,0.0,16848.957000000002,20596.77,10.1,91,0.0,6.8,0,0.0,0.0,8.7
2026-01-07 22:00:00,16896.089,0.0,16896.089,20652.386000000002,9.9,91,0.0,7.4,0,0.0,0.0,8.4
2026-01-07 23:00:00,7622.666,0.0,7622.666,9709.746,9.3,96,0.0,6.9,12,0.0,0.0,7.9
2026-01-08 00:00:00,7578.494,0.0,7578.494,9657.624,8.4,98,0.0,6.0,28,0.0,0.0,7.0
2026-01-08 01:00:00,7558.193,0.0,7558.193,9633.668,8.8,98,0.0,7.5,100,0.0,0.0,7.2
2026-01-08 02:00:00,7660.222,0.0,7660.222,9754.063,8.9,98,0.0,8.1,100,0.0,0.0,7.3
2026-01-08 03:00:00,7703.794,0.0,7703.794,9805.477,9.1,98,0.0,8.7,100,0.0,0.0,7.5
2026-01-08 04:00:00,7603.02,0.0,7603.02,9686.565,8.8,99,0.0,7.8,100,0.0,0.0,7.2
2026-01-08 05:00:00,12747.576,0.0,12747.576,15757.136,7.5,100,0.0,5.3,100,0.0,0.0,6.1
2026-01-08 06:00:00,14209.264,0.0,14209.264,17481.933,7.7,98,0.0,4.6,100,0.0,0.0,6.3
2026-01-08 07:00:00,14297.043,261.65,14035.392,17585.515,7.7,96,0.0,4.6,100,1.0,0.0,6.2
2026-01-08 08:00:00,14239.829,507.79200000000003,13732.036,17517.998,7.8,95,0.0,4.1,100,29.0,2.0,6.4
2026-01-08 09:00:00,14276.44,712.1030000000001,13564.338,17561.2,8.1,95,0.0,2.8,100,102.0,12.0,7.0
2026-01-08 10:00:00,14260.978,882.732,13378.246,17542.954,9.0,92,0.0,3.6,100,186.0,20.0,7.8
2026-01-08 11:00:00,12720.544,913.941,11806.604,15725.243,10.2,82,0.0,3.3,79,332.0,75.0,9.0
2026-01-08 12:00:00,12699.293,892.696,11806.595,15700.164,12.2,76,0.0,3.1,40,547.0,325.0,11.2
2026-01-08 13:00:00,12754.494,877.232,11877.26,15765.302,13.4,73,0.0,4.1,28,554.0,365.0,12.4
2026-01-08 14:00:00,12544.924,798.909,11746.01,15518.008,14.2,68,0.0,4.3,0,496.0,323.0,13.1
2026-01-08 15:00:00,12577.059,627.706,11949.353000000001,15555.931,14.4,67,0.0,3.3,0,391.0,270.0,13.5
2026-01-08 16:00:00,12889.458999999999,433.224,12456.236,15924.564,14.1,69,0.0,3.0,0,228.0,138.0,13.2
2026-01-08 17:00:00,12672.024,233.239,12438.784,15667.989,13.3,73,0.0,2.1,0,68.0,29.0,12.6
2026-01-08 18:00:00,16841.747,0.0,16841.747,20588.267,11.8,79,0.0,4.0,0,0.0,0.0,10.7
2026-01-08 19:00:00,16793.054,0.0,16793.054,20530.805,10.8,85,0.0,4.8,0,0.0,0.0,9.7
2026-01-08 20:00:00,16864.238,0.0,16864.238,20614.801,10.2,88,0.0,4.5,0,0.0,0.0,9.0
2026-01-08 21:00:00,16806.600000000002,0.0,16806.600000000002,20546.789,9.6,90,0.0,4.1,0,0.0,0.0,8.4
2026-01-08 22:00:00,17041.811999999998,0.0,17041.811999999998,20824.339,8.9,93,0.0,4.3,0,0.0,0.0,7.7
2026-01-08 23:00:00,7563.015,0.0,7563.015,9639.356,8.6,97,0.0,3.9,0,0.0,0.0,7.6
2026-01-09 00:00:00,7620.38,0.0,7620.38,9707.048,8.3,100,0.0,4.2,100,0.0,0.0,7.2
2026-01-09 01:00:00,7713.468,0.0,7713.468,9816.892,8.4,100,0.0,4.1,100,0.0,0.0,7.3
2026-01-09 02:00:00,7698.386,0.0,7698.386,9799.095,8.3,98,0.0,4.8,100,0.0,0.0,7.0
2026-01-09 03:00:00,7636.892,0.0,7636.892,9726.533,7.9,96,0.0,5.3,100,0.0,0.0,6.4
2026-01-09 04:00:00,7589.655,0.0,7589.655,9670.793,7.6,97,0.0,6.0,100,0.0,0.0,5.9
2026-01-09 05:00:00,12746.248,0.0,12746.248,15755.572,7.5,97,0.0,3.9,100,0.0,0.0,6.1
2026-01-09 06:00:00,14165.221,0.0,14165.221,17429.962,7.7,95,0.7,2.7,100,0.0,0.0,6.5
2026-01-09 07:00:00,14153.718,249.709,13904.01,17416.385000000002,7.8,95,0.0,1.8,100,1.0,0.0,6.8
2026-01-09 08:00:00,14149.683,496.001,13653.681,17411.627,8.2,95,0.0,3.3,100,43.0,2.0,7.1
2026-01-09 09:00:00,14154.844,718.53,13436.314,17417.715,9.3,96,0.0,2.9,100,150.0,30.0,8.5
2026-01-09 10:00:00,14249.813,871.062,13378.75,17529.781,11.4,89,0.0,0.9,68,301.0,126.0,11.1
2026-01-09 11:00:00,12808.082,884.183,11923.898,15828.535,13.4,78,0.0,2.1,22,446.0,264.0,12.9
2026-01-09 12:00:00,12833.178,945.706,11887.471,15858.15,15.3,67,0.0,1.8,17,526.0,351.0,14.7
2026-01-09 13:00:00,12705.542,844.092,11861.451,15707.543,16.5,59,0.0,0.2,14,536.0,378.0,16.1
2026-01-09 14:00:00,12572.07,759.701,11812.37,15550.043,17.1,54,0.0,1.5,6,467.0,316.0,16.3
2026-01-09 15:00:00,12558.876,616.7909999999999,11942.086,15534.475,17.3,52,0.0,2.0,9,379.0,257.0,16.3
2026-01-09 16:00:00,12679.571,444.627,12234.943,15676.892,16.9,55,0.0,2.5,9,217.0,125.0,16.0
2026-01-09 17:00:00,12551.621,232.993,12318.625,15525.912,15.0,65,0.0,3.4,8,65.0,26.0,14.1
2026-01-09 18:00:00,16868.636,0.0,16868.636,20619.988,13.8,70,0.0,5.1,4,1.0,0.0,12.6
2026-01-09 19:00:00,16747.465,0.0,16747.465,20477.009000000002,12.9,78,0.0,5.4,3,0.0,0.0,11.8
2026-01-09 20:00:00,16784.89,0.0,16784.89,20521.172,12.2,82,0.0,6.0,1,0.0,0.0,11.1
2026-01-09 21:00:00,16635.866,0.0,16635.866,20345.321,11.2,87,0.0,5.1,1,0.0,0.0,10.1
2026-01-09 22:00:00,16541.04,0.0,16541.04,20233.428,10.4,89,0.0,4.5,0,0.0,0.0,9.3
2026-01-09 23:00:00,7612.373,0.0,7612.373,9697.6,10.0,91,0.0,4.4,0,0.0,0.0,8.9
2026-01-10 00:00:00,6681.8060000000005,0.0,6681.8060000000005,8599.53,9.4,93,0.0,4.5,0,0.0,0.0,8.2
2026-01-10 01:00:00,6576.0779999999995,0.0,6576.0779999999995,8474.771,8.8,95,0.0,4.8,0,0.0,0.0,7.6
2026-01-10 02:00:00,6627.702,0.0,6627.702,8535.686,8.5,96,0.0,4.7,0,0.0,0.0,7.2
2026-01-10 03:00:00,6706.157999999999,0.0,6706.157999999999,8628.269,8.2,97,0.0,5.0,0,0.0,0.0,6.8
2026-01-10 04:00:00,6602.898,0.0,6602.898,8506.418,7.8,98,0.0,5.1,1,0.0,0.0,6.4
2026-01-10 05:00:00,11190.308,0.0,11190.308,13919.564,7.2,98,0.0,4.7,1,0.0,0.0,5.7
2026-01-10 06:00:00,12331.254,0.0,12331.254,15265.881,7.0,98,0.0,4.8,5,0.0,0.0,5.4
2026-01-10 07:00:00,12228.889,219.73,12009.159,15145.088,6.6,98,0.0,5.4,39,1.0,0.0,4.9
2026-01-10 08:00:00,12395.687,439.156,11956.526,15341.908,7.9,96,0.0,6.7,62,72.0,27.0,6.1
2026-01-10 09:00:00,12293.531,631.572,11661.963,15221.366,9.5,92,0.0,5.7,31,217.0,103.0,8.2
2026-01-10 10:00:00,12361.57,730.069,11631.499,15301.652,11.5,85,0.0,5.3,2,374.0,223.0,10.5
2026-01-10 11:00:00,11073.841,730.786,10343.054,13782.132,13.4,75,0.0,6.1,2,520.0,384.0,12.2
2026-01-10 12:00:00,10964.974,792.884,10172.089,13653.669,15.2,66,0.0,6.2,0,587.0,449.0,14.2
2026-01-10 13:00:00,11013.94,779.093,10234.846,13711.449,16.5,58,0.0,7.0,0,587.0,451.0,15.2
2026-01-10 14:00:00,10873.237,655.1,10218.137,13545.419,17.1,54,0.0,7.6,0,520.0,391.0,15.4
2026-01-10 15:00:00,11034.021,531.031,10502.99,13735.147,17.0,54,0.0,7.6,0,395.0,282.0,15.3
2026-01-10 16:00:00,11084.898000000001,375.074,10709.824,13795.178,16.3,58,0.0,7.8,0,232.0,144.0,14.6
2026-01-10 17:00:00,11055.21,199.043,10856.166,13760.146,14.9,66,0.0,7.7,0,71.0,30.0,13.4
2026-01-10 18:00:00,14590.067,0.0,14590.067,17931.278,13.6,72,0.0,6.3,0,1.0,0.0,12.3
2026-01-10 19:00:00,14573.386,0.0,14573.386,17911.595,12.9,73,0.0,7.5,0,0.0,0.0,11.4
2026-01-10 20:00:00,14749.535,0.0,14749.535,18119.452,12.1,76,0.0,7.1,0,0.0,0.0,10.5
2026-01-10 21:00:00,14675.728,0.0,14675.728,18032.36,11.0,80,0.0,6.9,0,0.0,0.0,9.4
2026-01-10 22:00:00,14699.256,0.0,14699.256,18060.122,10.2,82,0.0,6.4,0,0.0,0.0,8.6
2026-01-10 23:00:00,6627.023,0.0,6627.023,8534.887999999999,9.6,86,0.0,5.6,0,0.0,0.0,8.1
2026-01-11 00:00:00,6643.683,0.0,6643.683,8554.546,9.4,86,0.0,6.7,0,0.0,0.0,7.7
2026-01-11 01:00:00,6735.674,0.0,6735.674,8663.094,8.8,88,0.0,7.2,0,0.0,0.0,6.9
2026-01-11 02:00:00,6657.099999999999,0.0,6657.099999999999,8570.377,8.2,90,0.0,6.9,0,0.0,0.0,6.3
2026-01-11 03:00:00,6669.21,0.0,6669.21,8584.671,7.7,92,0.0,7.0,0,0.0,0.0,5.7
2026-01-11 04:00:00,6598.65,0.0,6598.65,8501.406,7.2,93,0.0,7.3,0,0.0,0.0,5.2
2026-01-11 05:00:00,11205.24,0.0,11205.24,13937.182,6.6,95,0.0,7.1,0,0.0,0.0,4.5
2026-01-11 06:00:00,12375.901,0.0,12375.901,15318.562,6.3,95,0.0,5.9,0,0.0,0.0,4.4
2026-01-11 07:00:00,12562.215,230.089,12332.124,15538.41,6.0,96,0.0,6.2,0,1.0,0.0,3.9
2026-01-11 08:00:00,12431.585000000001,431.86899999999997,11999.716,15384.271,6.9,95,0.0,8.1,0,76.0,29.0,4.7
2026-01-11 09:00:00,12337.806,613.897,11723.908,15273.612000000001,8.6,88,0.0,7.5,0,233.0,127.0,6.6
2026-01-11 10:00:00,12492.726999999999,726.609,11766.117,15456.419,10.9,77,0.0,7.3,0,408.0,283.0,9.1
2026-01-11 11:00:00,11052.592,764.818,10287.778,13757.057,12.6,69,0.0,7.6,0,541.0,410.0,10.7
2026-01-11 12:00:00,11098.079,805.455,10292.625,13810.732,14.4,57,0.0,7.7,0,609.0,473.0,12.6
2026-01-11 13:00:00,10998.791,758.576,10240.217,13693.573,15.8,48,0.0,8.4,0,608.0,473.0,13.6
2026-01-11 14:00:00,11037.602,690.238,10347.361,13739.367,16.4,45,0.0,9.4,0,540.0,411.0,13.7
2026-01-11 15:00:00,11024.809,560.2280000000001,10464.58,13724.275,16.3,46,0.0,9.8,0,412.0,299.0,13.6
2026-01-11 16:00:00,10956.048,365.08,10590.965,13643.137,15.5,52,0.0,9.1,0,244.0,156.0,13.1
2026-01-11 17:00:00,11003.127,208.802,10794.327,13698.69,13.7,61,0.0,7.4,0,76.0,34.0,11.7
2026-01-11 18:00:00,14579.696,0.0,14579.696,17919.039,12.5,66,0.0,8.2,0,1.0,0.0,10.4
2026-01-11 19:00:00,14535.539,0.0,14535.539,17866.935,11.6,69,0.0,9.0,0,0.0,0.0,9.3
2026-01-11 20:00:00,14457.178,0.0,14457.178,17774.472,10.8,73,0.0,9.7,0,0.0,0.0,8.4
2026-01-11 21:00:00,14536.117,0.0,14536.117,17867.619,10.1,75,0.0,9.2,0,0.0,0.0,7.8
2026-01-11 22:00:00,14641.211,0.0,14641.211,17991.628,9.3,80,0.0,7.4,0,0.0,0.0,7.2
2026-01-11 23:00:00,6715.477,0.0,6715.477,8639.262,8.7,83,0.0,8.2,0,0.0,0.0,6.4
2026-01-12 00:00:00,7603.294,0.0,7603.294,9686.888,8.2,85,0.0,8.2,0,0.0,0.0,6.0
2026-01-12 01:00:00,7597.728,0.0,7597.728,9680.321,7.7,86,0.0,7.8,0,0.0,0.0,5.5
2026-01-12 02:00:00,7623.654,0.0,7623.654,9710.912,7.1,88,0.0,7.5,0,0.0,0.0,4.8
2026-01-12 03:00:00,7636.464,0.0,7636.464,9726.027,6.6,89,0.0,6.5,0,0.0,0.0,4.3
2026-01-12 04:00:00,7592.757,0.0,7592.757,9674.453,6.0,89,0.0,6.2,0,0.0,0.0,3.8
2026-01-12 05:00:00,12609.021,0.0,12609.021,15593.647,5.4,92,0.0,6.1,0,0.0,0.0,3.1
2026-01-12 06:00:00,14376.363,0.0,14376.363,17679.111,5.1,93,0.0,6.2,0,0.0,0.0,2.7
2026-01-12 07:00:00,14239.583,260.078,13979.503,17517.706,4.9,93,0.0,6.7,2,1.0,0.0,2.4
2026-01-12 08:00:00,14236.104,484.17900000000003,13751.924,17513.604,5.9,91,0.0,7.0,0,79.0,32.0,3.5
2026-01-12 09:00:00,14272.821,770.4159999999999,13502.402,17556.928,8.1,85,0.0,4.6,1,243.0,140.0,6.3
2026-01-12 10:00:00,14323.088,843.136,13479.952,17616.245,10.9,72,0.0,4.1,0,426.0,312.0,9.3
2026-01-12 11:00:00,12765.524,839.484,11926.038,15778.32,13.2,62,0.0,3.5,0,552.0,426.0,11.7
2026-01-12 12:00:00,12759.321,863.571,11895.749,15770.998,15.3,49,0.0,3.6,0,617.0,482.0,13.9
2026-01-12 13:00:00,12762.356,917.173,11845.184000000001,15774.582,16.5,41,0.0,4.4,0,615.0,480.0,14.7
2026-01-12 14:00:00,12826.989,776.298,12050.69,15850.847,17.1,37,0.0,5.3,0,545.0,417.0,14.6
2026-01-12 15:00:00,12630.591,631.606,11998.984,15619.098,17.2,37,0.0,4.7,0,416.0,302.0,14.8
2026-01-12 16:00:00,12695.426,437.549,12257.879,15695.603,16.6,47,0.0,2.0,0,247.0,158.0,15.1
2026-01-12 17:00:00,12657.231,239.04399999999998,12418.186,15650.530999999999,14.9,53,0.0,2.3,0,79.0,35.0,13.4
2026-01-12 18:00:00,16909.311,0.0,16909.311,20667.985,13.3,57,0.0,4.0,0,1.0,0.0,11.5
2026-01-12 19:00:00,16838.701,0.0,16838.701,20584.669,12.3,60,0.0,3.4,0,0.0,0.0,10.5
2026-01-12 20:00:00,16862.444,0.0,16862.444,20612.682,11.5,64,0.0,3.6,0,0.0,0.0,9.7
2026-01-12 21:00:00,16796.835,0.0,16796.835,20535.266,10.6,70,0.0,5.2,0,0.0,0.0,8.6
2026-01-12 22:00:00,16796.622,0.0,16796.622,20535.015,10.0,73,0.0,3.7,0,0.0,0.0,8.3
2026-01-12 23:00:00,7673.352,0.0,7673.352,9769.556,9.4,76,0.0,3.0,0,0.0,0.0,7.8
2026-01-13 00:00:00,7657.555,0.0,7657.555,9750.914,8.6,79,0.0,1.6,0,0.0,0.0,7.2
2026-01-13 01:00:00,7529.845,0.0,7529.845,9600.218,8.4,80,0.0,0.8,2,0.0,0.0,7.1
2026-01-13 02:00:00,7606.917,0.0,7606.917,9691.159,7.8,83,0.0,1.0,16,0.0,0.0,6.5
2026-01-13 03:00:00,7588.639,0.0,7588.639,9669.597,7.2,86,0.0,1.9,33,0.0,0.0,5.7
2026-01-13 04:00:00,7632.663,0.0,7632.663,9721.542,6.7,89,0.0,3.5,13,0.0,0.0,4.9
2026-01-13 05:00:00,12619.954,0.0,12619.954,15606.545,5.4,95,0.0,3.3,22,0.0,0.0,3.6
2026-01-13 06:00:00,14343.179,0.0,14343.179,17639.953999999998,5.0,99,0.0,3.6,94,0.0,0.0,3.2
2026-01-13 07:00:00,14345.083,251.209,14093.878,17642.198,5.0,100,0.0,3.2,100,1.0,0.0,3.2
2026-01-13 08:00:00,14077.922,489.542,13588.378,17326.948,6.4,98,0.0,3.6,100,60.0,11.0,4.8
2026-01-13 09:00:00,14170.881,686.764,13484.118,17436.641,9.0,92,0.0,3.9,99,189.0,66.0,7.8
2026-01-13 10:00:00,14460.587,878.495,13582.094,17778.496,10.7,87,0.0,2.7,12,313.0,125.0,9.9
2026-01-13 11:00:00,12659.011,863.18,11795.832,15652.632,14.0,69,0.0,3.4,10,437.0,230.0,13.1
2026-01-13 12:00:00,12655.051,862.7620000000001,11792.29,15647.960000000001,16.7,55,0.0,5.0,2,583.0,411.0,15.5
2026-01-13 13:00:00,12711.393,828.266,11883.126,15714.442,18.1,48,0.0,7.1,18,607.0,468.0,16.6
2026-01-13 14:00:00,12587.527,798.427,11789.1,15568.283,18.5,48,0.0,8.4,92,537.0,401.0,16.5
2026-01-13 15:00:00,12776.064,635.097,12140.967,15790.755,18.3,51,0.0,9.2,23,408.0,285.0,16.4
2026-01-13 16:00:00,12726.91,469.117,12257.792,15732.752,17.3,56,0.0,9.0,35,240.0,142.0,15.6
2026-01-13 17:00:00,12717.919,232.041,12485.876,15722.143,15.7,57,0.0,6.7,2,79.0,34.0,13.9
2026-01-13 18:00:00,17016.199,0.0,17016.199,20794.115,14.3,61,0.0,6.2,0,1.0,0.0,12.6
2026-01-13 19:00:00,16524.181,0.0,16524.181,20213.532,13.1,66,0.0,6.0,0,0.0,0.0,11.4
2026-01-13 20:00:00,16757.697,0.0,16757.697,20489.082,11.8,72,0.0,5.6,0,0.0,0.0,10.1
2026-01-13 21:00:00,16611.596,0.0,16611.596,20316.683,10.7,77,0.0,5.1,0,0.0,0.0,9.1
2026-01-13 22:00:00,16669.923,0.0,16669.923,20385.511,9.9,80,0.0,4.5,0,0.0,0.0,8.4
2026-01-13 23:00:00,7673.076,0.0,7673.076,9769.228000000001,9.1,84,0.0,5.1,0,0.0,0.0,7.4
2026-01-14 00:00:00,7658.5509999999995,0.0,7658.5509999999995,9752.088,8.4,87,0.0,5.2,0,0.0,0.0,6.6
2026-01-14 01:00:00,7509.562,0.0,7509.562,9576.286,7.9,89,0.0,5.4,0,0.0,0.0,6.1
2026-01-14 02:00:00,7762.448,0.0,7762.448,9874.69,7.7,90,0.0,5.9,0,0.0,0.0,5.8
2026-01-14 03:00:00,7574.72,0.0,7574.72,9653.171,7.3,92,0.0,6.2,0,0.0,0.0,5.3
2026-01-14 04:00:00,7532.579,0.0,7532.579,9603.442,6.7,94,0.0,6.8,6,0.0,0.0,4.6
2026-01-14 05:00:00,12687.698,0.0,12687.698,15686.484,5.9,97,0.0,7.4,79,0.0,0.0,3.7
2026-01-14 06:00:00,14257.878,0.0,14257.878,17539.298,5.7,99,0.0,8.2,100,0.0,0.0,3.4
2026-01-14 07:00:00,14365.839,252.377,14113.462,17666.689,5.6,99,0.0,7.7,100,1.0,0.0,3.3
2026-01-14 08:00:00,14362.312,513.58,13848.73,17662.528,5.9,96,0.0,6.8,100,44.0,3.0,3.7
2026-01-14 09:00:00,14250.74,689.1750000000001,13561.561,17530.872,7.1,89,0.0,6.8,88,152.0,33.0,5.0
2026-01-14 10:00:00,14427.867,926.956,13500.912,17739.881,9.7,76,0.0,5.8,19,347.0,153.0,7.7
2026-01-14 11:00:00,12632.237000000001,862.345,11769.893,15621.041,12.5,64,0.0,5.8,8,552.0,422.0,10.6
2026-01-14 12:00:00,12642.721,900.135,11742.588,15633.412,15.0,53,0.0,6.5,0,618.0,478.0,13.4
2026-01-14 13:00:00,12613.153,836.775,11776.379,15598.521,16.6,45,0.0,7.5,0,621.0,485.0,14.6
2026-01-14 14:00:00,12756.784,769.835,11986.95,15768.006000000001,17.4,42,0.0,8.2,0,553.0,425.0,14.8
2026-01-14 15:00:00,12780.509,630.332,12150.178,15796.002,17.4,42,0.0,9.1,0,425.0,311.0,14.8
2026-01-14 16:00:00,12587.463,427.096,12160.366,15568.207,16.6,48,0.0,8.5,0,255.0,165.0,14.2
2026-01-14 17:00:00,12818.239,243.542,12574.695,15840.522,15.1,55,0.0,6.6,0,83.0,38.0,13.2
2026-01-14 18:00:00,16645.683,0.0,16645.683,20356.907,13.4,65,0.0,5.2,0,1.0,0.0,11.8
2026-01-14 19:00:00,16640.307,0.0,16640.307,20350.561,12.5,72,0.0,5.3,0,0.0,0.0,11.1
2026-01-14 20:00:00,17006.007,0.0,17006.007,20782.086,11.8,77,0.0,5.5,0,0.0,0.0,10.4
2026-01-14 21:00:00,16739.265,0.0,16739.265,20467.333,11.2,80,0.0,5.7,0,0.0,0.0,9.7
2026-01-14 22:00:00,16850.328,0.0,16850.328,20598.388,10.4,84,0.0,5.6,0,0.0,0.0,8.9
2026-01-14 23:00:00,7624.7,0.0,7624.7,9712.146,9.4,88,0.0,5.7,0,0.0,0.0,7.8
2026-01-15 00:00:00,7663.945,0.0,7663.945,9758.456,8.6,89,0.0,5.0,0,0.0,0.0,7.1
2026-01-15 01:00:00,7669.6410000000005,0.0,7669.6410000000005,9765.177,8.2,91,0.0,3.5,0,0.0,0.0,6.8
2026-01-15 02:00:00,7511.942,0.0,7511.942,9579.088,7.7,92,0.0,3.6,0,0.0,0.0,6.3
2026-01-15 03:00:00,7531.042,0.0,7531.042,9601.627,7.2,94,0.0,3.8,0,0.0,0.0,5.7
2026-01-15 04:00:00,7585.07,0.0,7585.07,9665.385,6.7,96,0.0,3.6,0,0.0,0.0,5.2
2026-01-15 05:00:00,12600.345,0.0,12600.345,15583.405,5.8,100,0.0,4.9,100,0.0,0.0,4.0
2026-01-15 06:00:00,14168.548,0.0,14168.548,17433.889,6.1,100,0.0,6.2,100,0.0,0.0,4.1
2026-01-15 07:00:00,14299.853,255.27,14044.585,17588.828,6.0,98,0.0,7.6,100,1.0,0.0,3.8
2026-01-15 08:00:00,14356.007,481.485,13874.521999999999,17655.09,6.9,96,0.0,7.5,100,48.0,5.0,4.9
2026-01-15 09:00:00,14374.65,680.84,13693.81,17677.089,8.2,97,0.0,7.6,100,150.0,28.0,6.4
2026-01-15 10:00:00,14252.48,824.745,13427.736,17532.927,10.8,81,0.0,5.2,41,297.0,87.0,9.4
2026-01-15 11:00:00,12786.88,855.518,11931.36,15803.519,12.6,67,0.0,5.8,6,517.0,342.0,10.9
2026-01-15 12:00:00,12642.888,894.646,11748.244,15633.608,15.1,54,0.0,6.2,0,607.0,463.0,13.5
2026-01-15 13:00:00,12726.967,875.827,11851.143,15732.821,16.9,45,0.0,7.6,0,610.0,475.0,14.8
2026-01-15 14:00:00,12700.633,735.975,11964.658,15701.748,17.8,42,0.0,9.3,0,544.0,416.0,15.1
2026-01-15 15:00:00,12833.882,648.524,12185.358,15858.982,17.9,42,0.0,10.4,0,418.0,305.0,15.1
2026-01-15 16:00:00,12801.067,461.98199999999997,12339.086,15820.259,17.3,48,0.0,10.2,0,251.0,162.0,14.8
2026-01-15 17:00:00,12624.643,242.06300000000002,12382.58,15612.079,15.8,59,0.0,8.1,0,83.0,38.0,14.0
2026-01-15 18:00:00,16901.024,0.0,16901.024,20658.211,14.3,65,0.0,7.5,0,2.0,0.0,12.6
2026-01-15 19:00:00,16867.494000000002,0.0,16867.494000000002,20618.644,13.4,69,0.0,7.0,0,0.0,0.0,11.7
2026-01-15 20:00:00,16715.248,0.0,16715.248,20438.991,12.5,71,0.0,7.2,0,0.0,0.0,10.8
2026-01-15 21:00:00,16811.039,0.0,16811.039,20552.022,11.7,72,0.0,6.9,0,0.0,0.0,9.9
2026-01-15 22:00:00,16816.722,0.0,16816.722,20558.732,10.9,75,0.0,6.2,23,0.0,0.0,9.1
2026-01-15 23:00:00,7698.0380000000005,0.0,7698.0380000000005,9798.687,9.7,82,0.0,5.6,21,0.0,0.0,8.1
2026-01-16 00:00:00,7587.551,0.0,7587.551,9668.309000000001,8.9,84,0.0,5.2,38,0.0,0.0,7.2
2026-01-16 01:00:00,7601.446,0.0,7601.446,9684.704,8.3,86,0.0,4.7,45,0.0,0.0,6.6
2026-01-16 02:00:00,7658.278,0.0,7658.278,9751.768,7.8,87,0.0,5.0,8,0.0,0.0,6.0
2026-01-16 03:00:00,7694.242,0.0,7694.242,9794.205,7.4,89,0.0,5.2,8,0.0,0.0,5.5
2026-01-16 04:00:00,7730.989,0.0,7730.989,9837.565,6.9,90,0.0,5.1,34,0.0,0.0,5.0
2026-01-16 05:00:00,12621.882000000001,0.0,12621.882000000001,15608.819,6.2,93,0.0,4.9,31,0.0,0.0,4.2
2026-01-16 06:00:00,14437.384,0.0,14437.384,17751.111,6.1,93,0.0,5.0,5,0.0,0.0,4.1
2026-01-16 07:00:00,14405.279,261.976,14143.304,17713.231,6.2,92,0.0,6.1,2,1.0,0.0,4.1
2026-01-16 08:00:00,14328.258,525.72,13802.535,17622.342,7.8,86,0.0,8.7,23,78.0,33.0,5.4
2026-01-16 09:00:00,14350.468,753.054,13597.412,17648.553,10.8,75,0.0,5.9,3,248.0,158.0,9.0
2026-01-16 10:00:00,14185.916,860.299,13325.618,17454.38,14.0,62,0.0,4.3,17,416.0,303.0,12.5
2026-01-16 11:00:00,12643.689,898.312,11745.375,15634.553,16.6,51,0.0,4.2,53,542.0,416.0,15.0
2026-01-16 12:00:00,12616.942000000001,884.36,11732.581,15602.993,18.5,41,0.0,4.1,57,608.0,473.0,17.0
2026-01-16 13:00:00,12780.745,874.242,11906.502,15796.28,19.8,35,0.0,4.1,98,610.0,474.0,18.1
2026-01-16 14:00:00,12578.098,722.848,11855.252,15557.157000000001,20.5,33,0.0,4.2,99,536.0,392.0,18.4
2026-01-16 15:00:00,12699.841,612.126,12087.715,15700.811,20.5,35,0.0,4.3,15,411.0,282.0,18.5
2026-01-16 16:00:00,12621.848,433.479,12188.371,15608.784,19.8,41,0.0,3.1,2,254.0,163.0,18.4
2026-01-16 17:00:00,12798.091,237.587,12560.503,15816.746,17.3,55,0.0,2.9,100,85.0,41.0,16.4
2026-01-16 18:00:00,16936.341,0.0,16936.341,20699.884000000002,15.6,60,0.0,3.2,97,2.0,0.0,14.6
2026-01-16 19:00:00,16920.319,0.0,16920.319,20680.971,14.5,66,0.0,3.3,100,0.0,0.0,13.5
2026-01-16 20:00:00,16748.514,0.0,16748.514,20478.246,13.8,68,0.0,2.5,100,0.0,0.0,12.9
2026-01-16 21:00:00,16687.047,0.0,16687.047,20405.715,13.2,70,0.0,2.1,100,0.0,0.0,12.3
2026-01-16 22:00:00,16829.993000000002,0.0,16829.993000000002,20574.389,12.2,72,0.0,2.5,95,0.0,0.0,11.1
2026-01-16 23:00:00,7619.227,0.0,7619.227,9705.69,11.2,77,0.0,4.9,95,0.0,0.0,9.7
2026-01-17 00:00:00,6629.46,0.0,6629.46,8537.76,10.5,79,0.0,3.1,98,0.0,0.0,9.2
2026-01-17 01:00:00,6720.2080000000005,0.0,6720.2080000000005,8644.842,10.3,79,0.0,1.2,98,0.0,0.0,9.3
2026-01-17 02:00:00,6642.087,0.0,6642.087,8552.664,9.6,82,0.0,2.4,100,0.0,0.0,8.4
2026-01-17 03:00:00,6596.698,0.0,6596.698,8499.107,9.0,85,0.0,4.3,100,0.0,0.0,7.5
2026-01-17 04:00:00,6639.415,0.0,6639.415,8549.511,8.4,88,0.0,3.6,100,0.0,0.0,7.0
2026-01-17 05:00:00,11145.190999999999,0.0,11145.190999999999,13866.327,7.9,91,0.0,3.2,100,0.0,0.0,6.5
2026-01-17 06:00:00,12245.971,0.0,12245.971,15165.242,7.8,90,0.0,3.3,99,0.0,0.0,6.3
2026-01-17 07:00:00,12415.978,229.947,12186.032000000001,15365.854,7.8,90,0.0,1.7,100,1.0,0.0,6.6
2026-01-17 08:00:00,12425.494,455.627,11969.864,15377.08,9.4,88,0.0,3.3,100,73.0,23.0,8.2
2026-01-17 09:00:00,12473.016,589.557,11883.459,15433.161,12.1,79,0.0,2.7,98,217.0,95.0,11.3
2026-01-17 10:00:00,12350.789,763.195,11587.596,15288.93,15.6,65,0.0,2.1,100,391.0,227.0,15.0
2026-01-17 11:00:00,11227.968,778.367,10449.601,13964.003999999999,18.3,54,0.0,2.1,100,530.0,358.0,17.7
2026-01-17 12:00:00,11084.054,742.766,10341.288,13794.182,20.7,45,0.0,1.3,100,593.0,415.0,20.3
2026-01-17 13:00:00,11234.289999999999,726.91,10507.378,13971.463,21.9,40,0.0,0.9,100,585.0,396.0,21.4
2026-01-17 14:00:00,11018.55,689.881,10328.669,13716.887999999999,22.5,39,0.0,1.1,100,518.0,336.0,21.8
2026-01-17 15:00:00,11052.135,557.83,10494.305,13756.517,22.6,39,0.0,1.0,99,406.0,263.0,21.9
2026-01-17 16:00:00,11012.048999999999,372.765,10639.282,13709.214,22.0,45,0.0,1.4,99,238.0,122.0,21.6
2026-01-17 17:00:00,11216.094,201.605,11014.488,13949.99,19.7,53,0.0,2.3,100,82.0,26.0,19.3
2026-01-17 18:00:00,14619.629,0.0,14619.629,17966.162,17.6,57,0.0,4.4,100,2.0,0.0,16.7
2026-01-17 19:00:00,14615.349,0.0,14615.349,17961.112,16.3,65,0.0,5.0,99,0.0,0.0,15.5
2026-01-17 20:00:00,14566.376,0.0,14566.376,17903.326,15.4,72,0.0,3.6,100,0.0,0.0,15.0
2026-01-17 21:00:00,14679.52,0.0,14679.52,18036.834,14.5,78,0.0,3.3,94,0.0,0.0,14.2
2026-01-17 22:00:00,14471.678,0.0,14471.678,17791.578,13.6,82,0.0,3.2,71,0.0,0.0,13.3
2026-01-17 23:00:00,6668.234,0.0,6668.234,8583.519,12.8,87,0.0,3.9,99,0.0,0.0,12.4
2026-01-18 00:00:00,6633.862,0.0,6633.862,8542.956,12.0,88,0.0,3.1,77,0.0,0.0,11.6
2026-01-18 01:00:00,6702.769,0.0,6702.769,8624.27,11.5,89,0.0,2.9,17,0.0,0.0,11.0
2026-01-18 02:00:00,6702.011,0.0,6702.011,8623.372,11.1,89,0.0,2.5,11,0.0,0.0,10.6
2026-01-18 03:00:00,6635.941,0.0,6635.941,8545.41,10.7,90,0.0,2.1,0,0.0,0.0,10.2
2026-01-18 04:00:00,6560.029,0.0,6560.029,8455.837,10.1,92,0.0,2.3,2,0.0,0.0,9.4
2026-01-18 05:00:00,11018.234,0.0,11018.234,13716.518,8.1,100,0.0,3.1,99,0.0,0.0,7.2
2026-01-18 06:00:00,12516.682999999999,0.0,12516.682999999999,15484.686,8.2,99,0.0,2.9,100,0.0,0.0,7.3
2026-01-18 07:00:00,12301.977,224.30700000000002,12077.67,15231.334,8.2,99,0.0,3.9,100,1.0,0.0,7.0
2026-01-18 08:00:00,12428.816,448.34999999999997,11980.469000000001,15381.005,9.3,97,0.0,3.9,100,54.0,10.0,8.4
2026-01-18 09:00:00,12314.436,589.375,11725.063,15246.035,10.7,94,0.0,4.3,100,155.0,30.0,10.0
2026-01-18 10:00:00,12354.271999999999,754.234,11600.043,15293.044,13.0,85,0.0,3.3,42,268.0,62.0,12.7
2026-01-18 11:00:00,11163.048,767.095,10395.952,13887.397,16.8,71,0.0,4.0,1,492.0,290.0,16.7
2026-01-18 12:00:00,11044.161,786.699,10257.461,13747.11,20.2,56,0.0,4.8,2,615.0,491.0,20.2
2026-01-18 13:00:00,11045.394,782.552,10262.841,13748.566,21.5,49,0.0,6.0,10,595.0,455.0,21.0
2026-01-18 14:00:00,11012.029,664.235,10347.792,13709.193,22.0,46,0.0,6.9,13,516.0,376.0,20.9
2026-01-18 15:00:00,10984.514,552.446,10432.067000000001,13676.724,22.0,43,0.0,5.6,20,395.0,270.0,20.9
2026-01-18 16:00:00,11059.146,394.623,10664.523000000001,13764.794,21.6,43,0.0,4.9,16,233.0,133.0,20.5
2026-01-18 17:00:00,11197.254,212.06199999999998,10985.192,13927.759,20.2,50,0.0,4.8,25,82.0,34.0,19.3
2026-01-18 18:00:00,14538.086,0.0,14538.086,17869.944,18.8,61,0.0,5.7,13,2.0,0.0,18.3
2026-01-18 19:00:00,14433.068000000001,0.0,14433.068000000001,17746.022,17.6,71,0.0,5.7,9,0.0,0.0,17.5
2026-01-18 20:00:00,14558.274,0.0,14558.274,17893.764,16.3,79,0.0,4.6,16,0.0,0.0,16.5
2026-01-18 21:00:00,14671.225,0.0,14671.225,18027.047,15.6,82,0.0,4.6,16,0.0,0.0,15.7
2026-01-18 22:00:00,14576.691,0.0,14576.691,17915.496,14.9,86,0.0,4.9,84,0.0,0.0,14.9
2026-01-18 23:00:00,6657.146000000001,0.0,6657.146000000001,8570.429,14.1,89,0.0,5.2,25,0.0,0.0,14.1
2026-01-19 00:00:00,7557.905,0.0,7557.905,9633.328,13.7,89,0.0,5.4,93,0.0,0.0,13.5
2026-01-19 01:00:00,7577.817,0.0,7577.817,9656.825,13.8,87,0.0,6.0,15,0.0,0.0,13.4
2026-01-19 02:00:00,7569.804,0.0,7569.804,9647.368,13.3,87,0.0,5.8,23,0.0,0.0,12.8
2026-01-19 03:00:00,7606.609,0.0,7606.609,9690.797,12.4,89,0.0,5.1,3,0.0,0.0,11.8
2026-01-19 04:00:00,7653.405,0.0,7653.405,9746.018,11.5,91,0.0,4.8,3,0.0,0.0,10.8
2026-01-19 05:00:00,12694.885,0.0,12694.885,15694.964,11.3,91,0.0,4.0,15,0.0,0.0,10.6
2026-01-19 06:00:00,14261.270999999999,0.0,14261.270999999999,17543.297,10.9,92,0.0,2.5,19,0.0,0.0,10.4
2026-01-19 07:00:00,14232.461000000001,274.798,13957.661,17509.303,10.7,92,0.0,2.1,35,1.0,0.0,10.3
2026-01-19 08:00:00,14356.737,494.988,13861.749,17655.95,12.3,87,0.0,4.1,37,77.0,32.0,11.8
2026-01-19 09:00:00,14162.148000000001,679.427,13482.717999999999,17426.333,15.0,74,0.0,1.9,19,240.0,143.0,14.8
2026-01-19 10:00:00,14232.476,863.227,13369.248,17509.321,18.2,60,0.0,1.0,6,401.0,278.0,18.1
2026-01-19 11:00:00,12590.437,844.739,11745.696,15571.713,20.7,46,0.0,0.7,13,531.0,395.0,20.2
2026-01-19 12:00:00,12796.714,860.968,11935.748,15815.123,23.6,29,0.0,0.9,8,606.0,463.0,22.6
2026-01-19 13:00:00,12735.887999999999,845.987,11889.899,15743.348,24.7,22,0.0,1.7,6,602.0,451.0,22.9
2026-01-19 14:00:00,12650.912,744.941,11905.969,15643.077,25.1,21,0.0,2.8,12,543.0,407.0,22.7
2026-01-19 15:00:00,12793.686,646.025,12147.66,15811.548999999999,25.0,21,0.0,3.7,2,424.0,306.0,22.5
2026-01-19 16:00:00,12611.284,458.678,12152.608,15596.315,24.4,23,0.0,4.9,0,259.0,167.0,21.8
2026-01-19 17:00:00,12716.936,237.546,12479.391,15720.986,22.3,28,0.0,3.7,0,90.0,41.0,20.1
2026-01-19 18:00:00,16886.466,0.0,16886.466,20641.03,20.2,37,0.0,4.1,0,3.0,0.0,18.3
2026-01-19 19:00:00,16842.760000000002,0.0,16842.760000000002,20589.456,19.0,46,0.0,3.6,0,0.0,0.0,17.6
2026-01-19 20:00:00,16786.666,0.0,16786.666,20523.268,18.0,53,0.0,4.4,1,0.0,0.0,16.8
2026-01-19 21:00:00,16664.472,0.0,16664.472,20379.078,17.1,60,0.0,3.8,2,0.0,0.0,16.4
2026-01-19 22:00:00,16988.72,0.0,16988.72,20761.691,16.3,67,0.0,3.5,0,0.0,0.0,15.8
2026-01-19 23:00:00,7605.662,0.0,7605.662,9689.681,15.1,75,0.0,5.2,0,0.0,0.0,14.5
2026-01-20 00:00:00,7734.095,0.0,7734.095,9841.232,14.3,79,0.0,5.1,0,0.0,0.0,13.7
2026-01-20 01:00:00,7635.569,0.0,7635.569,9724.968,13.3,82,0.0,4.8,0,0.0,0.0,12.7
2026-01-20 02:00:00,7638.402,0.0,7638.402,9728.313,12.8,82,0.0,4.5,0,0.0,0.0,12.1
2026-01-20 03:00:00,7663.915,0.0,7663.915,9758.418,12.5,80,0.0,3.8,0,0.0,0.0,11.7
2026-01-20 04:00:00,7640.212,0.0,7640.212,9730.45,11.8,82,0.0,4.5,0,0.0,0.0,10.8
2026-01-20 05:00:00,12785.873,0.0,12785.873,15802.331,11.0,85,0.0,5.5,0,0.0,0.0,9.8
2026-01-20 06:00:00,14308.385,0.0,14308.385,17598.896,10.6,85,0.0,6.2,0,0.0,0.0,9.2
2026-01-20 07:00:00,14163.228,260.727,13902.497,17427.608,10.2,85,0.0,6.1,0,2.0,0.0,8.7
2026-01-20 08:00:00,14197.864,480.516,13717.348,17468.483,12.0,75,0.0,7.6,0,82.0,37.0,10.3
2026-01-20 09:00:00,14403.488,719.995,13683.494,17711.115,15.3,62,0.0,5.8,0,252.0,161.0,13.9
2026-01-20 10:00:00,14333.864,911.678,13422.183,17628.957000000002,18.7,51,0.0,4.8,0,419.0,304.0,17.6
2026-01-20 11:00:00,12785.379,862.833,11922.543,15801.744999999999,21.7,44,0.0,7.0,0,546.0,416.0,20.3
2026-01-20 12:00:00,12584.751,851.779,11732.975,15565.007,23.5,36,0.0,7.9,0,614.0,478.0,22.1
2026-01-20 13:00:00,12806.747,867.816,11938.928,15826.958,24.2,31,0.0,8.0,15,617.0,481.0,22.5
2026-01-20 14:00:00,12823.773,762.693,12061.078,15847.051,24.3,32,0.0,8.7,50,553.0,422.0,22.1
2026-01-20 15:00:00,12635.492,627.1270000000001,12008.365,15624.878,23.9,33,0.0,8.4,55,427.0,304.0,21.8
2026-01-20 16:00:00,12747.585000000001,450.581,12297.004,15757.151,23.2,35,0.0,8.1,37,258.0,159.0,21.2
2026-01-20 17:00:00,12765.617,233.439,12532.177,15778.427,22.1,33,0.0,6.6,12,91.0,39.0,19.9
2026-01-20 18:00:00,16733.018,0.0,16733.018,20459.962,20.4,41,0.0,5.9,0,3.0,0.0,18.7
2026-01-20 19:00:00,16609.978,0.0,16609.978,20314.773,19.1,51,0.0,4.9,0,0.0,0.0,18.0
2026-01-20 20:00:00,16913.521,0.0,16913.521,20672.953,18.1,60,0.0,5.0,0,0.0,0.0,17.4
2026-01-20 21:00:00,16737.743,0.0,16737.743,20465.535,17.2,68,0.0,4.7,0,0.0,0.0,16.8
2026-01-20 22:00:00,16875.881999999998,0.0,16875.881999999998,20628.541,16.5,72,0.0,4.7,0,0.0,0.0,16.2
2026-01-20 23:00:00,7715.0599999999995,0.0,7715.0599999999995,9818.771,15.9,78,0.0,4.9,0,0.0,0.0,15.7
2026-01-21 00:00:00,7564.474,0.0,7564.474,9641.079,14.5,81,0.0,5.1,0,0.0,0.0,14.2
2026-01-21 01:00:00,7664.736,0.0,7664.736,9759.387,13.8,82,0.0,4.4,0,0.0,0.0,13.4
2026-01-21 02:00:00,7517.227,0.0,7517.227,9585.329,13.0,83,0.0,4.0,0,0.0,0.0,12.4
2026-01-21 03:00:00,7685.7970000000005,0.0,7685.7970000000005,9784.24,12.5,83,0.0,3.4,0,0.0,0.0,11.9
2026-01-21 04:00:00,7551.394,0.0,7551.394,9625.643,11.6,85,0.0,4.5,0,0.0,0.0,10.8
2026-01-21 05:00:00,12704.762999999999,0.0,12704.762999999999,15706.618,11.1,94,0.0,4.4,16,0.0,0.0,10.4
2026-01-21 06:00:00,14428.462,0.0,14428.462,17740.585,10.2,96,0.0,4.1,38,0.0,0.0,9.5
2026-01-21 07:00:00,14291.245,262.113,14029.132,17578.669,9.7,99,0.0,5.3,57,1.0,0.0,8.8
2026-01-21 08:00:00,14217.81,507.104,13710.708,17492.017,10.6,94,0.0,4.6,58,67.0,21.0,9.8
2026-01-21 09:00:00,14199.67,710.4639999999999,13489.208999999999,17470.611,13.2,81,0.0,4.0,4,213.0,99.0,12.6
2026-01-21 10:00:00,14259.345,898.367,13360.978,17541.027000000002,16.9,63,0.0,3.6,0,401.0,257.0,16.3
2026-01-21 11:00:00,12752.861,855.024,11897.835,15763.375,20.4,50,0.0,5.5,0,550.0,417.0,19.5
2026-01-21 12:00:00,12687.127,922.101,11765.029,15685.813,22.3,40,0.0,7.6,0,619.0,479.0,21.1
2026-01-21 13:00:00,12805.871,892.019,11913.852,15825.93,23.0,36,0.0,8.7,0,623.0,484.0,21.4
2026-01-21 14:00:00,12926.101,736.525,12189.577000000001,15967.798999999999,23.2,34,0.0,9.1,0,560.0,427.0,21.0
2026-01-21 15:00:00,12771.467,625.227,12146.239,15785.332,22.9,34,0.0,9.2,0,437.0,319.0,20.6
2026-01-21 16:00:00,12720.981,451.21000000000004,12269.767,15725.756,22.1,36,0.0,8.6,0,271.0,177.0,19.9
2026-01-21 17:00:00,12809.531,219.72299999999998,12589.805,15830.246,20.8,39,0.0,6.9,0,97.0,46.0,18.9
2026-01-21 18:00:00,16977.667,0.0,16977.667,20748.648,19.3,44,0.0,5.5,0,3.0,0.0,17.6
2026-01-21 19:00:00,16665.196,0.0,16665.196,20379.932,18.1,49,0.0,4.8,0,0.0,0.0,16.6
2026-01-21 20:00:00,16747.810999999998,0.0,16747.810999999998,20477.417,16.9,56,0.0,4.8,0,0.0,0.0,15.7
2026-01-21 21:00:00,16684.273,0.0,16684.273,20402.441,16.1,62,0.0,4.8,0,0.0,0.0,15.0
2026-01-21 22:00:00,16815.895,0.0,16815.895,20557.758,15.4,65,0.0,2.9,0,0.0,0.0,14.7
2026-01-21 23:00:00,7557.18,0.0,7557.18,9632.47,14.8,69,0.0,3.7,0,0.0,0.0,14.0
2026-01-22 00:00:00,7691.992,0.0,7691.992,9791.549,13.8,72,0.0,3.2,0,0.0,0.0,13.0
2026-01-22 01:00:00,7606.553,0.0,7606.553,9690.734,13.3,73,0.0,2.4,0,0.0,0.0,12.5
2026-01-22 02:00:00,7718.533,0.0,7718.533,9822.871,12.5,76,0.0,3.3,0,0.0,0.0,11.5
2026-01-22 03:00:00,7666.116,0.0,7666.116,9761.014,11.6,78,0.0,3.6,0,0.0,0.0,10.5
2026-01-22 04:00:00,7648.186,0.0,7648.186,9739.856,11.3,77,0.0,2.9,0,0.0,0.0,10.1
2026-01-22 05:00:00,12854.571,0.0,12854.571,15883.395,10.5,81,0.0,3.1,0,0.0,0.0,9.4
2026-01-22 06:00:00,14286.673,0.0,14286.673,17573.274,10.1,82,0.0,1.9,0,0.0,0.0,9.0
2026-01-22 07:00:00,14204.436,247.076,13957.359,17476.232,10.0,82,0.0,0.9,0,2.0,0.0,9.1
2026-01-22 08:00:00,14067.849,491.922,13575.925,17315.061,11.8,74,0.0,1.1,0,86.0,40.0,10.9
2026-01-22 09:00:00,14212.09,654.634,13557.455,17485.265,15.4,61,0.0,2.1,0,261.0,171.0,14.5
2026-01-22 10:00:00,14226.84,878.356,13348.484,17502.672,19.0,44,0.0,2.5,0,431.0,317.0,17.8
2026-01-22 11:00:00,12674.663,850.547,11824.117,15671.104,21.5,39,0.0,3.3,0,558.0,428.0,20.3
2026-01-22 12:00:00,12656.135,899.375,11756.756,15649.236,23.5,37,0.0,3.9,0,623.0,486.0,22.8
2026-01-22 13:00:00,12780.178,858.069,11922.109,15795.611,24.6,34,0.0,4.3,0,627.0,490.0,23.9
2026-01-22 14:00:00,12867.832,814.525,12053.304,15899.041000000001,25.0,34,0.0,6.4,0,563.0,432.0,23.6
2026-01-22 15:00:00,12664.287,626.892,12037.394,15658.858,24.8,36,0.0,7.6,0,439.0,321.0,23.4
2026-01-22 16:00:00,12707.789,449.879,12257.912,15710.192000000001,23.8,41,0.0,10.1,0,271.0,176.0,22.2
2026-01-22 17:00:00,12614.161,236.262,12377.898000000001,15599.711,21.9,50,0.0,9.7,32,97.0,45.0,20.8
2026-01-22 18:00:00,16591.126,0.0,16591.126,20292.528,20.4,59,0.0,8.2,73,4.0,0.0,19.9
2026-01-22 19:00:00,16516.448,0.0,16516.448,20204.407,19.5,66,0.0,9.4,99,0.0,0.0,19.0
2026-01-22 20:00:00,16855.259,0.0,16855.259,20604.205,19.0,68,0.0,10.9,98,0.0,0.0,18.3
2026-01-22 21:00:00,16884.041,0.0,16884.041,20638.164,18.7,69,0.0,12.1,89,0.0,0.0,17.8
2026-01-22 22:00:00,16844.418999999998,0.0,16844.418999999998,20591.416,18.1,70,0.0,12.4,36,0.0,0.0,17.1
2026-01-22 23:00:00,7676.836,0.0,7676.836,9773.665,17.9,70,0.0,14.6,15,0.0,0.0,16.5
2026-01-23 00:00:00,7577.669,0.0,7577.669,9656.648,17.1,72,0.0,14.4,88,0.0,0.0,15.6
2026-01-23 01:00:00,7681.601,0.0,7681.601,9779.287,16.6,74,0.0,15.4,48,0.0,0.0,14.9
2026-01-23 02:00:00,7635.322,0.0,7635.322,9724.681,16.2,74,0.0,16.2,92,0.0,0.0,14.3
2026-01-23 03:00:00,7554.88,0.0,7554.88,9629.757,16.2,73,0.0,11.6,72,0.0,0.0,14.9
2026-01-23 04:00:00,7610.082,0.0,7610.082,9694.897,16.3,71,0.0,10.4,67,0.0,0.0,15.1
2026-01-23 05:00:00,12555.777,0.0,12555.777,15530.815,15.7,75,0.0,15.2,72,0.0,0.0,13.9
2026-01-23 06:00:00,14370.465,0.0,14370.465,17672.148,15.3,77,0.0,15.8,52,0.0,0.0,13.4
2026-01-23 07:00:00,14354.998,257.902,14097.095000000001,17653.896,15.1,78,0.0,15.5,100,1.0,0.0,13.2
2026-01-23 08:00:00,14118.18,503.593,13614.582,17374.449,14.6,85,3.9,8.7,100,33.0,2.0,14.0
2026-01-23 09:00:00,14218.621,664.124,13554.497,17492.974000000002,14.4,88,2.4,13.1,100,19.0,0.0,13.3
2026-01-23 10:00:00,14068.431,837.669,13230.761,17315.748,14.7,88,1.0,18.1,100,76.0,5.0,12.8
2026-01-23 11:00:00,12793.411,882.628,11910.786,15811.225,14.1,90,1.8,17.6,100,74.0,0.0,12.3
2026-01-23 12:00:00,12699.88,923.648,11776.232,15700.861,14.6,89,0.7,18.8,81,87.0,0.0,12.7
2026-01-23 13:00:00,12643.517,887.044,11756.475,15634.350999999999,16.1,84,1.6,16.5,57,334.0,147.0,14.7
2026-01-23 14:00:00,12649.565,761.327,11888.24,15641.488,17.5,75,0.0,17.7,100,417.0,222.0,15.8
2026-01-23 15:00:00,12620.784,641.707,11979.076000000001,15607.524000000001,16.8,82,2.4,11.3,71,147.0,15.0,16.4
2026-01-23 16:00:00,12911.727,452.752,12458.974,15950.836,16.7,84,0.1,12.3,100,140.0,44.0,16.2
2026-01-23 17:00:00,12700.3,232.275,12468.021,15701.351,15.5,85,8.6,14.7,70,25.0,2.0,14.3
2026-01-23 18:00:00,16691.931,0.0,16691.931,20411.479,14.4,88,0.7,6.2,98,3.0,0.0,14.2
2026-01-23 19:00:00,16816.683,0.0,16816.683,20558.686999999998,14.4,91,0.2,9.5,48,0.0,0.0,13.9
2026-01-23 20:00:00,16853.506,0.0,16853.506,20602.137,14.2,92,0.2,8.8,43,0.0,0.0,13.8
2026-01-23 21:00:00,16682.816,0.0,16682.816,20400.723,13.7,93,0.2,4.6,25,0.0,0.0,13.8
2026-01-23 22:00:00,16701.323,0.0,16701.323,20422.56,13.1,92,0.1,1.2,20,0.0,0.0,13.4
2026-01-23 23:00:00,7675.581,0.0,7675.581,9772.187,12.9,95,0.0,2.8,100,0.0,0.0,13.1
2026-01-24 00:00:00,6692.567,0.0,6692.567,8612.229,12.5,95,0.0,1.2,100,0.0,0.0,12.9
2026-01-24 01:00:00,6640.987,0.0,6640.987,8551.366,12.9,94,0.0,6.1,100,0.0,0.0,12.6
2026-01-24 02:00:00,6617.952,0.0,6617.952,8524.182,12.3,97,0.0,10.0,97,0.0,0.0,11.4
2026-01-24 03:00:00,6726.102,0.0,6726.102,8651.798999999999,11.2,97,0.0,10.1,100,0.0,0.0,10.0
2026-01-24 04:00:00,6680.358,0.0,6680.358,8597.822,9.7,89,0.0,12.0,100,0.0,0.0,7.4
2026-01-24 05:00:00,10987.934,0.0,10987.934,13680.765,9.9,75,0.0,10.6,100,0.0,0.0,7.2
2026-01-24 06:00:00,12199.724,0.0,12199.724,15110.672,9.3,70,0.0,10.8,100,0.0,0.0,6.3
2026-01-24 07:00:00,12630.831,229.541,12401.292,15619.383,9.0,70,0.0,10.1,98,1.0,0.0,6.1
2026-01-24 08:00:00,12450.542,447.105,12003.435,15406.639,9.6,69,0.0,8.1,80,67.0,27.0,7.0
2026-01-24 09:00:00,12542.786,630.272,11912.516,15515.49,10.8,65,0.0,8.4,48,218.0,110.0,8.2
2026-01-24 10:00:00,12256.099,727.616,11528.478,15177.194,12.2,59,0.0,8.6,34,376.0,221.0,9.6
2026-01-24 11:00:00,11105.742,750.091,10355.649,13819.774,14.0,50,0.0,9.8,13,523.0,362.0,11.1
2026-01-24 12:00:00,10992.669,777.413,10215.253999999999,13686.348,15.4,45,0.0,9.4,38,613.0,454.0,12.8
2026-01-24 13:00:00,10969.964,733.775,10236.19,13659.559,16.1,44,0.0,9.5,7,623.0,459.0,13.7
2026-01-24 14:00:00,11167.239,681.664,10485.572,13892.341,16.4,46,0.0,10.3,6,559.0,412.0,13.6
2026-01-24 15:00:00,11262.432,558.978,10703.454,14004.672,16.2,49,0.0,10.9,100,445.0,321.0,13.4
2026-01-24 16:00:00,11033.076000000001,381.832,10651.244,13734.029,15.4,52,0.0,10.4,100,264.0,146.0,12.7
2026-01-24 17:00:00,11057.491,195.994,10861.497,13762.84,14.0,60,0.0,9.6,100,93.0,26.0,11.7
2026-01-24 18:00:00,14588.265,0.0,14588.265,17929.153,12.5,66,0.0,8.9,100,4.0,0.0,10.2
2026-01-24 19:00:00,14604.389,0.0,14604.389,17948.181,11.6,69,0.0,8.8,98,0.0,0.0,9.4
2026-01-24 20:00:00,14565.671,0.0,14565.671,17902.490999999998,10.7,71,0.0,8.7,100,0.0,0.0,8.4
2026-01-24 21:00:00,14796.611,0.0,14796.611,18174.999,10.0,73,0.0,8.5,100,0.0,0.0,7.6
2026-01-24 22:00:00,14729.555,0.0,14729.555,18095.873,9.4,74,0.0,9.0,100,0.0,0.0,6.8
2026-01-24 23:00:00,6576.280000000001,0.0,6576.280000000001,8475.013,9.1,75,0.0,10.7,100,0.0,0.0,6.2
2026-01-25 00:00:00,6709.759,0.0,6709.759,8632.515,8.8,75,0.0,9.0,100,0.0,0.0,6.1
2026-01-25 01:00:00,6629.111,0.0,6629.111,8537.35,8.4,76,0.0,9.2,100,0.0,0.0,5.7
2026-01-25 02:00:00,6627.628,0.0,6627.628,8535.601,8.3,76,0.0,8.1,100,0.0,0.0,5.7
2026-01-25 03:00:00,6649.333,0.0,6649.333,8561.212,7.7,79,0.0,7.7,100,0.0,0.0,5.1
2026-01-25 04:00:00,6744.582,0.0,6744.582,8673.606,7.2,81,0.0,7.3,96,0.0,0.0,4.7
2026-01-25 05:00:00,10935.218,0.0,10935.218,13618.558,6.9,84,0.0,7.7,96,0.0,0.0,4.4
2026-01-25 06:00:00,12533.382,0.0,12533.382,15504.388,6.8,85,0.0,6.3,76,0.0,0.0,4.5
2026-01-25 07:00:00,12414.095,233.088,12181.011,15363.631000000001,6.4,86,0.0,9.2,2,2.0,0.0,3.7
2026-01-25 08:00:00,12511.585000000001,433.582,12078.003,15478.67,7.1,84,0.0,9.4,0,88.0,37.0,4.4
2026-01-25 09:00:00,12417.204,624.165,11793.041,15367.301,8.9,78,0.0,9.8,0,266.0,171.0,6.2
2026-01-25 10:00:00,12350.115,741.794,11608.323,15288.134,11.2,72,0.0,8.8,0,442.0,322.0,9.0
2026-01-25 11:00:00,11136.758,768.194,10368.567000000001,13856.376,13.6,65,0.0,9.6,0,576.0,441.0,11.5
2026-01-25 12:00:00,11161.908,777.265,10384.643,13886.052,15.1,59,0.0,10.0,0,648.0,507.0,13.4
2026-01-25 13:00:00,11203.289,741.55,10461.737,13934.88,16.0,54,0.0,9.1,0,651.0,510.0,14.4
2026-01-25 14:00:00,11036.434,712.829,10323.605,13737.992,16.4,53,0.0,8.1,0,586.0,451.0,14.6
2026-01-25 15:00:00,11133.573,537.272,10596.301,13852.617,16.5,53,0.0,7.1,0,459.0,338.0,14.6
2026-01-25 16:00:00,11052.225,398.17,10654.058,13756.625,15.9,57,0.0,5.7,0,288.0,190.0,14.3
2026-01-25 17:00:00,11150.501,205.595,10944.906,13872.592,14.2,73,0.0,4.0,8,108.0,52.0,13.4
2026-01-25 18:00:00,14512.099,0.0,14512.099,17839.275,12.8,75,0.0,5.3,0,5.0,1.0,11.5
2026-01-25 19:00:00,14544.339,0.0,14544.339,17877.317,12.0,77,0.0,5.3,0,0.0,0.0,10.7
2026-01-25 20:00:00,14661.131,0.0,14661.131,18015.135,11.2,79,0.0,5.4,0,0.0,0.0,9.8
2026-01-25 21:00:00,14499.426,0.0,14499.426,17824.325,10.6,79,0.0,6.0,0,0.0,0.0,9.0
2026-01-25 22:00:00,14644.419,0.0,14644.419,17995.416,9.9,81,0.0,5.4,0,0.0,0.0,8.3
2026-01-25 23:00:00,6613.179,0.0,6613.179,8518.551,9.2,85,0.0,4.8,0,0.0,0.0,7.7
2026-01-26 00:00:00,7676.938,0.0,7676.938,9773.788,8.7,86,0.0,4.7,0,0.0,0.0,7.1
2026-01-26 01:00:00,7600.088,0.0,7600.088,9683.104,8.2,88,0.0,4.4,0,0.0,0.0,6.6
2026-01-26 02:00:00,7695.936,0.0,7695.936,9796.204,7.8,89,0.0,4.9,81,0.0,0.0,6.0
2026-01-26 03:00:00,7625.532,0.0,7625.532,9713.128,7.5,89,0.0,5.6,34,0.0,0.0,5.6
2026-01-26 04:00:00,7724.149,0.0,7724.149,9829.495,6.9,90,0.0,4.7,9,0.0,0.0,5.0
2026-01-26 05:00:00,12710.474,0.0,12710.474,15713.358,6.3,93,0.0,4.9,0,0.0,0.0,4.4
2026-01-26 06:00:00,14344.69,0.0,14344.69,17641.732,6.4,92,0.0,4.6,0,0.0,0.0,4.5
2026-01-26 07:00:00,14141.262,256.51,13884.748,17401.687,6.2,93,0.0,4.2,0,2.0,0.0,4.3
2026-01-26 08:00:00,14148.915,516.2620000000001,13632.652,17410.719,7.9,89,0.0,4.3,0,89.0,40.0,6.3
2026-01-26 09:00:00,14184.8,696.112,13488.687,17453.063,10.5,83,0.0,2.2,0,266.0,170.0,9.5
2026-01-26 10:00:00,14379.238,872.391,13506.848,17682.501,13.1,76,0.0,1.0,0,440.0,319.0,12.6
2026-01-26 11:00:00,12797.673,865.337,11932.335,15816.253999999999,15.2,68,0.0,0.8,0,571.0,435.0,15.0
2026-01-26 12:00:00,12543.735,899.712,11644.023,15516.606,17.1,62,0.0,1.0,0,644.0,502.0,17.5
2026-01-26 13:00:00,12803.328,868.156,11935.172,15822.926,18.1,58,0.0,0.9,0,647.0,504.0,18.5
2026-01-26 14:00:00,12825.423,763.894,12061.528,15848.999,18.7,55,0.0,1.5,0,582.0,446.0,18.5
2026-01-26 15:00:00,12759.545,656.7189999999999,12102.825,15771.262,18.8,54,0.0,1.0,0,456.0,334.0,18.5
2026-01-26 16:00:00,12724.254,441.289,12282.969,15729.622,18.5,56,0.0,2.2,21,286.0,188.0,18.1
2026-01-26 17:00:00,12782.617,224.712,12557.904,15798.488,17.0,69,0.0,3.8,100,106.0,43.0,16.8
2026-01-26 18:00:00,16967.042999999998,0.0,16967.042999999998,20736.107,16.2,73,0.0,3.3,100,3.0,0.0,16.1
2026-01-26 19:00:00,16906.168,0.0,16906.168,20664.282,15.2,77,0.0,4.3,78,0.0,0.0,14.8
2026-01-26 20:00:00,16727.946,0.0,16727.946,20453.975,14.2,79,0.0,3.3,38,0.0,0.0,13.9
2026-01-26 21:00:00,16860.784,0.0,16860.784,20610.727,13.4,77,0.0,0.9,22,0.0,0.0,13.1
2026-01-26 22:00:00,16849.444,0.0,16849.444,20597.344,12.6,79,0.0,3.2,0,0.0,0.0,11.8
2026-01-26 23:00:00,7669.0019999999995,0.0,7669.0019999999995,9764.423999999999,12.9,77,0.0,1.0,0,0.0,0.0,12.5
2026-01-27 00:00:00,7521.9130000000005,0.0,7521.9130000000005,9590.857,12.2,80,0.0,4.1,1,0.0,0.0,11.2
2026-01-27 01:00:00,7545.3060000000005,0.0,7545.3060000000005,9618.464,11.6,83,0.0,3.9,0,0.0,0.0,10.7
2026-01-27 02:00:00,7602.551,0.0,7602.551,9686.011,11.1,86,0.0,5.7,0,0.0,0.0,9.9
2026-01-27 03:00:00,7584.317,0.0,7584.317,9664.492,11.3,83,0.0,7.1,0,0.0,0.0,9.8
2026-01-27 04:00:00,7679.723,0.0,7679.723,9777.074,11.4,81,0.0,8.1,1,0.0,0.0,9.7
2026-01-27 05:00:00,12714.088,0.0,12714.088,15717.626,11.2,81,0.0,7.8,3,0.0,0.0,9.6
2026-01-27 06:00:00,14303.354,0.0,14303.354,17592.958,11.4,79,0.0,8.0,5,0.0,0.0,9.7
2026-01-27 07:00:00,14323.595,259.565,14064.032,17616.843,11.5,80,0.0,7.9,34,2.0,0.0,9.8
2026-01-27 08:00:00,14390.472,457.984,13932.486,17695.753,12.7,79,0.0,8.8,88,71.0,27.0,11.1
2026-01-27 09:00:00,14226.072,717.5120000000001,13508.557999999999,17501.765,13.9,75,0.8,2.5,62,158.0,44.0,13.4
2026-01-27 10:00:00,14171.978,870.823,13301.154,17437.933,14.7,77,9.5,5.3,62,270.0,121.0,14.1
2026-01-27 11:00:00,12660.19,857.285,11802.904,15654.024,15.9,77,0.0,8.3,38,401.0,230.0,15.2
2026-01-27 12:00:00,12566.952,824.856,11742.095,15544.002,18.1,73,0.1,10.5,17,533.0,328.0,17.6
2026-01-27 13:00:00,12800.811,858.92,11941.888,15819.956,19.3,72,0.0,14.4,20,584.0,411.0,18.7
2026-01-27 14:00:00,12779.226999999999,778.17,12001.057,15794.486,19.7,72,0.0,13.2,98,481.0,314.0,19.3
2026-01-27 15:00:00,12763.489,631.633,12131.854,15775.918,19.2,75,0.2,10.6,51,287.0,121.0,19.2
2026-01-27 16:00:00,12739.49,442.696,12296.795,15747.596,18.8,78,0.0,16.2,60,212.0,102.0,18.0
2026-01-27 17:00:00,12721.403,236.206,12485.201,15726.257,15.9,91,0.0,8.5,45,79.0,20.0,16.1
2026-01-27 18:00:00,16855.466,0.0,16855.466,20604.447,15.0,93,1.3,9.2,100,5.0,0.0,14.9
2026-01-27 19:00:00,16684.757,0.0,16684.757,20403.011,14.5,92,0.4,10.3,100,0.0,0.0,14.0
2026-01-27 20:00:00,16912.14,0.0,16912.14,20671.325,14.4,91,0.0,9.8,100,0.0,0.0,13.9
2026-01-27 21:00:00,16956.007,0.0,16956.007,20723.088,14.4,92,0.0,8.3,100,0.0,0.0,14.2
2026-01-27 22:00:00,16719.443,0.0,16719.443,20443.944,13.8,95,0.0,8.1,20,0.0,0.0,13.6
2026-01-27 23:00:00,7596.92,0.0,7596.92,9679.366,13.3,96,0.0,9.2,25,0.0,0.0,12.8
2026-01-28 00:00:00,7546.673,0.0,7546.673,9620.073,12.4,97,0.1,3.6,89,0.0,0.0,12.5
2026-01-28 01:00:00,7620.421,0.0,7620.421,9707.099,13.0,93,3.5,1.9,62,0.0,0.0,13.3
2026-01-28 02:00:00,7652.162,0.0,7652.162,9744.553,12.2,96,1.1,4.1,84,0.0,0.0,12.1
2026-01-28 03:00:00,7643.541,0.0,7643.541,9734.379,12.3,95,2.9,0.8,48,0.0,0.0,12.7
2026-01-28 04:00:00,7636.766,0.0,7636.766,9726.384,12.5,94,0.0,4.6,79,0.0,0.0,12.3
2026-01-28 05:00:00,12800.989,0.0,12800.989,15820.166000000001,11.7,95,0.0,5.8,76,0.0,0.0,11.2
2026-01-28 06:00:00,14280.032,0.0,14280.032,17565.438,12.5,97,0.0,8.0,100,0.0,0.0,11.9
2026-01-28 07:00:00,14253.271,257.438,13995.832,17533.86,12.7,98,0.0,6.3,100,1.0,0.0,12.5
2026-01-28 08:00:00,14374.907,500.43600000000004,13874.471,17677.389,13.4,94,0.0,8.0,100,38.0,1.0,12.9
2026-01-28 09:00:00,14378.49,698.765,13679.728,17681.62,13.9,91,0.0,9.1,100,121.0,0.0,13.3
2026-01-28 10:00:00,14305.064,877.082,13427.982,17594.976,14.4,88,0.0,7.6,100,184.0,11.0,14.0
2026-01-28 11:00:00,12730.161,907.264,11822.898000000001,15736.593,16.0,81,0.0,7.5,53,275.0,20.0,15.8
2026-01-28 12:00:00,12783.711,867.707,11916.002,15799.78,16.8,76,0.0,6.0,23,345.0,53.0,16.7
2026-01-28 13:00:00,12718.012,832.665,11885.345,15722.256,17.7,70,0.0,3.9,22,465.0,202.0,17.8
2026-01-28 14:00:00,12708.425,748.763,11959.662,15710.944,18.2,66,0.0,4.3,27,413.0,179.0,18.0
2026-01-28 15:00:00,12813.589,638.743,12174.847,15835.034,18.4,63,0.0,5.9,32,335.0,154.0,17.9
2026-01-28 16:00:00,12899.256,464.528,12434.733,15936.124,18.0,63,0.0,7.5,41,219.0,91.0,17.1
2026-01-28 17:00:00,12633.817,230.636,12403.182999999999,15622.903,16.9,71,0.0,5.1,6,97.0,36.0,16.7
2026-01-28 18:00:00,16956.623,0.0,16956.623,20723.816,15.2,79,0.0,4.6,9,6.0,1.0,14.9
2026-01-28 19:00:00,16783.527,0.0,16783.527,20519.561,14.5,83,0.0,5.3,0,0.0,0.0,14.2
2026-01-28 20:00:00,16847.177,0.0,16847.177,20594.668999999998,13.6,86,0.0,4.9,0,0.0,0.0,13.2
2026-01-28 21:00:00,16720.381,0.0,16720.381,20445.049,12.8,87,0.0,4.7,0,0.0,0.0,12.4
2026-01-28 22:00:00,16966.749,0.0,16966.749,20735.765,12.2,88,0.0,4.5,0,0.0,0.0,11.7
2026-01-28 23:00:00,7680.838,0.0,7680.838,9778.391,11.8,93,0.0,5.1,0,0.0,0.0,11.2
2026-01-29 00:00:00,7496.29,0.0,7496.29,9560.622,12.0,93,0.0,6.2,0,0.0,0.0,11.4
2026-01-29 01:00:00,7673.147,0.0,7673.147,9769.312,11.8,94,0.0,7.5,0,0.0,0.0,11.0
2026-01-29 02:00:00,7594.341,0.0,7594.341,9676.321,11.5,95,0.0,7.9,0,0.0,0.0,10.5
2026-01-29 03:00:00,7690.543,0.0,7690.543,9789.842,10.9,96,0.0,7.2,0,0.0,0.0,9.9
2026-01-29 04:00:00,7584.3279999999995,0.0,7584.3279999999995,9664.506,10.4,96,0.0,6.5,0,0.0,0.0,9.4
2026-01-29 05:00:00,12651.616,0.0,12651.616,15643.906,10.5,100,0.0,6.8,100,0.0,0.0,9.6
2026-01-29 06:00:00,14316.896999999999,0.0,14316.896999999999,17608.939,10.6,100,0.0,6.2,100,0.0,0.0,9.8
2026-01-29 07:00:00,14403.848,259.811,14144.038999999999,17711.54,10.8,99,0.0,7.0,100,2.0,0.0,9.9
2026-01-29 08:00:00,14103.816,479.907,13623.908,17357.502,11.1,99,0.0,7.7,100,44.0,0.0,10.2
2026-01-29 09:00:00,14333.273000000001,673.9689999999999,13659.305,17628.264,11.9,94,0.0,9.1,100,145.0,17.0,10.9
2026-01-29 10:00:00,14444.217999999999,884.288,13559.931,17759.179,13.8,88,0.0,8.5,83,283.0,55.0,13.1
2026-01-29 11:00:00,12722.710000000001,876.501,11846.207,15727.797,15.3,80,0.0,9.8,49,466.0,211.0,14.4
2026-01-29 12:00:00,12680.868,874.636,11806.233,15678.424,16.8,71,0.0,8.0,34,553.0,300.0,16.0
2026-01-29 13:00:00,12752.166,859.044,11893.123,15762.554,17.7,67,0.0,7.3,28,613.0,417.0,17.5
2026-01-29 14:00:00,12868.414,840.114,12028.301,15899.729,18.3,66,0.0,7.5,2,574.0,407.0,17.8
2026-01-29 15:00:00,12884.138,625.619,12258.519,15918.284,18.4,64,0.0,7.1,1,463.0,332.0,17.8
2026-01-29 16:00:00,12776.79,453.23,12323.561,15791.613,18.0,67,0.0,6.9,0,296.0,193.0,17.5
2026-01-29 17:00:00,12667.011,221.743,12445.268,15662.072,16.1,77,0.0,6.4,23,116.0,55.0,15.8
2026-01-29 18:00:00,16822.248,0.0,16822.248,20565.255,14.3,84,0.0,5.0,96,7.0,1.0,14.1
2026-01-29 19:00:00,16858.9,0.0,16858.9,20608.502,13.9,85,0.0,5.3,98,0.0,0.0,13.5
2026-01-29 20:00:00,16713.961,0.0,16713.961,20437.476,13.4,86,0.0,5.2,28,0.0,0.0,12.9
2026-01-29 21:00:00,16858.414,0.0,16858.414,20607.93,12.4,89,0.0,5.0,4,0.0,0.0,11.9
2026-01-29 22:00:00,16844.617000000002,0.0,16844.617000000002,20591.649,11.7,91,0.0,4.8,11,0.0,0.0,11.0
2026-01-29 23:00:00,7649.997,0.0,7649.997,9741.997,11.1,92,0.0,4.5,34,0.0,0.0,10.4
2026-01-30 00:00:00,7700.303,0.0,7700.303,9801.356,10.8,93,0.0,5.0,30,0.0,0.0,10.0
2026-01-30 01:00:00,7672.851,0.0,7672.851,9768.963,10.3,94,0.0,5.2,96,0.0,0.0,9.4
2026-01-30 02:00:00,7612.401,0.0,7612.401,9697.634,10.1,94,0.0,5.4,100,0.0,0.0,9.0
2026-01-30 03:00:00,7623.122,0.0,7623.122,9710.285,10.4,92,0.0,6.8,100,0.0,0.0,9.2
2026-01-30 04:00:00,7562.607,0.0,7562.607,9638.875,10.5,91,0.0,7.1,77,0.0,0.0,9.2
2026-01-30 05:00:00,12718.779,0.0,12718.779,15723.157,9.7,94,0.0,4.9,100,0.0,0.0,8.6
2026-01-30 06:00:00,14195.234,0.0,14195.234,17465.374,8.9,94,0.0,4.1,73,0.0,0.0,7.8
2026-01-30 07:00:00,14170.188,250.697,13919.491,17435.821,8.5,95,0.0,3.7,84,3.0,0.0,7.4
2026-01-30 08:00:00,14242.741,504.492,13738.25,17521.435,10.8,92,0.0,7.2,66,78.0,19.0,9.6
2026-01-30 09:00:00,14433.27,722.794,13710.473,17746.259,12.7,89,0.0,6.0,31,275.0,177.0,12.1
2026-01-30 10:00:00,14329.011,885.678,13443.333,17623.232,14.8,80,0.0,6.6,84,445.0,316.0,14.3
2026-01-30 11:00:00,12685.379,853.895,11831.485,15683.747,16.6,73,0.0,6.7,85,560.0,387.0,16.2
2026-01-30 12:00:00,12810.534,906.109,11904.426,15831.43,18.1,65,0.0,6.1,52,646.0,481.0,18.2
2026-01-30 13:00:00,12795.032,837.869,11957.164,15813.138,19.0,61,0.0,5.2,70,659.0,507.0,19.3
2026-01-30 14:00:00,12583.811,744.229,11839.581,15563.897,19.5,59,0.0,5.2,100,596.0,451.0,19.4
2026-01-30 15:00:00,12560.797,626.063,11934.735,15536.74,19.5,58,0.0,6.0,100,409.0,205.0,18.9
2026-01-30 16:00:00,12762.852,451.068,12311.782,15775.165,18.9,61,0.0,5.6,98,238.0,72.0,18.4
2026-01-30 17:00:00,12815.775,221.511,12594.266,15837.614,17.6,75,0.0,3.9,95,92.0,15.0,17.9
2026-01-30 18:00:00,16877.07,0.0,16877.07,20629.943,16.1,78,0.0,2.4,80,7.0,0.0,16.4
2026-01-30 19:00:00,16680.041,0.0,16680.041,20397.449,15.3,80,0.0,0.6,23,0.0,0.0,15.7
2026-01-30 20:00:00,16806.87,0.0,16806.87,20547.107,14.4,83,0.0,0.6,4,0.0,0.0,14.7
2026-01-30 21:00:00,16869.138,0.0,16869.138,20620.582,13.6,86,0.0,1.0,0,0.0,0.0,13.8
2026-01-30 22:00:00,16668.129,0.0,16668.129,20383.394,12.9,87,0.0,1.1,0,0.0,0.0,12.9
2026-01-30 23:00:00,7633.753,0.0,7633.753,9722.828,12.6,89,0.0,1.6,17,0.0,0.0,12.6
2026-01-31 00:00:00,6615.497,0.0,6615.497,8521.286,12.0,91,0.0,2.2,45,0.0,0.0,11.9
2026-01-31 01:00:00,6589.138,0.0,6589.138,8490.182999999999,10.9,99,0.0,2.3,7,0.0,0.0,10.7
2026-01-31 02:00:00,6656.628000000001,0.0,6656.628000000001,8569.821,10.5,99,0.0,1.5,100,0.0,0.0,10.4
2026-01-31 03:00:00,6624.043,0.0,6624.043,8531.372,10.0,100,0.0,1.8,100,0.0,0.0,9.7
2026-01-31 04:00:00,6676.365,0.0,6676.365,8593.109,10.3,99,0.0,2.2,100,0.0,0.0,10.0
2026-01-31 05:00:00,11045.261,0.0,11045.261,13748.407,9.2,100,0.0,3.2,100,0.0,0.0,8.4
2026-01-31 06:00:00,12286.398,0.0,12286.398,15212.951000000001,9.4,100,0.0,3.0,100,0.0,0.0,8.8
2026-01-31 07:00:00,12371.564,227.49,12144.076000000001,15313.446,9.6,99,0.0,3.7,100,2.0,0.0,8.8
2026-01-31 08:00:00,12538.625,438.568,12100.056,15510.575,10.6,98,0.0,4.0,100,54.0,4.0,10.0
2026-01-31 09:00:00,12511.404999999999,629.338,11882.066,15478.456,12.0,96,0.0,2.9,100,142.0,18.0,12.0
2026-01-31 10:00:00,12310.401,758.164,11552.237000000001,15241.272,14.3,92,0.0,4.3,84,291.0,78.0,14.6
2026-01-31 11:00:00,11062.682999999999,751.857,10310.823,13768.966,16.8,79,0.0,5.9,1,522.0,317.0,16.9
2026-01-31 12:00:00,11158.903,794.263,10364.641,13882.504,18.3,70,0.0,7.2,1,640.0,489.0,18.6
2026-01-31 13:00:00,11049.283,757.539,10291.745,13753.151,19.3,63,0.0,8.2,0,649.0,501.0,19.3
2026-01-31 14:00:00,11126.065,686.811,10439.251,13843.757,19.8,62,0.0,8.3,0,585.0,445.0,19.5
2026-01-31 15:00:00,11143.285,567.361,10575.925,13864.077,19.9,63,0.0,6.7,5,461.0,334.0,19.8
2026-01-31 16:00:00,11110.99,384.265,10726.727,13825.97,19.5,66,0.0,7.2,2,286.0,181.0,19.4
2026-01-31 17:00:00,10992.231,202.176,10790.056,13685.833999999999,17.7,75,0.0,8.5,11,115.0,54.0,17.4
2026-01-31 18:00:00,14663.985,0.0,14663.985,18018.504,16.2,82,0.0,7.3,7,7.0,1.0,16.1
2026-01-31 19:00:00,14470.161,0.0,14470.161,17789.791,15.4,86,0.0,7.4,12,0.0,0.0,15.2
2026-01-31 20:00:00,14559.849,0.0,14559.849,17895.621,14.8,88,0.0,7.8,12,0.0,0.0,14.6
2026-01-31 21:00:00,14753.705,0.0,14753.705,18124.371,14.5,89,0.0,8.5,59,0.0,0.0,14.1
2026-01-31 22:00:00,14587.321,0.0,14587.321,17928.04,14.1,90,0.0,8.5,14,0.0,0.0,13.6
2026-01-31 23:00:00,6722.863,0.0,6722.863,8647.979,13.9,90,0.0,8.7,77,0.0,0.0,13.3
2026-02-01 00:00:00,6813.402,0.0,6813.402,8754.815,13.3,91,0.3,2.8,90,0.0,0.0,13.4
2026-02-01 01:00:00,6826.36,0.0,6826.36,8770.106,13.7,86,3.7,13.0,79,0.0,0.0,12.2
2026-02-01 02:00:00,6834.534,0.0,6834.534,8779.751,13.8,83,0.7,12.0,82,0.0,0.0,12.3
2026-02-01 03:00:00,6775.366,0.0,6775.366,8709.935,12.7,84,4.2,3.7,97,0.0,0.0,12.2
2026-02-01 04:00:00,6787.394,0.0,6787.394,8724.128,12.4,87,0.0,3.7,58,0.0,0.0,12.0
2026-02-01 05:00:00,11306.184000000001,0.0,11306.184000000001,14056.299,13.0,94,4.1,9.0,72,0.0,0.0,12.3
2026-02-01 06:00:00,12708.720000000001,0.0,12708.720000000001,15711.289999999999,12.9,93,0.2,7.1,30,0.0,0.0,12.4
2026-02-01 07:00:00,12683.958,224.251,12459.708,15682.072,12.9,92,0.0,8.7,20,3.0,0.0,12.1
2026-02-01 08:00:00,12694.826,429.139,12265.686,15694.894,14.0,90,0.0,9.4,33,83.0,31.0,13.3
2026-02-01 09:00:00,12804.003999999999,626.94,12177.063,15823.723,15.5,88,0.0,5.3,23,225.0,118.0,15.8
2026-02-01 10:00:00,12738.33,781.741,11956.59,15746.23,17.6,80,0.0,6.2,28,392.0,249.0,18.0
2026-02-01 11:00:00,11244.291,738.986,10505.307,13983.265,18.3,72,0.0,8.9,20,523.0,365.0,17.9
2026-02-01 12:00:00,11189.6,783.654,10405.947,13918.728,19.3,68,0.0,8.2,13,582.0,403.0,19.3
2026-02-01 13:00:00,11237.997,756.326,10481.673,13975.837,20.1,67,0.0,7.3,8,602.0,421.0,20.5
2026-02-01 14:00:00,11225.85,666.604,10559.246,13961.502,20.7,66,0.0,6.0,4,561.0,406.0,21.2
2026-02-01 15:00:00,11234.422,552.424,10681.999,13971.621,20.8,66,0.0,4.3,14,448.0,313.0,21.6
2026-02-01 16:00:00,11509.802,383.142,11126.66,14296.567,20.6,68,0.0,3.4,87,277.0,164.0,21.5
2026-02-01 17:00:00,11293.773,202.977,11090.797,14041.648,19.4,78,0.0,3.6,21,111.0,47.0,20.7
2026-02-01 18:00:00,14903.137,0.0,14903.137,18300.705,17.6,83,0.0,4.0,5,8.0,1.0,18.6
2026-02-01 19:00:00,15007.004,0.0,15007.004,18423.265,16.7,87,0.0,3.2,2,0.0,0.0,17.7
2026-02-01 20:00:00,15102.718,0.0,15102.718,18536.21,15.9,89,0.0,3.1,1,0.0,0.0,16.7
2026-02-01 21:00:00,15140.935,0.0,15140.935,18581.303,15.4,90,0.0,1.8,0,0.0,0.0,16.3
2026-02-01 22:00:00,14976.012,0.0,14976.012,18386.692,15.0,91,0.0,1.3,0,0.0,0.0,15.9
2026-02-01 23:00:00,6746.212,0.0,6746.212,8675.527,14.3,95,0.0,2.9,0,0.0,0.0,14.9
2026-02-02 00:00:00,7885.651,0.0,7885.651,10020.067,14.2,95,0.0,0.6,0,0.0,0.0,15.1
2026-02-02 01:00:00,7792.758,0.0,7792.758,9910.454,13.8,98,0.0,5.1,32,0.0,0.0,14.2
2026-02-02 02:00:00,7762.97,0.0,7762.97,9875.305,13.5,100,0.0,4.3,100,0.0,0.0,14.0
2026-02-02 03:00:00,7843.542,0.0,7843.542,9970.382,12.8,100,0.0,2.2,100,0.0,0.0,13.4
2026-02-02 04:00:00,7735.817,0.0,7735.817,9843.263,12.7,99,0.0,1.0,100,0.0,0.0,13.3
2026-02-02 05:00:00,13067.991,0.0,13067.991,16135.23,13.2,97,0.0,2.9,100,0.0,0.0,13.6
2026-02-02 06:00:00,14551.166,0.0,14551.166,17885.374,13.4,95,0.0,2.5,100,0.0,0.0,13.8
2026-02-02 07:00:00,14621.386999999999,265.67900000000003,14355.708,17968.237,13.2,95,0.0,3.1,100,2.0,0.0,13.5
2026-02-02 08:00:00,14727.012999999999,512.583,14214.431,18092.875,13.5,97,0.0,4.1,100,53.0,4.0,13.8
2026-02-02 09:00:00,14556.451,728.491,13827.96,17891.614,14.2,96,0.0,6.5,100,150.0,22.0,14.4
2026-02-02 10:00:00,14767.306,917.961,13849.34,18140.419,15.4,93,0.0,8.1,100,280.0,73.0,15.6
2026-02-02 11:00:00,13043.726999999999,894.279,12149.445,16106.597,16.3,89,0.0,8.6,100,416.0,128.0,16.5
2026-02-02 12:00:00,12940.941,906.93,12034.008,15985.308,17.8,82,0.0,8.7,100,490.0,196.0,18.0
2026-02-02 13:00:00,12916.455,847.838,12068.618,15956.419,18.8,74,0.0,7.6,66,480.0,184.0,19.0
2026-02-02 14:00:00,12903.333,797.559,12105.771,15940.929,19.5,69,0.0,6.9,99,535.0,332.0,19.7
2026-02-02 15:00:00,13069.137,628.074,12441.063,16136.582,19.7,68,0.0,6.4,40,442.0,266.0,19.9
2026-02-02 16:00:00,13209.837,475.972,12733.864,16302.608,19.4,69,0.0,6.7,86,300.0,185.0,19.6
2026-02-02 17:00:00,13126.297,240.878,12885.419,16204.028,17.5,76,0.0,6.8,97,118.0,50.0,17.6
2026-02-02 18:00:00,17072.101,0.0,17072.101,20860.079,16.0,83,0.0,5.5,78,9.0,1.0,16.2
2026-02-02 19:00:00,17065.898,0.0,17065.898,20852.76,15.5,86,0.0,6.0,47,0.0,0.0,15.6
2026-02-02 20:00:00,17229.776,0.0,17229.776,21046.132,14.7,88,0.0,5.8,0,0.0,0.0,14.7
2026-02-02 21:00:00,17042.229,0.0,17042.229,20824.831000000002,14.1,90,0.0,5.9,0,0.0,0.0,14.0
2026-02-02 22:00:00,17433.634,0.0,17433.634,21286.689,13.4,92,0.0,5.5,0,0.0,0.0,13.2
2026-02-02 23:00:00,7830.312,0.0,7830.312,9954.77,13.0,95,0.0,5.0,0,0.0,0.0,12.9
2026-02-03 00:00:00,7866.5869999999995,0.0,7866.5869999999995,9997.573,12.9,95,0.0,5.1,0,0.0,0.0,12.8
2026-02-03 01:00:00,7758.022,0.0,7758.022,9869.463,12.3,95,0.0,5.1,0,0.0,0.0,12.1
2026-02-03 02:00:00,7818.058,0.0,7818.058,9940.311,11.9,95,0.0,3.5,0,0.0,0.0,11.7
2026-02-03 03:00:00,7856.437,0.0,7856.437,9985.597,11.5,96,0.0,4.6,0,0.0,0.0,11.0
2026-02-03 04:00:00,7791.947,0.0,7791.947,9909.498,10.4,97,0.0,5.1,0,0.0,0.0,9.6
2026-02-03 05:00:00,12912.059,0.0,12912.059,15951.229,10.7,100,0.0,5.4,100,0.0,0.0,10.0
2026-02-03 06:00:00,14604.215,0.0,14604.215,17947.974,10.4,99,0.0,6.4,100,0.0,0.0,9.5
2026-02-03 07:00:00,14623.81,249.577,14374.233,17971.095,10.5,98,0.0,6.6,100,3.0,0.0,9.5
2026-02-03 08:00:00,14693.255,491.339,14201.916,18053.042,11.3,98,0.0,5.2,100,71.0,15.0,10.8
2026-02-03 09:00:00,14349.159,720.2180000000001,13628.942,17647.008,12.1,98,0.0,3.8,100,185.0,51.0,12.1
2026-02-03 10:00:00,14620.733,882.302,13738.432,17967.463,14.6,89,0.0,3.1,65,342.0,130.0,15.0
2026-02-03 11:00:00,12927.716,858.253,12069.466,15969.705,16.3,82,0.0,3.5,38,533.0,317.0,16.8
2026-02-03 12:00:00,13113.121,914.181,12198.939,16188.48,17.9,74,0.0,4.3,2,651.0,477.0,18.9
2026-02-03 13:00:00,13119.563,889.181,12230.383,16196.085,18.8,65,0.0,5.6,13,661.0,499.0,19.3
2026-02-03 14:00:00,13065.09,807.334,12257.754,16131.803,19.4,61,0.0,5.8,13,608.0,464.0,19.4
2026-02-03 15:00:00,13146.367,670.83,12475.536,16227.712,19.6,58,0.0,3.8,34,483.0,355.0,19.4
2026-02-03 16:00:00,13052.691,451.48199999999997,12601.208,16117.176,19.4,57,0.0,2.7,56,311.0,205.0,19.2
2026-02-03 17:00:00,13108.761999999999,244.273,12864.488,16183.339,18.6,65,0.0,1.7,100,126.0,57.0,18.9
2026-02-03 18:00:00,17388.307,0.0,17388.307,21233.2,17.1,66,0.0,2.2,100,9.0,0.0,16.9
2026-02-03 19:00:00,17259.022,0.0,17259.022,21080.648,16.2,69,0.0,2.5,100,0.0,0.0,16.0
2026-02-03 20:00:00,17251.624,0.0,17251.624,21071.916,15.6,74,0.0,3.1,100,0.0,0.0,15.4
2026-02-03 21:00:00,17153.057,0.0,17153.057,20955.61,15.1,77,0.0,3.3,100,0.0,0.0,14.9
2026-02-03 22:00:00,17419.522,0.0,17419.522,21270.033,14.5,79,0.0,3.3,11,0.0,0.0,14.2
2026-02-03 23:00:00,7854.51,0.0,7854.51,9983.323,14.1,82,0.0,1.9,39,0.0,0.0,14.2
2026-02-04 00:00:00,7875.185,0.0,7875.185,10007.719,13.5,83,0.0,1.4,20,0.0,0.0,13.5
2026-02-04 01:00:00,7717.349,0.0,7717.349,9821.473,12.5,88,0.0,2.8,80,0.0,0.0,12.2
2026-02-04 02:00:00,7806.254,0.0,7806.254,9926.38,11.7,91,0.0,3.1,87,0.0,0.0,11.3
2026-02-04 03:00:00,7867.42,0.0,7867.42,9998.555,11.4,92,0.0,3.1,81,0.0,0.0,10.9
2026-02-04 04:00:00,7819.456,0.0,7819.456,9941.958,11.1,92,0.0,3.3,87,0.0,0.0,10.5
2026-02-04 05:00:00,12981.328,0.0,12981.328,16032.968,11.1,93,0.0,4.8,80,0.0,0.0,10.4
2026-02-04 06:00:00,14631.8,0.0,14631.8,17980.525999999998,10.8,93,0.0,5.2,36,0.0,0.0,10.0
2026-02-04 07:00:00,14641.518,260.291,14381.222,17991.990999999998,10.7,93,0.0,5.4,14,4.0,0.0,9.7
2026-02-04 08:00:00,14478.065,504.06,13974.005,17799.117,12.7,88,0.0,7.8,0,104.0,48.0,11.7
2026-02-04 09:00:00,14638.577,716.1519999999999,13922.425,17988.524,14.8,84,0.0,4.3,0,288.0,187.0,14.8
2026-02-04 10:00:00,14599.651,844.105,13755.547,17942.587,17.0,76,0.0,4.7,0,466.0,340.0,17.1
2026-02-04 11:00:00,12902.357,820.1,12082.258,15939.781,18.2,66,0.0,6.8,0,601.0,460.0,18.0
2026-02-04 12:00:00,13145.907,981.88,12164.025,16227.17,19.2,60,0.0,8.1,0,676.0,527.0,19.2
2026-02-04 13:00:00,13042.827000000001,869.181,12173.645,16105.536,19.9,56,0.0,8.7,0,681.0,532.0,19.7
2026-02-04 14:00:00,13112.722,817.639,12295.081,16188.009,20.2,54,0.0,9.8,0,618.0,475.0,19.3
2026-02-04 15:00:00,12994.056,612.482,12381.575,16047.989,20.1,54,0.0,9.8,0,492.0,363.0,18.8
2026-02-04 16:00:00,12953.135,432.76,12520.376,15999.702,19.5,56,0.0,9.4,0,320.0,214.0,18.2
2026-02-04 17:00:00,13014.606,235.303,12779.301,16072.235,18.5,62,0.0,6.9,0,133.0,67.0,17.8
2026-02-04 18:00:00,17042.369,0.0,17042.369,20824.993,16.6,71,0.0,6.8,0,11.0,2.0,15.9
2026-02-04 19:00:00,17191.872,0.0,17191.872,21001.409,15.8,76,0.0,6.9,0,0.0,0.0,15.2
2026-02-04 20:00:00,17156.013,0.0,17156.013,20959.099,15.1,79,0.0,7.9,0,0.0,0.0,14.3
2026-02-04 21:00:00,17187.414,0.0,17187.414,20996.148999999998,14.4,81,0.0,8.3,0,0.0,0.0,13.6
2026-02-04 22:00:00,17241.807,0.0,17241.807,21060.331000000002,13.7,83,0.0,7.8,0,0.0,0.0,12.8
2026-02-04 23:00:00,7800.863,0.0,7800.863,9920.019,13.4,85,0.0,7.4,0,0.0,0.0,12.6
2026-02-05 00:00:00,7841.258,0.0,7841.258,9967.685,13.2,86,0.0,8.4,0,0.0,0.0,12.2
2026-02-05 01:00:00,7765.628000000001,0.0,7765.628000000001,9878.439,12.7,87,0.0,8.4,0,0.0,0.0,11.6
2026-02-05 02:00:00,7837.562,0.0,7837.562,9963.322,12.3,88,0.0,8.6,0,0.0,0.0,11.1
2026-02-05 03:00:00,7811.206,0.0,7811.206,9932.22,11.9,88,0.0,8.8,0,0.0,0.0,10.7
2026-02-05 04:00:00,7797.166,0.0,7797.166,9915.658,11.5,89,0.0,9.0,0,0.0,0.0,10.1
2026-02-05 05:00:00,13021.342,0.0,13021.342,16080.184,11.0,88,0.0,9.9,0,0.0,0.0,9.3
2026-02-05 06:00:00,14478.862000000001,0.0,14478.862000000001,17800.057,10.7,88,0.0,9.1,0,0.0,0.0,9.0
2026-02-05 07:00:00,14625.964,268.437,14357.527,17973.639,10.6,87,0.0,8.7,0,4.0,1.0,8.9
2026-02-05 08:00:00,14675.456,521.36,14154.096,18032.034,11.8,85,0.0,9.3,0,107.0,50.0,10.2
2026-02-05 09:00:00,14873.529999999999,701.331,14172.202000000001,18265.766,13.8,79,0.0,7.1,0,294.0,193.0,12.8
2026-02-05 10:00:00,14641.789999999999,869.15,13772.644,17992.313000000002,16.0,72,0.0,7.0,0,475.0,349.0,15.3
2026-02-05 11:00:00,12719.379,854.184,11865.195,15723.868,18.5,63,0.0,8.6,0,613.0,472.0,18.0
2026-02-05 12:00:00,13192.772,910.21,12282.559,16282.468,20.0,54,0.0,9.9,0,689.0,541.0,19.5
2026-02-05 13:00:00,13060.779,872.986,12187.793,16126.719,20.9,48,0.0,10.5,0,694.0,546.0,20.0
2026-02-05 14:00:00,12941.429,774.842,12166.587,15985.886,21.3,44,0.0,11.5,0,629.0,487.0,19.6
2026-02-05 15:00:00,12997.846000000001,657.25,12340.594000000001,16052.457,21.0,45,0.0,11.9,0,502.0,373.0,18.9
2026-02-05 16:00:00,13130.792,435.32599999999996,12695.466,16209.334,20.4,48,0.0,10.7,72,327.0,222.0,18.5
2026-02-05 17:00:00,12859.654,228.225,12631.429,15889.39,19.1,55,0.0,7.7,0,132.0,59.0,17.9
2026-02-05 18:00:00,17254.584,0.0,17254.584,21075.409,16.7,67,0.0,6.4,0,12.0,2.0,15.9
2026-02-05 19:00:00,17180.842,0.0,17180.842,20988.392,15.8,72,0.0,6.4,0,0.0,0.0,15.1
2026-02-05 20:00:00,17138.682,0.0,17138.682,20938.646,15.3,72,0.0,6.7,0,0.0,0.0,14.4
2026-02-05 21:00:00,17333.954,0.0,17333.954,21169.067,14.8,72,0.0,7.0,0,0.0,0.0,13.7
2026-02-05 22:00:00,17318.099,0.0,17318.099,21150.358,14.1,73,0.0,6.9,0,0.0,0.0,12.9
2026-02-05 23:00:00,7862.375,0.0,7862.375,9992.599,13.3,78,0.0,6.6,0,0.0,0.0,12.2
2026-02-06 00:00:00,7832.708,0.0,7832.708,9957.596,13.1,77,0.0,6.7,0,0.0,0.0,11.9
2026-02-06 01:00:00,7752.727,0.0,7752.727,9863.219,12.5,79,0.0,6.3,0,0.0,0.0,11.3
2026-02-06 02:00:00,7827.334,0.0,7827.334,9951.257,12.1,80,0.0,6.6,0,0.0,0.0,10.8
2026-02-06 03:00:00,7804.017,0.0,7804.017,9923.741,11.8,81,0.0,7.1,0,0.0,0.0,10.3
2026-02-06 04:00:00,7895.531,0.0,7895.531,10031.726,11.5,81,0.0,7.2,0,0.0,0.0,10.0
2026-02-06 05:00:00,13030.44,0.0,13030.44,16090.920999999998,11.1,83,0.0,8.0,0,0.0,0.0,9.5
2026-02-06 06:00:00,14663.658,0.0,14663.658,18018.116,10.9,83,0.0,8.8,0,0.0,0.0,9.1
2026-02-06 07:00:00,14522.532,256.429,14266.104,17851.589,10.8,83,0.0,9.9,0,5.0,1.0,8.8
2026-02-06 08:00:00,14682.061,532.854,14149.208,18039.834,12.4,76,0.0,11.2,0,109.0,52.0,10.3
2026-02-06 09:00:00,14741.731,710.9200000000001,14030.81,18110.244,14.7,71,0.0,9.4,0,296.0,195.0,13.2
2026-02-06 10:00:00,14364.954,851.421,13513.534,17665.645,17.3,63,0.0,9.3,0,476.0,351.0,16.0
2026-02-06 11:00:00,13054.071,917.967,12136.103,16118.802,20.2,55,0.0,10.9,0,613.0,473.0,19.2
2026-02-06 12:00:00,13028.513,901.057,12127.458,16088.646,21.8,47,0.0,12.9,0,687.0,540.0,20.7
2026-02-06 13:00:00,13009.426,812.185,12197.242,16066.122,22.5,44,0.0,14.4,0,691.0,543.0,21.0
2026-02-06 14:00:00,13002.162,785.083,12217.081,16057.552,22.6,45,0.0,13.8,0,626.0,484.0,21.0
2026-02-06 15:00:00,12998.906,632.388,12366.518,16053.707999999999,22.3,48,0.0,12.9,0,499.0,371.0,20.6
2026-02-06 16:00:00,13106.082,478.969,12627.111,16180.173999999999,21.7,52,0.0,11.6,0,326.0,220.0,20.4
2026-02-06 17:00:00,13040.505,252.07899999999998,12788.423999999999,16102.797,20.5,56,0.0,8.9,0,138.0,71.0,19.6
2026-02-06 18:00:00,16821.662,0.0,16821.662,20564.561,18.6,65,0.0,7.7,0,12.0,3.0,18.1
2026-02-06 19:00:00,17311.509,0.0,17311.509,21142.582,17.7,71,0.0,7.2,0,0.0,0.0,17.3
2026-02-06 20:00:00,17200.443,0.0,17200.443,21011.524,17.1,71,0.0,7.5,0,0.0,0.0,16.6
2026-02-06 21:00:00,17159.681,0.0,17159.681,20963.422,16.6,71,0.0,7.4,0,0.0,0.0,15.9
2026-02-06 22:00:00,17454.66,0.0,17454.66,21311.496,16.1,71,0.0,7.7,0,0.0,0.0,15.3
2026-02-06 23:00:00,7720.033,0.0,7720.033,9824.637,15.8,73,0.0,7.4,0,0.0,0.0,15.0
2026-02-07 00:00:00,6786.593,0.0,6786.593,8723.179,15.1,74,0.0,7.0,0,0.0,0.0,14.2
2026-02-07 01:00:00,6753.533,0.0,6753.533,8684.168,14.5,77,0.0,6.7,4,0.0,0.0,13.6
2026-02-07 02:00:00,6766.39,0.0,6766.39,8699.34,13.9,79,0.0,6.9,34,0.0,0.0,12.9
2026-02-07 03:00:00,6793.0689999999995,0.0,6793.0689999999995,8730.817000000001,13.3,82,0.0,8.1,23,0.0,0.0,12.2
2026-02-07 04:00:00,6755.729,0.0,6755.729,8686.759,12.7,84,0.0,9.0,37,0.0,0.0,11.4
2026-02-07 05:00:00,11255.464,0.0,11255.464,13996.446,12.6,86,0.0,9.4,64,0.0,0.0,11.3
2026-02-07 06:00:00,12555.457,0.0,12555.457,15530.437,12.5,86,0.0,9.1,38,0.0,0.0,11.2
2026-02-07 07:00:00,12665.212,227.073,12438.139,15659.949,12.5,86,0.0,9.4,34,5.0,1.0,11.2
2026-02-07 08:00:00,12740.316,445.00899999999996,12295.307,15748.573,13.8,83,0.0,10.5,82,108.0,49.0,12.6
2026-02-07 09:00:00,12541.888,610.117,11931.773000000001,15514.428,16.1,75,0.0,8.5,5,292.0,188.0,15.3
2026-02-07 10:00:00,12727.571,764.413,11963.154999999999,15733.533,18.5,67,0.0,8.6,7,472.0,345.0,17.9
2026-02-07 11:00:00,11279.630000000001,748.289,10531.339,14024.963,20.8,59,0.0,10.3,0,608.0,466.0,20.4
2026-02-07 12:00:00,11381.314,785.1320000000001,10596.179,14144.949,22.3,53,0.0,11.4,0,684.0,536.0,22.1
2026-02-07 13:00:00,11330.464,771.09,10559.375,14084.949,23.3,47,0.0,13.0,0,688.0,540.0,22.6
2026-02-07 14:00:00,11331.716,677.67,10654.048,14086.426,23.6,46,0.0,14.7,0,626.0,483.0,22.2
2026-02-07 15:00:00,11435.152,571.417,10863.737000000001,14208.479000000001,23.5,45,0.0,15.1,0,501.0,372.0,21.5
2026-02-07 16:00:00,11331.473,408.531,10922.942,14086.138,22.8,48,0.0,13.6,0,330.0,223.0,21.2
2026-02-07 17:00:00,11180.547,200.439,10980.107,13908.046,21.6,53,0.0,9.3,0,141.0,73.0,20.8
2026-02-07 18:00:00,15019.433,0.0,15019.433,18437.931,19.7,63,0.0,7.6,0,13.0,3.0,19.4
2026-02-07 19:00:00,14863.397,0.0,14863.397,18253.807,18.8,67,0.0,7.7,0,0.0,0.0,18.4
2026-02-07 20:00:00,15137.097,0.0,15137.097,18576.773,18.4,64,0.0,9.1,0,0.0,0.0,17.5
2026-02-07 21:00:00,14945.931999999999,0.0,14945.931999999999,18351.199,17.6,66,0.0,8.1,0,0.0,0.0,16.7
2026-02-07 22:00:00,14969.041,0.0,14969.041,18378.47,16.8,72,0.0,7.7,0,0.0,0.0,16.1
2026-02-07 23:00:00,6772.711,0.0,6772.711,8706.799,16.0,79,0.0,6.9,0,0.0,0.0,15.6
2026-02-08 00:00:00,6813.7609999999995,0.0,6813.7609999999995,8755.235,15.5,79,0.0,6.8,0,0.0,0.0,15.0
2026-02-08 01:00:00,6851.481,0.0,6851.481,8799.746,14.8,77,0.0,6.4,0,0.0,0.0,14.1
2026-02-08 02:00:00,6830.758,0.0,6830.758,8775.294,14.1,76,0.0,6.2,3,0.0,0.0,13.2
2026-02-08 03:00:00,6852.078,0.0,6852.078,8800.452,13.5,77,0.0,6.3,46,0.0,0.0,12.4
2026-02-08 04:00:00,6786.129,0.0,6786.129,8722.635,12.7,79,0.0,6.2,18,0.0,0.0,11.6
2026-02-08 05:00:00,11416.153,0.0,11416.153,14186.06,11.9,82,0.0,6.4,19,0.0,0.0,10.6
2026-02-08 06:00:00,12647.814,0.0,12647.814,15639.421999999999,11.6,82,0.0,7.3,6,0.0,0.0,10.1
2026-02-08 07:00:00,12704.208,241.767,12462.443,15705.967,11.4,81,0.0,8.0,33,6.0,1.0,9.8
2026-02-08 08:00:00,12711.62,436.202,12275.422,15714.713,13.0,76,0.0,9.5,70,116.0,56.0,11.3
2026-02-08 09:00:00,12784.305,612.478,12171.827,15800.48,15.4,66,0.0,7.0,28,310.0,206.0,14.2
2026-02-08 10:00:00,12731.262,754.119,11977.14,15737.887,17.9,56,0.0,7.3,58,494.0,365.0,16.6
2026-02-08 11:00:00,11125.44,758.295,10367.145,13843.019,20.6,46,0.0,9.3,97,631.0,486.0,19.3
2026-02-08 12:00:00,11187.635,747.749,10439.889,13916.411,21.9,40,0.0,10.8,94,686.0,500.0,20.4
2026-02-08 13:00:00,11523.406,775.465,10747.941,14312.619,22.6,35,0.0,11.8,39,702.0,532.0,20.8
2026-02-08 14:00:00,11371.52,679.931,10691.591,14133.396,22.8,36,0.0,11.2,13,648.0,503.0,20.9
2026-02-08 15:00:00,11446.038,554.879,10891.157,14221.323,22.5,38,0.0,10.6,1,519.0,389.0,20.3
2026-02-08 16:00:00,11349.244999999999,389.254,10959.988,14107.108,21.9,40,0.0,9.7,0,343.0,235.0,19.9
2026-02-08 17:00:00,11390.014,209.707,11180.309000000001,14155.216,20.5,45,0.0,7.1,0,148.0,79.0,19.0
2026-02-08 18:00:00,15111.372,0.0,15111.372,18546.419,18.1,55,0.0,5.4,0,15.0,3.0,17.1
2026-02-08 19:00:00,14997.71,0.0,14997.71,18412.298,17.1,60,0.0,5.5,0,0.0,0.0,16.1
2026-02-08 20:00:00,14954.458,0.0,14954.458,18361.259,16.2,63,0.0,5.6,6,0.0,0.0,15.2
2026-02-08 21:00:00,14901.559,0.0,14901.559,18298.84,15.7,65,0.0,5.5,38,0.0,0.0,14.6
2026-02-08 22:00:00,14938.048999999999,0.0,14938.048999999999,18341.902,15.3,65,0.0,4.6,88,0.0,0.0,14.3
2026-02-08 23:00:00,6854.127,0.0,6854.127,8802.869,14.7,70,0.0,4.6,77,0.0,0.0,13.8
2026-02-09 00:00:00,7764.531,0.0,7764.531,9877.147,14.1,70,0.0,4.1,37,0.0,0.0,13.2
2026-02-09 01:00:00,7805.662,0.0,7805.662,9925.682999999999,13.3,73,0.0,4.3,39,0.0,0.0,12.2
2026-02-09 02:00:00,7763.087,0.0,7763.087,9875.442,12.5,76,0.0,3.8,34,0.0,0.0,11.5
2026-02-09 03:00:00,7921.643,0.0,7921.643,10062.541,11.8,78,0.0,3.4,68,0.0,0.0,10.7
2026-02-09 04:00:00,7914.704000000001,0.0,7914.704000000001,10054.347,10.9,81,0.0,3.8,70,0.0,0.0,9.7
2026-02-09 05:00:00,12929.778,0.0,12929.778,15972.14,10.5,86,0.0,4.1,100,0.0,0.0,9.5
2026-02-09 06:00:00,14655.958,0.0,14655.958,18009.031,11.0,85,0.0,3.7,99,0.0,0.0,10.0
2026-02-09 07:00:00,14755.933,264.541,14491.391,18127.0,11.2,85,0.0,3.9,100,5.0,0.0,10.2
2026-02-09 08:00:00,14530.77,522.342,14008.428,17861.307,13.0,77,0.0,4.5,100,84.0,8.0,12.1
2026-02-09 09:00:00,14557.054,709.045,13848.008,17892.323,15.9,68,0.0,0.2,100,227.0,64.0,15.9
2026-02-09 10:00:00,14408.379,865.463,13542.92,17716.888,19.2,52,0.0,1.9,83,411.0,202.0,18.7
2026-02-09 11:00:00,12878.039,875.829,12002.213,15911.087,21.7,41,0.0,4.5,100,587.0,381.0,20.7
2026-02-09 12:00:00,13115.58,929.884,12185.695,16191.382,23.2,36,0.0,4.9,100,680.0,482.0,22.5
2026-02-09 13:00:00,13057.426,837.77,12219.658,16122.766,23.7,35,0.0,5.5,70,630.0,374.0,22.7
2026-02-09 14:00:00,12988.720000000001,791.047,12197.674,16041.685,24.0,36,0.0,6.2,45,605.0,407.0,22.9
2026-02-09 15:00:00,13046.581,659.304,12387.278,16109.966,23.9,38,0.0,6.7,88,515.0,378.0,22.6
2026-02-09 16:00:00,13012.558,434.939,12577.623,16069.819,23.2,41,0.0,7.8,11,325.0,195.0,21.7
2026-02-09 17:00:00,13003.707,236.666,12767.039,16059.374,22.0,42,0.0,8.3,1,145.0,70.0,20.4
2026-02-09 18:00:00,17275.316,0.0,17275.316,21099.871,20.2,48,0.0,6.8,0,15.0,4.0,18.9
2026-02-09 19:00:00,17281.556,0.0,17281.556,21107.236,18.3,57,0.0,4.4,3,0.0,0.0,17.6
2026-02-09 20:00:00,17232.293,0.0,17232.293,21049.106,17.2,63,0.0,5.0,2,0.0,0.0,16.5
2026-02-09 21:00:00,17165.688000000002,0.0,17165.688000000002,20970.511,16.2,66,0.0,4.9,2,0.0,0.0,15.5
2026-02-09 22:00:00,17076.084,0.0,17076.084,20864.781,15.5,68,0.0,5.1,1,0.0,0.0,14.6
2026-02-09 23:00:00,7755.481,0.0,7755.481,9866.466,14.9,75,0.0,5.7,0,0.0,0.0,14.2
2026-02-10 00:00:00,7688.077,0.0,7688.077,9786.93,14.1,79,0.0,5.2,0,0.0,0.0,13.5
2026-02-10 01:00:00,7863.843,0.0,7863.843,9994.332,13.6,80,0.0,5.2,2,0.0,0.0,12.9
2026-02-10 02:00:00,7760.726,0.0,7760.726,9872.657,13.0,80,0.0,4.6,13,0.0,0.0,12.3
2026-02-10 03:00:00,7851.672,0.0,7851.672,9979.975,12.6,80,0.0,4.5,58,0.0,0.0,11.7
2026-02-10 04:00:00,7900.465,0.0,7900.465,10037.548999999999,12.4,80,0.0,5.6,92,0.0,0.0,11.3
2026-02-10 05:00:00,13047.784,0.0,13047.784,16111.384,11.8,86,0.0,5.3,99,0.0,0.0,10.8
2026-02-10 06:00:00,14582.514,0.0,14582.514,17922.367000000002,11.7,86,0.0,5.0,34,0.0,0.0,10.8
2026-02-10 07:00:00,14759.914,259.879,14500.036,18131.698,11.6,86,0.0,5.0,5,6.0,1.0,10.7
2026-02-10 08:00:00,14601.192,508.418,14092.775,17944.404,13.8,76,0.0,5.9,33,115.0,55.0,12.8
2026-02-10 09:00:00,14584.993999999999,742.33,13842.663,17925.292,17.0,63,0.0,4.2,3,293.0,180.0,16.3
2026-02-10 10:00:00,14585.685,858.567,13727.118,17926.109,20.2,52,0.0,5.1,0,480.0,351.0,19.4
2026-02-10 11:00:00,13017.42,875.754,12141.669,16075.553,22.7,43,0.0,6.1,0,616.0,474.0,22.1
2026-02-10 12:00:00,13022.397,925.6270000000001,12096.767,16081.429,25.0,35,0.0,5.8,0,691.0,541.0,24.6
2026-02-10 13:00:00,13004.685,875.989,12128.698,16060.531,26.2,30,0.0,5.2,0,697.0,547.0,25.6
2026-02-10 14:00:00,12999.471,775.836,12223.636,16054.376,26.9,27,0.0,4.3,1,634.0,491.0,25.9
2026-02-10 15:00:00,12983.701000000001,609.333,12374.371,16035.769,27.2,26,0.0,3.1,9,502.0,369.0,25.7
2026-02-10 16:00:00,13158.111,461.80899999999997,12696.298999999999,16241.569,26.9,25,0.0,1.5,19,329.0,218.0,25.5
2026-02-10 17:00:00,12973.54,241.26500000000001,12732.271,16023.774000000001,25.1,34,0.0,7.2,17,145.0,75.0,23.5
2026-02-10 18:00:00,17105.456000000002,0.0,17105.456000000002,20899.438000000002,22.9,47,0.0,6.5,5,15.0,3.0,22.2
2026-02-10 19:00:00,17373.086,0.0,17373.086,21215.241,21.3,54,0.0,3.9,0,0.0,0.0,21.3
2026-02-10 20:00:00,17280.246,0.0,17280.246,21105.687,20.2,60,0.0,3.8,0,0.0,0.0,20.3
2026-02-10 21:00:00,17291.788,0.0,17291.788,21119.31,19.3,65,0.0,4.5,0,0.0,0.0,19.4
2026-02-10 22:00:00,17072.995,0.0,17072.995,20861.133,18.6,68,0.0,5.6,0,0.0,0.0,18.5
2026-02-10 23:00:00,7768.173,0.0,7768.173,9881.444,17.5,76,0.0,4.7,0,0.0,0.0,17.8
2026-02-11 00:00:00,7887.686,0.0,7887.686,10022.469000000001,16.6,79,0.0,4.1,0,0.0,0.0,16.9
2026-02-11 01:00:00,7808.594,0.0,7808.594,9929.138,16.2,80,0.0,2.5,18,0.0,0.0,16.7
2026-02-11 02:00:00,7684.462,0.0,7684.462,9782.664999999999,16.3,79,0.0,1.5,27,0.0,0.0,16.9
2026-02-11 03:00:00,7889.072999999999,0.0,7889.072999999999,10024.108,16.0,80,0.0,3.3,16,0.0,0.0,16.2
2026-02-11 04:00:00,7815.474,0.0,7815.474,9937.26,15.3,82,0.0,2.6,7,0.0,0.0,15.6
2026-02-11 05:00:00,12976.609,0.0,12976.609,16027.397,14.7,84,0.0,5.2,2,0.0,0.0,14.5
2026-02-11 06:00:00,14687.729000000001,0.0,14687.729000000001,18046.522,14.6,84,0.0,4.7,21,0.0,0.0,14.5
2026-02-11 07:00:00,14727.655,268.748,14458.908,18093.632,15.2,81,0.0,4.9,1,6.0,1.0,15.0
2026-02-11 08:00:00,14552.994999999999,536.884,14016.114,17887.535,17.2,71,0.0,5.8,0,118.0,56.0,16.9
2026-02-11 09:00:00,14613.218,730.432,13882.784,17958.595999999998,20.2,58,0.0,4.8,0,306.0,203.0,20.0
2026-02-11 10:00:00,14599.59,855.054,13744.536,17942.518,23.0,46,0.0,6.8,0,483.0,355.0,22.2
2026-02-11 11:00:00,12927.21,885.548,12041.662,15969.109,25.1,37,0.0,9.0,0,619.0,476.0,24.0
2026-02-11 12:00:00,12981.541,920.81,12060.731,16033.22,26.4,32,0.0,9.2,0,696.0,545.0,25.5
2026-02-11 13:00:00,13088.849,929.813,12159.038,16159.839,27.0,32,0.0,10.1,0,704.0,553.0,26.0
2026-02-11 14:00:00,12923.158,757.923,12165.235999999999,15964.328,27.1,31,0.0,11.1,0,641.0,496.0,25.6
2026-02-11 15:00:00,12979.869999999999,647.388,12332.48,16031.246,26.8,32,0.0,11.6,0,515.0,383.0,24.8
2026-02-11 16:00:00,13054.615,454.286,12600.329,16119.446,25.9,36,0.0,11.6,0,341.0,232.0,24.1
2026-02-11 17:00:00,13015.275,230.943,12784.332,16073.024,24.7,39,0.0,10.7,0,151.0,79.0,23.0
2026-02-11 18:00:00,17169.532,0.0,17169.532,20975.048,23.2,46,0.0,8.1,0,16.0,4.0,22.2
2026-02-11 19:00:00,17278.879,0.0,17278.879,21104.074,22.2,52,0.0,7.7,0,0.0,0.0,21.6
2026-02-11 20:00:00,17259.957,0.0,17259.957,21081.75,21.1,56,0.0,7.7,0,0.0,0.0,20.6
2026-02-11 21:00:00,17382.419,0.0,17382.419,21226.253,20.3,56,0.0,8.6,0,0.0,0.0,19.4
2026-02-11 22:00:00,17320.272,0.0,17320.272,21152.921,19.3,57,0.0,8.1,0,0.0,0.0,18.3
2026-02-11 23:00:00,7823.59,0.0,7823.59,9946.836,18.5,60,0.0,8.5,0,0.0,0.0,17.4
2026-02-12 00:00:00,7840.283,0.0,7840.283,9966.534,17.7,61,0.0,7.8,0,0.0,0.0,16.5
2026-02-12 01:00:00,7853.474,0.0,7853.474,9982.098,17.0,62,0.0,7.0,0,0.0,0.0,15.9
2026-02-12 02:00:00,7812.407,0.0,7812.407,9933.641,16.2,63,0.0,6.3,0,0.0,0.0,15.1
2026-02-12 03:00:00,7935.679,0.0,7935.679,10079.1,15.4,65,0.0,6.1,0,0.0,0.0,14.2
2026-02-12 04:00:00,7807.887,0.0,7807.887,9928.304,14.5,68,0.0,6.0,0,0.0,0.0,13.3
2026-02-12 05:00:00,12910.849,0.0,12910.849,15949.801,14.1,76,0.0,7.6,0,0.0,0.0,13.0
2026-02-12 06:00:00,14626.404,0.0,14626.404,17974.153,13.4,80,0.0,6.5,0,0.0,0.0,12.4
2026-02-12 07:00:00,14644.446,258.719,14385.728,17995.445,13.0,82,0.0,6.9,0,8.0,1.0,11.9
2026-02-12 08:00:00,14532.251,498.943,14033.31,17863.061,14.5,74,0.0,7.9,0,126.0,62.0,13.3
2026-02-12 09:00:00,14685.704,727.237,13958.469000000001,18044.131,17.0,63,0.0,7.6,0,322.0,216.0,15.9
2026-02-12 10:00:00,14578.345000000001,914.27,13664.077000000001,17917.447,19.7,53,0.0,8.0,16,507.0,377.0,18.4
2026-02-12 11:00:00,13145.759,881.192,12264.565,16226.996,22.2,46,0.0,9.1,4,645.0,500.0,21.4
2026-02-12 12:00:00,12979.435,900.64,12078.796,16030.735,24.0,35,0.0,12.0,2,719.0,567.0,22.5
2026-02-12 13:00:00,12960.562,893.115,12067.449,16008.466,24.8,28,0.0,12.6,96,725.0,571.0,22.8
2026-02-12 14:00:00,13048.937,801.132,12247.809,16112.745,25.1,27,0.0,12.4,0,661.0,512.0,22.5
2026-02-12 15:00:00,12975.3,607.033,12368.266,16025.854,24.8,28,0.0,11.4,32,534.0,402.0,22.0
2026-02-12 16:00:00,13049.126,450.848,12598.275,16112.966,24.2,30,0.0,9.8,58,356.0,245.0,21.6
2026-02-12 17:00:00,12948.288,224.158,12724.128,15993.978,22.7,37,0.0,10.1,77,159.0,85.0,20.5
2026-02-12 18:00:00,17287.238,0.0,17287.238,21113.941,21.2,42,0.0,7.1,99,18.0,4.0,19.6
2026-02-12 19:00:00,17106.466,0.0,17106.466,20900.628,20.3,47,0.0,6.0,100,0.0,0.0,19.0
2026-02-12 20:00:00,17137.418,0.0,17137.418,20937.153,19.3,53,0.0,5.5,2,0.0,0.0,18.3
2026-02-12 21:00:00,16768.877,0.0,16768.877,20502.275,18.2,57,0.0,5.0,45,0.0,0.0,17.3
2026-02-12 22:00:00,17386.305,0.0,17386.305,21230.841,17.8,56,0.0,4.8,83,0.0,0.0,16.8
2026-02-12 23:00:00,7890.692,0.0,7890.692,10026.017,17.3,58,0.0,5.7,100,0.0,0.0,16.1
2026-02-13 00:00:00,7816.118,0.0,7816.118,9938.018,16.7,59,0.0,5.8,100,0.0,0.0,15.4
2026-02-13 01:00:00,7879.104,0.0,7879.104,10012.343,15.9,62,0.0,6.0,100,0.0,0.0,14.7
2026-02-13 02:00:00,7702.905,0.0,7702.905,9804.427,15.2,65,0.0,6.0,100,0.0,0.0,13.9
2026-02-13 03:00:00,7846.305,0.0,7846.305,9973.641,14.7,67,0.0,6.1,100,0.0,0.0,13.4
2026-02-13 04:00:00,7792.243,0.0,7792.243,9909.848,13.8,70,0.0,4.9,100,0.0,0.0,12.6
2026-02-13 05:00:00,12947.922,0.0,12947.922,15993.548999999999,13.2,79,0.0,5.4,99,0.0,0.0,12.3
2026-02-13 06:00:00,14745.015,0.0,14745.015,18114.116,12.8,79,0.0,4.9,100,0.0,0.0,11.8
2026-02-13 07:00:00,14674.746000000001,253.34,14421.408,18031.199,12.7,78,0.0,6.0,74,8.0,1.0,11.5
2026-02-13 08:00:00,14827.548,509.096,14318.454,18211.510000000002,14.4,68,0.0,6.9,100,123.0,54.0,13.0
2026-02-13 09:00:00,14658.37,748.329,13910.042,18011.876,17.2,55,0.0,6.6,99,292.0,144.0,15.7
2026-02-13 10:00:00,14680.802,880.797,13800.002,18038.345,20.0,44,0.0,7.8,100,471.0,288.0,18.2
2026-02-13 11:00:00,12922.096,881.205,12040.894,15963.073,22.5,37,0.0,9.7,96,603.0,386.0,20.7
2026-02-13 12:00:00,13071.629,892.488,12179.141,16139.521999999999,24.0,32,0.0,8.8,95,703.0,516.0,22.6
2026-02-13 13:00:00,13042.141,893.576,12148.566,16104.73,24.9,30,0.0,8.0,98,704.0,510.0,23.7
2026-02-13 14:00:00,13058.241,789.239,12269.002,16123.725,25.4,29,0.0,7.2,98,629.0,430.0,23.8
2026-02-13 15:00:00,12998.369,655.336,12343.034,16053.075,25.5,30,0.0,7.4,99,491.0,298.0,23.5
2026-02-13 16:00:00,13043.698,444.043,12599.657,16106.566,24.9,32,0.0,7.2,49,335.0,194.0,23.1
2026-02-13 17:00:00,13122.559,239.051,12883.507,16199.619999999999,23.6,33,0.0,7.6,77,157.0,80.0,21.5
2026-02-13 18:00:00,17203.673,0.0,17203.673,21015.332,22.0,39,0.0,5.4,45,19.0,4.0,20.5
2026-02-13 19:00:00,17266.1,0.0,17266.1,21088.997,20.6,48,0.0,4.3,53,0.0,0.0,19.8
2026-02-13 20:00:00,16959.23,0.0,16959.23,20726.889,19.3,55,0.0,2.9,38,0.0,0.0,18.9
2026-02-13 21:00:00,17238.111,0.0,17238.111,21055.97,19.2,57,0.0,0.7,89,0.0,0.0,19.3
2026-02-13 22:00:00,17263.549,0.0,17263.549,21085.989,18.8,56,0.0,0.7,50,0.0,0.0,18.6
2026-02-13 23:00:00,7864.189,0.0,7864.189,9994.743,18.6,62,0.0,0.5,100,0.0,0.0,18.8
2026-02-14 00:00:00,6859.856,0.0,6859.856,8809.63,18.2,59,0.0,1.2,100,0.0,0.0,18.1
2026-02-14 01:00:00,6760.879,0.0,6760.879,8692.838,17.3,61,0.0,2.1,88,0.0,0.0,16.9
2026-02-14 02:00:00,6701.634,0.0,6701.634,8622.926,15.7,68,0.0,3.5,91,0.0,0.0,15.2
2026-02-14 03:00:00,6762.027,0.0,6762.027,8694.194,14.3,74,0.0,4.9,98,0.0,0.0,13.5
2026-02-14 04:00:00,6822.663,0.0,6822.663,8765.743,13.4,77,0.0,4.4,47,0.0,0.0,12.6
2026-02-14 05:00:00,11257.321,0.0,11257.321,13998.639,12.8,84,0.0,4.2,81,0.0,0.0,12.2
2026-02-14 06:00:00,12659.771999999999,0.0,12659.771999999999,15653.531,12.6,84,0.0,4.3,87,0.0,0.0,11.9
2026-02-14 07:00:00,12736.522,228.977,12507.542,15744.094,12.5,81,0.0,5.8,100,9.0,1.0,11.5
2026-02-14 08:00:00,12670.509,445.276,12225.236,15666.202000000001,14.6,69,0.0,6.9,88,121.0,47.0,13.3
2026-02-14 09:00:00,12774.453,615.217,12159.238,15788.856,17.9,54,0.0,6.0,7,312.0,188.0,16.6
2026-02-14 10:00:00,12716.936,763.708,11953.227,15720.983,21.5,41,0.0,7.1,0,508.0,378.0,19.8
2026-02-14 11:00:00,11414.110999999999,761.539,10652.573,14183.653,24.0,33,0.0,8.3,0,648.0,505.0,22.5
2026-02-14 12:00:00,11313.703,794.478,10519.225,14065.166000000001,25.6,29,0.0,8.6,0,723.0,572.0,24.4
2026-02-14 13:00:00,11422.444,764.018,10658.427,14193.484,26.4,28,0.0,9.5,0,730.0,579.0,25.1
2026-02-14 14:00:00,11503.056,706.389,10796.667,14288.608,26.9,26,0.0,10.6,0,665.0,520.0,24.9
2026-02-14 15:00:00,11514.571,548.115,10966.454,14302.193,26.5,29,0.0,11.4,0,536.0,403.0,24.0
2026-02-14 16:00:00,11340.173999999999,389.409,10950.77,14096.408,25.8,33,0.0,10.2,1,358.0,247.0,23.8
2026-02-14 17:00:00,11241.433,204.04,11037.393,13979.891,24.7,33,0.0,10.4,0,162.0,88.0,22.5
2026-02-14 18:00:00,14885.308,0.0,14885.308,18279.662,23.3,37,0.0,7.6,0,20.0,5.0,21.5
2026-02-14 19:00:00,14976.314,0.0,14976.314,18387.051,22.2,42,0.0,5.7,0,0.0,0.0,21.0
2026-02-14 20:00:00,14992.139,0.0,14992.139,18405.724000000002,21.1,47,0.0,4.7,0,0.0,0.0,20.2
2026-02-14 21:00:00,15021.943,0.0,15021.943,18440.893,20.5,50,0.0,5.2,0,0.0,0.0,19.6
2026-02-14 22:00:00,15015.05,0.0,15015.05,18432.757,20.1,52,0.0,5.3,0,0.0,0.0,19.3
2026-02-14 23:00:00,6799.073,0.0,6799.073,8737.904999999999,19.0,60,0.0,4.6,0,0.0,0.0,18.6
2026-02-15 00:00:00,6778.243,0.0,6778.243,8713.327,17.7,65,0.0,4.7,0,0.0,0.0,17.3
2026-02-15 01:00:00,6766.262,0.0,6766.262,8699.19,16.6,70,0.0,4.2,0,0.0,0.0,16.3
2026-02-15 02:00:00,6721.042,0.0,6721.042,8645.828,15.8,74,0.0,4.3,0,0.0,0.0,15.5
2026-02-15 03:00:00,6907.381,0.0,6907.381,8865.710000000001,15.2,76,0.0,4.9,0,0.0,0.0,14.8
2026-02-15 04:00:00,6791.597,0.0,6791.597,8729.084,14.5,78,0.0,5.2,0,0.0,0.0,13.9
2026-02-15 05:00:00,11365.978,0.0,11365.978,14126.854,13.5,87,0.0,4.9,0,0.0,0.0,13.1
2026-02-15 06:00:00,12668.875,0.0,12668.875,15664.274,13.6,85,0.0,4.9,0,0.0,0.0,13.2
2026-02-15 07:00:00,12607.039999999999,228.293,12378.744999999999,15591.306,13.9,83,0.0,5.1,0,9.0,2.0,13.5
2026-02-15 08:00:00,12686.592,415.468,12271.127,15685.179,16.4,71,0.0,5.9,0,128.0,63.0,15.9
2026-02-15 09:00:00,12685.277,625.946,12059.329,15683.627,19.9,57,0.0,5.2,0,322.0,215.0,19.4
2026-02-15 10:00:00,12653.761,756.287,11897.472,15646.436,22.9,46,0.0,7.1,0,507.0,376.0,22.1
2026-02-15 11:00:00,11453.468,783.819,10669.647,14230.092,25.3,39,0.0,9.6,0,647.0,503.0,24.6
2026-02-15 12:00:00,11279.153,770.597,10508.553,14024.402,26.8,33,0.0,11.5,0,725.0,574.0,25.9
2026-02-15 13:00:00,11295.304,777.803,10517.502,14043.457,27.7,30,0.0,12.1,0,733.0,581.0,26.5
2026-02-15 14:00:00,11295.368,688.427,10606.943,14043.535,28.1,26,0.0,12.3,0,670.0,525.0,26.2
2026-02-15 15:00:00,11446.713,556.027,10890.685,14222.121,27.9,26,0.0,11.9,0,543.0,410.0,25.2
2026-02-15 16:00:00,11333.661,400.705,10932.957,14088.72,27.3,26,0.0,11.4,0,365.0,254.0,24.6
2026-02-15 17:00:00,11383.489,198.743,11184.744,14147.517,26.1,28,0.0,8.6,0,167.0,92.0,23.9
2026-02-15 18:00:00,15027.211,0.0,15027.211,18447.11,23.9,36,0.0,4.4,0,21.0,6.0,22.7
2026-02-15 19:00:00,14940.382,0.0,14940.382,18344.651,23.1,40,0.0,2.3,0,0.0,0.0,22.4
2026-02-15 20:00:00,14998.73,0.0,14998.73,18413.503,22.5,42,0.0,1.4,0,0.0,0.0,22.0
2026-02-15 21:00:00,15174.276,0.0,15174.276,18620.645,21.4,45,0.0,1.9,0,0.0,0.0,20.8
2026-02-15 22:00:00,14757.502,0.0,14757.502,18128.851,20.3,49,0.0,2.2,0,0.0,0.0,19.8
2026-02-15 23:00:00,6811.631,0.0,6811.631,8752.726,19.9,53,0.0,0.6,0,0.0,0.0,19.8
2026-02-16 00:00:00,7744.907,0.0,7744.907,9853.991,19.4,56,0.0,0.2,0,0.0,0.0,19.5
2026-02-16 01:00:00,7790.689,0.0,7790.689,9908.012,19.4,56,0.0,0.2,0,0.0,0.0,19.5
2026-02-16 02:00:00,7817.399,0.0,7817.399,9939.533,19.1,56,0.0,0.4,0,0.0,0.0,19.0
2026-02-16 03:00:00,7898.11,0.0,7898.11,10034.773000000001,17.8,61,0.0,1.5,0,0.0,0.0,17.6
2026-02-16 04:00:00,7707.671,0.0,7707.671,9810.052,15.8,71,0.0,5.5,0,0.0,0.0,15.1
2026-02-16 05:00:00,13068.287,0.0,13068.287,16135.575,14.0,85,0.0,5.2,0,0.0,0.0,13.7
2026-02-16 06:00:00,14592.715,0.0,14592.715,17934.403,13.1,89,0.0,4.1,51,0.0,0.0,12.9
2026-02-16 07:00:00,14671.217,268.317,14402.904,18027.037,13.5,87,0.0,4.4,4,10.0,2.0,13.2
2026-02-16 08:00:00,14688.355,508.66900000000004,14179.686,18047.261,16.6,70,0.0,5.2,0,134.0,68.0,16.2
2026-02-16 09:00:00,14628.583999999999,736.982,13891.604,17976.729,21.1,51,0.0,3.7,0,331.0,223.0,20.7
2026-02-16 10:00:00,14601.851,890.61,13711.241,17945.184,24.6,38,0.0,3.2,0,515.0,384.0,23.9
2026-02-16 11:00:00,13076.194,885.09,12191.103000000001,16144.911,27.0,30,0.0,3.3,0,654.0,509.0,26.7
2026-02-16 12:00:00,12933.458,917.178,12016.282,15976.483,29.0,23,0.0,1.6,0,730.0,578.0,28.9
2026-02-16 13:00:00,13015.994,885.731,12130.262999999999,16073.873,29.9,19,0.0,1.9,0,735.0,583.0,29.5
2026-02-16 14:00:00,13112.371,787.33,12325.041000000001,16187.598,30.3,18,0.0,3.9,0,670.0,524.0,28.9
2026-02-16 15:00:00,13027.944,666.244,12361.699999999999,16087.974,30.3,17,0.0,6.3,3,545.0,413.0,27.7
2026-02-16 16:00:00,13043.72,453.501,12590.224,16106.593,29.3,20,0.0,7.7,14,336.0,217.0,26.6
2026-02-16 17:00:00,13091.39,229.362,12862.028,16162.837,25.5,40,0.0,12.1,0,155.0,79.0,24.0
2026-02-16 18:00:00,17094.293,0.0,17094.293,20886.268,24.3,43,0.0,8.7,0,21.0,5.0,23.3
2026-02-16 19:00:00,17290.442,0.0,17290.442,21117.722999999998,23.3,47,0.0,8.1,0,0.0,0.0,22.6
2026-02-16 20:00:00,17037.811,0.0,17037.811,20819.619,22.3,52,0.0,7.0,1,0.0,0.0,21.9
2026-02-16 21:00:00,17234.828999999998,0.0,17234.828999999998,21052.1,21.3,57,0.0,6.7,0,0.0,0.0,21.0
2026-02-16 22:00:00,17137.893,0.0,17137.893,20937.716,20.4,60,0.0,5.5,0,0.0,0.0,20.3
2026-02-16 23:00:00,7771.155,0.0,7771.155,9884.961,19.7,64,0.0,7.2,1,0.0,0.0,19.5
2026-02-17 00:00:00,7841.452,0.0,7841.452,9967.912,19.2,66,0.0,6.3,1,0.0,0.0,19.1
2026-02-17 01:00:00,7824.46,0.0,7824.46,9947.863,18.3,70,0.0,5.9,2,0.0,0.0,18.2
2026-02-17 02:00:00,7853.595,0.0,7853.595,9982.24,17.5,72,0.0,7.0,1,0.0,0.0,17.2
2026-02-17 03:00:00,7829.606,0.0,7829.606,9953.935,16.8,74,0.0,7.5,0,0.0,0.0,16.4
2026-02-17 04:00:00,7918.130999999999,0.0,7918.130999999999,10058.396999999999,16.3,76,0.0,8.1,0,0.0,0.0,15.7
2026-02-17 05:00:00,13100.789,0.0,13100.789,16173.927,16.1,73,0.0,9.5,0,0.0,0.0,15.1
2026-02-17 06:00:00,14525.026,0.0,14525.026,17854.53,15.9,74,0.0,9.7,0,0.0,0.0,14.9
2026-02-17 07:00:00,14644.608,253.35500000000002,14391.253999999999,17995.637,16.0,73,0.0,10.1,0,10.0,2.0,14.9
2026-02-17 08:00:00,14738.528,513.616,14224.911,18106.463,17.7,65,0.0,9.1,0,134.0,67.0,16.7
2026-02-17 09:00:00,14634.411,739.876,13894.533,17983.605,20.5,55,0.0,8.4,0,328.0,220.0,19.6
2026-02-17 10:00:00,14433.855,922.304,13511.551,17746.949,23.6,43,0.0,10.6,0,512.0,380.0,22.1
2026-02-17 11:00:00,13148.44,888.193,12260.247,16230.16,25.9,34,0.0,11.8,0,653.0,507.0,24.5
2026-02-17 12:00:00,13156.499,930.906,12225.595000000001,16239.669,27.7,29,0.0,9.5,0,732.0,580.0,26.9
2026-02-17 13:00:00,13099.856,899.571,12200.285,16172.83,28.8,27,0.0,8.2,0,738.0,585.0,28.1
2026-02-17 14:00:00,12985.258,798.135,12187.125,16037.604,29.2,25,0.0,7.6,0,672.0,525.0,28.1
2026-02-17 15:00:00,13283.779,657.29,12626.492,16389.861,29.0,27,0.0,8.5,0,543.0,408.0,27.2
2026-02-17 16:00:00,13025.302,448.454,12576.846,16084.856,28.2,30,0.0,9.9,2,364.0,252.0,26.5
2026-02-17 17:00:00,12960.687,229.014,12731.672,16008.610999999999,26.8,33,0.0,12.5,3,166.0,90.0,24.7
2026-02-17 18:00:00,16986.179,0.0,16986.179,20758.693,25.0,42,0.0,7.5,2,22.0,6.0,24.2
2026-02-17 19:00:00,17149.400999999998,0.0,17149.400999999998,20951.295000000002,23.6,49,0.0,4.2,2,0.0,0.0,23.6
2026-02-17 20:00:00,17421.79,0.0,17421.79,21272.712,22.5,56,0.0,4.9,9,0.0,0.0,22.7
2026-02-17 21:00:00,17346.797,0.0,17346.797,21184.22,21.4,63,0.0,4.9,13,0.0,0.0,22.0
2026-02-17 22:00:00,17157.973,0.0,17157.973,20961.408,20.3,69,0.0,4.4,16,0.0,0.0,21.0
2026-02-17 23:00:00,7840.404,0.0,7840.404,9966.678,19.6,76,0.0,3.0,1,0.0,0.0,20.8
2026-02-18 00:00:00,7736.762,0.0,7736.762,9844.379,18.9,78,0.0,4.0,0,0.0,0.0,20.0
2026-02-18 01:00:00,7933.267,0.0,7933.267,10076.255,18.3,80,0.0,3.9,4,0.0,0.0,19.2
2026-02-18 02:00:00,7855.01,0.0,7855.01,9983.912,18.0,79,0.0,4.6,45,0.0,0.0,18.7
2026-02-18 03:00:00,7808.24,0.0,7808.24,9928.724,17.6,80,0.0,0.5,100,0.0,0.0,18.8
2026-02-18 04:00:00,7824.437,0.0,7824.437,9947.835,17.5,81,0.0,2.3,99,0.0,0.0,18.5
2026-02-18 05:00:00,13012.694,0.0,13012.694,16069.978,18.4,80,0.0,7.7,84,0.0,0.0,18.8
2026-02-18 06:00:00,14653.171,0.0,14653.171,18005.739999999998,18.7,78,0.0,6.3,100,0.0,0.0,19.3
2026-02-18 07:00:00,14735.6,264.315,14471.285,18103.009000000002,17.9,80,0.0,7.2,100,4.0,0.0,18.2
2026-02-18 08:00:00,14507.768,484.71700000000004,14023.052,17834.164,18.4,79,0.4,3.3,100,59.0,11.0,19.4
2026-02-18 09:00:00,14563.264,701.391,13861.874,17899.65,19.0,76,0.0,4.9,99,121.0,21.0,19.8
2026-02-18 10:00:00,14551.311,874.085,13677.226,17885.546,19.7,70,0.0,2.7,100,157.0,12.0,20.6
2026-02-18 11:00:00,13149.046,933.885,12215.163,16230.873,19.1,73,0.1,4.6,99,225.0,10.0,19.7
2026-02-18 12:00:00,12944.243,861.385,12082.857,15989.205,22.3,52,0.4,5.3,100,513.0,246.0,22.1
2026-02-18 13:00:00,13079.024,868.267,12210.755,16148.244,23.4,41,0.0,7.9,100,426.0,102.0,22.1
2026-02-18 14:00:00,13066.637,796.833,12269.804,16133.631,23.9,39,0.0,9.2,100,448.0,135.0,22.3
2026-02-18 15:00:00,12986.812,629.016,12357.795,16039.439,23.3,43,0.0,7.9,100,349.0,85.0,22.2
2026-02-18 16:00:00,13107.056,473.547,12633.508,16181.324,22.8,45,0.0,2.3,100,200.0,24.0,22.5
2026-02-18 17:00:00,13113.935,226.111,12887.824,16189.443,17.7,81,0.0,0.6,100,62.0,3.0,19.0
2026-02-18 18:00:00,17291.71,0.0,17291.71,21119.218,17.2,87,0.0,2.7,100,11.0,0.0,18.4
2026-02-18 19:00:00,17295.645,0.0,17295.645,21123.861,16.7,89,0.0,2.3,100,0.0,0.0,18.0
2026-02-18 20:00:00,17124.774,0.0,17124.774,20922.234,16.6,88,0.0,0.5,100,0.0,0.0,18.0
2026-02-18 21:00:00,17358.92,0.0,17358.92,21198.525999999998,16.6,87,0.0,1.0,100,0.0,0.0,17.8
2026-02-18 22:00:00,17226.501,0.0,17226.501,21042.271,16.1,89,0.0,2.7,100,0.0,0.0,17.1
2026-02-18 23:00:00,7884.806,0.0,7884.806,10019.072,16.9,86,0.0,0.6,100,0.0,0.0,18.2
2026-02-19 00:00:00,7818.709,0.0,7818.709,9941.077000000001,16.4,88,0.0,2.2,86,0.0,0.0,17.5
2026-02-19 01:00:00,7850.091,0.0,7850.091,9978.106,15.9,90,0.0,3.5,3,0.0,0.0,16.7
2026-02-19 02:00:00,7847.348,0.0,7847.348,9974.868,15.1,92,0.0,3.8,4,0.0,0.0,15.7
2026-02-19 03:00:00,7947.975,0.0,7947.975,10093.611,14.7,93,0.0,3.1,3,0.0,0.0,15.3
2026-02-19 04:00:00,7785.241,0.0,7785.241,9901.584,14.1,93,0.0,3.6,7,0.0,0.0,14.5
2026-02-19 05:00:00,12908.327000000001,0.0,12908.327000000001,15946.829,14.8,85,0.0,5.7,20,0.0,0.0,14.6
2026-02-19 06:00:00,14671.072,0.0,14671.072,18026.866,13.9,86,0.0,4.8,15,0.0,0.0,13.7
2026-02-19 07:00:00,14654.291,271.773,14382.516,18007.061999999998,14.3,86,0.0,4.5,4,11.0,2.0,14.2
2026-02-19 08:00:00,14801.684000000001,557.204,14244.48,18180.988,16.6,79,0.0,4.1,2,135.0,64.0,16.9
2026-02-19 09:00:00,14547.744999999999,686.57,13861.173999999999,17881.339,19.5,70,0.0,1.9,0,326.0,213.0,20.4
2026-02-19 10:00:00,14728.401,905.728,13822.676,18094.516,22.5,53,0.0,2.4,2,512.0,376.0,22.8
2026-02-19 11:00:00,13117.693,887.375,12230.316,16193.877,24.3,42,0.0,1.3,0,647.0,493.0,24.9
2026-02-19 12:00:00,13150.81,921.8340000000001,12228.977,16232.956,25.8,37,0.0,1.4,29,725.0,568.0,26.8
2026-02-19 13:00:00,12998.367,876.0939999999999,12122.273,16053.074,26.0,36,0.0,1.8,45,708.0,544.0,26.8
2026-02-19 14:00:00,12883.335,778.404,12104.931,15917.339,26.3,35,0.0,1.5,22,636.0,466.0,26.6
2026-02-19 15:00:00,13116.2,648.707,12467.494999999999,16192.114,26.3,33,0.0,2.5,47,471.0,311.0,25.6
2026-02-19 16:00:00,13280.687,436.853,12843.832999999999,16386.211,25.0,36,0.0,7.6,51,244.0,123.0,23.6
2026-02-19 17:00:00,12975.483,248.709,12726.774,16026.071,23.8,53,0.0,1.4,5,127.0,56.0,24.7
2026-02-19 18:00:00,17151.19,0.0,17151.19,20953.403,22.2,62,0.0,3.2,21,21.0,5.0,23.2
2026-02-19 19:00:00,17103.552,0.0,17103.552,20897.187,21.2,65,0.0,4.6,10,0.0,0.0,21.9
2026-02-19 20:00:00,17397.847,0.0,17397.847,21244.461,20.5,70,0.0,1.9,6,0.0,0.0,21.9
2026-02-19 21:00:00,17250.549,0.0,17250.549,21070.646,19.6,74,0.0,4.6,0,0.0,0.0,20.5
2026-02-19 22:00:00,17107.15,0.0,17107.15,20901.436999999998,18.8,78,0.0,4.6,0,0.0,0.0,19.7
2026-02-19 23:00:00,7770.356,0.0,7770.356,9884.022,18.5,82,0.0,3.9,0,0.0,0.0,19.7
2026-02-20 00:00:00,7821.671,0.0,7821.671,9944.571,17.7,85,0.0,4.3,0,0.0,0.0,18.8
2026-02-20 01:00:00,7780.843,0.0,7780.843,9896.396,17.2,86,0.0,2.9,0,0.0,0.0,18.4
2026-02-20 02:00:00,7916.000999999999,0.0,7916.000999999999,10055.88,16.8,86,0.0,3.5,0,0.0,0.0,17.7
2026-02-20 03:00:00,7809.575,0.0,7809.575,9930.3,16.4,87,0.0,3.1,0,0.0,0.0,17.3
2026-02-20 04:00:00,7860.556,0.0,7860.556,9990.459,16.0,87,0.0,3.3,0,0.0,0.0,16.7
2026-02-20 05:00:00,13149.743,0.0,13149.743,16231.7,15.0,93,0.0,5.1,0,0.0,0.0,15.5
2026-02-20 06:00:00,14707.749,0.0,14707.749,18070.144,15.1,92,0.0,4.4,0,0.0,0.0,15.6
2026-02-20 07:00:00,14547.716,263.014,14284.703,17881.307,15.4,91,0.0,4.0,0,13.0,2.0,16.0
2026-02-20 08:00:00,14560.827,494.706,14066.119,17896.773,17.4,81,0.0,4.1,0,139.0,67.0,18.2
2026-02-20 09:00:00,14688.471,715.339,13973.131,18047.395,20.2,68,0.0,2.7,0,337.0,225.0,21.1
2026-02-20 10:00:00,14472.422,893.119,13579.302,17792.457,23.3,51,0.0,3.6,0,521.0,386.0,23.6
2026-02-20 11:00:00,13039.954,908.202,12131.751,16102.145,25.5,42,0.0,5.3,0,660.0,510.0,25.9
2026-02-20 12:00:00,13061.908,921.583,12140.323,16128.050000000001,27.0,36,0.0,5.5,0,734.0,578.0,27.5
2026-02-20 13:00:00,13037.498,899.14,12138.359,16099.247,27.7,33,0.0,7.2,0,741.0,584.0,27.8
2026-02-20 14:00:00,12906.011,781.434,12124.581,15944.097,27.9,32,0.0,9.2,0,675.0,524.0,27.2
2026-02-20 15:00:00,13217.188,670.113,12547.074,16311.284,27.5,32,0.0,10.2,0,545.0,407.0,25.9
2026-02-20 16:00:00,13222.058,451.731,12770.328,16317.029,26.8,34,0.0,10.4,1,359.0,240.0,25.1
2026-02-20 17:00:00,13095.631,243.6,12852.029,16167.844,25.5,39,0.0,9.6,0,172.0,92.0,24.2
2026-02-20 18:00:00,17161.693,0.0,17161.693,20965.798,23.7,47,0.0,5.6,0,25.0,7.0,23.4
2026-02-20 19:00:00,17150.507,0.0,17150.507,20952.598,22.3,55,0.0,5.0,0,0.0,0.0,22.5
2026-02-20 20:00:00,17318.439,0.0,17318.439,21150.757,21.0,64,0.0,4.6,0,0.0,0.0,21.6
2026-02-20 21:00:00,17477.323,0.0,17477.323,21338.241,20.1,67,0.0,4.9,0,0.0,0.0,20.6
2026-02-20 22:00:00,17326.165,0.0,17326.165,21159.872,19.5,67,0.0,5.1,0,0.0,0.0,19.7
2026-02-20 23:00:00,7800.563,0.0,7800.563,9919.664999999999,18.9,71,0.0,5.3,0,0.0,0.0,19.2
2026-02-21 00:00:00,6844.699,0.0,6844.699,8791.744,18.2,71,0.0,5.7,0,0.0,0.0,18.2
2026-02-21 01:00:00,6910.5509999999995,0.0,6910.5509999999995,8869.452,17.6,72,0.0,5.8,0,0.0,0.0,17.5
2026-02-21 02:00:00,6821.912,0.0,6821.912,8764.857,16.9,75,0.0,5.5,0,0.0,0.0,16.8
2026-02-21 03:00:00,6793.787,0.0,6793.787,8731.667,16.1,78,0.0,5.2,0,0.0,0.0,16.0
2026-02-21 04:00:00,6808.09,0.0,6808.09,8748.545,15.6,79,0.0,5.8,0,0.0,0.0,15.4
2026-02-21 05:00:00,11226.132,0.0,11226.132,13961.832999999999,14.9,87,0.0,7.4,0,0.0,0.0,14.6
2026-02-21 06:00:00,12719.136,0.0,12719.136,15723.58,14.8,88,0.0,6.7,0,0.0,0.0,14.6
2026-02-21 07:00:00,12786.09,234.812,12551.277,15802.583,15.0,86,0.0,7.3,0,14.0,3.0,14.7
2026-02-21 08:00:00,12783.797,443.436,12340.362000000001,15799.878,16.9,77,0.0,6.8,0,146.0,75.0,16.7
2026-02-21 09:00:00,12699.546,629.112,12070.433,15700.466,19.9,65,0.0,6.5,0,343.0,231.0,19.9
2026-02-21 10:00:00,12833.652,779.505,12054.147,15858.71,22.8,55,0.0,7.1,0,526.0,390.0,22.8
2026-02-21 11:00:00,11361.098,787.377,10573.723,14121.096,24.9,50,0.0,8.8,0,665.0,515.0,25.4
2026-02-21 12:00:00,11351.044,803.575,10547.47,14109.235,26.2,44,0.0,10.2,0,740.0,582.0,26.7
2026-02-21 13:00:00,11461.194,808.789,10652.405999999999,14239.210000000001,27.0,40,0.0,10.5,0,746.0,589.0,27.3
2026-02-21 14:00:00,11372.792,697.513,10675.278,14134.892,27.2,38,0.0,10.9,0,682.0,531.0,26.9
2026-02-21 15:00:00,11405.481,580.688,10824.792,14173.466,27.1,39,0.0,11.0,0,553.0,415.0,26.0
2026-02-21 16:00:00,11427.915,414.261,11013.654,14199.943,26.4,40,0.0,10.8,0,376.0,260.0,25.3
2026-02-21 17:00:00,11395.082,210.2,11184.882,14161.198,25.4,40,0.0,9.4,0,178.0,99.0,24.3
2026-02-21 18:00:00,15186.436,0.0,15186.436,18634.994,23.5,48,0.0,5.4,0,26.0,8.0,23.2
2026-02-21 19:00:00,14910.102,0.0,14910.102,18308.921,22.0,56,0.0,4.8,0,0.0,0.0,22.2
2026-02-21 20:00:00,15003.08,0.0,15003.08,18418.634,21.1,63,0.0,4.0,0,0.0,0.0,21.7
2026-02-21 21:00:00,15017.64,0.0,15017.64,18435.817,20.8,63,0.0,3.4,0,0.0,0.0,21.5
2026-02-21 22:00:00,15078.681,0.0,15078.681,18507.844,20.2,64,0.0,4.0,0,0.0,0.0,20.6
2026-02-21 23:00:00,6781.816,0.0,6781.816,8717.543,19.2,72,0.0,5.3,0,0.0,0.0,19.8
2026-02-22 00:00:00,6919.916,0.0,6919.916,8880.5,18.4,75,0.0,6.1,0,0.0,0.0,18.7
2026-02-22 01:00:00,6798.309,0.0,6798.309,8737.002,17.5,76,0.0,5.7,0,0.0,0.0,17.6
2026-02-22 02:00:00,6867.784,0.0,6867.784,8818.984,16.6,79,0.0,4.9,0,0.0,0.0,16.7
2026-02-22 03:00:00,6804.598,0.0,6804.598,8744.427,16.0,80,0.0,5.4,0,0.0,0.0,15.9
2026-02-22 04:00:00,6796.118,0.0,6796.118,8734.419,15.2,83,0.0,5.3,0,0.0,0.0,15.1
2026-02-22 05:00:00,11187.365,0.0,11187.365,13916.094000000001,14.7,88,0.0,5.6,0,0.0,0.0,14.8
2026-02-22 06:00:00,12775.033,0.0,12775.033,15789.538999999999,14.8,88,0.0,5.1,0,0.0,0.0,14.9
2026-02-22 07:00:00,12720.608,215.999,12504.61,15725.318,15.1,86,0.0,4.9,0,15.0,3.0,15.2
2026-02-22 08:00:00,12782.139,434.721,12347.42,15797.925,17.5,74,0.0,4.5,0,153.0,80.0,17.7
2026-02-22 09:00:00,12549.306,620.802,11928.503,15523.177,21.4,58,0.0,3.3,0,355.0,243.0,21.7
2026-02-22 10:00:00,12759.859,784.4010000000001,11975.454,15771.63,24.7,42,0.0,4.7,0,543.0,408.0,24.2
2026-02-22 11:00:00,11380.182999999999,796.431,10583.752,14143.616,26.8,30,0.0,7.1,0,683.0,534.0,26.0
2026-02-22 12:00:00,11227.375,781.381,10445.994,13963.305,27.9,25,0.0,7.6,0,758.0,602.0,27.0
2026-02-22 13:00:00,11516.798999999999,774.181,10742.618,14304.823,28.4,23,0.0,8.5,0,762.0,606.0,27.3
2026-02-22 14:00:00,11426.473,714.274,10712.198,14198.238000000001,28.4,24,0.0,9.0,0,695.0,545.0,26.9
2026-02-22 15:00:00,11390.65,580.2620000000001,10810.388,14155.967,28.2,25,0.0,9.0,0,565.0,428.0,26.0
2026-02-22 16:00:00,11466.829,415.13800000000003,11051.693,14245.861,27.6,27,0.0,8.8,0,386.0,270.0,25.5
2026-02-22 17:00:00,11327.425,211.508,11115.914,14081.359,26.4,35,0.0,8.4,0,185.0,104.0,25.1
2026-02-22 18:00:00,14858.605,0.0,14858.605,18248.148999999998,24.8,39,0.0,5.6,0,27.0,8.0,24.0
2026-02-22 19:00:00,14805.099,0.0,14805.099,18185.016,23.4,44,0.0,3.4,0,0.0,0.0,23.0
2026-02-22 20:00:00,14988.99,0.0,14988.99,18402.006999999998,22.9,46,0.0,2.4,0,0.0,0.0,22.7
2026-02-22 21:00:00,14945.469000000001,0.0,14945.469000000001,18350.654,21.6,55,0.0,2.6,0,0.0,0.0,21.8
2026-02-22 22:00:00,14923.475,0.0,14923.475,18324.703,20.2,62,0.0,3.6,0,0.0,0.0,20.6
2026-02-22 23:00:00,6821.414,0.0,6821.414,8764.264,19.7,70,0.0,2.7,0,0.0,0.0,20.6
2026-02-23 00:00:00,7767.191,0.0,7767.191,9880.287,19.1,71,0.0,1.3,0,0.0,0.0,20.1
2026-02-23 01:00:00,7768.854,0.0,7768.854,9882.25,19.0,72,0.0,1.3,0,0.0,0.0,20.0
2026-02-23 02:00:00,7834.164,0.0,7834.164,9959.311,18.9,72,0.0,0.9,0,0.0,0.0,19.9
2026-02-23 03:00:00,7847.046,0.0,7847.046,9974.513,17.4,77,0.0,3.6,0,0.0,0.0,17.9
2026-02-23 04:00:00,7923.842,0.0,7923.842,10065.135,16.8,78,0.0,2.3,0,0.0,0.0,17.3
2026-02-23 05:00:00,13083.225999999999,0.0,13083.225999999999,16153.203,14.8,87,0.0,2.7,0,0.0,0.0,15.2
2026-02-23 06:00:00,14823.832,0.0,14823.832,18207.122,14.8,87,0.0,2.7,0,0.0,0.0,15.2
2026-02-23 07:00:00,14559.734,274.891,14284.843,17895.488,15.4,83,0.0,4.5,0,16.0,4.0,15.5
2026-02-23 08:00:00,14713.969,499.489,14214.477,18077.483,18.6,67,0.0,3.2,0,155.0,82.0,18.8
2026-02-23 09:00:00,14619.094000000001,718.997,13900.1,17965.533,22.4,53,0.0,0.4,0,357.0,245.0,23.0
2026-02-23 10:00:00,14516.262,899.825,13616.435,17844.189,25.2,41,0.0,0.9,0,542.0,407.0,25.4
2026-02-23 11:00:00,13019.481,850.742,12168.737,16077.986,27.1,32,0.0,4.4,0,680.0,531.0,27.0
2026-02-23 12:00:00,13052.383,918.7280000000001,12133.652,16116.812,28.8,25,0.0,6.0,12,758.0,601.0,28.4
2026-02-23 13:00:00,13141.169,914.9590000000001,12226.207999999999,16221.579,29.4,22,0.0,8.7,9,734.0,567.0,28.0
2026-02-23 14:00:00,12979.727,797.7719999999999,12181.956,16031.078,29.4,20,0.0,11.1,9,648.0,477.0,26.9
2026-02-23 15:00:00,13004.378,611.558,12392.819,16060.166000000001,29.2,19,0.0,11.7,9,539.0,393.0,25.9
2026-02-23 16:00:00,13121.416,441.33799999999997,12680.078,16198.27,28.6,20,0.0,11.3,6,377.0,257.0,25.3
2026-02-23 17:00:00,13179.225,248.451,12930.773000000001,16266.484,27.8,23,0.0,7.5,0,178.0,99.0,25.4
2026-02-23 18:00:00,17361.897,0.0,17361.897,21202.037,24.7,39,0.0,4.6,0,29.0,9.0,23.9
2026-02-23 19:00:00,17350.858,0.0,17350.858,21189.011,23.6,49,0.0,2.1,0,0.0,0.0,24.0
2026-02-23 20:00:00,17148.22,0.0,17148.22,20949.898,22.6,53,0.0,2.0,0,0.0,0.0,23.1
2026-02-23 21:00:00,17165.684,0.0,17165.684,20970.504,21.7,57,0.0,2.1,0,0.0,0.0,22.2
2026-02-23 22:00:00,17081.054,0.0,17081.054,20870.646,21.4,58,0.0,0.9,0,0.0,0.0,22.1
2026-02-23 23:00:00,7879.1849999999995,0.0,7879.1849999999995,10012.437,20.0,67,0.0,2.5,0,0.0,0.0,20.8
2026-02-24 00:00:00,7828.6,0.0,7828.6,9952.747,19.4,68,0.0,1.6,0,0.0,0.0,20.2
2026-02-24 01:00:00,7808.233,0.0,7808.233,9928.716,19.0,68,0.0,1.5,0,0.0,0.0,19.7
2026-02-24 02:00:00,7847.155,0.0,7847.155,9974.644,18.1,72,0.0,3.1,0,0.0,0.0,18.6
2026-02-24 03:00:00,7826.882,0.0,7826.882,9950.723,17.8,72,0.0,2.7,0,0.0,0.0,18.2
2026-02-24 04:00:00,7832.857,0.0,7832.857,9957.771999999999,17.2,73,0.0,4.2,0,0.0,0.0,17.3
2026-02-24 05:00:00,13007.219,0.0,13007.219,16063.519,15.9,82,0.0,4.4,0,0.0,0.0,16.1
2026-02-24 06:00:00,14572.761,0.0,14572.761,17910.858,16.1,80,0.0,2.6,0,0.0,0.0,16.6
2026-02-24 07:00:00,14481.08,265.555,14215.525,17802.676,16.6,78,0.0,0.6,0,17.0,4.0,17.4
2026-02-24 08:00:00,14751.405999999999,517.923,14233.484,18121.66,19.3,66,0.0,1.7,0,160.0,85.0,19.9
2026-02-24 09:00:00,14678.527,693.228,13985.298,18035.663,22.4,54,0.0,1.5,0,364.0,250.0,23.0
2026-02-24 10:00:00,14637.065999999999,867.127,13769.941,17986.74,25.0,42,0.0,2.8,0,552.0,415.0,25.0
2026-02-24 11:00:00,13100.396,871.996,12228.399,16173.466,26.5,35,0.0,3.9,0,693.0,542.0,26.9
2026-02-24 12:00:00,13085.463,916.0559999999999,12169.407,16155.844,28.5,28,0.0,5.1,0,768.0,610.0,28.6
2026-02-24 13:00:00,13053.503,917.823,12135.682,16118.136,29.4,22,0.0,8.1,0,771.0,612.0,28.4
2026-02-24 14:00:00,13123.045,823.011,12300.034,16200.193000000001,29.6,18,0.0,9.9,1,690.0,533.0,27.4
2026-02-24 15:00:00,13061.235,658.343,12402.889,16127.253,29.3,18,0.0,10.7,2,562.0,416.0,26.1
2026-02-24 16:00:00,13159.595,464.966,12694.628,16243.323,28.5,20,0.0,11.4,2,390.0,269.0,25.2
2026-02-24 17:00:00,12981.946,229.987,12751.96,16033.696,27.1,26,0.0,10.0,2,189.0,107.0,24.5
2026-02-24 18:00:00,17293.314,0.0,17293.314,21121.111,24.7,39,0.0,5.2,0,30.0,9.0,23.9
2026-02-24 19:00:00,17223.947,0.0,17223.947,21039.254999999997,23.2,50,0.0,4.6,0,0.0,0.0,23.2
2026-02-24 20:00:00,17277.19,0.0,17277.19,21102.082000000002,22.0,59,0.0,4.7,0,0.0,0.0,22.4
2026-02-24 21:00:00,17002.831,0.0,17002.831,20778.34,21.6,61,0.0,2.6,0,0.0,0.0,22.4
2026-02-24 22:00:00,17138.432,0.0,17138.432,20938.351,20.9,63,0.0,3.5,0,0.0,0.0,21.5
2026-02-24 23:00:00,7865.855,0.0,7865.855,9996.709,20.3,66,0.0,3.4,0,0.0,0.0,21.0
2026-02-25 00:00:00,7803.964,0.0,7803.964,9923.676,20.1,65,0.0,0.9,0,0.0,0.0,21.0
2026-02-25 01:00:00,7831.975,0.0,7831.975,9956.731,20.1,64,0.0,0.6,0,0.0,0.0,20.9
2026-02-25 02:00:00,7824.463,0.0,7824.463,9947.865,18.7,69,0.0,2.8,0,0.0,0.0,19.1
2026-02-25 03:00:00,7838.243,0.0,7838.243,9964.125,17.2,75,0.0,4.1,0,0.0,0.0,17.4
2026-02-25 04:00:00,7831.42,0.0,7831.42,9956.077,15.9,78,0.0,4.0,0,0.0,0.0,16.0
2026-02-25 05:00:00,13261.457,0.0,13261.457,16363.516,14.9,85,0.0,5.1,0,0.0,0.0,14.8
2026-02-25 06:00:00,14648.226,0.0,14648.226,17999.905,15.0,83,0.0,4.8,0,0.0,0.0,14.9
2026-02-25 07:00:00,14621.706,251.478,14370.23,17968.617,15.2,81,0.0,5.3,0,19.0,5.0,15.0
2026-02-25 08:00:00,14555.969000000001,531.001,14024.968,17891.042,18.1,66,0.0,4.9,0,166.0,91.0,17.9
2026-02-25 09:00:00,14661.903,731.336,13930.565999999999,18016.046,21.8,51,0.0,4.1,0,374.0,259.0,21.5
2026-02-25 10:00:00,14550.537,883.581,13666.954,17884.634000000002,25.0,36,0.0,5.5,0,565.0,427.0,23.9
2026-02-25 11:00:00,13007.491,864.67,12142.819,16063.841,27.3,24,0.0,7.6,0,708.0,556.0,25.8
2026-02-25 12:00:00,13105.296,953.938,12151.358,16179.248,28.3,21,0.0,9.6,0,785.0,626.0,26.8
2026-02-25 13:00:00,13115.949,855.271,12260.676,16191.818,28.8,19,0.0,10.5,0,791.0,632.0,27.1
2026-02-25 14:00:00,12907.780999999999,795.145,12112.636,15946.184,29.0,18,0.0,10.5,0,724.0,572.0,26.8
2026-02-25 15:00:00,13146.225,630.296,12515.928,16227.544,28.8,18,0.0,11.0,0,589.0,450.0,25.6
2026-02-25 16:00:00,12993.253,441.666,12551.588,16047.041,28.1,19,0.0,11.1,0,403.0,284.0,24.6
2026-02-25 17:00:00,12984.311,240.264,12744.044,16036.489,27.2,20,0.0,9.6,0,197.0,113.0,24.0
2026-02-25 18:00:00,17405.748,0.0,17405.748,21253.784,24.3,33,0.0,5.0,0,32.0,10.0,22.8
2026-02-25 19:00:00,17441.315,0.0,17441.315,21295.752,23.1,42,0.0,4.5,0,0.0,0.0,22.3
2026-02-25 20:00:00,17224.041,0.0,17224.041,21039.368,22.7,42,0.0,3.9,0,0.0,0.0,21.9
2026-02-25 21:00:00,17211.563,0.0,17211.563,21024.645,22.2,40,0.0,3.5,0,0.0,0.0,21.1
2026-02-25 22:00:00,17365.646,0.0,17365.646,21206.459,21.4,42,0.0,5.1,0,0.0,0.0,20.1
2026-02-25 23:00:00,7801.003000000001,0.0,7801.003000000001,9920.182,21.2,50,0.0,4.2,0,0.0,0.0,20.7
2026-02-26 00:00:00,7882.824,0.0,7882.824,10016.733,19.2,56,0.0,5.6,0,0.0,0.0,18.4
2026-02-26 01:00:00,7901.327,0.0,7901.327,10038.569,17.8,61,0.0,5.1,0,0.0,0.0,17.0
2026-02-26 02:00:00,7730.786,0.0,7730.786,9837.328,17.0,64,0.0,4.5,0,0.0,0.0,16.3
2026-02-26 03:00:00,7820.713,0.0,7820.713,9943.441,16.3,66,0.0,5.1,0,0.0,0.0,15.5
2026-02-26 04:00:00,7990.8099999999995,0.0,7990.8099999999995,10144.154,15.7,69,0.0,5.2,0,0.0,0.0,14.9
2026-02-26 05:00:00,13144.567,0.0,13144.567,16225.587,15.5,77,0.0,5.1,0,0.0,0.0,15.2
2026-02-26 06:00:00,14560.286,0.0,14560.286,17896.137,15.5,77,0.0,5.1,0,0.0,0.0,15.1
2026-02-26 07:00:00,14656.201,263.092,14393.108,18009.318,16.1,73,0.0,6.1,0,19.0,5.0,15.6
2026-02-26 08:00:00,14625.307,525.422,14099.885,17972.861,18.6,63,0.0,6.5,0,166.0,89.0,18.0
2026-02-26 09:00:00,14593.168,758.811,13834.358,17934.937,22.0,51,0.0,6.0,0,370.0,255.0,21.5
2026-02-26 10:00:00,14607.835000000001,898.157,13709.679,17952.243,25.0,42,0.0,7.2,0,560.0,422.0,24.3
2026-02-26 11:00:00,12989.373,865.2860000000001,12124.085,16042.46,27.4,32,0.0,10.0,0,701.0,550.0,26.5
2026-02-26 12:00:00,13138.263,939.836,12198.426,16218.151,28.9,23,0.0,12.3,0,782.0,624.0,27.3
2026-02-26 13:00:00,13121.505,890.163,12231.341,16198.376,29.5,20,0.0,13.5,0,789.0,631.0,27.4
2026-02-26 14:00:00,13147.412,821.648,12325.761,16228.945,29.7,17,0.0,14.4,0,723.0,571.0,26.8
2026-02-26 15:00:00,13149.315,639.792,12509.527,16231.195,29.4,18,0.0,14.5,0,590.0,451.0,25.8
2026-02-26 16:00:00,13164.771,451.868,12712.905,16249.432,28.7,20,0.0,14.3,0,405.0,287.0,25.0
2026-02-26 17:00:00,12987.645,233.032,12754.615,16040.422,27.9,23,0.0,12.4,0,198.0,114.0,24.7
2026-02-26 18:00:00,17146.479,0.0,17146.479,20947.847,26.0,30,0.0,6.5,0,32.0,10.0,24.2
2026-02-26 19:00:00,17142.116,0.0,17142.116,20942.698,24.2,38,0.0,4.9,0,0.0,0.0,23.2
2026-02-26 20:00:00,17170.396,0.0,17170.396,20976.065,23.3,41,0.0,4.9,0,0.0,0.0,22.4
2026-02-26 21:00:00,17250.38,0.0,17250.38,21070.449,22.8,40,0.0,5.5,0,0.0,0.0,21.6
2026-02-26 22:00:00,17336.815,0.0,17336.815,21172.444,21.8,41,0.0,5.6,0,0.0,0.0,20.5
2026-02-26 23:00:00,7812.679,0.0,7812.679,9933.960000000001,21.3,47,0.0,4.3,0,0.0,0.0,20.4
2026-02-27 00:00:00,7855.974999999999,0.0,7855.974999999999,9985.05,20.3,50,0.0,4.4,0,0.0,0.0,19.5
2026-02-27 01:00:00,7782.187,0.0,7782.187,9897.98,19.3,53,0.0,4.5,0,0.0,0.0,18.4
2026-02-27 02:00:00,7853.2699999999995,0.0,7853.2699999999995,9981.857,18.7,56,0.0,3.9,0,0.0,0.0,18.0
2026-02-27 03:00:00,7859.103,0.0,7859.103,9988.742,17.7,60,0.0,4.5,0,0.0,0.0,16.9
2026-02-27 04:00:00,7897.091,0.0,7897.091,10033.566,17.2,63,0.0,3.5,0,0.0,0.0,16.7
2026-02-27 05:00:00,13034.027,0.0,13034.027,16095.152,16.0,75,0.0,4.9,0,0.0,0.0,15.8
2026-02-27 06:00:00,14585.721,0.0,14585.721,17926.15,16.1,73,0.0,6.5,0,0.0,0.0,15.5
2026-02-27 07:00:00,14394.918,256.998,14137.917,17701.002,16.4,68,0.0,7.5,0,21.0,5.0,15.5
2026-02-27 08:00:00,14671.588,526.018,14145.57,18027.474,19.1,57,0.0,7.0,0,169.0,92.0,18.2
2026-02-27 09:00:00,14623.011,703.88,13919.132,17970.153,23.0,44,0.0,4.5,0,374.0,259.0,22.4
2026-02-27 10:00:00,14589.168,915.602,13673.565,17930.219,26.5,33,0.0,5.2,0,563.0,425.0,25.5
2026-02-27 11:00:00,13021.079,828.17,12192.906,16079.873,28.8,23,0.0,6.3,0,704.0,552.0,27.7
2026-02-27 12:00:00,13063.509,952.542,12110.967,16129.945,30.3,19,0.0,8.3,0,780.0,623.0,29.0
2026-02-27 13:00:00,12935.848,875.4449999999999,12060.403,15979.298999999999,30.8,18,0.0,11.0,0,786.0,628.0,29.1
2026-02-27 14:00:00,13022.423,825.408,12197.015,16081.457,30.8,18,0.0,11.1,0,720.0,568.0,28.7
2026-02-27 15:00:00,13085.513,633.546,12451.968,16155.905999999999,30.6,18,0.0,10.6,0,588.0,449.0,27.7
2026-02-27 16:00:00,12990.708999999999,454.451,12536.26,16044.038,29.9,20,0.0,10.3,0,401.0,283.0,27.0
2026-02-27 17:00:00,13225.911,242.474,12983.436,16321.571,29.6,17,0.0,9.4,0,199.0,115.0,26.4
2026-02-27 18:00:00,17221.378,0.0,17221.378,21036.225,27.2,25,0.0,4.1,0,33.0,11.0,25.4
2026-02-27 19:00:00,17161.178,0.0,17161.178,20965.191,25.7,31,0.0,3.3,5,0.0,0.0,24.5
2026-02-27 20:00:00,16801.701,0.0,16801.701,20541.006,24.4,41,0.0,3.7,0,0.0,0.0,23.9
2026-02-27 21:00:00,16920.008,0.0,16920.008,20680.61,23.9,45,0.0,2.8,0,0.0,0.0,23.8
2026-02-27 22:00:00,17255.186,0.0,17255.186,21076.121,23.0,48,0.0,1.8,0,0.0,0.0,23.1
2026-02-27 23:00:00,7843.529,0.0,7843.529,9970.365,23.1,48,0.0,1.3,98,0.0,0.0,23.4
2026-02-28 00:00:00,6783.625,0.0,6783.625,8719.678,23.3,53,0.0,4.7,94,0.0,0.0,23.6
2026-02-28 01:00:00,6802.706,0.0,6802.706,8742.192000000001,22.3,60,0.0,2.4,91,0.0,0.0,23.3
2026-02-28 02:00:00,6866.423,0.0,6866.423,8817.378999999999,22.0,59,0.0,3.4,100,0.0,0.0,22.6
2026-02-28 03:00:00,6827.238,0.0,6827.238,8771.141,21.9,59,0.0,1.8,100,0.0,0.0,22.8
2026-02-28 04:00:00,6768.604,0.0,6768.604,8701.953,21.8,60,0.0,0.5,100,0.0,0.0,22.9
2026-02-28 05:00:00,11334.867,0.0,11334.867,14090.143,21.6,61,0.0,2.5,100,0.0,0.0,22.3
2026-02-28 06:00:00,12647.143,0.0,12647.143,15638.626,21.3,60,0.0,3.9,96,0.0,0.0,21.8
2026-02-28 07:00:00,12801.197,230.872,12570.324,15820.412,21.3,60,0.0,3.7,97,14.0,2.0,21.7
2026-02-28 08:00:00,12734.969,446.836,12288.136,15742.265,23.2,50,0.0,1.5,5,100.0,39.0,23.6
2026-02-28 09:00:00,12618.416000000001,645.51,11972.907,15604.73,26.5,38,0.0,1.0,0,361.0,244.0,26.6
2026-02-28 10:00:00,12871.913,810.355,12061.561,15903.857,28.8,28,0.0,2.0,0,568.0,432.0,28.2
2026-02-28 11:00:00,11326.784,785.381,10541.403,14080.606,31.0,18,0.0,6.8,23,707.0,555.0,29.5
2026-02-28 12:00:00,11410.751,777.1320000000001,10633.622,14179.687,31.8,17,0.0,10.9,8,747.0,578.0,29.9
2026-02-28 13:00:00,11401.733,805.419,10596.312,14169.042,31.9,17,0.0,13.5,4,754.0,583.0,29.5
2026-02-28 14:00:00,11405.545,701.777,10703.771,14173.544,31.6,17,0.0,13.4,5,695.0,532.0,28.8
2026-02-28 15:00:00,11391.355,530.453,10860.904,14156.798,31.2,18,0.0,13.0,5,559.0,409.0,27.9
2026-02-28 16:00:00,11324.879,382.735,10942.144,14078.358,30.4,20,0.0,13.4,13,381.0,260.0,27.2
2026-02-28 17:00:00,11433.61,215.813,11217.797,14206.658,29.6,23,0.0,13.0,16,187.0,104.0,26.8
2026-02-28 18:00:00,15070.421,0.0,15070.421,18498.097,27.9,31,0.0,7.8,0,33.0,11.0,26.5
2026-02-28 19:00:00,15148.434,0.0,15148.434,18590.153,26.3,38,0.0,4.3,0,0.0,0.0,25.9
2026-02-28 20:00:00,15007.617,0.0,15007.617,18423.987,25.0,47,0.0,3.7,0,0.0,0.0,25.3
2026-02-28 21:00:00,15108.369999999999,0.0,15108.369999999999,18542.88,24.5,48,0.0,2.9,0,0.0,0.0,24.9
2026-02-28 22:00:00,14751.555,0.0,14751.555,18121.835,23.8,49,0.0,2.5,0,0.0,0.0,24.2
2026-02-28 23:00:00,6867.196,0.0,6867.196,8818.291,22.5,55,0.0,5.4,0,0.0,0.0,22.6
2026-03-01 00:00:00,8001.721,0.0,8001.721,10157.032,21.0,58,0.0,5.1,0,0.0,0.0,21.0
2026-03-01 01:00:00,7929.877,0.0,7929.877,10072.258,20.0,61,0.0,4.9,0,0.0,0.0,19.9
2026-03-01 02:00:00,7892.266,0.0,7892.266,10027.874,19.4,63,0.0,5.4,0,0.0,0.0,19.2
2026-03-01 03:00:00,7907.292,0.0,7907.292,10045.606,18.5,67,0.0,5.0,0,0.0,0.0,18.4
2026-03-01 04:00:00,7998.058,0.0,7998.058,10152.71,17.9,69,0.0,5.2,0,0.0,0.0,17.8
2026-03-01 05:00:00,13407.731,0.0,13407.731,16536.125,17.3,78,0.0,7.4,0,0.0,0.0,17.3
2026-03-01 06:00:00,14698.538,0.0,14698.538,18059.274,17.2,77,0.0,6.7,0,0.0,0.0,17.2
2026-03-01 07:00:00,14824.912,262.675,14562.238,18208.396,17.5,73,0.0,7.6,0,24.0,7.0,17.2
2026-03-01 08:00:00,14927.021,488.168,14438.853,18328.887,19.7,63,0.0,6.1,0,178.0,98.0,19.6
2026-03-01 09:00:00,14775.363000000001,720.432,14054.931,18149.928,23.1,52,0.0,6.5,0,385.0,268.0,22.9
2026-03-01 10:00:00,14812.628,907.987,13904.647,18193.905,26.1,42,0.0,8.3,0,575.0,435.0,25.7
2026-03-01 11:00:00,13295.094000000001,907.561,12387.532,16403.211,28.9,27,0.0,11.8,0,716.0,563.0,27.5
2026-03-01 12:00:00,13296.813,937.532,12359.28,16405.239,30.2,22,0.0,14.1,0,792.0,633.0,28.5
2026-03-01 13:00:00,13187.543,887.404,12300.134,16276.298999999999,30.6,21,0.0,15.8,0,795.0,635.0,28.5
2026-03-01 14:00:00,13182.584,818.8,12363.783,16270.449,30.6,22,0.0,16.8,0,725.0,571.0,28.1
2026-03-01 15:00:00,13342.072,677.488,12664.585000000001,16458.648,30.3,23,0.0,16.4,0,591.0,451.0,27.2
2026-03-01 16:00:00,13205.655,458.541,12747.117,16297.675,29.7,24,0.0,15.8,0,409.0,289.0,26.6
2026-03-01 17:00:00,13322.35,229.88400000000001,13092.466,16435.372,28.7,26,0.0,13.3,0,203.0,118.0,25.9
2026-03-01 18:00:00,17550.513,0.0,17550.513,21424.606,27.1,30,0.0,8.2,0,36.0,12.0,25.4
2026-03-01 19:00:00,17444.042,0.0,17444.042,21298.97,26.0,35,0.0,6.8,0,0.0,0.0,24.8
2026-03-01 20:00:00,17786.038,0.0,17786.038,21702.524,25.3,37,0.0,8.5,0,0.0,0.0,23.9
2026-03-01 21:00:00,17534.727,0.0,17534.727,21405.977,24.2,40,0.0,7.7,0,0.0,0.0,23.0
2026-03-01 22:00:00,17403.726,0.0,17403.726,21251.399,22.9,43,0.0,6.6,5,0.0,0.0,21.8
2026-03-01 23:00:00,7996.123,0.0,7996.123,10150.428,21.7,51,0.0,6.2,25,0.0,0.0,21.1
2026-03-02 00:00:00,9092.812,0.0,9092.812,11444.518,20.7,52,0.0,5.6,5,0.0,0.0,20.0
2026-03-02 01:00:00,9170.421,0.0,9170.421,11536.099,19.8,54,0.0,5.5,0,0.0,0.0,19.1
2026-03-02 02:00:00,9061.122,0.0,9061.122,11407.127,18.8,57,0.0,5.3,3,0.0,0.0,18.1
2026-03-02 03:00:00,9135.036,0.0,9135.036,11494.341,18.5,58,0.0,6.7,0,0.0,0.0,17.5
2026-03-02 04:00:00,9130.912,0.0,9130.912,11489.476,17.9,61,0.0,6.8,2,0.0,0.0,16.9
2026-03-02 05:00:00,15282.545,0.0,15282.545,18748.402000000002,17.5,70,0.0,7.6,0,0.0,0.0,17.0
2026-03-02 06:00:00,17213.281,0.0,17213.281,21026.672,17.2,71,0.0,7.6,0,0.0,0.0,16.6
2026-03-02 07:00:00,17062.583,309.318,16753.263,20848.85,17.4,70,0.0,8.7,0,25.0,7.0,16.7
2026-03-02 08:00:00,17167.09,603.4,16563.692,20972.167,19.6,61,0.0,8.0,1,179.0,99.0,19.0
2026-03-02 09:00:00,16949.819,818.938,16130.88,20715.786,23.0,49,0.0,8.5,2,385.0,267.0,22.2
2026-03-02 10:00:00,17045.86,1079.2060000000001,15966.655,20829.115,26.1,39,0.0,9.0,2,573.0,433.0,25.2
2026-03-02 11:00:00,15344.874,1018.991,14325.882,18821.95,28.4,32,0.0,12.7,0,714.0,560.0,27.5
2026-03-02 12:00:00,15212.213,1036.165,14176.049,18665.411,30.0,25,0.0,15.3,2,787.0,626.0,28.5
2026-03-02 13:00:00,15349.335000000001,1027.787,14321.548,18827.216,30.8,22,0.0,16.9,0,792.0,631.0,28.6
2026-03-02 14:00:00,15352.069,971.7760000000001,14380.294,18830.446,30.8,23,0.0,17.1,0,727.0,573.0,28.4
2026-03-02 15:00:00,15242.918,742.709,14500.207,18701.642,30.5,23,0.0,16.2,1,596.0,454.0,27.5
2026-03-02 16:00:00,15169.144,560.556,14608.589,18614.588,29.6,26,0.0,15.8,0,414.0,293.0,26.8
2026-03-02 17:00:00,15237.489,265.135,14972.356,18695.236,28.5,29,0.0,15.9,0,205.0,119.0,25.8
2026-03-02 18:00:00,19936.106,0.0,19936.106,24239.605,27.1,35,0.0,9.4,0,36.0,12.0,25.7
2026-03-02 19:00:00,20181.432,0.0,20181.432,24529.091,26.1,40,0.0,8.4,0,0.0,0.0,25.3
2026-03-02 20:00:00,20132.793,0.0,20132.793,24471.697,25.3,41,0.0,9.9,0,0.0,0.0,24.2
2026-03-02 21:00:00,20267.73,0.0,20267.73,24630.918999999998,24.3,42,0.0,8.3,0,0.0,0.0,23.3
2026-03-02 22:00:00,20180.271,0.0,20180.271,24527.721,23.4,42,0.0,9.4,0,0.0,0.0,22.0
2026-03-02 23:00:00,9178.311,0.0,9178.311,11545.406,22.7,46,0.0,10.3,0,0.0,0.0,21.2
2026-03-03 00:00:00,9156.248,0.0,9156.248,11519.372,22.2,44,0.0,10.7,0,0.0,0.0,20.5
2026-03-03 01:00:00,9230.151,0.0,9230.151,11606.581,21.6,45,0.0,9.9,0,0.0,0.0,19.9
2026-03-03 02:00:00,9183.723,0.0,9183.723,11551.795,20.6,49,0.0,9.7,0,0.0,0.0,19.0
2026-03-03 03:00:00,9193.687,0.0,9193.687,11563.554,19.7,54,0.0,9.6,0,0.0,0.0,18.3
2026-03-03 04:00:00,9167.167,0.0,9167.167,11532.256,18.8,57,0.0,8.6,0,0.0,0.0,17.6
2026-03-03 05:00:00,15173.006,0.0,15173.006,18619.148,18.3,62,0.0,9.4,0,0.0,0.0,17.2
2026-03-03 06:00:00,17033.69,0.0,17033.69,20814.753,17.7,64,0.0,9.3,0,0.0,0.0,16.6
2026-03-03 07:00:00,17053.037,314.183,16738.853,20837.583,17.9,64,0.0,10.5,0,27.0,8.0,16.6
2026-03-03 08:00:00,17224.954,596.542,16628.412,21040.444,19.7,57,0.0,9.0,0,187.0,105.0,18.6
2026-03-03 09:00:00,17190.621,832.014,16358.608,20999.932,22.8,47,0.0,10.7,0,397.0,278.0,21.4
2026-03-03 10:00:00,16938.51,1049.7930000000001,15888.719000000001,20702.442,25.8,39,0.0,12.5,0,588.0,446.0,24.4
2026-03-03 11:00:00,15190.051,1000.995,14189.056,18639.262,28.6,32,0.0,15.3,0,729.0,573.0,27.5
2026-03-03 12:00:00,15270.388,1014.74,14255.649,18734.059,30.4,26,0.0,17.8,0,803.0,642.0,28.8
2026-03-03 13:00:00,15284.43,1047.863,14236.565,18750.625,31.1,24,0.0,18.5,0,806.0,645.0,29.2
2026-03-03 14:00:00,15345.655999999999,984.77,14360.886,18822.875,31.4,24,0.0,18.0,0,738.0,582.0,29.3
2026-03-03 15:00:00,15151.563,748.931,14402.635,18593.846,31.3,25,0.0,16.6,0,604.0,462.0,28.7
2026-03-03 16:00:00,15384.18,539.927,14844.253,18868.332,30.3,30,0.0,16.2,0,419.0,298.0,28.2
2026-03-03 17:00:00,15105.814,272.97700000000003,14832.84,18539.86,29.1,30,0.0,14.7,0,208.0,122.0,26.9
2026-03-03 18:00:00,20080.787,0.0,20080.787,24410.329,27.7,34,0.0,11.1,0,38.0,13.0,26.2
2026-03-03 19:00:00,19994.885,0.0,19994.885,24308.967,26.6,35,0.0,10.9,0,0.0,0.0,25.0
2026-03-03 20:00:00,20214.021,0.0,20214.021,24567.545,25.8,36,0.0,11.1,0,0.0,0.0,24.1
2026-03-03 21:00:00,19993.734,0.0,19993.734,24307.605,25.0,37,0.0,10.4,0,0.0,0.0,23.2
2026-03-03 22:00:00,20094.96,0.0,20094.96,24427.054,24.3,37,0.0,9.9,0,0.0,0.0,22.5
2026-03-03 23:00:00,9219.278,0.0,9219.278,11593.744999999999,23.5,41,0.0,8.9,0,0.0,0.0,22.0
2026-03-04 00:00:00,9155.771999999999,0.0,9155.771999999999,11518.814,22.1,45,0.0,8.7,0,0.0,0.0,20.7
2026-03-04 01:00:00,9060.41,0.0,9060.41,11406.282,21.0,48,0.0,7.4,0,0.0,0.0,19.8
2026-03-04 02:00:00,9185.871000000001,0.0,9185.871000000001,11554.327000000001,20.2,52,0.0,7.1,0,0.0,0.0,19.1
2026-03-04 03:00:00,9149.689,0.0,9149.689,11511.634,19.4,56,0.0,6.9,0,0.0,0.0,18.4
2026-03-04 04:00:00,9062.788,0.0,9062.788,11409.09,18.8,59,0.0,7.0,0,0.0,0.0,18.0
2026-03-04 05:00:00,15417.188,0.0,15417.188,18907.283,18.6,64,0.0,8.1,0,0.0,0.0,17.9
2026-03-04 06:00:00,16935.455,0.0,16935.455,20698.836,18.3,66,0.0,8.5,0,0.0,0.0,17.5
2026-03-04 07:00:00,17121.15,315.657,16805.494,20917.959,18.7,64,0.0,9.4,0,28.0,8.0,17.8
2026-03-04 08:00:00,16846.799,599.19,16247.609,20594.222999999998,21.0,56,0.0,8.4,0,186.0,104.0,20.3
2026-03-04 09:00:00,17047.326,828.146,16219.178,20830.845,24.5,46,0.0,7.7,0,393.0,274.0,24.0
2026-03-04 10:00:00,17071.043,1034.85,16036.193,20858.828,27.9,37,0.0,9.4,0,581.0,440.0,27.3
2026-03-04 11:00:00,15179.166000000001,1021.352,14157.815,18626.417999999998,30.3,32,0.0,11.9,0,720.0,565.0,30.0
2026-03-04 12:00:00,15360.806,1080.407,14280.398,18840.749,32.1,27,0.0,13.6,0,795.0,633.0,31.7
2026-03-04 13:00:00,15219.982,987.2479999999999,14232.735,18674.579,32.9,26,0.0,15.7,0,799.0,637.0,32.3
2026-03-04 14:00:00,15093.344000000001,872.087,14221.255,18525.146,33.2,27,0.0,16.6,0,731.0,576.0,32.2
2026-03-04 15:00:00,15227.424,749.828,14477.594,18683.358,33.1,27,0.0,16.6,0,598.0,456.0,31.3
2026-03-04 16:00:00,15243.913,507.024,14736.89,18702.819,32.2,31,0.0,16.4,0,415.0,294.0,30.7
2026-03-04 17:00:00,15348.538,270.743,15077.795,18826.275999999998,31.2,35,0.0,14.2,0,207.0,120.0,30.4
2026-03-04 18:00:00,20081.306,0.0,20081.306,24410.939,29.8,38,0.0,12.0,0,38.0,13.0,29.4
2026-03-04 19:00:00,20168.97,0.0,20168.97,24514.384,29.0,38,0.0,13.5,0,0.0,0.0,28.1
2026-03-04 20:00:00,20176.568,0.0,20176.568,24523.35,28.5,37,0.0,13.5,0,0.0,0.0,27.3
2026-03-04 21:00:00,20237.517,0.0,20237.517,24595.269,27.7,38,0.0,13.2,0,0.0,0.0,26.4
2026-03-04 22:00:00,20141.803,0.0,20141.803,24482.327,26.8,40,0.0,12.3,0,0.0,0.0,25.6
2026-03-04 23:00:00,9145.049,0.0,9145.049,11506.157,26.0,47,0.0,12.2,0,0.0,0.0,25.5
2026-03-05 00:00:00,9188.663,0.0,9188.663,11557.624,24.2,55,0.0,10.0,0,0.0,0.0,24.3
2026-03-05 01:00:00,9092.036,0.0,9092.036,11443.602,23.3,59,0.0,9.8,0,0.0,0.0,23.4
2026-03-05 02:00:00,9121.185,0.0,9121.185,11477.998,22.6,62,0.0,9.7,0,0.0,0.0,22.8
2026-03-05 03:00:00,9179.072,0.0,9179.072,11546.305,21.9,66,0.0,9.6,0,0.0,0.0,22.2
2026-03-05 04:00:00,9257.706,0.0,9257.706,11639.093,21.3,69,0.0,10.0,0,0.0,0.0,21.6
2026-03-05 05:00:00,15368.721,0.0,15368.721,18850.089,21.0,68,0.0,11.6,0,0.0,0.0,20.8
2026-03-05 06:00:00,17104.107,0.0,17104.107,20897.847,20.9,68,0.0,11.1,0,0.0,0.0,20.8
2026-03-05 07:00:00,17175.684,311.60699999999997,16864.075,20982.303,21.1,67,0.0,10.9,0,29.0,9.0,21.1
2026-03-05 08:00:00,17040.502,579.988,16460.514,20822.793,22.8,60,0.0,8.9,0,189.0,106.0,23.1
2026-03-05 09:00:00,17125.371,856.874,16268.497,20922.939,25.5,51,0.0,9.2,0,395.0,276.0,25.7
2026-03-05 10:00:00,17156.454999999998,1011.281,16145.174,20959.617,28.3,43,0.0,10.0,0,583.0,442.0,28.5
2026-03-05 11:00:00,15223.077000000001,1100.165,14122.912,18678.231,30.8,36,0.0,11.3,0,724.0,569.0,31.5
2026-03-05 12:00:00,15240.906,1035.238,14205.671,18699.272,32.8,31,0.0,12.9,0,800.0,638.0,33.3
2026-03-05 13:00:00,15306.539,1005.617,14300.922999999999,18776.719,33.8,28,0.0,15.8,0,803.0,641.0,33.6
2026-03-05 14:00:00,15134.027,914.258,14219.767,18573.151,34.0,29,0.0,16.7,0,734.0,579.0,33.5
2026-03-05 15:00:00,15288.973,726.94,14562.030999999999,18755.99,33.8,31,0.0,16.2,0,600.0,458.0,33.1
2026-03-05 16:00:00,15289.568,530.372,14759.197,18756.692,32.8,37,0.0,16.1,0,416.0,294.0,32.6
2026-03-05 17:00:00,15181.966,265.547,14916.418,18629.721,32.3,33,0.0,15.9,0,208.0,121.0,31.2
2026-03-05 18:00:00,20234.615999999998,0.0,20234.615999999998,24591.846,31.0,35,0.0,11.7,0,40.0,13.0,30.5
2026-03-05 19:00:00,20000.264,0.0,20000.264,24315.312,29.7,38,0.0,10.7,0,0.0,0.0,29.4
2026-03-05 20:00:00,19806.663,0.0,19806.663,24086.86,28.8,38,0.0,10.8,0,0.0,0.0,28.3
2026-03-05 21:00:00,20139.894,0.0,20139.894,24480.074,28.0,38,0.0,10.2,0,0.0,0.0,27.3
2026-03-05 22:00:00,20233.246,0.0,20233.246,24590.23,27.2,38,0.0,9.7,0,0.0,0.0,26.3
2026-03-05 23:00:00,9202.044,0.0,9202.044,11573.412,26.6,42,0.0,9.3,0,0.0,0.0,26.0
2026-03-06 00:00:00,9083.456,0.0,9083.456,11433.477,25.1,46,0.0,7.5,0,0.0,0.0,24.8
2026-03-06 01:00:00,9041.645,0.0,9041.645,11384.14,23.4,54,0.0,5.5,0,0.0,0.0,23.6
2026-03-06 02:00:00,9051.716,0.0,9051.716,11396.027,22.2,59,0.0,4.8,0,0.0,0.0,22.7
2026-03-06 03:00:00,9083.333,0.0,9083.333,11433.334,21.4,60,0.0,5.1,0,0.0,0.0,21.6
2026-03-06 04:00:00,9117.201,0.0,9117.201,11473.297,20.8,61,0.0,5.6,0,0.0,0.0,20.8
2026-03-06 05:00:00,15372.857,0.0,15372.857,18854.970999999998,20.0,66,0.0,5.3,0,0.0,0.0,20.3
2026-03-06 06:00:00,16917.241,0.0,16917.241,20677.345,19.5,69,0.0,4.4,0,0.0,0.0,20.0
2026-03-06 07:00:00,17005.203999999998,313.793,16691.408,20781.138,20.4,66,0.0,4.1,0,31.0,10.0,21.0
2026-03-06 08:00:00,16966.639,610.251,16356.390000000001,20735.634,22.7,59,0.0,3.2,0,195.0,111.0,23.6
2026-03-06 09:00:00,17069.240999999998,828.749,16240.49,20856.705,25.7,52,0.0,3.1,0,404.0,283.0,26.9
2026-03-06 10:00:00,17026.101,1065.26,15960.843,20805.8,28.5,45,0.0,3.5,0,591.0,449.0,30.0
2026-03-06 11:00:00,15478.502,1030.9180000000001,14447.583,18979.63,30.9,38,0.0,5.9,0,730.0,574.0,32.7
2026-03-06 12:00:00,15283.214,1024.364,14258.852,18749.194,33.0,30,0.0,7.7,0,806.0,643.0,34.4
2026-03-06 13:00:00,15406.576,1029.765,14376.809,18894.759000000002,34.1,24,0.0,10.4,0,809.0,647.0,34.3
2026-03-06 14:00:00,15238.455,939.827,14298.626,18696.379,34.5,21,0.0,11.0,0,742.0,586.0,33.7
2026-03-06 15:00:00,15175.972,778.486,14397.487,18622.648,34.4,20,0.0,11.3,0,610.0,467.0,32.6
2026-03-06 16:00:00,15450.895,533.701,14917.195,18947.057,33.7,21,0.0,11.1,0,426.0,303.0,31.5
2026-03-06 17:00:00,15224.676,281.537,14943.14,18680.117000000002,31.8,30,0.0,10.7,0,216.0,128.0,30.8
2026-03-06 18:00:00,19991.147,0.0,19991.147,24304.554,30.4,34,0.0,5.6,0,41.0,14.0,30.4
2026-03-06 19:00:00,20593.873,0.0,20593.873,25015.77,29.4,37,0.0,4.5,0,0.0,0.0,29.6
2026-03-06 20:00:00,20308.554,0.0,20308.554,24679.096,29.2,39,0.0,5.2,0,0.0,0.0,29.6
2026-03-06 21:00:00,20406.114,0.0,20406.114,24794.217,27.4,47,0.0,3.8,0,0.0,0.0,28.5
2026-03-06 22:00:00,20102.02,0.0,20102.02,24435.384000000002,26.0,54,0.0,4.1,0,0.0,0.0,27.4
2026-03-06 23:00:00,9165.616,0.0,9165.616,11530.423999999999,25.2,66,0.0,3.7,0,0.0,0.0,27.8
2026-03-07 00:00:00,8024.165,0.0,8024.165,10183.512,24.6,69,0.0,3.0,0,0.0,0.0,27.4
2026-03-07 01:00:00,7979.448,0.0,7979.448,10130.748,23.9,73,0.0,3.1,0,0.0,0.0,26.7
2026-03-07 02:00:00,7920.098,0.0,7920.098,10060.714,23.3,75,0.0,2.4,0,0.0,0.0,26.1
2026-03-07 03:00:00,7869.267,0.0,7869.267,10000.733,22.6,78,0.0,2.4,0,0.0,0.0,25.4
2026-03-07 04:00:00,7932.699,0.0,7932.699,10075.585000000001,21.9,81,0.0,2.5,0,0.0,0.0,24.6
2026-03-07 05:00:00,13277.267,0.0,13277.267,16382.175000000001,20.8,87,0.0,3.6,0,0.0,0.0,23.4
2026-03-07 06:00:00,15040.469,0.0,15040.469,18462.753,20.1,89,0.0,4.2,0,0.0,0.0,22.5
2026-03-07 07:00:00,14858.188,260.029,14598.16,18247.662,21.0,86,0.0,4.6,0,33.0,10.0,23.4
2026-03-07 08:00:00,14911.241,500.669,14410.575,18310.266,22.9,77,0.0,3.2,0,196.0,111.0,25.6
2026-03-07 09:00:00,14903.25,703.96,14199.29,18300.836,25.8,65,0.0,3.3,0,403.0,281.0,28.5
2026-03-07 10:00:00,15029.869,928.833,14101.036,18450.245,28.9,52,0.0,4.0,0,591.0,447.0,31.4
2026-03-07 11:00:00,13227.907,889.218,12338.69,16323.93,31.3,40,0.0,4.0,0,731.0,574.0,33.9
2026-03-07 12:00:00,13201.641,888.1949999999999,12313.444,16292.936,33.6,30,0.0,2.9,0,808.0,644.0,35.9
2026-03-07 13:00:00,13173.451,879.581,12293.866,16259.672999999999,34.8,24,0.0,4.7,0,810.0,647.0,36.1
2026-03-07 14:00:00,13161.218,835.236,12325.982,16245.237,35.3,22,0.0,6.7,0,742.0,585.0,35.5
2026-03-07 15:00:00,13300.523,690.387,12610.137,16409.618,35.2,21,0.0,8.4,0,608.0,464.0,34.1
2026-03-07 16:00:00,13249.633,455.502,12794.132,16349.567,34.5,21,0.0,9.3,0,423.0,300.0,32.8
2026-03-07 17:00:00,13258.707,228.203,13030.505,16360.276,33.0,24,0.0,8.4,0,215.0,127.0,31.7
2026-03-07 18:00:00,17443.547,0.0,17443.547,21298.385000000002,31.3,27,0.0,5.1,0,42.0,15.0,30.6
2026-03-07 19:00:00,17488.885,0.0,17488.885,21351.884000000002,29.5,35,0.0,2.7,0,0.0,0.0,29.8
2026-03-07 20:00:00,17308.988,0.0,17308.988,21139.605,28.7,39,0.0,2.8,0,0.0,0.0,29.3
2026-03-07 21:00:00,17508.201,0.0,17508.201,21374.677,27.9,44,0.0,2.5,0,0.0,0.0,29.0
2026-03-07 22:00:00,17435.488,0.0,17435.488,21288.877,26.8,51,0.0,1.8,0,0.0,0.0,28.6
2026-03-07 23:00:00,7954.903,0.0,7954.903,10101.784,26.1,56,0.0,2.2,0,0.0,0.0,28.1
2026-03-08 00:00:00,7885.702,0.0,7885.702,10020.128,25.0,61,0.0,2.5,0,0.0,0.0,27.0
2026-03-08 01:00:00,7953.5,0.0,7953.5,10100.131,24.2,66,0.0,2.7,0,0.0,0.0,26.4
2026-03-08 02:00:00,7875.146,0.0,7875.146,10007.673,23.0,73,0.0,3.7,0,0.0,0.0,25.3
2026-03-08 03:00:00,7982.683,0.0,7982.683,10134.568,22.5,75,0.0,3.2,0,0.0,0.0,24.8
2026-03-08 04:00:00,7970.273999999999,0.0,7970.273999999999,10119.922,21.5,78,0.0,4.3,0,0.0,0.0,23.6
2026-03-08 05:00:00,13303.784,0.0,13303.784,16413.465,20.8,80,0.0,3.1,0,0.0,0.0,22.8
2026-03-08 06:00:00,14963.654,0.0,14963.654,18372.11,20.8,79,0.0,1.5,0,0.0,0.0,23.0
2026-03-08 07:00:00,14753.047,263.54,14489.507,18123.597,21.6,75,0.0,1.9,0,34.0,11.0,23.7
2026-03-08 08:00:00,15003.869,518.34,14485.529,18419.563,24.8,62,0.0,2.2,0,199.0,113.0,26.9
2026-03-08 09:00:00,15015.743,729.805,14285.939,18433.576,28.2,48,0.0,2.6,0,408.0,286.0,29.9
2026-03-08 10:00:00,14764.223,919.579,13844.643,18136.783,30.9,37,0.0,3.3,0,595.0,451.0,32.2
2026-03-08 11:00:00,13257.321,897.48,12359.842,16358.64,33.1,29,0.0,5.6,0,734.0,577.0,34.2
2026-03-08 12:00:00,13308.705,901.6120000000001,12407.093,16419.273,35.1,22,0.0,8.3,0,809.0,645.0,35.4
2026-03-08 13:00:00,13328.103,894.404,12433.701,16442.163,35.7,20,0.0,11.1,0,812.0,649.0,35.4
2026-03-08 14:00:00,13202.255000000001,784.182,12418.073999999999,16293.66,35.8,20,0.0,11.4,0,744.0,587.0,35.1
2026-03-08 15:00:00,13201.682,658.181,12543.502,16292.988,35.6,20,0.0,11.8,0,612.0,468.0,33.9
2026-03-08 16:00:00,13170.364,442.692,12727.675,16256.030999999999,34.6,23,0.0,12.1,0,427.0,304.0,32.9
2026-03-08 17:00:00,13223.211,238.361,12984.849,16318.387,33.3,27,0.0,12.1,6,218.0,129.0,32.0
2026-03-08 18:00:00,17477.786,0.0,17477.786,21338.786,32.0,28,0.0,8.0,95,44.0,15.0,31.1
2026-03-08 19:00:00,17388.889,0.0,17388.889,21233.89,30.4,33,0.0,4.6,98,0.0,0.0,30.4
2026-03-08 20:00:00,17543.834,0.0,17543.834,21416.727,29.4,37,0.0,4.7,0,0.0,0.0,29.7
2026-03-08 21:00:00,17332.371,0.0,17332.371,21167.197,28.6,41,0.0,4.0,0,0.0,0.0,29.3
2026-03-08 22:00:00,17384.582000000002,0.0,17384.582000000002,21228.808,27.3,43,0.0,4.7,0,0.0,0.0,27.8
2026-03-08 23:00:00,7909.67,0.0,7909.67,10048.408,26.4,50,0.0,6.0,0,0.0,0.0,27.2
2026-03-09 00:00:00,9049.823,0.0,9049.823,11393.789,25.1,55,0.0,5.8,13,0.0,0.0,26.1
2026-03-09 01:00:00,9086.774,0.0,9086.774,11437.393,24.2,58,0.0,6.5,95,0.0,0.0,25.0
2026-03-09 02:00:00,9131.077,0.0,9131.077,11489.671,23.2,61,0.0,6.8,1,0.0,0.0,23.9
2026-03-09 03:00:00,9193.463,0.0,9193.463,11563.286,22.3,63,0.0,5.8,0,0.0,0.0,23.1
2026-03-09 04:00:00,9108.13,0.0,9108.13,11462.595,21.9,64,0.0,5.8,0,0.0,0.0,22.5
2026-03-09 05:00:00,15318.706,0.0,15318.706,18791.071,21.0,73,0.0,4.8,0,0.0,0.0,22.3
2026-03-09 06:00:00,17109.935,0.0,17109.935,20904.725,20.7,73,0.0,5.5,0,0.0,0.0,21.8
2026-03-09 07:00:00,17085.969,316.478,16769.49,20876.441,21.3,70,0.0,7.3,1,36.0,11.0,22.1
2026-03-09 08:00:00,17021.469,651.692,16369.778,20800.334,23.8,60,0.0,5.3,8,201.0,115.0,24.9
2026-03-09 09:00:00,17368.936,873.729,16495.21,21210.345,26.9,52,0.0,5.8,4,407.0,285.0,28.1
2026-03-09 10:00:00,17107.113,997.073,16110.04,20901.392,29.6,46,0.0,6.0,28,589.0,440.0,31.3
2026-03-09 11:00:00,15255.758,991.79,14263.967,18716.796000000002,32.1,38,0.0,9.4,71,729.0,569.0,33.8
2026-03-09 12:00:00,15009.289,1062.618,13946.671,18425.96,34.0,31,0.0,10.0,67,802.0,632.0,35.3
2026-03-09 13:00:00,15420.923,1046.774,14374.151,18911.691,35.1,25,0.0,10.9,38,803.0,626.0,35.7
2026-03-09 14:00:00,15424.571,961.6610000000001,14462.91,18915.995,35.5,24,0.0,11.2,1,741.0,581.0,35.5
2026-03-09 15:00:00,15164.734,724.787,14439.947,18609.386,35.1,27,0.0,10.7,74,609.0,465.0,34.9
2026-03-09 16:00:00,15317.416,555.813,14761.604,18789.551,34.4,27,0.0,10.4,91,423.0,294.0,33.8
2026-03-09 17:00:00,15392.189,287.747,15104.443,18877.783,32.7,33,0.0,11.7,100,208.0,105.0,32.4
2026-03-09 18:00:00,20167.727,0.0,20167.727,24512.92,31.4,38,0.0,8.7,98,40.0,7.0,31.9
2026-03-09 19:00:00,20108.117000000002,0.0,20108.117000000002,24442.577,30.5,42,0.0,5.3,100,0.0,0.0,31.8
2026-03-09 20:00:00,20176.619,0.0,20176.619,24523.41,29.2,48,0.0,3.9,40,0.0,0.0,31.0
2026-03-09 21:00:00,20060.413,0.0,20060.413,24386.285,28.3,53,0.0,3.6,5,0.0,0.0,30.6
2026-03-09 22:00:00,20019.234,0.0,20019.234,24337.697,27.7,55,0.0,2.1,0,0.0,0.0,30.3
2026-03-09 23:00:00,9083.772,0.0,9083.772,11433.849,26.8,62,0.0,2.2,0,0.0,0.0,29.8
2026-03-10 00:00:00,9141.558,0.0,9141.558,11502.037,25.9,65,0.0,3.3,0,0.0,0.0,28.7
2026-03-10 01:00:00,9215.585,0.0,9215.585,11589.389,25.1,70,0.0,2.9,0,0.0,0.0,28.2
2026-03-10 02:00:00,9115.476,0.0,9115.476,11471.262,24.4,74,0.0,0.3,0,0.0,0.0,27.9
2026-03-10 03:00:00,9092.067000000001,0.0,9092.067000000001,11443.639,23.5,76,0.0,1.5,16,0.0,0.0,26.6
2026-03-10 04:00:00,9203.278,0.0,9203.278,11574.867,22.8,76,0.0,1.3,14,0.0,0.0,25.7
2026-03-10 05:00:00,15179.076000000001,0.0,15179.076000000001,18626.31,23.5,75,0.0,0.3,60,0.0,0.0,26.7
2026-03-10 06:00:00,17286.563000000002,0.0,17286.563000000002,21113.147,22.7,79,0.0,0.4,86,0.0,0.0,25.9
2026-03-10 07:00:00,17059.351,307.791,16751.561999999998,20845.035,22.4,79,0.0,2.2,23,35.0,8.0,25.2
2026-03-10 08:00:00,16996.238,628.31,16367.929,20770.56,25.2,67,0.0,0.6,5,190.0,88.0,28.3
2026-03-10 09:00:00,17006.262,836.872,16169.387,20782.388,27.9,58,0.0,1.0,21,410.0,278.0,31.1
2026-03-10 10:00:00,17153.884,1058.792,16095.093,20956.584,30.4,49,0.0,0.6,93,601.0,455.0,33.6
2026-03-10 11:00:00,15257.008,1058.459,14198.547,18718.27,31.9,42,0.0,2.4,94,736.0,572.0,35.3
2026-03-10 12:00:00,15397.706,1093.098,14304.61,18884.293,34.2,33,0.0,4.7,39,796.0,604.0,36.9
2026-03-10 13:00:00,15238.671,1016.053,14222.62,18696.632,35.3,27,0.0,8.3,0,805.0,629.0,36.6
2026-03-10 14:00:00,15277.193,955.9,14321.296,18742.091,35.5,25,0.0,10.2,0,741.0,582.0,35.8
2026-03-10 15:00:00,15243.976,745.284,14498.694,18702.891,35.2,25,0.0,11.0,38,611.0,465.0,34.5
2026-03-10 16:00:00,15147.683,547.292,14600.394,18589.269,34.7,23,0.0,11.1,1,428.0,302.0,33.3
2026-03-10 17:00:00,15382.026,292.19,15089.837,18865.792,33.7,22,0.0,10.4,0,221.0,130.0,31.8
2026-03-10 18:00:00,20143.951,0.0,20143.951,24484.861,31.8,30,0.0,6.8,0,46.0,16.0,31.4
2026-03-10 19:00:00,20060.654,0.0,20060.654,24386.573,30.7,37,0.0,4.6,0,0.0,0.0,31.5
2026-03-10 20:00:00,20360.25,0.0,20360.25,24740.093,29.2,47,0.0,1.3,1,0.0,0.0,31.3
2026-03-10 21:00:00,20224.118,0.0,20224.118,24579.459,28.1,50,0.0,1.0,0,0.0,0.0,30.2
2026-03-10 22:00:00,19945.284,0.0,19945.284,24250.435,27.3,50,0.0,1.3,0,0.0,0.0,29.1
2026-03-10 23:00:00,9097.194,0.0,9097.194,11449.688,26.6,54,0.0,1.3,0,0.0,0.0,28.7
2026-03-11 00:00:00,9064.917,0.0,9064.917,11411.603,25.8,55,0.0,1.2,0,0.0,0.0,27.7
2026-03-11 01:00:00,8980.996,0.0,8980.996,11312.579,24.5,59,0.0,3.2,0,0.0,0.0,26.0
2026-03-11 02:00:00,9082.655,0.0,9082.655,11432.534,23.6,63,0.0,2.6,0,0.0,0.0,25.3
2026-03-11 03:00:00,9118.877,0.0,9118.877,11475.273000000001,22.7,67,0.0,2.0,0,0.0,0.0,24.6
2026-03-11 04:00:00,9098.975,0.0,9098.975,11451.791,22.1,71,0.0,1.7,0,0.0,0.0,24.1
2026-03-11 05:00:00,15329.241,0.0,15329.241,18803.506,21.0,77,0.0,5.1,1,0.0,0.0,22.6
2026-03-11 06:00:00,16763.424,0.0,16763.424,20495.841,20.5,78,0.0,4.0,16,0.0,0.0,22.1
2026-03-11 07:00:00,17142.678,307.416,16835.263,20943.361,21.7,71,0.0,5.4,0,41.0,14.0,23.0
2026-03-11 08:00:00,17207.21,590.476,16616.735,21019.506,24.6,59,0.0,3.8,0,215.0,125.0,26.1
2026-03-11 09:00:00,17016.28,874.322,16141.957,20794.209,28.4,44,0.0,4.8,3,425.0,301.0,29.3
2026-03-11 10:00:00,16986.28,991.658,15994.623,20758.81,31.8,29,0.0,8.1,4,615.0,468.0,31.4
2026-03-11 11:00:00,15229.71,1038.063,14191.651,18686.059,34.2,21,0.0,11.3,0,754.0,595.0,33.4
2026-03-11 12:00:00,15175.857,1045.759,14130.1,18622.514,35.9,15,0.0,13.3,6,830.0,664.0,34.3
2026-03-11 13:00:00,15219.572,1036.648,14182.925000000001,18674.096,36.3,14,0.0,15.7,63,835.0,669.0,34.1
2026-03-11 14:00:00,15138.506,917.856,14220.648000000001,18578.435,36.2,13,0.0,16.9,0,764.0,596.0,33.2
2026-03-11 15:00:00,15215.562,726.066,14489.499,18669.362,36.0,14,0.0,15.5,0,629.0,483.0,32.8
2026-03-11 16:00:00,15475.072,540.0,14935.075,18975.586,35.6,14,0.0,15.2,5,440.0,314.0,32.0
2026-03-11 17:00:00,15052.731,269.956,14782.775,18477.225,34.3,15,0.0,12.5,0,226.0,135.0,31.1
2026-03-11 18:00:00,20186.718,0.0,20186.718,24535.325,31.8,21,0.0,4.8,93,47.0,17.0,30.2
2026-03-11 19:00:00,20334.744,0.0,20334.744,24709.997,30.7,24,0.0,4.2,99,0.0,0.0,29.5
2026-03-11 20:00:00,19969.417,0.0,19969.417,24278.911,29.6,27,0.0,5.2,100,0.0,0.0,28.4
2026-03-11 21:00:00,20005.505,0.0,20005.505,24321.495000000003,29.0,28,0.0,6.4,77,0.0,0.0,27.7
2026-03-11 22:00:00,20066.209,0.0,20066.209,24393.13,27.6,28,0.0,5.9,97,0.0,0.0,26.1
2026-03-11 23:00:00,9119.135,0.0,9119.135,11475.578,26.6,36,0.0,6.8,98,0.0,0.0,25.7
2026-03-12 00:00:00,9102.748,0.0,9102.748,11456.245,25.0,39,0.0,5.6,100,0.0,0.0,24.2
2026-03-12 01:00:00,9088.266,0.0,9088.266,11439.152,24.3,41,0.0,5.3,97,0.0,0.0,23.5
2026-03-12 02:00:00,9169.33,0.0,9169.33,11534.808,23.4,44,0.0,5.2,100,0.0,0.0,22.8
2026-03-12 03:00:00,9176.62,0.0,9176.62,11543.411,22.5,48,0.0,4.4,84,0.0,0.0,22.1
2026-03-12 04:00:00,9101.671,0.0,9101.671,11454.969000000001,21.6,52,0.0,4.5,97,0.0,0.0,21.3
2026-03-12 05:00:00,15300.373,0.0,15300.373,18769.441,21.2,68,0.0,5.8,83,0.0,0.0,22.0
2026-03-12 06:00:00,16859.499,0.0,16859.499,20609.208,21.2,67,0.0,7.2,100,0.0,0.0,21.8
2026-03-12 07:00:00,17131.949,313.17,16818.778,20930.698,22.4,58,0.0,8.5,75,40.0,8.0,22.4
2026-03-12 08:00:00,17093.533,593.557,16499.978,20885.37,25.0,45,0.0,6.4,16,214.0,113.0,24.7
2026-03-12 09:00:00,16908.007,845.256,16062.751,20666.446,28.1,34,0.0,7.7,68,435.0,308.0,27.2
2026-03-12 10:00:00,17139.891,1109.235,16030.654,20940.071,31.1,25,0.0,9.8,99,620.0,461.0,29.6
2026-03-12 11:00:00,15200.427,1002.033,14198.394,18651.504,33.9,18,0.0,14.2,100,759.0,565.0,31.9
2026-03-12 12:00:00,15495.14,1139.744,14355.397,18999.266,35.4,11,0.0,16.0,100,803.0,557.0,32.4
2026-03-12 13:00:00,15167.125,1045.063,14122.063,18612.204,35.7,11,0.0,13.6,100,724.0,385.0,32.7
2026-03-12 14:00:00,15100.537,903.818,14196.717,18533.632999999998,35.9,10,0.0,13.2,100,717.0,464.0,32.7
2026-03-12 15:00:00,15332.863,759.17,14573.691,18807.777000000002,35.5,11,0.0,13.5,100,593.0,375.0,31.7
2026-03-12 16:00:00,15144.562,528.442,14616.122,18585.586,34.9,11,0.0,10.7,100,359.0,137.0,31.3
2026-03-12 17:00:00,15291.076000000001,278.615,15012.464,18758.471,32.5,18,0.0,10.3,100,190.0,61.0,29.8
2026-03-12 18:00:00,20031.217,0.0,20031.217,24351.836,30.8,23,0.0,5.3,88,44.0,9.0,29.3
2026-03-12 19:00:00,20092.591,0.0,20092.591,24424.255,29.5,27,0.0,4.3,38,0.0,0.0,28.4
2026-03-12 20:00:00,20324.315,0.0,20324.315,24697.692,28.5,30,0.0,4.2,97,0.0,0.0,27.6
2026-03-12 21:00:00,19960.451,0.0,19960.451,24268.333,27.9,32,0.0,3.8,89,0.0,0.0,27.3
2026-03-12 22:00:00,20300.451,0.0,20300.451,24669.531,27.0,33,0.0,5.5,0,0.0,0.0,26.0
2026-03-12 23:00:00,9133.128,0.0,9133.128,11492.089,26.7,44,0.0,6.7,0,0.0,0.0,26.7
2026-03-13 00:00:00,9023.247,0.0,9023.247,11362.432,25.6,48,0.0,6.2,0,0.0,0.0,25.9
2026-03-13 01:00:00,8905.368,0.0,8905.368,11223.335,24.7,52,0.0,5.7,6,0.0,0.0,25.2
2026-03-13 02:00:00,9131.359,0.0,9131.359,11490.0,24.1,55,0.0,6.7,73,0.0,0.0,24.5
2026-03-13 03:00:00,9148.482,0.0,9148.482,11510.209,23.5,59,0.0,7.7,100,0.0,0.0,24.0
2026-03-13 04:00:00,9155.12,0.0,9155.12,11518.04,23.0,65,0.0,6.9,100,0.0,0.0,24.1
2026-03-13 05:00:00,15135.736,0.0,15135.736,18575.168,22.1,76,0.0,5.9,91,0.0,0.0,24.0
2026-03-13 06:00:00,17047.699,0.0,17047.699,20831.284,21.7,79,0.0,5.9,100,0.0,0.0,23.7
2026-03-13 07:00:00,17052.112,295.741,16756.369,20836.489999999998,22.1,77,0.0,7.7,100,41.0,7.0,23.8
2026-03-13 08:00:00,17004.131,607.984,16396.146,20779.872,24.0,68,0.0,7.2,100,199.0,80.0,25.6
2026-03-13 09:00:00,17159.282,870.656,16288.626,20962.952,26.3,56,0.0,8.0,100,375.0,174.0,27.4
2026-03-13 10:00:00,17175.545,1040.723,16134.821,20982.14,28.7,44,0.0,9.2,100,580.0,369.0,29.2
2026-03-13 11:00:00,15056.459,1008.573,14047.883,18481.622,30.7,31,0.0,10.8,100,707.0,449.0,30.4
2026-03-13 12:00:00,15162.211000000001,1065.383,14096.83,18606.407,32.1,25,0.0,10.9,100,760.0,474.0,31.7
2026-03-13 13:00:00,15268.7,1078.944,14189.755000000001,18732.066,32.5,24,0.0,12.7,100,722.0,397.0,31.5
2026-03-13 14:00:00,15474.182,967.489,14506.695,18974.537,32.4,25,0.0,13.4,100,651.0,326.0,31.0
2026-03-13 15:00:00,15164.354,744.758,14419.594,18608.937,32.2,24,0.0,13.3,100,547.0,294.0,30.1
2026-03-13 16:00:00,15213.85,539.924,14673.922999999999,18667.345,31.8,22,0.0,13.4,70,407.0,228.0,29.1
2026-03-13 17:00:00,15138.109,272.833,14865.277,18577.967,30.0,25,0.0,14.0,95,215.0,103.0,27.4
2026-03-13 18:00:00,20126.701,0.0,20126.701,24464.509,28.9,30,0.0,10.1,32,50.0,17.0,27.2
2026-03-13 19:00:00,19995.173,0.0,19995.173,24309.306,27.9,33,0.0,8.1,24,0.0,0.0,26.8
2026-03-13 20:00:00,20064.365,0.0,20064.365,24390.95,27.1,36,0.0,7.8,98,0.0,0.0,26.1
2026-03-13 21:00:00,19919.338,0.0,19919.338,24219.821,26.4,37,0.0,7.5,100,0.0,0.0,25.4
2026-03-13 22:00:00,19955.886,0.0,19955.886,24262.944,26.3,35,0.0,11.1,100,0.0,0.0,24.6
2026-03-13 23:00:00,9166.311,0.0,9166.311,11531.25,25.4,41,0.0,9.9,100,0.0,0.0,24.3
2026-03-14 00:00:00,7895.67,0.0,7895.67,10031.891,24.6,41,0.0,9.9,100,0.0,0.0,23.2
2026-03-14 01:00:00,8040.121,0.0,8040.121,10202.344000000001,23.9,42,0.0,8.7,52,0.0,0.0,22.7
2026-03-14 02:00:00,7986.111,0.0,7986.111,10138.612000000001,23.1,44,0.0,7.9,100,0.0,0.0,22.1
2026-03-14 03:00:00,8073.808,0.0,8073.808,10242.092,22.3,47,0.0,5.9,100,0.0,0.0,21.6
2026-03-14 04:00:00,7865.073,0.0,7865.073,9995.788,21.6,50,0.0,6.0,98,0.0,0.0,21.0
2026-03-14 05:00:00,13206.476,0.0,13206.476,16298.644,20.7,59,0.0,6.1,100,0.0,0.0,20.6
2026-03-14 06:00:00,14778.652,0.0,14778.652,18153.811,20.1,62,0.0,5.5,99,0.0,0.0,20.2
2026-03-14 07:00:00,14864.302,259.148,14605.152,18254.877,20.8,60,0.0,7.2,9,35.0,3.0,20.6
2026-03-14 08:00:00,14854.233,508.62,14345.609,18242.996,22.8,54,0.0,6.2,26,199.0,84.0,22.8
2026-03-14 09:00:00,15171.38,740.336,14431.043,18617.231,25.9,43,0.0,6.5,24,439.0,312.0,25.6
2026-03-14 10:00:00,14646.544,880.616,13765.925,17997.92,28.9,30,0.0,7.2,20,627.0,477.0,28.2
2026-03-14 11:00:00,13178.253,915.205,12263.048,16265.337,31.1,22,0.0,7.7,97,773.0,622.0,30.6
2026-03-14 12:00:00,13303.285,920.946,12382.339,16412.875,32.4,19,0.0,9.5,100,708.0,386.0,30.9
2026-03-14 13:00:00,13280.149000000001,919.046,12361.104,16385.576,32.3,18,0.0,10.9,98,540.0,144.0,29.4
2026-03-14 14:00:00,13400.051,801.0260000000001,12599.027,16527.057,32.8,17,0.0,10.5,57,561.0,220.0,30.0
2026-03-14 15:00:00,13164.465,635.587,12528.877,16249.069,33.1,19,0.0,10.1,68,592.0,405.0,30.8
2026-03-14 16:00:00,13284.624,483.84000000000003,12800.786,16390.855,31.8,21,0.0,12.8,96,390.0,215.0,29.2
2026-03-14 17:00:00,13349.971,239.918,13110.053,16467.967,31.5,16,0.0,5.7,11,158.0,49.0,29.0
2026-03-14 18:00:00,17391.818,0.0,17391.818,21237.346,30.0,19,0.0,4.7,63,50.0,17.0,27.8
2026-03-14 19:00:00,17535.240999999998,0.0,17535.240999999998,21406.586,28.4,26,0.0,2.9,38,0.0,0.0,27.2
2026-03-14 20:00:00,17581.006,0.0,17581.006,21460.587,27.5,32,0.0,0.4,6,0.0,0.0,27.3
2026-03-14 21:00:00,17720.79,0.0,17720.79,21625.535,26.5,33,0.0,1.0,5,0.0,0.0,26.0
2026-03-14 22:00:00,17332.317,0.0,17332.317,21167.131,25.4,35,0.0,4.4,0,0.0,0.0,24.4
2026-03-14 23:00:00,8008.74,0.0,8008.74,10165.313,25.3,39,0.0,6.6,2,0.0,0.0,24.4
2026-03-15 00:00:00,8015.3099999999995,0.0,8015.3099999999995,10173.065999999999,23.6,44,0.0,5.2,67,0.0,0.0,23.0
2026-03-15 01:00:00,7990.0419999999995,0.0,7990.0419999999995,10143.249,22.8,48,0.0,5.2,100,0.0,0.0,22.4
2026-03-15 02:00:00,7848.223,0.0,7848.223,9975.9,22.6,51,0.0,4.1,100,0.0,0.0,22.5
2026-03-15 03:00:00,7947.022,0.0,7947.022,10092.483,18.4,76,1.7,13.1,100,0.0,0.0,17.8
2026-03-15 04:00:00,7901.153,0.0,7901.153,10038.359,18.5,78,0.0,10.0,100,0.0,0.0,18.5
2026-03-15 05:00:00,13289.021,0.0,13289.021,16396.046,18.2,83,0.0,8.6,100,0.0,0.0,18.6
2026-03-15 06:00:00,14757.708,0.0,14757.708,18129.094,18.6,89,0.7,11.5,100,0.0,0.0,19.2
2026-03-15 07:00:00,14729.654,276.097,14453.559,18095.991,19.5,82,0.0,8.6,100,18.0,0.0,20.4
2026-03-15 08:00:00,14889.77,527.78,14361.988,18284.929,20.8,66,0.0,11.5,35,127.0,26.0,20.5
2026-03-15 09:00:00,14830.166,737.755,14092.41,18214.597,23.6,52,0.0,10.1,30,400.0,251.0,23.1
2026-03-15 10:00:00,14656.745,861.238,13795.509,18009.958,25.5,43,0.2,13.5,41,560.0,380.0,24.2
2026-03-15 11:00:00,13283.934,895.021,12388.912,16390.039,25.7,47,0.0,10.6,23,674.0,454.0,25.9
2026-03-15 12:00:00,13255.124,936.364,12318.759,16356.045,26.8,44,0.0,13.0,5,814.0,629.0,27.5
2026-03-15 13:00:00,13171.226,899.095,12272.13,16257.044,27.3,41,0.0,13.8,8,821.0,647.0,27.6
2026-03-15 14:00:00,13247.824,795.689,12452.133,16347.43,26.4,47,0.0,11.5,59,720.0,542.0,27.0
2026-03-15 15:00:00,13219.83,653.329,12566.504,16314.4,26.0,50,0.0,13.5,34,443.0,228.0,25.5
2026-03-15 16:00:00,13310.012999999999,455.179,12854.835,16420.817,26.1,46,0.0,13.9,61,384.0,231.0,25.2
2026-03-15 17:00:00,13086.22,231.943,12854.28,16156.74,27.3,35,0.0,13.6,33,186.0,77.0,25.4
2026-03-15 18:00:00,17463.992,0.0,17463.992,21322.509,25.4,41,0.0,13.0,16,48.0,16.0,23.8
2026-03-15 19:00:00,17534.001,0.0,17534.001,21405.12,24.2,46,0.0,14.1,3,0.0,0.0,22.7
2026-03-15 20:00:00,17542.882,0.0,17542.882,21415.6,23.3,50,0.0,14.8,0,0.0,0.0,21.8
2026-03-15 21:00:00,17629.682,0.0,17629.682,21518.027,22.3,54,0.0,13.1,0,0.0,0.0,21.2
2026-03-15 22:00:00,17641.141,0.0,17641.141,21531.548,21.1,59,0.0,12.6,0,0.0,0.0,20.2
2026-03-15 23:00:00,7974.033,0.0,7974.033,10124.362,21.1,66,0.0,11.6,24,0.0,0.0,20.9
2026-03-16 00:00:00,9205.635,0.0,9205.635,11577.65,20.8,66,0.0,11.1,7,0.0,0.0,20.6
2026-03-16 01:00:00,9227.416,0.0,9227.416,11603.348,19.5,65,0.0,11.5,0,0.0,0.0,18.6
2026-03-16 02:00:00,9101.631,0.0,9101.631,11454.923999999999,19.0,66,0.0,12.1,2,0.0,0.0,17.9
2026-03-16 03:00:00,8911.162,0.0,8911.162,11230.173,18.5,67,0.0,12.4,83,0.0,0.0,17.4
2026-03-16 04:00:00,9201.352,0.0,9201.352,11572.599,17.9,70,0.0,9.8,18,0.0,0.0,17.2
2026-03-16 05:00:00,15267.323,0.0,15267.323,18730.439,17.4,73,0.0,12.3,2,0.0,0.0,16.3
2026-03-16 06:00:00,17151.935,0.0,17151.935,20954.283,17.4,72,0.0,11.2,0,0.0,0.0,16.4
2026-03-16 07:00:00,16905.565,303.815,16601.748,20663.565,18.1,69,0.0,9.9,0,51.0,19.0,17.3
2026-03-16 08:00:00,17000.468,639.914,16360.557,20775.552,20.0,60,0.0,10.7,0,233.0,139.0,19.0
2026-03-16 09:00:00,17211.971,840.079,16371.895,21025.125,22.6,49,0.0,12.0,0,446.0,318.0,21.2
2026-03-16 10:00:00,17198.251,1019.4169999999999,16178.833,21008.934,25.0,42,0.0,13.3,18,633.0,484.0,23.9
2026-03-16 11:00:00,15279.695,1010.148,14269.547,18745.04,27.4,37,0.0,14.0,34,769.0,603.0,27.0
2026-03-16 12:00:00,15201.387,1115.558,14085.83,18652.635,29.1,34,0.0,16.3,0,838.0,658.0,28.7
2026-03-16 13:00:00,15132.173,1045.153,14087.023000000001,18570.967,30.3,30,0.0,16.5,15,846.0,679.0,29.7
2026-03-16 14:00:00,15318.135,970.593,14347.544,18790.398,30.8,24,0.3,9.7,34,680.0,492.0,29.6
2026-03-16 15:00:00,15064.191,706.982,14357.208,18490.745,30.6,18,0.0,9.4,43,468.0,305.0,27.8
2026-03-16 16:00:00,15300.252999999999,563.448,14736.8,18769.297,29.9,22,0.0,10.3,20,371.0,218.0,27.2
2026-03-16 17:00:00,15005.902,272.026,14733.879,18421.965,26.9,34,0.0,12.4,20,220.0,119.0,24.9
2026-03-16 18:00:00,19990.896,0.0,19990.896,24304.257,25.9,38,0.0,9.1,7,49.0,17.0,24.6
2026-03-16 19:00:00,20294.877,0.0,20294.877,24662.954,24.6,45,0.0,9.0,28,0.0,0.0,23.9
2026-03-16 20:00:00,20114.565,0.0,20114.565,24450.188,23.2,52,0.0,7.7,72,0.0,0.0,23.0
2026-03-16 21:00:00,20027.333,0.0,20027.333,24347.252,22.4,56,0.0,11.3,100,0.0,0.0,21.7
2026-03-16 22:00:00,20021.065,0.0,20021.065,24339.858,21.7,56,0.0,5.5,100,0.0,0.0,21.7
2026-03-16 23:00:00,9144.804,0.0,9144.804,11505.87,21.9,60,0.0,9.5,100,0.0,0.0,21.7
2026-03-17 00:00:00,9170.883,0.0,9170.883,11536.642,20.8,65,0.0,7.6,100,0.0,0.0,21.0
2026-03-17 01:00:00,9214.544,0.0,9214.544,11588.161,20.0,70,0.0,7.7,57,0.0,0.0,20.2
2026-03-17 02:00:00,9043.072,0.0,9043.072,11385.824,19.3,70,0.0,8.2,49,0.0,0.0,19.3
2026-03-17 03:00:00,9133.975,0.0,9133.975,11493.091,18.8,69,0.0,6.9,72,0.0,0.0,18.7
2026-03-17 04:00:00,9181.932,0.0,9181.932,11549.676,18.5,68,0.0,6.1,67,0.0,0.0,18.3
2026-03-17 05:00:00,15223.407,0.0,15223.407,18678.622,17.6,73,0.0,4.0,34,0.0,0.0,17.9
2026-03-17 06:00:00,17162.665,0.0,17162.665,20966.944,17.4,73,0.0,3.4,95,0.0,0.0,17.7
2026-03-17 07:00:00,17064.878,316.138,16748.74,20851.556,18.3,68,0.0,3.5,100,52.0,15.0,18.5
2026-03-17 08:00:00,17080.87,608.779,16472.091,20870.424,20.4,58,0.0,1.5,1,204.0,72.0,20.7
2026-03-17 09:00:00,16991.914,804.603,16187.312,20765.458,23.8,46,0.0,2.4,2,449.0,320.0,23.8
2026-03-17 10:00:00,17016.006,984.628,16031.376,20793.885,27.0,35,0.0,3.2,91,638.0,489.0,27.1
2026-03-17 11:00:00,15432.088,988.994,14443.095,18924.866,28.5,36,0.0,5.1,98,768.0,588.0,29.7
2026-03-17 12:00:00,15462.756,1066.178,14396.577,18961.049,29.9,33,0.0,5.4,71,826.0,622.0,31.4
2026-03-17 13:00:00,15142.288999999999,1023.6410000000001,14118.649,18582.902,30.8,30,0.0,5.0,28,831.0,644.0,32.3
2026-03-17 14:00:00,15321.155,919.168,14401.988,18793.965,31.5,27,0.0,5.1,13,764.0,596.0,32.2
2026-03-17 15:00:00,15262.368999999999,750.423,14511.945,18724.592,31.3,26,0.0,8.1,8,591.0,429.0,30.2
2026-03-17 16:00:00,15233.684,553.187,14680.499,18690.745,30.8,25,0.0,7.6,15,424.0,294.0,29.3
2026-03-17 17:00:00,15128.837,276.379,14852.458,18567.027000000002,28.9,33,0.0,10.7,1,216.0,124.0,27.6
2026-03-17 18:00:00,19987.698,0.0,19987.698,24300.486,27.3,39,0.0,9.6,2,52.0,19.0,26.5
2026-03-17 19:00:00,20074.822,0.0,20074.822,24403.29,25.9,45,0.0,8.4,99,0.0,0.0,25.7
2026-03-17 20:00:00,19931.175,0.0,19931.175,24233.788,25.0,48,0.0,6.7,100,0.0,0.0,25.0
2026-03-17 21:00:00,20075.071,0.0,20075.071,24403.586,24.0,52,0.0,4.9,100,0.0,0.0,24.3
2026-03-17 22:00:00,20100.701,0.0,20100.701,24433.83,23.1,55,0.0,4.4,100,0.0,0.0,23.6
2026-03-17 23:00:00,9189.61,0.0,9189.61,11558.742,22.8,62,0.0,4.0,100,0.0,0.0,23.8
2026-03-18 00:00:00,9218.168,0.0,9218.168,11592.44,22.2,64,0.0,3.6,100,0.0,0.0,23.3
2026-03-18 01:00:00,9291.061,0.0,9291.061,11678.451,21.5,67,0.0,3.3,98,0.0,0.0,22.7
2026-03-18 02:00:00,9139.630000000001,0.0,9139.630000000001,11499.765,20.9,70,0.0,3.1,100,0.0,0.0,22.2
2026-03-18 03:00:00,9037.968,0.0,9037.968,11379.802,20.8,69,0.0,3.0,100,0.0,0.0,22.0
2026-03-18 04:00:00,9170.053,0.0,9170.053,11535.66,21.0,68,0.0,2.5,58,0.0,0.0,22.3
2026-03-18 05:00:00,15379.927,0.0,15379.927,18863.314,19.5,79,0.0,4.0,16,0.0,0.0,20.8
2026-03-18 06:00:00,17231.877,0.0,17231.877,21048.614,19.3,79,0.0,3.5,0,0.0,0.0,20.7
2026-03-18 07:00:00,17076.77,322.618,16754.154,20865.588,20.3,73,0.0,4.4,2,55.0,20.0,21.4
2026-03-18 08:00:00,16918.667,565.7379999999999,16352.931,20679.028,22.5,64,0.0,2.7,1,236.0,140.0,23.8
2026-03-18 09:00:00,17353.388,845.333,16508.056,21191.998,25.6,51,0.0,3.1,7,444.0,312.0,26.8
2026-03-18 10:00:00,16953.48,1030.6,15922.879,20720.109,28.0,43,0.0,2.2,19,624.0,463.0,29.6
2026-03-18 11:00:00,15341.325,1018.933,14322.39,18817.763,29.2,38,0.0,1.1,30,759.0,585.0,31.4
2026-03-18 12:00:00,15383.266,1075.396,14307.87,18867.254,31.5,29,0.0,2.3,29,834.0,662.0,33.4
2026-03-18 13:00:00,15396.093,1034.856,14361.234,18882.388,32.2,25,0.0,2.4,80,822.0,642.0,33.6
2026-03-18 14:00:00,15218.384,928.739,14289.646,18672.695,30.2,32,0.5,9.0,79,694.0,493.0,30.1
2026-03-18 15:00:00,15266.609,784.2520000000001,14482.356,18729.599000000002,29.4,31,0.4,4.8,100,493.0,288.0,28.7
2026-03-18 16:00:00,15281.898,546.367,14735.534,18747.638,28.8,33,0.0,2.2,98,334.0,171.0,28.7
2026-03-18 17:00:00,15235.179,274.234,14960.947,18692.513,26.7,39,0.0,13.0,100,158.0,55.0,25.2
2026-03-18 18:00:00,20320.134,0.0,20320.134,24692.757999999998,21.8,67,1.4,14.5,100,18.0,0.0,21.5
2026-03-18 19:00:00,20078.596,0.0,20078.596,24407.743,21.8,68,0.2,11.0,100,0.0,0.0,22.0
2026-03-18 20:00:00,20188.729,0.0,20188.729,24537.699,21.2,71,0.0,8.0,100,0.0,0.0,22.0
2026-03-18 21:00:00,20022.447,0.0,20022.447,24341.488,21.0,71,0.7,4.5,100,0.0,0.0,22.2
2026-03-18 22:00:00,20217.13,0.0,20217.13,24571.213,20.9,71,0.2,10.8,100,0.0,0.0,21.1
2026-03-18 23:00:00,9046.878,0.0,9046.878,11390.315,22.4,60,0.3,12.3,100,0.0,0.0,22.0
2026-03-19 00:00:00,9215.164,0.0,9215.164,11588.895,22.0,58,0.0,7.7,100,0.0,0.0,21.9
2026-03-19 01:00:00,9207.638,0.0,9207.638,11580.009,21.7,61,0.0,6.0,100,0.0,0.0,22.0
2026-03-19 02:00:00,9180.959,0.0,9180.959,11548.53,21.7,58,0.0,7.9,93,0.0,0.0,21.5
2026-03-19 03:00:00,9118.017,0.0,9118.017,11474.26,21.1,58,0.2,8.3,64,0.0,0.0,20.6
2026-03-19 04:00:00,9129.539,0.0,9129.539,11487.854,20.5,62,0.0,5.4,10,0.0,0.0,20.5
2026-03-19 05:00:00,15304.046,0.0,15304.046,18773.774,21.4,69,0.0,12.5,97,0.0,0.0,21.4
2026-03-19 06:00:00,17219.84,0.0,17219.84,21034.412,21.4,70,0.0,4.2,98,0.0,0.0,22.6
2026-03-19 07:00:00,17061.28,308.083,16753.196,20847.31,22.1,66,0.0,7.7,100,43.0,12.0,22.8
2026-03-19 08:00:00,16997.449,577.593,16419.859,20771.993,22.7,64,0.0,1.5,92,104.0,25.0,24.3
2026-03-19 09:00:00,17154.917,852.208,16302.711,20957.803,24.4,56,0.0,1.9,50,296.0,117.0,25.8
2026-03-19 10:00:00,16996.285,1028.843,15967.438,20770.613,27.1,46,0.0,2.9,92,642.0,476.0,28.7
2026-03-19 11:00:00,15173.053,1023.998,14149.056,18619.204,26.8,49,0.0,5.4,100,575.0,278.0,28.0
2026-03-19 12:00:00,15262.045,1058.82,14203.225,18724.212,26.0,49,0.6,4.6,83,231.0,1.0,26.8
2026-03-19 13:00:00,15211.502,1021.3149999999999,14190.186,18664.572,24.8,59,2.6,9.3,80,600.0,318.0,25.9
2026-03-19 14:00:00,15191.749,914.923,14276.824999999999,18641.261,24.8,57,0.0,12.5,99,708.0,450.0,25.8
2026-03-19 15:00:00,15171.719,738.776,14432.944,18617.628,24.2,58,0.0,11.3,67,338.0,103.0,24.4
2026-03-19 16:00:00,15155.215,517.037,14638.176,18598.154,23.4,62,0.0,9.3,98,336.0,160.0,23.9
2026-03-19 17:00:00,15367.767,284.426,15083.342,18848.965,22.2,68,0.0,16.6,92,148.0,45.0,21.8
2026-03-19 18:00:00,19910.593,0.0,19910.593,24209.502,19.5,82,0.0,10.0,94,43.0,11.0,20.2
2026-03-19 19:00:00,20266.745,0.0,20266.745,24629.759,19.0,85,0.0,8.9,76,0.0,0.0,19.9
2026-03-19 20:00:00,20147.415,0.0,20147.415,24488.95,18.6,88,0.0,11.1,100,0.0,0.0,19.3
2026-03-19 21:00:00,19987.01,0.0,19987.01,24299.672000000002,18.6,85,0.0,12.1,96,0.0,0.0,18.9
2026-03-19 22:00:00,20114.269,0.0,20114.269,24449.839,18.3,83,0.0,10.9,84,0.0,0.0,18.6
2026-03-19 23:00:00,9105.584,0.0,9105.584,11459.592,18.3,83,0.0,4.1,34,0.0,0.0,19.4
2026-03-20 00:00:00,9163.639,0.0,9163.639,11528.096,17.8,88,0.0,6.7,45,0.0,0.0,18.8
2026-03-20 01:00:00,9187.206,0.0,9187.206,11555.901,17.3,91,0.0,5.9,99,0.0,0.0,18.4
2026-03-20 02:00:00,9232.873,0.0,9232.873,11609.788,17.2,90,0.0,6.3,100,0.0,0.0,18.2
2026-03-20 03:00:00,9117.414,0.0,9117.414,11473.547999999999,17.4,88,0.0,3.8,100,0.0,0.0,18.6
2026-03-20 04:00:00,9054.822,0.0,9054.822,11399.692,17.1,89,0.0,3.2,100,0.0,0.0,18.3
2026-03-20 05:00:00,15291.351,0.0,15291.351,18758.791,16.9,97,0.0,9.2,100,0.0,0.0,17.7
2026-03-20 06:00:00,17054.064,0.0,17054.064,20838.795,16.8,95,0.3,11.4,100,0.0,0.0,17.2
2026-03-20 07:00:00,17037.156,304.947,16732.21,20818.847,17.1,94,0.9,10.5,100,19.0,0.0,17.6
2026-03-20 08:00:00,16995.933,620.29,16375.644,20770.203,17.5,91,0.3,6.9,100,37.0,0.0,18.5
2026-03-20 09:00:00,16855.546000000002,824.539,16031.007,20604.546,17.9,89,0.1,6.0,100,76.0,0.0,19.0
2026-03-20 10:00:00,17105.109,1040.294,16064.818,20899.031,18.2,86,0.3,7.3,100,121.0,6.0,19.1
2026-03-20 11:00:00,15286.227,1042.625,14243.603,18752.75,18.4,85,0.2,6.2,100,332.0,41.0,19.4
2026-03-20 12:00:00,15225.128,1096.319,14128.812,18680.651,18.6,80,0.3,5.2,100,250.0,14.0,19.5
2026-03-20 13:00:00,15427.036,1010.107,14416.929,18918.903,19.0,79,0.1,4.3,100,272.0,3.0,20.2
2026-03-20 14:00:00,15113.55,913.504,14200.045,18548.99,20.0,75,0.0,2.7,88,426.0,129.0,21.4
2026-03-20 15:00:00,15026.505,717.941,14308.566,18446.275999999998,20.5,72,0.1,3.6,98,455.0,209.0,21.7
2026-03-20 16:00:00,15175.991,515.065,14660.926,18622.669,20.6,69,0.0,4.0,100,343.0,190.0,21.6
2026-03-20 17:00:00,15318.716,283.138,15035.579,18791.086,19.9,74,0.2,4.1,34,215.0,111.0,21.0
2026-03-20 18:00:00,19768.948,0.0,19768.948,24042.358,18.9,82,0.0,3.9,40,48.0,15.0,20.2
2026-03-20 19:00:00,20239.944,0.0,20239.944,24598.132,17.9,86,0.0,3.8,26,0.0,0.0,19.2
2026-03-20 20:00:00,20142.629,0.0,20142.629,24483.303,17.2,89,0.0,3.6,6,0.0,0.0,18.5
2026-03-20 21:00:00,20420.116,0.0,20420.116,24810.735,16.6,91,0.0,3.1,8,0.0,0.0,17.8
2026-03-20 22:00:00,20289.417,0.0,20289.417,24656.51,16.4,91,0.0,0.4,3,0.0,0.0,18.0
2026-03-20 23:00:00,9098.673,0.0,9098.673,11451.434,16.5,93,0.0,0.2,0,0.0,0.0,18.2
2026-03-21 00:00:00,7965.975,0.0,7965.975,10114.851,16.5,93,0.0,0.7,0,0.0,0.0,18.2
2026-03-21 01:00:00,7968.555,0.0,7968.555,10117.897,15.9,96,0.0,3.1,0,0.0,0.0,17.1
2026-03-21 02:00:00,7968.707,0.0,7968.707,10118.072,15.6,97,0.0,5.7,1,0.0,0.0,16.5
2026-03-21 03:00:00,7978.77,0.0,7978.77,10129.948,15.1,98,0.0,3.8,2,0.0,0.0,16.1
2026-03-21 04:00:00,7993.487,0.0,7993.487,10147.314,14.8,100,0.0,4.3,100,0.0,0.0,15.7
2026-03-21 05:00:00,13134.435,0.0,13134.435,16213.635,15.0,99,0.0,5.6,100,0.0,0.0,15.8
2026-03-21 06:00:00,14988.535,0.0,14988.535,18401.469,15.1,98,0.0,3.9,100,0.0,0.0,16.1
2026-03-21 07:00:00,14796.568,265.946,14530.623,18174.95,15.1,99,0.0,2.3,100,36.0,0.0,16.4
2026-03-21 08:00:00,14836.436,540.188,14296.249,18221.994,15.6,98,0.0,3.1,100,139.0,16.0,16.9
2026-03-21 09:00:00,14804.533,728.552,14075.981,18184.348,18.1,87,0.0,1.8,66,351.0,107.0,19.8
2026-03-21 10:00:00,14845.564,868.661,13976.904,18232.767,20.3,78,0.0,4.0,18,635.0,454.0,22.5
2026-03-21 11:00:00,13285.674,906.16,12379.515,16392.095,22.5,67,0.0,5.4,13,778.0,601.0,25.2
2026-03-21 12:00:00,13219.36,970.996,12248.364,16313.848,23.9,59,0.0,5.5,32,851.0,670.0,26.8
2026-03-21 13:00:00,13334.052,882.144,12451.907,16449.182,24.8,52,0.0,7.2,72,850.0,670.0,27.0
2026-03-21 14:00:00,13074.17,806.4549999999999,12267.713,16142.521,25.5,46,0.0,8.9,95,727.0,551.0,26.2
2026-03-21 15:00:00,13264.417,619.968,12644.448,16367.012,25.3,47,0.0,9.6,100,589.0,398.0,25.1
2026-03-21 16:00:00,13336.224,472.555,12863.665,16451.745,24.9,49,0.0,8.6,100,353.0,154.0,24.6
2026-03-21 17:00:00,13230.422999999999,242.885,12987.535,16326.898,24.4,52,0.0,7.1,100,174.0,40.0,24.7
2026-03-21 18:00:00,17576.408,0.0,17576.408,21455.16,22.2,67,0.0,4.8,100,45.0,6.0,23.4
2026-03-21 19:00:00,17507.275,0.0,17507.275,21373.583,21.6,71,0.0,4.0,99,0.0,0.0,23.0
2026-03-21 20:00:00,17618.707,0.0,17618.707,21505.077,20.8,73,0.0,4.4,100,0.0,0.0,22.0
2026-03-21 21:00:00,17648.828,0.0,17648.828,21540.618,20.3,74,0.0,5.4,100,0.0,0.0,21.3
2026-03-21 22:00:00,17459.222,0.0,17459.222,21316.884000000002,19.9,76,0.0,4.5,100,0.0,0.0,21.1
2026-03-21 23:00:00,8067.025,0.0,8067.025,10234.09,20.3,73,0.0,5.8,94,0.0,0.0,21.2
2026-03-22 00:00:00,7901.483,0.0,7901.483,10038.752,19.3,74,0.0,6.2,2,0.0,0.0,19.9
2026-03-22 01:00:00,7916.017,0.0,7916.017,10055.905,18.4,77,0.0,5.6,0,0.0,0.0,19.0
2026-03-22 02:00:00,7942.062,0.0,7942.062,10086.634,17.5,81,0.0,4.5,0,0.0,0.0,18.2
2026-03-22 03:00:00,7989.766,0.0,7989.766,10142.924,17.3,81,0.0,6.2,12,0.0,0.0,17.6
2026-03-22 04:00:00,7971.903,0.0,7971.903,10121.845,16.7,82,0.0,7.3,1,0.0,0.0,16.8
2026-03-22 05:00:00,13349.356,0.0,13349.356,16467.240999999998,16.2,85,0.0,6.5,9,0.0,0.0,16.4
2026-03-22 06:00:00,14786.028,0.0,14786.028,18162.513,16.2,86,0.0,5.3,0,0.0,0.0,16.7
2026-03-22 07:00:00,15022.453,282.013,14740.441,18441.493,17.3,83,0.0,6.2,3,66.0,25.0,17.9
2026-03-22 08:00:00,14815.999,529.278,14286.723,18197.879,19.3,78,0.0,5.0,0,249.0,146.0,20.3
2026-03-22 09:00:00,14795.172,693.3580000000001,14101.814,18173.302,21.2,70,0.0,6.8,33,459.0,322.0,22.1
2026-03-22 10:00:00,15206.985,901.923,14305.063,18659.242,23.0,60,0.0,7.5,2,641.0,478.0,24.0
2026-03-22 11:00:00,13419.703,897.9399999999999,12521.764,16550.249,25.0,53,0.0,9.7,1,775.0,598.0,26.5
2026-03-22 12:00:00,13400.716,942.675,12458.041,16527.844,26.1,49,0.0,11.3,9,842.0,660.0,27.6
2026-03-22 13:00:00,13464.11,948.601,12515.51,16602.652,26.6,48,0.0,12.0,1,837.0,650.0,27.9
2026-03-22 14:00:00,13196.998,804.62,12392.376,16287.459,27.0,46,0.0,10.7,59,764.0,590.0,28.1
2026-03-22 15:00:00,13156.43,638.119,12518.311,16239.587,27.1,45,0.0,10.5,34,616.0,447.0,27.2
2026-03-22 16:00:00,13220.669,466.866,12753.801,16315.389000000001,26.7,45,0.0,10.5,12,440.0,296.0,26.4
2026-03-22 17:00:00,13396.725,244.213,13152.512,16523.134000000002,26.2,48,0.0,8.1,5,230.0,131.0,26.4
2026-03-22 18:00:00,17610.578,0.0,17610.578,21495.482,23.5,63,0.0,5.3,38,56.0,20.0,24.8
2026-03-22 19:00:00,17612.96,0.0,17612.96,21498.292,22.5,67,0.0,5.4,100,0.0,0.0,23.7
2026-03-22 20:00:00,17647.426,0.0,17647.426,21538.964,22.3,67,0.0,3.9,52,0.0,0.0,23.7
2026-03-22 21:00:00,17538.28,0.0,17538.28,21410.168,21.9,66,0.0,1.5,100,0.0,0.0,23.3
2026-03-22 22:00:00,17583.328,0.0,17583.328,21463.327,21.9,63,0.0,0.9,60,0.0,0.0,23.2
2026-03-22 23:00:00,7884.245,0.0,7884.245,10018.411,21.5,66,0.0,4.1,86,0.0,0.0,22.5
2026-03-23 00:00:00,9239.862,0.0,9239.862,11618.037,21.1,68,0.0,5.0,100,0.0,0.0,22.0
2026-03-23 01:00:00,9165.697,0.0,9165.697,11530.521,20.4,71,0.0,5.5,98,0.0,0.0,21.2
2026-03-23 02:00:00,9363.324,0.0,9363.324,11763.722,19.6,75,0.0,4.8,100,0.0,0.0,20.6
2026-03-23 03:00:00,9152.561,0.0,9152.561,11515.021999999999,19.2,76,0.1,5.9,100,0.0,0.0,19.9
2026-03-23 04:00:00,9153.698,0.0,9153.698,11516.364,18.4,82,0.3,3.8,100,0.0,0.0,19.6
2026-03-23 05:00:00,15299.599,0.0,15299.599,18768.526,18.7,82,0.8,13.4,100,0.0,0.0,18.6
2026-03-23 06:00:00,16907.849,0.0,16907.849,20666.263,18.0,87,1.3,13.0,100,0.0,0.0,18.1
2026-03-23 07:00:00,17202.446,305.1,16897.347,21013.887,17.9,90,2.6,10.7,100,17.0,0.0,18.4
2026-03-23 08:00:00,17010.635000000002,612.467,16398.164,20787.547,18.4,86,2.7,7.0,100,78.0,4.0,19.4
2026-03-23 09:00:00,16969.079999999998,838.479,16130.603000000001,20738.514,19.4,85,1.6,0.6,99,155.0,16.0,21.7
2026-03-23 10:00:00,17019.524,1026.298,15993.224,20798.037,21.6,75,0.0,1.6,63,267.0,76.0,23.8
2026-03-23 11:00:00,15357.973,1071.761,14286.211,18837.409,23.2,65,0.0,6.6,97,460.0,188.0,24.3
2026-03-23 12:00:00,15274.794,1051.483,14223.311,18739.257,24.3,60,0.2,5.1,100,378.0,77.0,25.6
2026-03-23 13:00:00,15077.814,988.784,14089.033,18506.821,25.0,55,0.0,4.7,45,324.0,44.0,26.1
2026-03-23 14:00:00,15371.78,935.519,14436.262,18853.699,26.4,50,0.0,2.3,5,669.0,446.0,28.5
2026-03-23 15:00:00,15287.684,729.952,14557.734,18754.468,26.9,48,0.0,2.3,6,623.0,457.0,28.7
2026-03-23 16:00:00,15241.583,533.561,14708.024,18700.068,26.7,49,0.0,5.0,11,432.0,290.0,27.6
2026-03-23 17:00:00,15422.971,285.215,15137.758,18914.106,26.8,49,0.0,5.6,35,233.0,133.0,27.6
2026-03-23 18:00:00,20005.634000000002,0.0,20005.634000000002,24321.648,24.7,64,0.0,3.6,20,52.0,17.0,26.8
2026-03-23 19:00:00,20442.752,0.0,20442.752,24837.446,24.0,65,0.0,1.2,5,0.0,0.0,26.2
2026-03-23 20:00:00,20154.049,0.0,20154.049,24496.775999999998,22.2,73,0.0,4.2,2,0.0,0.0,24.1
2026-03-23 21:00:00,20230.269,0.0,20230.269,24586.716,21.3,76,0.0,4.8,1,0.0,0.0,23.0
2026-03-23 22:00:00,20270.75,0.0,20270.75,24634.486,20.7,77,0.0,5.8,0,0.0,0.0,22.1
2026-03-23 23:00:00,9098.127,0.0,9098.127,11450.789,20.6,81,0.0,5.1,23,0.0,0.0,22.5
2026-03-24 00:00:00,9164.239,0.0,9164.239,11528.801,20.3,84,0.0,3.6,0,0.0,0.0,22.5
2026-03-24 01:00:00,9187.705,0.0,9187.705,11556.492,20.0,85,0.0,2.9,0,0.0,0.0,22.1
2026-03-24 02:00:00,9280.531,0.0,9280.531,11666.026,19.4,87,0.0,0.9,2,0.0,0.0,21.8
2026-03-24 03:00:00,9227.305,0.0,9227.305,11603.221,19.0,88,0.0,1.1,0,0.0,0.0,21.3
2026-03-24 04:00:00,9099.372,0.0,9099.372,11452.259,18.5,90,0.0,3.9,0,0.0,0.0,20.3
2026-03-24 05:00:00,15236.484,0.0,15236.484,18694.051,18.1,89,0.0,5.1,0,0.0,0.0,19.5
2026-03-24 06:00:00,17048.247,0.0,17048.247,20831.932,18.3,89,0.0,4.1,0,0.0,0.0,19.9
2026-03-24 07:00:00,17154.665,328.951,16825.715,20957.506,19.3,86,0.0,6.6,0,71.0,26.0,20.8
2026-03-24 08:00:00,17044.035,608.8580000000001,16435.178,20826.961,21.6,78,0.0,4.2,0,259.0,154.0,23.8
2026-03-24 09:00:00,16972.58,846.658,16125.925,20742.646,24.3,67,0.0,5.6,12,471.0,331.0,26.3
2026-03-24 10:00:00,17055.565,1036.837,16018.729,20840.568,26.3,56,0.0,7.6,9,655.0,493.0,28.1
2026-03-24 11:00:00,15307.883,1045.335,14262.55,18778.302,28.1,45,0.0,9.4,12,786.0,610.0,29.7
2026-03-24 12:00:00,15332.27,1120.288,14211.983,18807.081,29.0,38,0.0,10.6,68,823.0,617.0,30.1
2026-03-24 13:00:00,15136.761,1047.519,14089.244,18576.381,29.5,35,0.0,11.6,45,814.0,603.0,30.0
2026-03-24 14:00:00,15263.728000000001,928.452,14335.276,18726.198,29.7,34,0.0,11.3,4,757.0,571.0,29.8
2026-03-24 15:00:00,15137.644,744.929,14392.716,18577.420000000002,29.4,34,0.0,12.1,0,641.0,478.0,28.7
2026-03-24 16:00:00,14911.244,521.984,14389.264,18310.269,28.8,35,0.0,12.0,0,457.0,320.0,27.6
2026-03-24 17:00:00,15220.749,271.735,14949.014,18675.485,28.3,37,0.0,10.8,0,245.0,144.0,27.3
2026-03-24 18:00:00,19939.783,0.0,19939.783,24243.944,25.2,56,0.0,5.0,0,62.0,22.0,26.4
2026-03-24 19:00:00,20115.162,0.0,20115.162,24450.894,24.2,60,0.0,4.3,0,0.0,0.0,25.6
2026-03-24 20:00:00,19891.36,0.0,19891.36,24186.802,23.5,62,0.0,4.8,0,0.0,0.0,24.8
2026-03-24 21:00:00,20209.617000000002,0.0,20209.617000000002,24562.348,22.6,62,0.0,6.2,2,0.0,0.0,23.3
2026-03-24 22:00:00,20212.873,0.0,20212.873,24566.187,21.2,62,0.0,6.1,17,0.0,0.0,21.5
2026-03-24 23:00:00,9129.462,0.0,9129.462,11487.766,20.7,68,0.0,6.0,27,0.0,0.0,21.3
2026-03-25 00:00:00,9153.337,0.0,9153.337,11515.935,20.4,67,0.0,5.6,0,0.0,0.0,20.8
2026-03-25 01:00:00,9209.860999999999,0.0,9209.860999999999,11582.635,20.0,67,0.0,5.2,1,0.0,0.0,20.4
2026-03-25 02:00:00,9168.417,0.0,9168.417,11533.735,19.6,68,0.0,3.7,98,0.0,0.0,20.2
2026-03-25 03:00:00,9178.792,0.0,9178.792,11545.972,18.5,73,0.0,5.4,78,0.0,0.0,18.9
2026-03-25 04:00:00,9122.461,0.0,9122.461,11479.507,17.7,76,0.0,4.9,53,0.0,0.0,18.1
2026-03-25 05:00:00,15287.936,0.0,15287.936,18754.763,17.8,79,0.0,5.4,0,0.0,0.0,18.3
2026-03-25 06:00:00,17092.88,0.0,17092.88,20884.599000000002,18.0,78,0.0,5.5,0,0.0,0.0,18.5
2026-03-25 07:00:00,16891.182,303.457,16587.726,20646.594,19.2,74,0.0,6.7,0,76.0,29.0,19.7
2026-03-25 08:00:00,16873.626,600.334,16273.292,20625.879,21.8,66,0.0,4.0,0,271.0,164.0,23.0
2026-03-25 09:00:00,17035.808,822.8009999999999,16213.007,20817.251,24.9,55,0.0,4.2,0,486.0,345.0,25.9
2026-03-25 10:00:00,16959.134000000002,1051.747,15907.383,20726.775,27.2,43,0.0,6.0,0,672.0,510.0,28.2
2026-03-25 11:00:00,15204.887,1057.64,14147.251,18656.768,29.1,35,0.0,7.3,0,807.0,630.0,30.2
2026-03-25 12:00:00,15485.886,992.7719999999999,14493.114,18988.346,30.2,32,0.0,8.0,9,873.0,690.0,31.4
2026-03-25 13:00:00,15181.681,1031.35,14150.331,18629.384,31.0,29,0.0,9.5,4,867.0,684.0,31.7
2026-03-25 14:00:00,15459.960000000001,845.63,14614.331,18957.752,31.5,27,0.0,10.5,10,791.0,617.0,31.4
2026-03-25 15:00:00,15489.219000000001,748.332,14740.886,18992.278,31.3,27,0.0,12.0,31,645.0,484.0,30.1
2026-03-25 16:00:00,15530.672,514.257,15016.414,19041.191,30.9,28,0.0,11.3,97,456.0,316.0,29.2
2026-03-25 17:00:00,15288.161,283.283,15004.88,18755.031,30.2,28,0.0,10.1,24,238.0,130.0,28.6
2026-03-25 18:00:00,20240.072,0.0,20240.072,24598.283,28.2,33,0.0,4.2,99,60.0,21.0,27.7
2026-03-25 19:00:00,19965.733,0.0,19965.733,24274.564,27.3,37,0.0,3.0,99,0.0,0.0,27.3
2026-03-25 20:00:00,20361.266,0.0,20361.266,24741.293,26.7,40,0.0,2.6,98,0.0,0.0,26.9
2026-03-25 21:00:00,20065.633,0.0,20065.633,24392.447,26.3,42,0.0,1.2,72,0.0,0.0,26.8
2026-03-25 22:00:00,20078.012,0.0,20078.012,24407.055,25.1,43,0.0,2.7,94,0.0,0.0,25.2
2026-03-25 23:00:00,9147.43,0.0,9147.43,11508.967,25.3,52,0.0,0.9,26,0.0,0.0,26.7
2026-03-26 00:00:00,9093.249,0.0,9093.249,11445.037,24.6,50,0.0,6.5,80,0.0,0.0,24.7
2026-03-26 01:00:00,9215.364,0.0,9215.364,11589.13,22.9,57,0.0,5.1,99,0.0,0.0,23.5
2026-03-26 02:00:00,9002.37,0.0,9002.37,11337.799,22.8,63,0.0,3.4,22,0.0,0.0,24.1
2026-03-26 03:00:00,9156.468,0.0,9156.468,11519.632,21.8,66,0.0,2.4,3,0.0,0.0,23.2
2026-03-26 04:00:00,9203.607,0.0,9203.607,11575.255,21.6,65,0.0,3.1,36,0.0,0.0,22.7
2026-03-26 05:00:00,15220.653,0.0,15220.653,18675.373,21.0,70,0.0,4.4,27,0.0,0.0,22.1
2026-03-26 06:00:00,17039.052,0.0,17039.052,20821.082,21.2,70,0.0,2.4,18,1.0,0.0,22.6
2026-03-26 07:00:00,17172.347999999998,306.085,16866.266,20978.374,22.4,64,0.0,4.0,25,74.0,27.0,23.6
2026-03-26 08:00:00,16991.514,624.903,16366.610999999999,20764.987,24.9,53,0.0,2.6,27,258.0,152.0,26.1
2026-03-26 09:00:00,16847.608,840.794,16006.815,20595.179,27.4,46,0.0,3.7,37,468.0,326.0,28.5
2026-03-26 10:00:00,16928.041,1029.0,15899.041,20690.088,29.7,39,0.0,4.2,38,605.0,435.0,30.8
2026-03-26 11:00:00,15200.712,1023.378,14177.331,18651.837,33.0,26,0.0,7.0,59,703.0,486.0,33.2
2026-03-26 12:00:00,15473.5,1097.848,14375.653,18973.731,34.5,21,0.0,8.6,99,832.0,629.0,34.6
2026-03-26 13:00:00,15320.996,1051.8129999999999,14269.182999999999,18793.776,34.8,19,0.0,8.4,100,768.0,533.0,34.4
2026-03-26 14:00:00,15157.657000000001,924.176,14233.482,18601.035,34.3,21,0.0,11.9,100,618.0,327.0,32.6
2026-03-26 15:00:00,15122.527,752.167,14370.359,18559.582,33.1,23,0.0,14.7,98,424.0,170.0,30.8
2026-03-26 16:00:00,15168.594000000001,502.127,14666.468,18613.941,32.3,26,0.0,12.8,100,346.0,139.0,30.5
2026-03-26 17:00:00,15270.986,276.749,14994.237,18734.763,31.9,24,0.0,8.8,100,141.0,23.0,30.4
2026-03-26 18:00:00,20576.928,0.0,20576.928,24995.775,31.1,27,0.0,8.3,100,29.0,0.0,29.9
2026-03-26 19:00:00,20203.531,0.0,20203.531,24555.165,30.1,33,0.0,6.2,100,0.0,0.0,29.8
2026-03-26 20:00:00,20091.638,0.0,20091.638,24423.132999999998,28.9,38,0.0,3.9,50,0.0,0.0,29.3
2026-03-26 21:00:00,20070.909,0.0,20070.909,24398.673,28.3,40,0.0,8.2,100,0.0,0.0,28.2
2026-03-26 22:00:00,20087.533,0.0,20087.533,24418.288,27.7,39,0.0,8.7,100,0.0,0.0,27.2
2026-03-26 23:00:00,9077.055,0.0,9077.055,11425.927,25.3,58,0.0,1.7,77,0.0,0.0,27.3
2026-03-27 00:00:00,9110.696,0.0,9110.696,11465.624,25.7,51,0.0,4.1,53,0.0,0.0,26.7
2026-03-27 01:00:00,8930.503,0.0,8930.503,11252.995,25.0,51,0.0,7.3,34,0.0,0.0,25.3
2026-03-27 02:00:00,9188.94,0.0,9188.94,11557.949,23.7,57,0.0,7.1,39,0.0,0.0,24.2
2026-03-27 03:00:00,9086.938,0.0,9086.938,11437.587,23.1,59,0.0,5.6,33,0.0,0.0,23.8
2026-03-27 04:00:00,9179.055,0.0,9179.055,11546.286,22.4,62,0.0,4.7,100,0.0,0.0,23.3
2026-03-27 05:00:00,15364.962,0.0,15364.962,18845.655,22.5,65,0.0,9.4,40,0.0,0.0,23.0
2026-03-27 06:00:00,17005.951,0.0,17005.951,20782.021,22.1,67,0.0,11.6,95,1.0,0.0,22.3
2026-03-27 07:00:00,16955.643,299.098,16656.545,20722.661,22.7,65,0.0,9.0,96,55.0,10.0,23.3
2026-03-27 08:00:00,16963.464,608.004,16355.461,20731.889,23.6,60,0.0,12.6,97,200.0,64.0,23.5
2026-03-27 09:00:00,17223.803,846.707,16377.099,21039.09,25.6,50,0.0,11.0,55,438.0,259.0,25.4
2026-03-27 10:00:00,17244.989,1002.131,16242.858,21064.088,27.0,44,0.1,10.8,82,495.0,272.0,26.6
2026-03-27 11:00:00,15290.629,1043.081,14247.545,18757.94,24.9,57,0.5,12.4,93,704.0,442.0,25.9
2026-03-27 12:00:00,15382.014,1076.241,14305.772,18865.778,26.9,47,0.0,7.4,88,454.0,202.0,27.2
2026-03-27 13:00:00,15347.14,1093.798,14253.34,18824.623,28.9,37,0.0,4.6,48,693.0,403.0,30.0
2026-03-27 14:00:00,15434.632,921.92,14512.712,18927.865,29.3,33,0.0,9.5,61,683.0,435.0,29.0
2026-03-27 15:00:00,15381.836,758.448,14623.387999999999,18865.568,29.3,35,0.0,8.1,32,524.0,325.0,28.9
2026-03-27 16:00:00,15150.534,527.096,14623.438,18592.628,29.2,36,0.0,6.7,31,390.0,234.0,29.0
2026-03-27 17:00:00,15101.775,278.488,14823.288,18535.097,28.6,34,0.0,11.0,9,198.0,90.0,27.3
2026-03-27 18:00:00,20437.568,0.0,20437.568,24831.33,28.0,35,0.0,8.3,2,61.0,21.0,27.1
2026-03-27 19:00:00,20048.131,0.0,20048.131,24371.793999999998,27.2,39,0.0,5.1,1,0.0,0.0,27.1
2026-03-27 20:00:00,20261.421,0.0,20261.421,24623.476,26.5,42,0.0,5.6,2,0.0,0.0,26.5
2026-03-27 21:00:00,20314.346,0.0,20314.346,24685.928,25.6,45,0.0,3.8,4,0.0,0.0,25.9
2026-03-27 22:00:00,20465.109,0.0,20465.109,24863.827,25.2,46,0.0,3.8,1,0.0,0.0,25.4
2026-03-27 23:00:00,9119.442000000001,0.0,9119.442000000001,11475.942,24.4,59,0.0,3.7,3,0.0,0.0,25.9
2026-03-28 00:00:00,8033.486,0.0,8033.486,10194.516,23.8,57,0.0,4.1,0,0.0,0.0,24.7
2026-03-28 01:00:00,7988.522,0.0,7988.522,10141.456,23.1,58,0.0,4.4,0,0.0,0.0,23.9
2026-03-28 02:00:00,7886.009,0.0,7886.009,10020.49,22.4,61,0.0,4.9,0,0.0,0.0,23.1
2026-03-28 03:00:00,8012.144,0.0,8012.144,10169.33,21.6,64,0.0,5.6,5,0.0,0.0,22.3
2026-03-28 04:00:00,7937.521,0.0,7937.521,10081.275,20.8,67,0.0,5.8,0,0.0,0.0,21.5
2026-03-28 05:00:00,13171.753,0.0,13171.753,16257.669,20.9,71,0.0,6.1,95,0.0,0.0,21.8
2026-03-28 06:00:00,14947.269,0.0,14947.269,18352.777,21.0,70,0.0,4.3,8,1.0,0.0,22.2
2026-03-28 07:00:00,14948.084,279.516,14668.565,18353.738,22.1,65,0.0,3.5,5,81.0,30.0,23.3
2026-03-28 08:00:00,14856.167,540.856,14315.313,18245.276,24.7,54,0.0,3.4,47,272.0,162.0,25.7
2026-03-28 09:00:00,14703.501,706.712,13996.789,18065.129,27.1,44,0.0,4.0,37,481.0,335.0,27.7
2026-03-28 10:00:00,14795.246,882.0640000000001,13913.18,18173.39,28.8,38,0.0,2.3,55,663.0,492.0,30.2
2026-03-28 11:00:00,13398.199999999999,897.188,12501.011,16524.877,30.3,34,0.0,4.4,98,797.0,612.0,32.1
2026-03-28 12:00:00,13457.506,947.328,12510.177,16594.853,31.8,30,0.0,5.6,98,803.0,508.0,33.2
2026-03-28 13:00:00,13319.357,920.491,12398.864,16431.842,32.7,28,0.0,7.9,90,833.0,591.0,33.7
2026-03-28 14:00:00,13306.652,835.616,12471.034,16416.849000000002,33.0,26,0.0,9.4,87,741.0,497.0,33.0
2026-03-28 15:00:00,13344.645,664.525,12680.121,16461.682,32.9,25,0.0,11.0,100,637.0,456.0,31.8
2026-03-28 16:00:00,13207.766,470.733,12737.036,16300.166,32.3,26,0.0,9.2,99,435.0,263.0,31.0
2026-03-28 17:00:00,13435.057,241.47,13193.585000000001,16568.364999999998,31.8,23,0.0,7.5,94,224.0,94.0,30.2
2026-03-28 18:00:00,17393.103,0.0,17393.103,21238.863,30.9,26,0.0,6.0,26,64.0,20.0,29.8
2026-03-28 19:00:00,17463.315,0.0,17463.315,21321.713,29.6,31,0.0,3.1,98,0.0,0.0,29.4
2026-03-28 20:00:00,17530.006,0.0,17530.006,21400.407,29.0,33,0.0,3.2,100,0.0,0.0,28.8
2026-03-28 21:00:00,17517.088,0.0,17517.088,21385.166,28.1,35,0.0,4.9,2,0.0,0.0,27.7
2026-03-28 22:00:00,17648.061,0.0,17648.061,21539.712,26.8,40,0.0,4.3,35,0.0,0.0,26.7
2026-03-28 23:00:00,7938.63,0.0,7938.63,10082.588,26.0,47,0.0,6.2,82,0.0,0.0,26.4
2026-03-29 00:00:00,8037.198,0.0,8037.198,10198.891,25.2,50,0.0,7.1,89,0.0,0.0,25.4
2026-03-29 01:00:00,8051.849,0.0,8051.849,10216.183,24.2,55,0.0,7.3,2,0.0,0.0,24.7
2026-03-29 02:00:00,7904.5160000000005,0.0,7904.5160000000005,10042.33,23.5,59,0.0,7.3,97,0.0,0.0,24.1
2026-03-29 03:00:00,7940.013,0.0,7940.013,10084.216,23.1,60,0.0,7.2,86,0.0,0.0,23.6
2026-03-29 04:00:00,8007.486,0.0,8007.486,10163.834,22.8,61,0.0,6.7,98,0.0,0.0,23.3
2026-03-29 05:00:00,13298.605,0.0,13298.605,16407.355,23.0,62,0.0,8.3,88,0.0,0.0,23.6
2026-03-29 06:00:00,14822.575,0.0,14822.575,18205.638,23.2,61,0.0,8.8,69,1.0,0.0,23.6
2026-03-29 07:00:00,14777.1,272.519,14504.583999999999,18151.977,24.1,57,0.0,9.4,100,82.0,31.0,24.4
2026-03-29 08:00:00,15076.07,495.618,14580.454,18504.764,26.1,50,0.0,9.2,91,250.0,117.0,26.3
2026-03-29 09:00:00,14968.495,708.455,14260.041,18377.824,28.5,42,0.0,10.5,74,407.0,185.0,28.4
2026-03-29 10:00:00,14811.933,865.756,13946.177,18193.084,31.1,35,0.0,13.3,51,652.0,456.0,31.0
2026-03-29 11:00:00,13246.405999999999,872.863,12373.544,16345.758,32.8,33,0.0,12.4,98,725.0,492.0,33.3
2026-03-29 12:00:00,13223.05,908.9,12314.15,16318.197,33.0,33,0.0,8.4,5,700.0,370.0,34.2
2026-03-29 13:00:00,13144.291,891.845,12252.445,16225.261,34.4,31,0.0,6.0,46,797.0,590.0,36.5
2026-03-29 14:00:00,13264.651,840.355,12424.293,16367.286,34.9,29,0.0,5.1,100,675.0,476.0,36.4
2026-03-29 15:00:00,13452.599,634.644,12817.955,16589.067,35.0,29,0.0,4.6,100,516.0,261.0,35.7
2026-03-29 16:00:00,13255.113,438.903,12816.207999999999,16356.031,32.8,31,0.0,3.2,75,277.0,88.0,33.5
2026-03-29 17:00:00,13374.562,243.499,13131.062,16496.981,29.3,52,0.0,3.7,35,174.0,63.0,31.8
2026-03-29 18:00:00,17638.004,0.0,17638.004,21527.843,30.3,51,0.0,3.6,27,57.0,18.0,33.1
2026-03-29 19:00:00,17495.499,0.0,17495.499,21359.69,29.8,44,0.0,11.3,0,0.0,0.0,30.2
2026-03-29 20:00:00,17289.054,0.0,17289.054,21116.083,28.1,50,0.0,12.0,4,0.0,0.0,28.7
2026-03-29 21:00:00,17709.869,0.0,17709.869,21612.648,27.3,51,0.0,8.5,16,0.0,0.0,28.2
2026-03-29 22:00:00,17412.874,0.0,17412.874,21262.19,26.6,52,0.0,6.1,89,0.0,0.0,27.7
2026-03-29 23:00:00,7978.334,0.0,7978.334,10129.432,26.2,55,0.0,5.3,43,0.0,0.0,27.6
2026-03-30 00:00:00,9076.827000000001,0.0,9076.827000000001,11425.655999999999,25.7,56,0.0,6.3,81,0.0,0.0,26.9
2026-03-30 01:00:00,9256.26,0.0,9256.26,11637.386,24.8,58,0.0,8.0,100,0.0,0.0,25.7
2026-03-30 02:00:00,9226.41,0.0,9226.41,11602.163,23.8,63,0.0,5.9,99,0.0,0.0,25.0
2026-03-30 03:00:00,9175.06,0.0,9175.06,11541.57,23.4,64,0.0,5.6,99,0.0,0.0,24.7
2026-03-30 04:00:00,9154.688,0.0,9154.688,11517.532,22.5,69,0.0,4.5,100,0.0,0.0,24.1
2026-03-30 05:00:00,15344.48,0.0,15344.48,18821.486,21.7,78,0.0,4.8,73,0.0,0.0,23.7
2026-03-30 06:00:00,17107.352,0.0,17107.352,20901.676,22.0,76,0.0,3.7,100,2.0,0.0,24.1
2026-03-30 07:00:00,16946.404,314.83299999999997,16631.575,20711.758,23.6,69,0.0,4.5,96,82.0,20.0,25.6
2026-03-30 08:00:00,17104.761,595.444,16509.315,20898.62,26.3,51,0.0,6.1,71,267.0,136.0,27.2
2026-03-30 09:00:00,17150.917,818.186,16332.733,20953.084,29.4,34,0.0,7.0,45,491.0,342.0,29.0
2026-03-30 10:00:00,17110.158,1068.76,16041.4,20904.986,31.6,30,0.0,8.7,100,653.0,448.0,31.5
2026-03-30 11:00:00,15278.382,1027.53,14250.855,18743.489,33.3,26,0.0,9.0,76,714.0,418.0,33.2
2026-03-30 12:00:00,15096.563,1033.213,14063.348,18528.941,34.7,21,0.0,8.7,95,831.0,583.0,34.9
2026-03-30 13:00:00,15225.922,1072.355,14153.566,18681.586,31.3,30,0.2,21.8,100,756.0,450.0,29.7
2026-03-30 14:00:00,15268.463,896.6899999999999,14371.773,18731.787,31.6,28,0.0,16.7,100,417.0,86.0,29.5
2026-03-30 15:00:00,15341.109,764.409,14576.699,18817.506,29.5,38,0.0,16.4,100,399.0,91.0,28.3
2026-03-30 16:00:00,15334.638,541.229,14793.408,18809.87,30.0,35,0.0,10.8,100,345.0,118.0,29.2
2026-03-30 17:00:00,15250.684,262.773,14987.913,18710.807,27.6,46,0.0,11.2,100,177.0,34.0,27.5
2026-03-30 18:00:00,20175.717,0.0,20175.717,24522.345999999998,27.5,45,0.0,7.1,100,30.0,4.0,27.9
2026-03-30 19:00:00,19988.169,0.0,19988.169,24301.04,27.0,51,0.0,1.5,100,0.0,0.0,28.9
2026-03-30 20:00:00,20222.256,0.0,20222.256,24577.261,26.3,50,0.0,5.2,100,0.0,0.0,27.1
2026-03-30 21:00:00,20284.8,0.0,20284.8,24651.063,25.0,58,0.0,8.8,100,0.0,0.0,25.7
2026-03-30 22:00:00,19941.158,0.0,19941.158,24245.566,24.2,62,0.0,5.5,100,0.0,0.0,25.7
2026-03-30 23:00:00,9284.717,0.0,9284.717,11670.964,24.3,66,0.0,7.8,100,0.0,0.0,25.8
2026-03-31 00:00:00,9166.837,0.0,9166.837,11531.869,23.7,68,0.0,3.6,100,0.0,0.0,25.8
2026-03-31 01:00:00,9248.389,0.0,9248.389,11628.097,23.4,69,0.0,4.5,76,0.0,0.0,25.4
2026-03-31 02:00:00,9162.706,0.0,9162.706,11526.995,22.5,74,0.0,4.1,22,0.0,0.0,24.6
2026-03-31 03:00:00,9169.429,0.0,9169.429,11534.927,22.0,75,0.0,4.0,100,0.0,0.0,24.0
2026-03-31 04:00:00,9047.725,0.0,9047.725,11391.316,21.8,76,0.0,4.4,87,0.0,0.0,23.7
2026-03-31 05:00:00,15128.224,0.0,15128.224,18566.307,21.3,76,0.0,5.0,91,0.0,0.0,23.0
2026-03-31 06:00:00,16937.648,0.0,16937.648,20701.424,21.5,76,0.0,2.1,81,2.0,0.0,23.7
2026-03-31 07:00:00,17196.353,303.33299999999997,16893.016,21006.693,23.2,68,0.0,1.3,1,84.0,25.0,25.4
2026-03-31 08:00:00,16813.7,552.588,16261.115,20555.167,26.3,52,0.0,3.0,21,279.0,167.0,27.8
2026-03-31 09:00:00,17161.527,871.18,16290.349,20965.602,29.7,34,0.0,4.6,100,485.0,333.0,29.6
2026-03-31 10:00:00,17040.349,1040.118,16000.23,20822.611,31.7,27,0.0,4.6,56,625.0,394.0,31.5
2026-03-31 11:00:00,15276.762999999999,1028.206,14248.557,18741.581,33.4,23,0.0,1.3,100,776.0,558.0,34.6
2026-03-31 12:00:00,15113.833,1093.96,14019.874,18549.324,35.0,20,0.0,5.0,80,715.0,362.0,34.9
2026-03-31 13:00:00,15337.183,1021.84,14315.342,18812.876,32.2,25,0.0,4.3,91,536.0,234.0,31.4
2026-03-31 14:00:00,15219.605,900.877,14318.727,18674.132,32.8,23,0.0,7.8,77,638.0,353.0,31.9
2026-03-31 15:00:00,15117.796,749.664,14368.131,18553.996,30.8,28,0.2,5.9,76,512.0,284.0,30.0
2026-03-31 16:00:00,15082.665,542.739,14539.926,18512.545,29.3,35,0.0,7.7,86,260.0,95.0,28.9
2026-03-31 17:00:00,15381.121,274.461,15106.66,18864.721999999998,24.8,57,0.0,6.5,100,164.0,49.0,25.7
2026-03-31 18:00:00,20234.067,0.0,20234.067,24591.202,24.7,59,0.1,5.6,72,11.0,0.0,26.0
2026-03-31 19:00:00,20089.552,0.0,20089.552,24420.672,24.6,59,0.0,6.4,76,0.0,0.0,25.8
2026-03-31 20:00:00,20243.803,0.0,20243.803,24602.687,23.8,68,0.0,2.4,73,0.0,0.0,26.1
2026-03-31 21:00:00,20155.012,0.0,20155.012,24497.914,23.4,67,0.0,3.8,45,0.0,0.0,25.2
2026-03-31 22:00:00,20057.52,0.0,20057.52,24382.874,23.4,65,0.0,6.2,64,0.0,0.0,24.6
2026-03-31 23:00:00,9271.75,0.0,9271.75,11655.664,23.7,66,0.0,13.0,98,0.0,0.0,24.2
2026-04-01 00:00:00,10287.997,0.0,10287.997,12854.834,22.6,67,0.0,8.2,7,0.0,0.0,23.4
2026-04-01 01:00:00,10348.881,0.0,10348.881,12926.678,22.1,66,0.0,7.0,2,0.0,0.0,22.9
2026-04-01 02:00:00,10427.408,0.0,10427.408,13019.341,21.0,73,0.0,3.3,2,0.0,0.0,22.6
2026-04-01 03:00:00,10365.082,0.0,10365.082,12945.798,20.4,75,0.0,3.6,2,0.0,0.0,21.8
2026-04-01 04:00:00,10323.232,0.0,10323.232,12896.415,19.9,77,0.0,3.1,97,0.0,0.0,21.4
2026-04-01 05:00:00,17212.072,0.0,17212.072,21025.245,19.6,82,0.0,2.7,38,0.0,0.0,21.5
2026-04-01 06:00:00,19231.605,0.0,19231.605,23408.293999999998,19.8,79,0.0,2.6,99,2.0,0.0,21.5
2026-04-01 07:00:00,19241.6,345.19100000000003,18896.41,23420.091,21.3,70,0.0,2.8,89,91.0,32.0,22.8
2026-04-01 08:00:00,19076.847,667.222,18409.626,23225.68,23.8,60,0.0,1.5,16,281.0,166.0,25.4
2026-04-01 09:00:00,19145.373,922.321,18223.052,23306.54,26.9,48,0.0,0.9,27,492.0,343.0,28.4
2026-04-01 10:00:00,19179.464,1145.315,18034.153000000002,23346.77,29.4,37,0.0,1.3,36,628.0,437.0,30.7
2026-04-01 11:00:00,17282.923,1177.3890000000001,16105.533,21108.849000000002,31.4,33,0.0,6.7,87,751.0,541.0,32.6
2026-04-01 12:00:00,17152.194,1229.189,15923.005,20954.588,32.6,29,0.0,5.4,98,815.0,597.0,34.1
2026-04-01 13:00:00,17089.035,1170.555,15918.48,20880.06,33.1,26,0.0,5.5,99,693.0,401.0,33.5
2026-04-01 14:00:00,16994.04,1041.689,15952.353000000001,20767.968,31.5,28,0.0,2.0,97,550.0,223.0,31.4
2026-04-01 15:00:00,17356.998,892.059,16464.939,21196.259000000002,32.2,26,0.0,4.8,100,459.0,176.0,31.6
2026-04-01 16:00:00,17082.846,603.21,16479.637,20872.761,31.7,28,0.0,3.8,92,312.0,108.0,31.4
2026-04-01 17:00:00,17150.147,316.305,16833.841,20952.173,31.8,29,0.0,6.0,96,147.0,26.0,31.4
2026-04-01 18:00:00,22530.833,0.0,22530.833,27301.384,30.0,36,0.0,7.7,85,52.0,8.0,29.8
2026-04-01 19:00:00,22292.434,0.0,22292.434,27020.073,28.4,42,0.0,6.3,83,0.0,0.0,28.9
2026-04-01 20:00:00,22535.95,0.0,22535.95,27307.422,26.9,51,0.0,4.7,100,0.0,0.0,28.2
2026-04-01 21:00:00,22598.941,0.0,22598.941,27381.751,26.4,51,0.0,4.8,52,0.0,0.0,27.5
2026-04-01 22:00:00,22472.203,0.0,22472.203,27232.199,25.7,51,0.0,5.2,55,0.0,0.0,26.5
2026-04-01 23:00:00,10194.683,0.0,10194.683,12744.726999999999,25.7,61,0.0,4.9,98,0.0,0.0,27.7
2026-04-02 00:00:00,10353.091,0.0,10353.091,12931.647,25.2,63,0.0,4.4,52,0.0,0.0,27.2
2026-04-02 01:00:00,10206.302,0.0,10206.302,12758.438,23.9,67,0.0,4.6,98,0.0,0.0,25.8
2026-04-02 02:00:00,10208.456,0.0,10208.456,12760.98,23.5,65,0.0,4.9,88,0.0,0.0,25.0
2026-04-02 03:00:00,10261.968,0.0,10261.968,12824.123,22.8,68,0.0,4.6,45,0.0,0.0,24.4
2026-04-02 04:00:00,10299.053,0.0,10299.053,12867.883,22.3,68,0.0,3.5,57,0.0,0.0,23.9
2026-04-02 05:00:00,17042.554,0.0,17042.554,20825.214,21.7,72,0.0,4.5,46,0.0,0.0,23.3
2026-04-02 06:00:00,19272.767,0.0,19272.767,23456.862,21.9,71,0.0,4.1,78,3.0,0.0,23.5
2026-04-02 07:00:00,19109.763,360.752,18749.012,23264.519,23.6,62,0.0,2.7,100,86.0,24.0,25.2
2026-04-02 08:00:00,19273.322,678.546,18594.775,23457.518,25.9,56,0.0,1.1,77,220.0,62.0,27.9
2026-04-02 09:00:00,19336.586,969.882,18366.702,23532.172,29.1,45,0.0,2.5,9,438.0,246.0,30.8
2026-04-02 10:00:00,19514.613,1147.217,18367.396,23742.244,32.2,35,0.0,2.7,62,668.0,492.0,34.0
2026-04-02 11:00:00,17326.699,1199.4660000000001,16127.234,21160.505,32.1,34,0.0,6.2,100,783.0,570.0,33.9
2026-04-02 12:00:00,17257.824,1264.76,15993.063,21079.231,33.7,27,0.0,3.7,98,607.0,301.0,34.1
2026-04-02 13:00:00,17004.548,1141.381,15863.166,20780.366,34.3,25,0.0,5.0,95,621.0,248.0,34.5
2026-04-02 14:00:00,17195.275999999998,1085.521,16109.753,21005.423,32.3,30,0.0,3.4,71,477.0,167.0,32.6
2026-04-02 15:00:00,17242.62,826.085,16416.538,21061.294,33.4,27,0.0,2.8,73,442.0,193.0,33.5
2026-04-02 16:00:00,17561.502,609.846,16951.657,21437.575,33.4,27,0.0,4.5,63,354.0,154.0,33.3
2026-04-02 17:00:00,17030.501,301.186,16729.318,20810.993,33.8,28,0.0,13.6,100,213.0,94.0,32.6
2026-04-02 18:00:00,22646.284,0.0,22646.284,27437.617,32.5,31,0.0,4.9,16,49.0,4.0,32.7
2026-04-02 19:00:00,22542.941,0.0,22542.941,27315.668,31.1,34,0.0,9.1,10,0.0,0.0,30.7
2026-04-02 20:00:00,22609.138,0.0,22609.138,27393.782,29.6,42,0.0,4.7,0,0.0,0.0,30.7
2026-04-02 21:00:00,22503.408,0.0,22503.408,27269.023,28.9,42,0.0,5.5,1,0.0,0.0,29.6
2026-04-02 22:00:00,22460.574,0.0,22460.574,27218.477,27.1,57,0.0,3.5,0,0.0,0.0,29.4
2026-04-02 23:00:00,10271.633,0.0,10271.633,12835.528,26.7,55,0.0,5.0,0,0.0,0.0,28.4
2026-04-03 00:00:00,10328.617,0.0,10328.617,12902.767,26.0,57,0.0,5.7,0,0.0,0.0,27.5
2026-04-03 01:00:00,10304.367,0.0,10304.367,12874.153,25.0,62,0.0,4.1,98,0.0,0.0,26.9
2026-04-03 02:00:00,10260.132,0.0,10260.132,12821.954,24.7,61,0.0,3.2,100,0.0,0.0,26.5
2026-04-03 03:00:00,10342.138,0.0,10342.138,12918.723,24.8,60,0.0,1.9,100,0.0,0.0,26.7
2026-04-03 04:00:00,10196.573,0.0,10196.573,12746.957,24.0,60,0.0,4.0,100,0.0,0.0,25.4
2026-04-03 05:00:00,17184.311,0.0,17184.311,20992.486,23.2,67,0.0,13.9,100,0.0,0.0,23.4
2026-04-03 06:00:00,18939.933,0.0,18939.933,23064.118,22.6,62,0.0,14.6,100,2.0,0.0,22.2
2026-04-03 07:00:00,19102.874,345.581,18757.294,23256.392,22.3,64,0.0,13.3,100,44.0,0.0,22.0
2026-04-03 08:00:00,19044.051,637.7719999999999,18406.281,23186.981,23.5,62,0.0,11.6,96,148.0,10.0,23.7
2026-04-03 09:00:00,19156.773,961.6030000000001,18195.17,23319.991,25.7,55,0.0,11.5,63,355.0,107.0,26.1
2026-04-03 10:00:00,19422.114,1162.46,18259.654,23633.094,27.8,45,0.0,14.7,97,568.0,316.0,27.4
2026-04-03 11:00:00,17085.569,1114.126,15971.442,20875.97,29.3,41,0.0,11.9,74,654.0,340.0,29.7
2026-04-03 12:00:00,17117.529,1216.604,15900.923,20913.684,30.1,39,0.0,10.0,94,640.0,313.0,30.7
2026-04-03 13:00:00,17247.641,1172.614,16075.027,21067.215,31.3,37,0.0,6.9,95,773.0,493.0,33.1
2026-04-03 14:00:00,17323.12,1041.2740000000001,16281.847,21156.283,32.1,33,0.0,6.3,100,666.0,378.0,33.0
2026-04-03 15:00:00,17295.099,841.5930000000001,16453.507999999998,21123.218,27.5,49,0.0,9.3,100,296.0,76.0,28.0
2026-04-03 16:00:00,17191.559,586.091,16605.467,21001.041,27.7,47,0.0,5.3,100,244.0,54.0,28.7
2026-04-03 17:00:00,17241.334,306.49,16934.847,21059.774,28.3,41,0.0,15.3,99,203.0,70.0,27.3
2026-04-03 18:00:00,22617.551,0.0,22617.551,27403.711,25.8,53,0.0,10.0,100,61.0,11.0,26.2
2026-04-03 19:00:00,22868.768,0.0,22868.768,27700.146,25.3,55,0.0,10.0,100,0.0,0.0,25.7
2026-04-03 20:00:00,22947.402000000002,0.0,22947.402000000002,27792.936,23.6,58,0.0,15.5,100,0.0,0.0,22.9
2026-04-03 21:00:00,22500.404,0.0,22500.404,27265.475,23.3,60,0.4,4.2,92,0.0,0.0,24.3
2026-04-03 22:00:00,22630.985,0.0,22630.985,27419.564,22.6,63,0.0,5.5,98,0.0,0.0,23.5
2026-04-03 23:00:00,10258.424,0.0,10258.424,12819.939,22.8,72,0.0,6.0,100,0.0,0.0,24.6
2026-04-04 00:00:00,8852.765,0.0,8852.765,11161.266,22.6,76,0.0,6.0,100,0.0,0.0,24.7
2026-04-04 01:00:00,8981.062,0.0,8981.062,11312.655,22.4,75,0.0,6.5,100,0.0,0.0,24.2
2026-04-04 02:00:00,8928.572,0.0,8928.572,11250.712,22.1,73,0.0,6.3,100,0.0,0.0,23.6
2026-04-04 03:00:00,8985.768,0.0,8985.768,11318.208,21.3,79,0.0,3.5,100,0.0,0.0,23.5
2026-04-04 04:00:00,8806.418,0.0,8806.418,11106.573,21.2,81,0.0,2.2,100,0.0,0.0,23.7
2026-04-04 05:00:00,15044.942,0.0,15044.942,18468.033,21.4,83,0.0,5.4,100,0.0,0.0,23.6
2026-04-04 06:00:00,16681.523,0.0,16681.523,20399.198,21.3,83,0.0,6.2,100,3.0,0.0,23.4
2026-04-04 07:00:00,16867.162,313.267,16553.895,20618.249,22.1,79,0.0,5.6,100,79.0,14.0,24.3
2026-04-04 08:00:00,16750.299,592.776,16157.524,20480.354,23.8,69,0.0,3.7,100,180.0,35.0,26.0
2026-04-04 09:00:00,16966.704,881.251,16085.453,20735.71,25.9,56,0.0,5.2,100,284.0,39.0,27.4
2026-04-04 10:00:00,16663.328,978.372,15684.958,20377.726,27.4,41,0.0,6.2,87,360.0,57.0,27.4
2026-04-04 11:00:00,14902.519,1006.119,13896.4,18299.97,29.7,35,0.0,9.1,100,670.0,380.0,29.9
2026-04-04 12:00:00,14800.149,1115.181,13684.966,18179.175,30.3,35,0.0,6.0,90,764.0,486.0,31.8
2026-04-04 13:00:00,14844.155,1014.849,13829.306,18231.102,29.9,37,1.0,2.9,95,797.0,540.0,32.3
2026-04-04 14:00:00,14912.413,967.954,13944.457,18311.647,24.2,62,1.3,7.1,79,396.0,101.0,25.3
2026-04-04 15:00:00,14846.182,747.904,14098.278,18233.494,26.1,51,0.0,2.4,71,446.0,208.0,27.4
2026-04-04 16:00:00,14810.477,515.751,14294.727,18191.363,27.1,47,0.0,4.3,97,390.0,208.0,28.1
2026-04-04 17:00:00,14775.276,265.281,14509.995,18149.827,26.0,54,0.0,3.7,99,196.0,57.0,27.5
2026-04-04 18:00:00,19595.867,0.0,19595.867,23838.122,25.5,65,0.0,2.3,100,51.0,8.0,28.2
2026-04-04 19:00:00,19698.139,0.0,19698.139,23958.804,24.9,66,0.0,3.9,100,0.0,0.0,27.3
2026-04-04 20:00:00,19680.071,0.0,19680.071,23937.485,24.2,69,0.0,3.4,100,0.0,0.0,26.6
2026-04-04 21:00:00,19719.407,0.0,19719.407,23983.900999999998,23.3,73,0.0,3.0,100,0.0,0.0,25.9
2026-04-04 22:00:00,19721.137,0.0,19721.137,23985.942000000003,22.8,73,0.0,4.5,100,0.0,0.0,24.8
2026-04-04 23:00:00,8916.907,0.0,8916.907,11236.948,22.3,77,0.0,3.9,38,0.0,0.0,24.6
2026-04-05 00:00:00,8956.868,0.0,8956.868,11284.101,22.9,66,0.0,9.3,97,0.0,0.0,23.7
2026-04-05 01:00:00,8928.472,0.0,8928.472,11250.594,21.8,70,0.0,4.1,91,0.0,0.0,23.3
2026-04-05 02:00:00,8969.232,0.0,8969.232,11298.693,21.4,68,0.0,3.8,28,0.0,0.0,22.5
2026-04-05 03:00:00,8981.452,0.0,8981.452,11313.113,20.7,69,0.0,4.8,22,0.0,0.0,21.5
2026-04-05 04:00:00,8982.042,0.0,8982.042,11313.81,19.8,74,0.0,4.5,13,0.0,0.0,20.8
2026-04-05 05:00:00,14967.271999999999,0.0,14967.271999999999,18376.38,19.9,82,0.0,3.2,9,0.0,0.0,21.7
2026-04-05 06:00:00,16619.374,0.0,16619.374,20325.859,20.2,77,0.0,5.5,37,4.0,0.0,21.5
2026-04-05 07:00:00,16812.754,318.699,16494.054,20554.046,20.7,71,0.5,10.4,68,80.0,25.0,20.9
2026-04-05 08:00:00,16937.715,581.257,16356.457,20701.502,21.7,70,0.2,0.8,21,179.0,58.0,23.7
2026-04-05 09:00:00,16675.866,816.994,15858.874,20392.524,24.8,58,0.0,5.7,14,480.0,319.0,26.1
2026-04-05 10:00:00,16737.284,1039.661,15697.624,20464.995,26.0,54,0.0,4.6,9,640.0,441.0,27.9
2026-04-05 11:00:00,15144.634,1016.797,14127.838,18585.67,28.9,34,0.0,5.8,45,770.0,554.0,29.9
2026-04-05 12:00:00,14778.355000000001,1084.892,13693.462,18153.456,28.8,32,0.0,6.7,55,640.0,397.0,28.5
2026-04-05 13:00:00,15028.607,982.434,14046.174,18448.755999999998,28.0,35,0.2,13.6,23,681.0,424.0,27.0
2026-04-05 14:00:00,14927.869,887.943,14039.929,18329.886,28.8,31,0.0,8.0,8,685.0,483.0,28.5
2026-04-05 15:00:00,14944.51,745.11,14199.399,18349.52,29.3,29,0.0,5.8,25,578.0,388.0,28.5
2026-04-05 16:00:00,14577.753,492.252,14085.5,17916.748,28.7,29,0.0,8.1,25,415.0,261.0,27.2
2026-04-05 17:00:00,15072.967,272.821,14800.144,18501.103,27.2,45,0.0,1.0,37,241.0,132.0,28.3
2026-04-05 18:00:00,19587.695,0.0,19587.695,23828.481,26.4,60,0.0,0.8,16,64.0,19.0,29.2
2026-04-05 19:00:00,19764.093,0.0,19764.093,24036.63,24.8,62,0.0,3.5,21,1.0,0.0,26.7
2026-04-05 20:00:00,19977.417,0.0,19977.417,24288.349000000002,23.7,70,0.0,1.8,2,0.0,0.0,26.3
2026-04-05 21:00:00,19497.494,0.0,19497.494,23722.044,22.9,73,0.0,1.3,1,0.0,0.0,25.5
2026-04-05 22:00:00,19935.857,0.0,19935.857,24239.315,22.2,74,0.0,2.5,0,0.0,0.0,24.5
2026-04-05 23:00:00,8925.798,0.0,8925.798,11247.445,24.8,37,0.0,10.9,10,0.0,0.0,22.9
2026-04-06 00:00:00,10247.774,0.0,10247.774,12807.373,23.5,42,0.0,7.4,5,0.0,0.0,22.3
2026-04-06 01:00:00,10234.041,0.0,10234.041,12791.168,22.7,46,0.0,7.0,8,0.0,0.0,21.8
2026-04-06 02:00:00,10355.335,0.0,10355.335,12934.295,21.7,55,0.0,4.1,8,0.0,0.0,21.8
2026-04-06 03:00:00,10276.289,0.0,10276.289,12841.019,21.1,57,0.0,3.5,2,0.0,0.0,21.2
2026-04-06 04:00:00,10263.018,0.0,10263.018,12825.361,20.8,59,0.0,2.5,1,0.0,0.0,21.2
2026-04-06 05:00:00,17190.126,0.0,17190.126,20999.349000000002,21.5,60,0.0,0.7,23,0.0,0.0,22.4
2026-04-06 06:00:00,19554.05,0.0,19554.05,23788.78,21.4,62,0.0,0.8,0,5.0,0.0,22.5
2026-04-06 07:00:00,19265.068,351.859,18913.208,23447.779,22.7,56,0.0,4.5,0,105.0,41.0,23.1
2026-04-06 08:00:00,19117.369,652.319,18465.054,23273.495,24.7,48,0.0,2.5,0,304.0,183.0,25.3
2026-04-06 09:00:00,19292.838,967.878,18324.959,23480.55,27.1,41,0.0,2.6,0,514.0,359.0,27.5
2026-04-06 10:00:00,19106.997,1155.58,17951.416,23261.256,29.4,28,0.0,5.1,19,694.0,516.0,29.2
2026-04-06 11:00:00,17180.645,1191.283,15989.362,20988.161,30.2,21,0.0,8.1,6,743.0,534.0,29.1
2026-04-06 12:00:00,17142.62,1185.596,15957.026,20943.29,31.2,20,0.0,8.3,2,849.0,635.0,30.7
2026-04-06 13:00:00,17302.853,1181.651,16121.202,21132.367,31.7,19,0.0,9.6,37,844.0,625.0,30.9
2026-04-06 14:00:00,17301.138,1070.586,16230.554,21130.34,31.5,19,0.0,8.9,31,729.0,511.0,30.0
2026-04-06 15:00:00,17110.62,849.0120000000001,16261.609,20905.529,31.3,20,0.0,7.6,13,620.0,433.0,29.5
2026-04-06 16:00:00,17134.736,612.552,16522.182,20933.99,31.1,21,0.0,9.9,25,472.0,318.0,28.6
2026-04-06 17:00:00,17029.254,301.871,16727.385,20809.518,28.7,29,0.0,17.7,40,243.0,128.0,25.9
2026-04-06 18:00:00,22656.149,0.0,22656.149,27449.255,26.7,34,0.0,9.4,36,65.0,20.0,25.2
2026-04-06 19:00:00,22490.2,0.0,22490.2,27253.438,26.5,35,0.0,7.1,9,1.0,0.0,25.4
2026-04-06 20:00:00,22921.944,0.0,22921.944,27762.894,25.6,37,0.0,8.5,2,0.0,0.0,24.3
2026-04-06 21:00:00,23124.164,0.0,23124.164,28001.513,24.3,41,0.0,4.8,2,0.0,0.0,23.7
2026-04-06 22:00:00,22721.037,0.0,22721.037,27525.824,23.8,41,0.0,5.7,4,0.0,0.0,22.9
2026-04-06 23:00:00,10246.503,0.0,10246.503,12805.871,23.7,43,0.0,9.6,22,0.0,0.0,22.4
2026-04-07 00:00:00,10286.169,0.0,10286.169,12852.678,23.6,46,0.0,10.1,100,0.0,0.0,22.4
2026-04-07 01:00:00,10255.360999999999,0.0,10255.360999999999,12816.327,23.8,46,0.0,6.0,90,0.0,0.0,23.4
2026-04-07 02:00:00,10318.771,0.0,10318.771,12891.151,23.0,47,0.0,8.0,0,0.0,0.0,22.1
2026-04-07 03:00:00,10322.638,0.0,10322.638,12895.713,22.0,49,0.0,6.9,23,0.0,0.0,21.3
2026-04-07 04:00:00,10335.127,0.0,10335.127,12910.448,21.2,57,0.0,4.9,19,0.0,0.0,21.2
2026-04-07 05:00:00,17251.567,0.0,17251.567,21071.848,20.5,59,0.0,3.8,66,0.0,0.0,20.6
2026-04-07 06:00:00,19242.343,0.0,19242.343,23420.963,20.8,57,0.0,9.6,70,5.0,0.0,20.0
2026-04-07 07:00:00,19171.559,344.877,18826.683,23337.44,21.4,56,0.0,9.7,87,103.0,36.0,20.7
2026-04-07 08:00:00,19411.825,680.268,18731.558,23620.954,24.0,47,0.0,7.8,100,300.0,172.0,23.4
2026-04-07 09:00:00,19423.871,966.056,18457.811999999998,23635.166,27.1,38,0.0,10.8,100,494.0,300.0,25.9
2026-04-07 10:00:00,19588.497,1135.195,18453.305,23829.431,28.8,32,0.0,13.8,100,546.0,251.0,26.9
2026-04-07 11:00:00,17219.798,1127.452,16092.346000000001,21034.362,28.4,33,0.0,15.5,100,528.0,149.0,26.3
2026-04-07 12:00:00,17163.097999999998,1217.26,15945.837,20967.455,28.4,35,0.2,14.7,100,643.0,251.0,27.2
2026-04-07 13:00:00,17377.333,1136.641,16240.689,21220.248,25.9,41,0.4,12.8,100,360.0,58.0,24.5
2026-04-07 14:00:00,17007.987,1039.719,15968.266,20784.424,25.6,43,0.2,0.8,100,225.0,15.0,26.0
2026-04-07 15:00:00,17315.294,884.904,16430.389,21147.047,23.0,56,1.3,5.1,100,94.0,0.0,23.4
2026-04-07 16:00:00,17139.251,578.0360000000001,16561.216,20939.318,21.7,69,0.8,0.8,100,81.0,1.0,23.5
2026-04-07 17:00:00,17203.167,304.837,16898.331,21014.737,22.2,66,0.4,9.6,2,74.0,6.0,22.6
2026-04-07 18:00:00,22578.0,0.0,22578.0,27357.039,21.1,72,0.0,9.3,6,76.0,26.0,21.7
2026-04-07 19:00:00,22726.433,0.0,22726.433,27532.195,20.2,73,0.0,10.2,66,1.0,0.0,20.4
2026-04-07 20:00:00,22586.485,0.0,22586.485,27367.051,19.7,71,0.2,11.2,100,0.0,0.0,19.5
2026-04-07 21:00:00,22430.052,0.0,22430.052,27182.462,18.2,85,2.1,7.5,100,0.0,0.0,18.9
2026-04-07 22:00:00,22845.91,0.0,22845.91,27673.175,18.1,88,1.9,7.7,100,0.0,0.0,19.0
2026-04-07 23:00:00,10295.747,0.0,10295.747,12863.981,18.0,90,0.9,9.9,8,0.0,0.0,18.8
2026-04-08 00:00:00,10344.946,0.0,10344.946,12922.037,17.7,90,0.0,6.4,100,0.0,0.0,18.9
2026-04-08 01:00:00,10284.335,0.0,10284.335,12850.516,17.8,90,0.1,7.5,100,0.0,0.0,18.8
2026-04-08 02:00:00,10374.79,0.0,10374.79,12957.251,17.0,89,0.6,11.9,100,0.0,0.0,17.0
2026-04-08 03:00:00,10403.823,0.0,10403.823,12991.511,17.3,92,0.2,9.0,100,0.0,0.0,18.0
2026-04-08 04:00:00,10293.898000000001,0.0,10293.898000000001,12861.798999999999,17.2,93,0.0,2.3,15,0.0,0.0,18.9
2026-04-08 05:00:00,17120.397,0.0,17120.397,20917.069,17.2,98,0.0,6.3,100,0.0,0.0,18.7
2026-04-08 06:00:00,19364.425,0.0,19364.425,23565.022,17.1,91,0.9,8.1,100,4.0,0.0,17.7
2026-04-08 07:00:00,19385.223,347.321,19037.901,23589.561999999998,17.8,88,0.4,8.6,55,24.0,0.0,18.4
2026-04-08 08:00:00,19236.619000000002,682.015,18554.603,23414.21,18.5,86,0.2,5.1,30,149.0,28.0,19.9
2026-04-08 09:00:00,19150.194,948.336,18201.86,23312.23,20.6,73,0.0,5.6,38,485.0,304.0,21.6
2026-04-08 10:00:00,19138.669,1087.907,18050.764,23298.631,22.0,64,0.1,4.8,15,645.0,431.0,23.5
2026-04-08 11:00:00,17270.101,1164.902,16105.199,21093.719,23.2,56,0.2,1.3,23,809.0,609.0,26.1
2026-04-08 12:00:00,17147.882,1183.315,15964.568,20949.498,24.4,55,0.0,1.3,36,767.0,524.0,27.2
2026-04-08 13:00:00,17219.444,1182.618,16036.825,21033.946,25.1,52,0.0,2.6,30,804.0,561.0,27.8
2026-04-08 14:00:00,17126.28,1088.458,16037.82,20924.010000000002,25.5,48,0.0,4.6,19,717.0,464.0,27.1
2026-04-08 15:00:00,17111.123,866.2049999999999,16244.917000000001,20906.126,25.3,48,0.0,5.0,23,585.0,401.0,25.8
2026-04-08 16:00:00,17219.453,552.489,16666.961,21033.954,25.2,48,0.2,5.4,39,434.0,282.0,25.5
2026-04-08 17:00:00,17455.341,309.316,17146.024,21312.302,22.3,60,1.2,6.3,46,211.0,100.0,22.7
2026-04-08 18:00:00,22348.643,0.0,22348.643,27086.402000000002,21.8,66,0.0,6.7,1,62.0,15.0,22.6
2026-04-08 19:00:00,22657.485,0.0,22657.485,27450.832,20.6,68,0.0,11.8,9,1.0,0.0,20.3
2026-04-08 20:00:00,22746.332,0.0,22746.332,27555.672,19.8,68,0.0,10.9,3,0.0,0.0,19.4
2026-04-08 21:00:00,22648.929,0.0,22648.929,27440.734,19.1,72,0.0,9.1,1,0.0,0.0,19.0
2026-04-08 22:00:00,22964.466,0.0,22964.466,27813.071,18.7,75,0.0,9.3,0,0.0,0.0,18.7
2026-04-08 23:00:00,10393.092,0.0,10393.092,12978.848,19.3,82,0.0,8.5,3,0.0,0.0,20.1
2026-04-09 00:00:00,10335.331,0.0,10335.331,12910.69,18.8,80,0.0,8.9,5,0.0,0.0,19.3
2026-04-09 01:00:00,10330.569,0.0,10330.569,12905.073,18.3,81,0.0,8.5,2,0.0,0.0,18.7
2026-04-09 02:00:00,10155.069,0.0,10155.069,12697.979,17.7,84,0.0,8.9,0,0.0,0.0,18.1
2026-04-09 03:00:00,10166.018,0.0,10166.018,12710.902,17.2,90,0.0,8.8,0,0.0,0.0,17.8
2026-04-09 04:00:00,10207.897,0.0,10207.897,12760.32,16.8,94,0.0,6.7,4,0.0,0.0,17.8
2026-04-09 05:00:00,17119.389,0.0,17119.389,20915.879,16.1,94,0.0,5.2,2,0.0,0.0,17.0
2026-04-09 06:00:00,19246.985,0.0,19246.985,23426.442,16.9,93,0.0,5.9,16,6.0,0.0,18.0
2026-04-09 07:00:00,19357.215,372.984,18984.232,23556.511,17.9,91,0.0,4.7,35,100.0,33.0,19.4
2026-04-09 08:00:00,19238.046,654.949,18583.098,23415.893,19.5,84,0.0,4.5,10,266.0,126.0,21.2
2026-04-09 09:00:00,19090.168,959.4929999999999,18130.672,23241.395,21.7,76,0.0,3.6,0,514.0,341.0,23.8
2026-04-09 10:00:00,19229.106,1160.514,18068.595,23405.347,23.8,67,0.0,2.5,0,701.0,517.0,27.1
2026-04-09 11:00:00,17240.277000000002,1135.1970000000001,16105.084,21058.527000000002,26.2,46,0.0,1.7,23,829.0,630.0,29.0
2026-04-09 12:00:00,17107.999,1214.731,15893.267,20902.435999999998,27.5,35,0.0,6.4,27,777.0,526.0,28.1
2026-04-09 13:00:00,17184.144,1186.19,15997.956,20992.288,28.2,26,0.0,7.5,3,775.0,524.0,27.7
2026-04-09 14:00:00,17214.551,1111.74,16102.812,21028.171,28.7,25,0.0,8.9,3,729.0,514.0,27.5
2026-04-09 15:00:00,17322.359,918.964,16403.392,21155.383,28.7,23,0.0,11.1,2,641.0,458.0,26.5
2026-04-09 16:00:00,17179.079999999998,621.16,16557.92,20986.311999999998,28.2,23,0.0,12.4,1,483.0,330.0,25.2
2026-04-09 17:00:00,16985.942,323.679,16662.264,20758.41,28.1,31,0.0,4.9,35,268.0,154.0,27.2
2026-04-09 18:00:00,22495.73,0.0,22495.73,27259.963,25.8,51,0.0,3.1,15,71.0,23.0,26.9
2026-04-09 19:00:00,22793.795,0.0,22793.795,27611.678,24.8,52,0.0,2.2,2,1.0,0.0,25.8
2026-04-09 20:00:00,22873.066,0.0,22873.066,27705.219,24.0,54,0.0,2.1,2,0.0,0.0,25.0
2026-04-09 21:00:00,22552.387,0.0,22552.387,27326.814,23.1,55,0.0,2.2,0,0.0,0.0,23.9
2026-04-09 22:00:00,22808.69,0.0,22808.69,27629.256,22.3,49,0.0,11.9,0,0.0,0.0,20.8
2026-04-09 23:00:00,10373.15,0.0,10373.15,12955.319,21.6,55,0.0,6.8,0,0.0,0.0,21.2
2026-04-10 00:00:00,10375.289,0.0,10375.289,12957.839,20.0,63,0.0,5.4,2,0.0,0.0,20.1
2026-04-10 01:00:00,10233.305,0.0,10233.305,12790.301,19.5,64,0.0,5.4,0,0.0,0.0,19.5
2026-04-10 02:00:00,10402.773000000001,0.0,10402.773000000001,12990.271,19.0,66,0.0,5.6,0,0.0,0.0,19.0
2026-04-10 03:00:00,10296.625,0.0,10296.625,12865.015,18.4,69,0.0,5.2,0,0.0,0.0,18.4
2026-04-10 04:00:00,10196.865,0.0,10196.865,12747.301000000001,17.8,69,0.0,6.1,1,0.0,0.0,17.6
2026-04-10 05:00:00,17262.435,0.0,17262.435,21084.671000000002,18.0,70,0.0,8.4,4,0.0,0.0,17.5
2026-04-10 06:00:00,19278.266,0.0,19278.266,23463.355,18.2,69,0.0,9.5,0,7.0,1.0,17.5
2026-04-10 07:00:00,19327.429,353.948,18973.481,23521.367,19.2,66,0.0,8.1,0,119.0,48.0,18.8
2026-04-10 08:00:00,19184.692,672.168,18512.525,23352.937,21.1,59,0.0,9.4,0,322.0,194.0,20.6
2026-04-10 09:00:00,19163.114,912.362,18250.752,23327.476000000002,23.5,49,0.0,11.5,0,535.0,373.0,22.4
2026-04-10 10:00:00,18990.889,1186.1009999999999,17804.79,23124.251,25.5,40,0.0,14.7,0,717.0,532.0,24.5
2026-04-10 11:00:00,17178.178,1166.973,16011.208,20985.252,27.9,33,0.0,14.6,0,847.0,647.0,27.4
2026-04-10 12:00:00,17278.09,1159.666,16118.421,21103.145,29.4,28,0.0,16.5,0,907.0,701.0,28.6
2026-04-10 13:00:00,17013.631,1202.493,15811.136,20791.082,30.4,25,0.0,17.7,0,896.0,692.0,29.1
2026-04-10 14:00:00,17153.63,1023.473,16130.157,20956.284,31.0,22,0.0,18.6,0,816.0,621.0,28.8
2026-04-10 15:00:00,17040.684,857.106,16183.577,20823.006999999998,31.2,21,0.0,19.4,0,673.0,495.0,28.0
2026-04-10 16:00:00,17038.346,600.426,16437.923,20820.251,31.0,20,0.0,19.9,0,482.0,329.0,26.9
2026-04-10 17:00:00,17363.367,320.65000000000003,17042.714,21203.772,31.2,18,0.0,19.0,0,269.0,154.0,27.0
2026-04-10 18:00:00,22507.847,0.0,22507.847,27274.261,29.9,20,0.0,15.3,0,80.0,28.0,26.3
2026-04-10 19:00:00,22496.79,0.0,22496.79,27261.215,28.3,24,0.0,12.8,0,1.0,0.0,25.3
2026-04-10 20:00:00,22770.935,0.0,22770.935,27584.702,26.9,28,0.0,13.6,0,0.0,0.0,24.1
2026-04-10 21:00:00,22757.972999999998,0.0,22757.972999999998,27569.409,26.2,31,0.0,15.3,0,0.0,0.0,23.3
2026-04-10 22:00:00,22560.206,0.0,22560.206,27336.043,25.7,32,0.0,14.6,0,0.0,0.0,23.0
2026-04-10 23:00:00,10233.024,0.0,10233.024,12789.969000000001,25.7,34,0.0,14.2,0,0.0,0.0,23.3
2026-04-11 00:00:00,9030.892,0.0,9030.892,11371.454,25.1,37,0.0,13.2,0,0.0,0.0,22.9
2026-04-11 01:00:00,8995.62,0.0,8995.62,11329.833,24.4,39,0.0,12.6,2,0.0,0.0,22.4
2026-04-11 02:00:00,8960.344000000001,0.0,8960.344000000001,11288.206,23.8,41,0.0,12.2,2,0.0,0.0,22.0
2026-04-11 03:00:00,8914.49,0.0,8914.49,11234.099,22.8,44,0.0,9.2,45,0.0,0.0,21.4
2026-04-11 04:00:00,9012.833,0.0,9012.833,11350.142,22.2,46,0.0,9.4,32,0.0,0.0,20.8
2026-04-11 05:00:00,14888.498,0.0,14888.498,18283.428,21.9,50,0.0,9.2,3,0.0,0.0,20.8
2026-04-11 06:00:00,16867.51,0.0,16867.51,20618.663,21.7,52,0.0,9.6,1,8.0,1.0,20.7
2026-04-11 07:00:00,16811.904,306.26599999999996,16505.638,20553.047,22.9,49,0.0,7.4,8,118.0,47.0,22.3
2026-04-11 08:00:00,16912.033,589.748,16322.285,20671.199,25.0,43,0.0,8.7,0,312.0,183.0,24.2
2026-04-11 09:00:00,16659.568,849.433,15810.134,20373.289,27.5,35,0.0,10.1,0,522.0,362.0,26.2
2026-04-11 10:00:00,16775.997,991.753,15784.246,20510.677,29.4,30,0.0,11.3,28,704.0,522.0,28.6
2026-04-11 11:00:00,15019.348,1018.974,14000.376,18437.832,31.1,27,0.0,11.7,22,786.0,552.0,30.7
2026-04-11 12:00:00,14843.507,1003.11,13840.396,18230.338,32.6,23,0.0,11.9,100,831.0,548.0,32.1
2026-04-11 13:00:00,14823.5,1008.498,13815.001,18206.731,32.6,22,0.0,14.3,32,642.0,299.0,30.5
2026-04-11 14:00:00,15155.247,913.328,14241.921,18598.192,32.9,21,0.0,13.9,95,685.0,422.0,30.9
2026-04-11 15:00:00,15067.354,760.149,14307.203,18494.476,32.7,21,0.0,12.5,27,521.0,288.0,30.1
2026-04-11 16:00:00,14921.095000000001,513.987,14407.105,18321.888,32.4,21,0.0,14.2,37,447.0,280.0,29.6
2026-04-11 17:00:00,14822.593,279.026,14543.567,18205.658,32.2,19,0.0,13.4,33,230.0,113.0,29.1
2026-04-11 18:00:00,19877.848,0.0,19877.848,24170.859,30.8,23,0.0,9.1,52,73.0,22.0,28.8
2026-04-11 19:00:00,19705.243,0.0,19705.243,23967.188,29.1,29,0.0,7.9,91,1.0,0.0,27.7
2026-04-11 20:00:00,19765.484,0.0,19765.484,24038.269,28.3,31,0.0,7.3,6,0.0,0.0,27.0
2026-04-11 21:00:00,19659.650999999998,0.0,19659.650999999998,23913.39,27.4,33,0.0,5.2,12,0.0,0.0,26.4
2026-04-11 22:00:00,19459.527,0.0,19459.527,23677.240999999998,26.8,33,0.0,4.4,12,0.0,0.0,25.9
2026-04-11 23:00:00,9015.764,0.0,9015.764,11353.601,27.7,34,0.0,8.6,48,0.0,0.0,26.5
2026-04-12 00:00:00,8916.544,0.0,8916.544,11236.521,26.2,38,0.0,9.1,18,0.0,0.0,25.0
2026-04-12 01:00:00,9063.026,0.0,9063.026,11409.374,25.3,40,0.0,8.6,34,0.0,0.0,24.2
2026-04-12 02:00:00,8973.503,0.0,8973.503,11303.732,24.6,41,0.0,4.0,49,0.0,0.0,24.1
2026-04-12 03:00:00,8983.622,0.0,8983.622,11315.671,24.2,44,0.0,2.1,4,0.0,0.0,24.2
2026-04-12 04:00:00,8950.261,0.0,8950.261,11276.309000000001,23.4,44,0.0,3.1,2,0.0,0.0,23.1
2026-04-12 05:00:00,14932.482,0.0,14932.482,18335.328,23.0,53,0.0,3.0,0,0.0,0.0,23.4
2026-04-12 06:00:00,16590.081000000002,0.0,16590.081000000002,20291.296,23.2,52,0.0,6.2,0,9.0,1.0,23.2
2026-04-12 07:00:00,16926.083,316.515,16609.572,20687.779,24.2,50,0.0,7.3,0,125.0,51.0,24.1
2026-04-12 08:00:00,16673.942,569.4060000000001,16104.537,20390.252,26.2,42,0.0,6.9,0,327.0,199.0,25.9
2026-04-12 09:00:00,16610.57,892.322,15718.25,20315.472,28.6,35,0.0,8.9,0,537.0,375.0,27.8
2026-04-12 10:00:00,17014.286,1004.95,16009.337,20791.859,30.7,27,0.0,11.5,0,718.0,532.0,29.8
2026-04-12 11:00:00,14918.247,974.646,13943.597,18318.531,32.2,23,0.0,12.1,0,847.0,647.0,31.7
2026-04-12 12:00:00,14727.925,1070.624,13657.301,18093.95,33.2,21,0.0,12.0,0,907.0,701.0,33.0
2026-04-12 13:00:00,14965.874,996.367,13969.507,18374.73,33.9,20,0.0,12.8,0,898.0,693.0,33.3
2026-04-12 14:00:00,14876.796,881.615,13995.181999999999,18269.619,34.2,18,0.0,14.1,0,818.0,622.0,32.6
2026-04-12 15:00:00,14865.374,787.9549999999999,14077.418,18256.139,34.0,17,0.0,14.9,0,676.0,497.0,31.4
2026-04-12 16:00:00,15026.285,518.756,14507.53,18446.014,33.6,16,0.0,15.8,0,486.0,332.0,29.9
2026-04-12 17:00:00,14919.164999999999,284.174,14634.991,18319.615,33.6,16,0.0,16.2,0,273.0,156.0,29.9
2026-04-12 18:00:00,19776.134000000002,0.0,19776.134000000002,24050.839,32.5,16,0.0,12.6,0,82.0,28.0,29.2
2026-04-12 19:00:00,19661.867,0.0,19661.867,23916.004,30.9,18,0.0,9.4,0,1.0,0.0,28.1
2026-04-12 20:00:00,19699.867000000002,0.0,19699.867000000002,23960.844,29.4,21,0.0,8.6,0,0.0,0.0,26.9
2026-04-12 21:00:00,19591.198,0.0,19591.198,23832.616,28.0,24,0.0,6.8,0,0.0,0.0,26.0
2026-04-12 22:00:00,19912.252,0.0,19912.252,24211.456,26.5,28,0.0,5.6,0,0.0,0.0,24.8
2026-04-12 23:00:00,9025.589,0.0,9025.589,11365.198,26.4,30,0.0,7.8,0,0.0,0.0,24.5
2026-04-13 00:00:00,10376.021999999999,0.0,10376.021999999999,12958.707,25.4,32,0.0,6.5,0,0.0,0.0,23.8
2026-04-13 01:00:00,10287.812,0.0,10287.812,12854.618999999999,24.8,33,0.0,6.7,1,0.0,0.0,23.2
2026-04-13 02:00:00,10280.186,0.0,10280.186,12845.619,23.9,36,0.0,6.1,18,0.0,0.0,22.4
2026-04-13 03:00:00,10286.861,0.0,10286.861,12853.498,23.2,37,0.0,6.2,0,0.0,0.0,21.7
2026-04-13 04:00:00,10197.211,0.0,10197.211,12747.708,22.5,39,0.0,5.7,3,0.0,0.0,21.1
2026-04-13 05:00:00,17158.013,0.0,17158.013,20961.454,21.9,55,0.0,5.5,0,0.0,0.0,21.8
2026-04-13 06:00:00,19113.341,0.0,19113.341,23268.742,21.8,52,0.0,4.8,5,10.0,1.0,21.6
2026-04-13 07:00:00,19228.939,347.157,18881.779000000002,23405.146,23.5,46,0.0,5.8,0,127.0,52.0,23.0
2026-04-13 08:00:00,19049.644,681.843,18367.802,23193.582000000002,25.5,40,0.0,6.8,0,332.0,203.0,24.7
2026-04-13 09:00:00,19147.982,963.087,18184.899,23309.621,27.7,34,0.0,7.1,0,545.0,382.0,26.8
2026-04-13 10:00:00,19385.529,1163.303,18222.225,23589.922,30.0,26,0.0,9.2,0,726.0,539.0,29.2
2026-04-13 11:00:00,17060.542,1188.862,15871.684,20846.441,31.9,23,0.0,11.6,0,854.0,653.0,31.3
2026-04-13 12:00:00,17275.192,1197.287,16077.906,21099.728,33.3,19,0.0,13.2,0,916.0,708.0,32.5
2026-04-13 13:00:00,17186.896,1231.789,15955.103000000001,20995.538,34.0,17,0.0,14.9,16,906.0,699.0,32.6
2026-04-13 14:00:00,17270.142,1044.687,16225.457,21093.769,34.4,16,0.0,14.8,27,826.0,627.0,32.4
2026-04-13 15:00:00,17071.566,830.967,16240.598,20859.447,34.5,15,0.0,14.2,0,682.0,498.0,31.8
2026-04-13 16:00:00,17246.482,603.617,16642.864,21065.847999999998,34.1,15,0.0,14.7,0,492.0,335.0,30.5
2026-04-13 17:00:00,17085.359,294.146,16791.215,20875.724,34.6,13,0.0,14.9,0,276.0,158.0,30.7
2026-04-13 18:00:00,22528.684,0.0,22528.684,27298.847999999998,33.2,15,0.0,10.9,20,84.0,29.0,30.0
2026-04-13 19:00:00,22535.218,0.0,22535.218,27306.558,31.4,18,0.0,7.9,100,2.0,0.0,28.8
2026-04-13 20:00:00,22943.656,0.0,22943.656,27788.516,30.4,19,0.0,7.7,100,0.0,0.0,27.8
2026-04-13 21:00:00,22515.819,0.0,22515.819,27283.666,29.6,20,0.0,9.3,86,0.0,0.0,26.8
2026-04-13 22:00:00,22592.173,0.0,22592.173,27373.767,28.8,19,0.0,9.2,48,0.0,0.0,25.8
2026-04-13 23:00:00,10184.28,0.0,10184.28,12732.451,27.0,25,0.0,5.8,17,0.0,0.0,25.0
2026-04-14 00:00:00,10476.781,0.0,10476.781,13077.604,25.7,29,0.0,5.3,4,0.0,0.0,23.9
2026-04-14 01:00:00,10239.965,0.0,10239.965,12798.157,25.0,32,0.0,5.7,0,0.0,0.0,23.5
2026-04-14 02:00:00,10256.482,0.0,10256.482,12817.65,23.9,39,0.0,5.0,0,0.0,0.0,22.9
2026-04-14 03:00:00,10323.649,0.0,10323.649,12896.905999999999,23.3,43,0.0,4.0,0,0.0,0.0,22.7
2026-04-14 04:00:00,10376.883,0.0,10376.883,12959.722,23.0,44,0.0,3.8,0,0.0,0.0,22.5
2026-04-14 05:00:00,17198.075,0.0,17198.075,21008.73,23.0,48,0.0,3.6,0,0.0,0.0,22.8
2026-04-14 06:00:00,19047.564,0.0,19047.564,23191.126,23.3,47,0.0,2.2,0,10.0,1.0,23.4
2026-04-14 07:00:00,19276.012,352.71500000000003,18923.296,23460.695,25.7,39,0.0,5.6,2,128.0,53.0,25.1
2026-04-14 08:00:00,19223.357,668.0,18555.36,23398.562,28.4,32,0.0,4.2,0,328.0,198.0,27.8
2026-04-14 09:00:00,19379.225,970.4449999999999,18408.778000000002,23582.486,31.2,25,0.0,5.0,0,537.0,373.0,30.1
2026-04-14 10:00:00,19348.853,1168.42,18180.436,23546.647,33.8,18,0.0,5.2,0,716.0,528.0,33.0
2026-04-14 11:00:00,17229.737,1148.019,16081.717999999999,21046.091,35.3,14,0.0,7.8,0,842.0,640.0,34.5
2026-04-14 12:00:00,17034.606,1150.942,15883.664999999999,20815.835,36.7,13,0.0,9.2,0,904.0,695.0,36.0
2026-04-14 13:00:00,17211.619,1180.542,16031.078,21024.713,37.3,13,0.0,11.2,0,893.0,686.0,36.3
2026-04-14 14:00:00,17160.811,1056.18,16104.632,20964.755,37.5,13,0.0,12.1,3,812.0,614.0,35.9
2026-04-14 15:00:00,17117.599000000002,858.708,16258.893,20913.768,37.4,13,0.0,12.4,23,671.0,490.0,34.9
2026-04-14 16:00:00,17186.292,575.717,16610.573,20994.825,36.8,14,0.0,12.6,6,449.0,284.0,33.6
2026-04-14 17:00:00,17284.631,328.036,16956.595,21110.865999999998,36.6,13,0.0,12.3,6,258.0,141.0,33.3
2026-04-14 18:00:00,22541.148,0.0,22541.148,27313.555,35.0,15,0.0,8.6,13,82.0,27.0,32.5
2026-04-14 19:00:00,22657.333,0.0,22657.333,27450.650999999998,33.6,18,0.0,6.1,16,2.0,0.0,31.7
2026-04-14 20:00:00,22724.53,0.0,22724.53,27529.944,32.8,19,0.0,5.3,27,0.0,0.0,30.9
2026-04-14 21:00:00,22800.557,0.0,22800.557,27619.659,32.4,19,0.0,10.0,9,0.0,0.0,29.8
2026-04-14 22:00:00,22772.469,0.0,22772.469,27586.513,30.2,21,0.0,7.0,2,0.0,0.0,28.0
2026-04-14 23:00:00,10348.836,0.0,10348.836,12926.628,28.9,26,0.0,5.2,29,0.0,0.0,27.4
2026-04-15 00:00:00,10231.886999999999,0.0,10231.886999999999,12788.624,27.5,28,0.0,4.1,33,0.0,0.0,26.3
2026-04-15 01:00:00,10262.504,0.0,10262.504,12824.756,26.9,30,0.0,4.0,7,0.0,0.0,25.7
2026-04-15 02:00:00,10352.183,0.0,10352.183,12930.576000000001,26.0,31,0.0,4.3,0,0.0,0.0,24.7
2026-04-15 03:00:00,10368.378,0.0,10368.378,12949.689,25.1,33,0.0,5.2,0,0.0,0.0,23.7
2026-04-15 04:00:00,10303.443,0.0,10303.443,12873.063,24.2,35,0.0,5.0,0,0.0,0.0,22.8
2026-04-15 05:00:00,17333.38,0.0,17333.38,21168.385,24.0,43,0.0,3.8,0,0.0,0.0,23.6
2026-04-15 06:00:00,19128.553,0.0,19128.553,23286.69,23.7,43,0.0,3.9,0,11.0,2.0,23.2
2026-04-15 07:00:00,19370.002,350.526,19019.475,23571.601,26.0,36,0.0,5.9,0,134.0,56.0,25.1
2026-04-15 08:00:00,19196.298,629.0160000000001,18567.281,23366.63,28.8,30,0.0,4.3,0,339.0,208.0,28.0
2026-04-15 09:00:00,19224.21,997.935,18226.271,23399.566,32.0,23,0.0,5.7,0,552.0,386.0,30.7
2026-04-15 10:00:00,19438.175,1179.497,18258.678,23652.05,34.9,17,0.0,7.5,0,731.0,542.0,33.9
2026-04-15 11:00:00,17062.134,1112.44,15949.692,20848.319,36.6,13,0.0,11.1,0,858.0,655.0,35.2
2026-04-15 12:00:00,17083.312,1205.002,15878.316,20873.307,38.0,11,0.0,11.9,0,920.0,711.0,36.6
2026-04-15 13:00:00,17188.485,1129.531,16058.954,20997.411,38.6,10,0.0,13.1,20,910.0,701.0,36.7
2026-04-15 14:00:00,17361.894,1027.752,16334.143,21202.035,38.7,10,0.0,14.1,2,829.0,629.0,36.2
2026-04-15 15:00:00,17275.323,864.303,16411.02,21099.88,38.4,10,0.0,14.6,10,684.0,501.0,35.0
2026-04-15 16:00:00,17228.388,592.415,16635.975,21044.499,37.8,10,0.0,14.3,34,492.0,335.0,33.8
2026-04-15 17:00:00,17011.113,313.288,16697.827,20788.115,37.5,11,0.0,14.7,0,277.0,159.0,33.4
2026-04-15 18:00:00,22751.025,0.0,22751.025,27561.208,36.2,12,0.0,12.6,0,86.0,30.0,32.6
2026-04-15 19:00:00,22509.421000000002,0.0,22509.421000000002,27276.114,34.8,13,0.0,10.5,0,2.0,0.0,31.6
2026-04-15 20:00:00,22640.405,0.0,22640.405,27430.679,33.9,14,0.0,7.5,0,0.0,0.0,31.1
2026-04-15 21:00:00,22775.145,0.0,22775.145,27589.673000000003,32.5,16,0.0,6.6,0,0.0,0.0,30.0
2026-04-15 22:00:00,22797.643,0.0,22797.643,27616.218,30.5,20,0.0,5.0,0,0.0,0.0,28.4
2026-04-15 23:00:00,10358.423,0.0,10358.423,12937.94,29.2,24,0.0,5.6,0,0.0,0.0,27.4
2026-04-16 00:00:00,10282.856,0.0,10282.856,12848.771,28.5,25,0.0,2.4,7,0.0,0.0,27.3
2026-04-16 01:00:00,10266.236,0.0,10266.236,12829.159,27.6,27,0.0,2.8,10,0.0,0.0,26.4
2026-04-16 02:00:00,10277.706,0.0,10277.706,12842.692,26.9,29,0.0,2.5,0,0.0,0.0,25.8
2026-04-16 03:00:00,10252.131,0.0,10252.131,12812.514,26.4,31,0.0,2.6,12,0.0,0.0,25.5
2026-04-16 04:00:00,10323.05,0.0,10323.05,12896.201,26.2,32,0.0,1.8,58,0.0,0.0,25.4
2026-04-16 05:00:00,17109.039,0.0,17109.039,20903.667999999998,26.7,41,0.0,0.6,0,0.0,0.0,27.3
2026-04-16 06:00:00,19433.54,0.0,19433.54,23646.578,26.7,37,0.0,0.7,0,12.0,2.0,26.8
2026-04-16 07:00:00,19199.464,350.206,18849.261,23370.37,28.7,31,0.0,1.5,0,136.0,57.0,28.5
2026-04-16 08:00:00,19240.937,662.357,18578.582,23419.307,31.2,26,0.0,0.6,1,339.0,207.0,30.9
2026-04-16 09:00:00,19251.243,954.253,18296.992000000002,23431.466,33.9,21,0.0,0.9,36,548.0,382.0,33.2
2026-04-16 10:00:00,19194.891,1155.645,18039.245,23364.972,35.9,17,0.0,3.0,33,725.0,534.0,35.8
2026-04-16 11:00:00,17168.604,1139.484,16029.115,20973.952,37.4,14,0.0,4.8,67,847.0,639.0,37.5
2026-04-16 12:00:00,17010.708,1204.293,15806.414,20787.638,39.4,10,0.0,8.4,85,908.0,688.0,38.6
2026-04-16 13:00:00,17222.369,1228.702,15993.667,21037.395,39.9,9,0.0,11.4,13,901.0,686.0,38.3
2026-04-16 14:00:00,17188.278,1039.755,16148.521999999999,20997.169,39.8,10,0.0,12.2,24,824.0,621.0,37.8
2026-04-16 15:00:00,17347.056,833.4,16513.655,21184.525,39.8,10,0.0,13.1,100,677.0,493.0,37.0
2026-04-16 16:00:00,16915.971,624.823,16291.146999999999,20675.847,38.9,11,0.0,14.3,100,437.0,236.0,35.3
2026-04-16 17:00:00,17273.013,307.898,16965.116,21097.154000000002,38.9,10,0.0,12.2,100,241.0,93.0,35.4
2026-04-16 18:00:00,22473.142,0.0,22473.142,27233.309,37.6,12,0.0,9.3,100,76.0,13.0,34.7
2026-04-16 19:00:00,22436.856,0.0,22436.856,27190.493,35.6,15,0.0,4.7,99,2.0,0.0,33.7
2026-04-16 20:00:00,22275.375,0.0,22275.375,26999.943,34.0,18,0.0,8.4,77,0.0,0.0,31.9
2026-04-16 21:00:00,22965.175,0.0,22965.175,27813.905,32.3,23,0.0,5.9,98,0.0,0.0,31.0
2026-04-16 22:00:00,22336.137,0.0,22336.137,27071.642,30.2,29,0.0,3.7,100,0.0,0.0,29.7
2026-04-16 23:00:00,10383.258,0.0,10383.258,12967.245,30.6,27,0.0,5.9,98,0.0,0.0,29.6
2026-04-17 00:00:00,10159.571,0.0,10159.571,12703.291,29.4,28,0.0,5.8,100,0.0,0.0,28.2
2026-04-17 01:00:00,10298.189,0.0,10298.189,12866.862000000001,28.4,29,0.0,4.8,100,0.0,0.0,27.4
2026-04-17 02:00:00,10373.428,0.0,10373.428,12955.645,28.1,31,0.0,3.1,83,0.0,0.0,27.5
2026-04-17 03:00:00,10395.558,0.0,10395.558,12981.758,27.7,31,0.0,4.0,82,0.0,0.0,26.8
2026-04-17 04:00:00,10342.839,0.0,10342.839,12919.548,26.9,32,0.0,2.7,98,0.0,0.0,26.2
2026-04-17 05:00:00,16987.315,0.0,16987.315,20760.032,26.3,36,0.0,6.7,95,0.0,0.0,25.4
2026-04-17 06:00:00,19186.488,0.0,19186.488,23355.057,27.9,31,0.0,5.0,99,12.0,1.0,27.0
2026-04-17 07:00:00,19279.549,355.499,18924.05,23464.868,29.9,27,0.0,9.2,100,104.0,30.0,28.3
2026-04-17 08:00:00,19143.346,640.602,18502.742,23304.148,33.1,22,0.0,6.8,100,298.0,138.0,31.8
2026-04-17 09:00:00,19234.467,921.574,18312.891,23411.666,35.4,18,0.0,7.8,100,404.0,168.0,33.6
2026-04-17 10:00:00,19535.046,1201.408,18333.637,23766.352,37.1,16,0.0,9.2,100,550.0,238.0,34.9
2026-04-17 11:00:00,17120.875,1125.867,15995.01,20917.632,39.3,13,0.0,7.3,100,533.0,184.0,37.0
2026-04-17 12:00:00,17278.824,1223.2060000000001,16055.618,21104.011000000002,38.8,12,0.0,8.9,98,575.0,199.0,36.2
2026-04-17 13:00:00,17140.77,1167.61,15973.158,20941.107,39.8,12,0.0,8.8,55,732.0,440.0,38.2
2026-04-17 14:00:00,17236.881999999998,989.931,16246.949999999999,21054.521,40.2,11,0.0,11.2,67,731.0,457.0,38.2
2026-04-17 15:00:00,17273.023,853.332,16419.690000000002,21097.164,39.1,13,0.0,14.8,98,508.0,251.0,35.8
2026-04-17 16:00:00,17031.990999999998,604.955,16427.036,20812.749,38.3,15,0.0,14.4,44,343.0,117.0,35.5
2026-04-17 17:00:00,17224.449,293.139,16931.313000000002,21039.853,33.6,27,0.0,6.6,28,220.0,89.0,33.2
2026-04-17 18:00:00,22601.311999999998,0.0,22601.311999999998,27384.549,32.8,28,0.0,12.9,30,78.0,21.0,31.5
2026-04-17 19:00:00,22860.407,0.0,22860.407,27690.279,31.4,30,0.0,9.3,13,2.0,0.0,30.5
2026-04-17 20:00:00,22748.7,0.0,22748.7,27558.464,30.5,30,0.0,8.4,38,0.0,0.0,29.6
2026-04-17 21:00:00,22574.516,0.0,22574.516,27352.93,29.7,32,0.0,6.9,5,0.0,0.0,29.0
2026-04-17 22:00:00,22741.886,0.0,22741.886,27550.425,29.1,32,0.0,5.0,0,0.0,0.0,28.5
2026-04-17 23:00:00,10419.437,0.0,10419.437,13009.936,28.5,38,0.0,5.2,0,0.0,0.0,28.6
2026-04-18 00:00:00,9014.373,0.0,9014.373,11351.964,27.7,39,0.0,5.7,1,0.0,0.0,27.6
2026-04-18 01:00:00,9020.479,0.0,9020.479,11359.163,26.7,44,0.0,2.5,61,0.0,0.0,27.4
2026-04-18 02:00:00,8969.4,0.0,8969.4,11298.893,26.8,43,0.0,0.9,32,0.0,0.0,27.6
2026-04-18 03:00:00,9016.648,0.0,9016.648,11354.644,26.2,42,0.0,5.7,96,0.0,0.0,26.0
2026-04-18 04:00:00,9028.298,0.0,9028.298,11368.391,25.2,45,0.0,4.8,31,0.0,0.0,25.2
2026-04-18 05:00:00,15067.771,0.0,15067.771,18494.971,25.3,52,0.0,5.8,16,0.0,0.0,26.0
2026-04-18 06:00:00,16790.183,0.0,16790.183,20527.413,25.0,55,0.0,5.7,38,13.0,2.0,25.9
2026-04-18 07:00:00,16944.136000000002,317.438,16626.698,20709.078999999998,26.2,52,0.0,4.6,19,134.0,54.0,27.4
2026-04-18 08:00:00,16736.956,574.228,16162.729,20464.608,29.0,44,0.0,4.3,2,332.0,197.0,30.1
2026-04-18 09:00:00,16741.13,770.467,15970.663,20469.534,32.1,34,0.0,5.1,16,537.0,369.0,32.7
2026-04-18 10:00:00,16727.904,962.296,15765.608,20453.927,34.9,27,0.0,5.7,44,712.0,520.0,36.0
2026-04-18 11:00:00,14850.206,1013.513,13836.693000000001,18238.245,36.8,22,0.0,7.3,8,836.0,627.0,37.8
2026-04-18 12:00:00,14964.108,1077.325,13886.782000000001,18372.647,39.0,16,0.0,9.9,0,898.0,685.0,39.2
2026-04-18 13:00:00,14972.728000000001,1041.127,13931.602,18382.821,39.8,14,0.0,10.6,1,890.0,677.0,39.6
2026-04-18 14:00:00,14930.077,900.206,14029.87,18332.493,40.2,13,0.0,11.4,3,811.0,607.0,39.0
2026-04-18 15:00:00,14966.882,762.875,14204.008,18375.922,40.0,13,0.0,11.4,3,669.0,482.0,37.9
2026-04-18 16:00:00,15009.802,534.3100000000001,14475.491,18426.567,39.5,15,0.0,10.3,13,482.0,322.0,37.3
2026-04-18 17:00:00,14847.339,272.414,14574.925000000001,18234.86,39.0,13,0.0,7.5,7,271.0,151.0,36.8
2026-04-18 18:00:00,19887.939,0.0,19887.939,24182.768,37.9,13,0.0,6.8,98,87.0,29.0,35.7
2026-04-18 19:00:00,19645.621,0.0,19645.621,23896.833,35.8,15,0.0,5.0,100,2.0,0.0,33.9
2026-04-18 20:00:00,20082.225,0.0,20082.225,24412.025999999998,34.5,18,0.0,4.8,98,0.0,0.0,32.9
2026-04-18 21:00:00,20035.418,0.0,20035.418,24356.794,33.3,21,0.0,4.2,98,0.0,0.0,32.0
2026-04-18 22:00:00,19632.652000000002,0.0,19632.652000000002,23881.53,32.4,22,0.0,4.0,86,0.0,0.0,31.2
2026-04-18 23:00:00,8957.847,0.0,8957.847,11285.26,32.5,23,0.0,2.8,91,0.0,0.0,31.7
2026-04-19 00:00:00,8819.57,0.0,8819.57,11122.093,30.5,25,0.0,5.0,100,0.0,0.0,29.3
2026-04-19 01:00:00,8972.757,0.0,8972.757,11302.853,29.5,26,0.0,4.7,88,0.0,0.0,28.3
2026-04-19 02:00:00,8925.026,0.0,8925.026,11246.532,28.5,28,0.0,5.2,48,0.0,0.0,27.3
2026-04-19 03:00:00,8850.642,0.0,8850.642,11158.76,27.4,31,0.0,5.2,95,0.0,0.0,26.2
2026-04-19 04:00:00,9056.278,0.0,9056.278,11401.412,26.3,34,0.0,4.5,100,0.0,0.0,25.4
2026-04-19 05:00:00,14678.779999999999,0.0,14678.779999999999,18035.958,26.0,43,0.0,5.5,99,0.0,0.0,25.9
2026-04-19 06:00:00,16797.72,0.0,16797.72,20536.311,26.6,42,0.0,5.7,100,14.0,1.0,26.6
2026-04-19 07:00:00,16664.788,309.79,16355.0,20379.449,28.2,38,0.0,4.9,100,104.0,12.0,28.3
2026-04-19 08:00:00,16716.17,578.519,16137.648,20440.081,31.4,31,0.0,4.7,70,286.0,110.0,31.4
2026-04-19 09:00:00,16625.768,841.787,15783.979,20333.406,34.3,26,0.0,6.3,82,525.0,326.0,33.9
2026-04-19 10:00:00,16865.028,1039.691,15825.338,20615.733,36.8,22,0.0,6.1,81,710.0,498.0,37.3
2026-04-19 11:00:00,14945.675,1000.6260000000001,13945.051,18350.894,39.1,14,0.0,9.8,68,814.0,560.0,38.4
2026-04-19 12:00:00,14770.794,964.3679999999999,13806.427,18144.533,40.1,12,0.0,11.2,90,863.0,616.0,39.2
2026-04-19 13:00:00,14879.754,975.102,13904.652,18273.112,39.2,12,0.0,18.1,98,696.0,385.0,36.0
2026-04-19 14:00:00,14899.891,941.486,13958.404999999999,18296.873,39.5,11,0.0,11.8,95,592.0,273.0,36.6
2026-04-19 15:00:00,14922.197,712.582,14209.616,18323.192,39.8,11,0.0,10.4,98,629.0,402.0,37.3
2026-04-19 16:00:00,14878.409,524.432,14353.977,18271.523,38.7,12,0.0,13.2,99,426.0,210.0,35.5
2026-04-19 17:00:00,15077.131000000001,283.586,14793.548,18506.015,38.6,11,0.0,13.7,15,223.0,67.0,34.9
2026-04-19 18:00:00,19464.382999999998,0.0,19464.382999999998,23682.971,37.5,12,0.0,9.3,7,81.0,24.0,34.5
2026-04-19 19:00:00,19734.176,0.0,19734.176,24001.33,35.5,14,0.0,4.9,0,2.0,0.0,33.3
2026-04-19 20:00:00,19788.219,0.0,19788.219,24065.099,34.1,16,0.0,4.5,0,0.0,0.0,32.2
2026-04-19 21:00:00,19972.204,0.0,19972.204,24282.2,33.8,16,0.0,8.2,0,0.0,0.0,31.2
2026-04-19 22:00:00,19721.247,0.0,19721.247,23986.074,32.7,17,0.0,11.2,0,0.0,0.0,29.7
2026-04-19 23:00:00,9005.437,0.0,9005.437,11341.415,31.1,22,0.0,8.5,0,0.0,0.0,29.1
2026-04-20 00:00:00,10270.916,0.0,10270.916,12834.678,30.2,25,0.0,7.2,0,0.0,0.0,28.5
2026-04-20 01:00:00,10328.245,0.0,10328.245,12902.329,29.2,27,0.0,7.0,0,0.0,0.0,27.7
2026-04-20 02:00:00,10367.018,0.0,10367.018,12948.082,28.1,30,0.0,5.3,0,0.0,0.0,26.9
2026-04-20 03:00:00,10140.038,0.0,10140.038,12680.244,27.5,31,0.0,5.4,0,0.0,0.0,26.4
2026-04-20 04:00:00,10452.592,0.0,10452.592,13049.062,26.7,33,0.0,5.2,0,0.0,0.0,25.8
2026-04-20 05:00:00,17198.446,0.0,17198.446,21009.165,26.8,41,0.0,7.3,0,0.0,0.0,26.4
2026-04-20 06:00:00,19132.728,0.0,19132.728,23291.621,27.0,42,0.0,8.0,0,15.0,2.0,26.7
2026-04-20 07:00:00,19049.75,337.892,18711.859,23193.705,28.3,39,0.0,6.2,0,141.0,57.0,28.3
2026-04-20 08:00:00,19089.007,680.235,18408.773,23240.03,30.4,35,0.0,6.0,0,340.0,202.0,30.5
2026-04-20 09:00:00,19419.176,994.302,18424.874,23629.629,33.5,28,0.0,6.5,0,546.0,373.0,33.3
2026-04-20 10:00:00,19190.636,1205.237,17985.398,23359.95,36.4,19,0.0,9.8,0,721.0,524.0,35.7
2026-04-20 11:00:00,17268.0,1192.803,16075.2,21091.241,38.0,15,0.0,10.7,6,845.0,633.0,37.3
2026-04-20 12:00:00,17405.403,1201.1,16204.3,21253.374,39.2,13,0.0,11.9,12,870.0,644.0,38.0
2026-04-20 13:00:00,17461.947,1120.771,16341.177,21320.097999999998,39.6,11,0.0,15.6,46,861.0,629.0,37.3
2026-04-20 14:00:00,17114.789,1049.067,16065.722,20910.449,38.9,11,0.0,16.1,19,653.0,378.0,35.3
2026-04-20 15:00:00,17079.362,815.148,16264.214,20868.647,38.9,10,0.0,15.9,15,643.0,442.0,35.3
2026-04-20 16:00:00,17326.59,596.028,16730.561999999998,21160.375,38.4,11,0.0,15.5,1,476.0,309.0,34.5
2026-04-20 17:00:00,17251.547,317.755,16933.791,21071.828,37.8,12,0.0,16.5,1,273.0,150.0,33.9
2026-04-20 18:00:00,22824.175,0.0,22824.175,27647.529,36.5,14,0.0,14.2,0,88.0,28.0,33.0
2026-04-20 19:00:00,22818.852,0.0,22818.852,27641.247,34.8,15,0.0,12.2,0,3.0,0.0,31.6
2026-04-20 20:00:00,22710.695,0.0,22710.695,27513.619,33.4,15,0.0,9.5,0,0.0,0.0,30.4
2026-04-20 21:00:00,22454.625,0.0,22454.625,27211.461,31.9,16,0.0,8.0,0,0.0,0.0,29.0
2026-04-20 22:00:00,22629.014,0.0,22629.014,27417.238999999998,30.8,17,0.0,7.6,9,0.0,0.0,28.0
2026-04-20 23:00:00,10296.381,0.0,10296.381,12864.729000000001,30.1,17,0.0,7.4,100,0.0,0.0,27.3
2026-04-21 00:00:00,10418.38,0.0,10418.38,13008.689,29.9,15,0.0,9.4,17,0.0,0.0,26.4
2026-04-21 01:00:00,10322.635,0.0,10322.635,12895.71,28.8,16,0.0,6.9,0,0.0,0.0,25.7
2026-04-21 02:00:00,10332.460000000001,0.0,10332.460000000001,12907.305,27.3,18,0.0,5.7,0,0.0,0.0,24.5
2026-04-21 03:00:00,10255.958,0.0,10255.958,12817.03,26.7,19,0.0,5.6,0,0.0,0.0,23.9
2026-04-21 04:00:00,10249.341,0.0,10249.341,12809.222,26.0,21,0.0,5.3,0,0.0,0.0,23.3
2026-04-21 05:00:00,16934.063000000002,0.0,16934.063000000002,20697.195,26.2,26,0.0,5.4,0,0.0,0.0,24.2
2026-04-21 06:00:00,19099.709,0.0,19099.709,23252.656,26.4,25,0.0,5.1,0,16.0,2.0,24.3
2026-04-21 07:00:00,19377.514,349.79,19027.724,23580.466,27.9,24,0.0,7.9,0,144.0,59.0,25.6
2026-04-21 08:00:00,19119.662,650.932,18468.729,23276.201,30.4,21,0.0,7.6,0,344.0,204.0,28.2
2026-04-21 09:00:00,19193.73,897.6370000000001,18296.091,23363.598,33.1,19,0.0,7.9,0,550.0,374.0,31.0
2026-04-21 10:00:00,19194.216,1175.17,18019.049,23364.174,35.5,17,0.0,10.3,0,726.0,526.0,34.2
2026-04-21 11:00:00,17310.677,1185.387,16125.29,21141.599,37.3,14,0.0,15.9,0,851.0,635.0,35.3
2026-04-21 12:00:00,17049.042,1183.39,15865.653,20832.868,38.3,13,0.0,18.4,0,911.0,688.0,36.1
2026-04-21 13:00:00,17257.672,1186.026,16071.647,21079.056,38.6,13,0.0,18.9,0,898.0,676.0,36.3
2026-04-21 14:00:00,17276.274,1035.479,16240.796,21101.003,38.6,13,0.0,18.8,0,815.0,604.0,36.0
2026-04-21 15:00:00,17342.351,882.012,16460.338,21178.974,38.4,13,0.0,18.8,0,672.0,479.0,35.1
2026-04-21 16:00:00,17254.023,606.198,16647.824,21074.748,38.0,13,0.0,18.6,0,483.0,318.0,34.1
2026-04-21 17:00:00,17219.464,314.246,16905.219,21033.967,37.5,14,0.0,17.0,2,274.0,150.0,33.8
2026-04-21 18:00:00,22568.832,0.0,22568.832,27346.224000000002,36.6,15,0.0,16.0,39,89.0,29.0,33.1
2026-04-21 19:00:00,22862.606,0.0,22862.606,27692.872,35.2,16,0.0,12.6,4,3.0,0.0,32.2
2026-04-21 20:00:00,22591.305,0.0,22591.305,27372.741,34.0,18,0.0,10.3,0,0.0,0.0,31.5
2026-04-21 21:00:00,22622.295,0.0,22622.295,27409.31,33.0,20,0.0,9.5,0,0.0,0.0,30.8
2026-04-21 22:00:00,22699.247,0.0,22699.247,27500.111,32.3,21,0.0,6.8,0,0.0,0.0,30.6
2026-04-21 23:00:00,10499.681,0.0,10499.681,13104.623,31.7,23,0.0,8.2,1,0.0,0.0,29.9
2026-04-22 00:00:00,10278.601,0.0,10278.601,12843.747,29.4,28,0.0,4.8,5,0.0,0.0,28.5
2026-04-22 01:00:00,10341.132,0.0,10341.132,12917.537,28.5,31,0.0,4.2,51,0.0,0.0,27.8
2026-04-22 02:00:00,10283.329,0.0,10283.329,12849.329,28.3,30,0.0,4.6,94,0.0,0.0,27.4
2026-04-22 03:00:00,10264.405,0.0,10264.405,12826.997,27.9,31,0.0,4.2,85,0.0,0.0,27.0
2026-04-22 04:00:00,10389.71,0.0,10389.71,12974.86,27.2,30,0.0,5.6,27,0.0,0.0,25.9
2026-04-22 05:00:00,17268.364999999998,0.0,17268.364999999998,21091.673,26.0,36,0.0,7.5,1,0.0,0.0,24.8
2026-04-22 06:00:00,19198.414,0.0,19198.414,23369.128,26.1,36,0.0,6.9,0,17.0,3.0,25.0
2026-04-22 07:00:00,19199.967,337.233,18862.735,23370.963,27.5,34,0.0,8.0,0,147.0,60.0,26.4
2026-04-22 08:00:00,19133.292,634.057,18499.232,23292.284,30.1,29,0.0,8.9,0,348.0,206.0,28.7
2026-04-22 09:00:00,19026.904,896.526,18130.379,23166.747,33.7,21,0.0,10.2,0,553.0,375.0,31.9
2026-04-22 10:00:00,19437.092,1161.725,18275.369,23650.769,36.4,17,0.0,12.3,0,727.0,525.0,35.0
2026-04-22 11:00:00,17148.387,1106.866,16041.52,20950.097,38.1,14,0.0,14.6,0,850.0,632.0,36.5
2026-04-22 12:00:00,17146.765,1246.627,15900.137999999999,20948.182,39.4,12,0.0,16.4,0,910.0,685.0,37.7
2026-04-22 13:00:00,16972.016,1148.017,15824.0,20741.976,40.0,11,0.0,16.7,0,899.0,675.0,38.0
2026-04-22 14:00:00,17235.641,1109.318,16126.325,21053.057,40.3,11,0.0,16.3,0,819.0,605.0,37.9
2026-04-22 15:00:00,17200.369,842.0840000000001,16358.284,21011.436,40.3,11,0.0,15.9,0,677.0,482.0,37.1
2026-04-22 16:00:00,17222.722999999998,623.039,16599.681,21037.811999999998,39.8,11,0.0,15.9,0,488.0,320.0,35.9
2026-04-22 17:00:00,17268.342,318.652,16949.691,21091.642,39.5,12,0.0,14.3,0,278.0,151.0,36.1
2026-04-22 18:00:00,22582.613999999998,0.0,22582.613999999998,27362.484,38.1,13,0.0,8.6,0,91.0,29.0,35.6
2026-04-22 19:00:00,22938.177,0.0,22938.177,27782.05,36.2,15,0.0,7.3,0,3.0,0.0,34.0
2026-04-22 20:00:00,22915.187,0.0,22915.187,27754.92,34.7,17,0.0,6.5,0,0.0,0.0,32.7
2026-04-22 21:00:00,22911.683,0.0,22911.683,27750.784,33.8,18,0.0,6.6,0,0.0,0.0,31.8
2026-04-22 22:00:00,22666.746,0.0,22666.746,27461.757999999998,32.1,21,0.0,4.5,0,0.0,0.0,30.5
2026-04-22 23:00:00,10224.987000000001,0.0,10224.987000000001,12780.485,31.5,22,0.0,7.2,0,0.0,0.0,29.6
2026-04-23 00:00:00,10425.105,0.0,10425.105,13016.625,30.1,25,0.0,5.9,0,0.0,0.0,28.6
2026-04-23 01:00:00,10229.797,0.0,10229.797,12786.162,29.1,26,0.0,6.5,0,0.0,0.0,27.6
2026-04-23 02:00:00,10370.89,0.0,10370.89,12952.652,28.4,27,0.0,7.2,0,0.0,0.0,26.8
2026-04-23 03:00:00,10220.931,0.0,10220.931,12775.699999999999,27.9,27,0.0,9.7,0,0.0,0.0,25.7
2026-04-23 04:00:00,10298.774,0.0,10298.774,12867.552,28.0,25,0.0,9.9,0,0.0,0.0,25.5
2026-04-23 05:00:00,17144.49,0.0,17144.49,20945.5,28.2,22,0.0,11.8,0,0.0,0.0,25.1
2026-04-23 06:00:00,19269.224,0.0,19269.224,23452.686,28.3,20,0.0,11.7,0,18.0,3.0,25.0
2026-04-23 07:00:00,19373.249,361.801,19011.447,23575.435,29.5,18,0.0,10.0,0,146.0,59.0,26.3
2026-04-23 08:00:00,19265.567,677.188,18588.381,23448.367,31.7,16,0.0,10.4,0,346.0,202.0,28.5
2026-04-23 09:00:00,19116.324,922.653,18193.671,23272.263,34.1,15,0.0,11.0,0,551.0,371.0,31.0
2026-04-23 10:00:00,18821.314,1115.744,17705.568,22924.15,36.5,14,0.0,11.0,0,726.0,520.0,34.6
2026-04-23 11:00:00,17174.575,1160.548,16014.028,20981.001,38.5,13,0.0,12.6,0,848.0,627.0,37.1
2026-04-23 12:00:00,17031.148,1174.443,15856.705,20811.756,40.0,12,0.0,11.6,0,904.0,676.0,39.1
2026-04-23 13:00:00,17455.774,1178.923,16276.851,21312.811999999998,40.9,11,0.0,9.0,0,891.0,665.0,40.3
2026-04-23 14:00:00,17184.077,995.809,16188.271,20992.211,41.2,11,0.0,8.3,0,810.0,594.0,40.2
2026-04-23 15:00:00,16946.788,849.563,16097.222,20712.207000000002,41.0,11,0.0,9.6,0,669.0,472.0,39.0
2026-04-23 16:00:00,17119.446,593.876,16525.567,20915.943,40.4,11,0.0,10.7,0,481.0,313.0,37.5
2026-04-23 17:00:00,17170.819,302.288,16868.53,20976.564,39.4,12,0.0,10.4,0,274.0,147.0,36.7
2026-04-23 18:00:00,22667.761,0.0,22667.761,27462.956,38.3,14,0.0,8.3,0,90.0,28.0,36.0
2026-04-23 19:00:00,22565.127,0.0,22565.127,27341.853,36.8,16,0.0,6.3,0,3.0,0.0,35.0
2026-04-23 20:00:00,22825.529,0.0,22825.529,27649.123,35.1,18,0.0,6.1,0,0.0,0.0,33.5
2026-04-23 21:00:00,22879.267,0.0,22879.267,27712.536,33.5,21,0.0,8.0,0,0.0,0.0,31.9
2026-04-23 22:00:00,22711.846,0.0,22711.846,27514.978000000003,32.5,21,0.0,5.3,0,0.0,0.0,31.0
2026-04-23 23:00:00,10333.779,0.0,10333.779,12908.858,31.5,26,0.0,5.2,0,0.0,0.0,30.5
2026-04-24 00:00:00,10316.809,0.0,10316.809,12888.837,30.3,27,0.0,4.4,0,0.0,0.0,29.5
2026-04-24 01:00:00,10355.913,0.0,10355.913,12934.979,29.2,33,0.0,3.4,0,0.0,0.0,29.1
2026-04-24 02:00:00,10266.447,0.0,10266.447,12829.407,29.3,29,0.0,8.0,0,0.0,0.0,27.9
2026-04-24 03:00:00,10352.192000000001,0.0,10352.192000000001,12930.584,28.5,30,0.0,5.9,0,0.0,0.0,27.4
2026-04-24 04:00:00,10421.488,0.0,10421.488,13012.356,28.3,30,0.0,7.7,0,0.0,0.0,26.9
2026-04-24 05:00:00,17013.009000000002,0.0,17013.009000000002,20790.352,27.5,39,0.0,4.3,0,0.0,0.0,27.5
2026-04-24 06:00:00,19079.873,0.0,19079.873,23229.25,28.4,31,0.0,7.4,0,19.0,3.0,27.2
2026-04-24 07:00:00,19299.457,336.41700000000003,18963.04,23488.36,29.7,29,0.0,7.2,0,146.0,58.0,28.6
2026-04-24 08:00:00,19375.019,666.958,18708.062,23577.524,31.9,27,0.0,6.1,0,343.0,199.0,31.1
2026-04-24 09:00:00,19233.384,938.154,18295.229,23410.391,34.9,24,0.0,6.7,0,544.0,364.0,34.3
2026-04-24 10:00:00,19167.06,1153.101,18013.958,23332.131,37.7,20,0.0,5.9,10,715.0,509.0,38.0
2026-04-24 11:00:00,16899.174,1168.373,15730.802,20656.025999999998,39.6,16,0.0,5.0,0,836.0,614.0,40.3
2026-04-24 12:00:00,17093.28,1194.294,15898.984,20885.068,41.4,13,0.0,7.8,12,895.0,667.0,41.7
2026-04-24 13:00:00,17312.028,1165.4099999999999,16146.619,21143.194,42.0,13,0.0,9.4,52,862.0,620.0,41.8
2026-04-24 14:00:00,17169.625,1059.709,16109.916,20975.157,41.6,13,0.0,10.3,74,614.0,346.0,39.8
2026-04-24 15:00:00,17312.085,833.663,16478.421,21143.260000000002,41.7,13,0.0,11.0,88,568.0,328.0,39.4
2026-04-24 16:00:00,17368.17,631.035,16737.136,21209.436,41.2,13,0.0,12.6,70,438.0,241.0,38.6
2026-04-24 17:00:00,17228.416,313.68399999999997,16914.731,21044.529,41.1,10,0.0,9.2,94,247.0,111.0,38.3
2026-04-24 18:00:00,22717.253,0.0,22717.253,27521.36,39.5,12,0.0,7.5,64,81.0,14.0,37.3
2026-04-24 19:00:00,22713.606,0.0,22713.606,27517.054,36.6,21,0.0,3.5,1,4.0,0.0,36.2
2026-04-24 20:00:00,22372.344,0.0,22372.344,27114.363,36.0,23,0.0,1.1,0,0.0,0.0,36.2
2026-04-24 21:00:00,22452.949,0.0,22452.949,27209.478,34.4,25,0.0,3.6,0,0.0,0.0,34.3
2026-04-24 22:00:00,22642.301,0.0,22642.301,27432.917,33.5,21,0.0,7.0,0,0.0,0.0,32.0
2026-04-24 23:00:00,10356.408,0.0,10356.408,12935.562,32.5,29,0.0,3.5,0,0.0,0.0,32.7
2026-04-25 00:00:00,8981.768,0.0,8981.768,11313.488,31.8,32,0.0,4.7,0,0.0,0.0,32.0
2026-04-25 01:00:00,8968.445,0.0,8968.445,11297.768,31.0,30,0.0,5.8,0,0.0,0.0,30.6
2026-04-25 02:00:00,8799.098,0.0,8799.098,11097.935,30.2,29,0.0,5.5,0,0.0,0.0,29.4
2026-04-25 03:00:00,8979.164,0.0,8979.164,11310.413,29.5,31,0.0,5.3,34,0.0,0.0,28.8
2026-04-25 04:00:00,9010.895,0.0,9010.895,11347.855,29.1,33,0.0,5.0,0,0.0,0.0,28.7
2026-04-25 05:00:00,15133.478,0.0,15133.478,18572.504,29.1,41,0.0,3.4,0,0.0,0.0,30.0
2026-04-25 06:00:00,16799.177,0.0,16799.177,20538.029,29.9,37,0.0,3.9,0,19.0,3.0,30.5
2026-04-25 07:00:00,16791.278,287.101,16504.18,20528.707,31.1,33,0.0,8.5,0,147.0,58.0,30.7
2026-04-25 08:00:00,16675.625,594.889,16080.732,20392.233,32.9,30,0.0,7.7,0,341.0,197.0,32.7
2026-04-25 09:00:00,16720.628,842.58,15878.05,20445.343,35.9,25,0.0,6.8,0,542.0,360.0,35.7
2026-04-25 10:00:00,16748.549,1015.677,15732.873,20478.29,38.9,20,0.0,8.1,0,713.0,506.0,39.2
2026-04-25 11:00:00,15113.869,1071.9,14041.966,18549.364,40.8,14,0.0,10.4,20,834.0,610.0,40.5
2026-04-25 12:00:00,14874.146,1028.8419999999999,13845.3,18266.492,41.9,13,0.0,11.7,29,803.0,549.0,40.9
2026-04-25 13:00:00,14926.643,1013.418,13913.221,18328.435,42.3,12,0.0,14.2,80,695.0,446.0,40.2
2026-04-25 14:00:00,14990.692000000001,900.1410000000001,14090.547,18404.015,42.1,13,0.0,15.4,95,566.0,309.0,39.2
2026-04-25 15:00:00,14803.881,746.368,14057.51,18183.577,41.7,12,0.0,17.9,94,512.0,252.0,38.3
2026-04-25 16:00:00,14849.383,533.403,14315.982,18237.27,41.5,13,0.0,17.8,99,379.0,190.0,38.3
2026-04-25 17:00:00,15044.465,274.921,14769.539999999999,18467.468,41.1,13,0.0,16.1,98,182.0,53.0,37.9
2026-04-25 18:00:00,19978.541,0.0,19978.541,24289.679,39.4,14,0.0,14.4,100,64.0,4.0,36.6
2026-04-25 19:00:00,19582.887,0.0,19582.887,23822.808,37.9,16,0.0,11.0,84,4.0,0.0,35.5
2026-04-25 20:00:00,19663.202,0.0,19663.202,23917.578,36.6,17,0.0,10.7,9,0.0,0.0,34.4
2026-04-25 21:00:00,19704.011,0.0,19704.011,23965.73,35.1,19,0.0,7.6,30,0.0,0.0,33.5
2026-04-25 22:00:00,19645.007999999998,0.0,19645.007999999998,23896.11,33.7,22,0.0,5.7,99,0.0,0.0,32.5
2026-04-25 23:00:00,8973.481,0.0,8973.481,11303.710000000001,33.3,25,0.0,5.7,100,0.0,0.0,32.6
2026-04-26 00:00:00,8888.371,0.0,8888.371,11203.279,32.7,26,0.0,5.6,88,0.0,0.0,32.1
2026-04-26 01:00:00,9038.273,0.0,9038.273,11380.162,31.9,29,0.0,5.5,43,0.0,0.0,31.6
2026-04-26 02:00:00,8944.932999999999,0.0,8944.932999999999,11270.02,31.1,31,0.0,5.0,0,0.0,0.0,31.0
2026-04-26 03:00:00,9040.923999999999,0.0,9040.923999999999,11383.289,30.4,32,0.0,5.5,0,0.0,0.0,30.1
2026-04-26 04:00:00,8969.02,0.0,8969.02,11298.442000000001,29.6,33,0.0,6.2,0,0.0,0.0,29.1
2026-04-26 05:00:00,14917.867,0.0,14917.867,18318.081,28.8,38,0.0,5.7,0,0.0,0.0,28.9
2026-04-26 06:00:00,16544.332,0.0,16544.332,20237.312,29.3,36,0.0,6.8,0,20.0,3.0,29.2
2026-04-26 07:00:00,16831.136,297.501,16533.632999999998,20575.741,30.6,34,0.0,6.9,0,146.0,57.0,30.5
2026-04-26 08:00:00,16834.144,587.681,16246.463,20579.288,33.2,30,0.0,6.4,0,339.0,194.0,33.2
2026-04-26 09:00:00,16778.688000000002,858.37,15920.317,20513.851,36.0,26,0.0,7.3,0,537.0,354.0,36.0
2026-04-26 10:00:00,16826.398,1008.182,15818.217,20570.149,38.3,21,0.0,9.7,0,706.0,498.0,38.5
2026-04-26 11:00:00,15034.414999999999,973.434,14060.978,18455.608,40.0,19,0.0,12.0,10,825.0,601.0,40.4
2026-04-26 12:00:00,14977.397,1030.955,13946.442000000001,18388.327,41.0,17,0.0,14.5,46,847.0,602.0,40.9
2026-04-26 13:00:00,14950.732,1046.06,13904.671,18356.862,41.6,16,0.0,15.5,59,784.0,525.0,40.8
2026-04-26 14:00:00,15004.972,885.356,14119.616,18420.867,41.2,15,0.0,16.3,78,642.0,392.0,39.2
2026-04-26 15:00:00,15187.278,735.056,14452.222,18635.988,40.0,16,0.0,20.7,100,418.0,185.0,36.8
2026-04-26 16:00:00,14779.181,504.217,14274.966,18154.436,39.5,17,0.0,17.6,95,265.0,66.0,36.8
2026-04-26 17:00:00,15026.706,297.859,14728.85,18446.514,40.5,15,0.0,15.8,91,210.0,76.0,37.8
2026-04-26 18:00:00,19791.479,0.0,19791.479,24068.945,39.2,16,0.0,12.0,52,84.0,20.0,37.0
2026-04-26 19:00:00,19918.016,0.0,19918.016,24218.259,37.5,17,0.0,9.3,99,4.0,0.0,35.7
2026-04-26 20:00:00,19867.03,0.0,19867.03,24158.094,36.5,18,0.0,9.4,9,0.0,0.0,34.6
2026-04-26 21:00:00,19623.057,0.0,19623.057,23870.208,35.4,19,0.0,7.7,1,0.0,0.0,33.8
2026-04-26 22:00:00,19755.4,0.0,19755.4,24026.373,34.5,20,0.0,7.2,0,0.0,0.0,32.9
2026-04-26 23:00:00,8945.392,0.0,8945.392,11270.566,33.4,23,0.0,6.4,0,0.0,0.0,32.3
2026-04-27 00:00:00,10225.833,0.0,10225.833,12781.48,31.7,26,0.0,5.2,0,0.0,0.0,30.8
2026-04-27 01:00:00,10375.759,0.0,10375.759,12958.394,30.7,33,0.0,3.3,4,0.0,0.0,31.0
2026-04-27 02:00:00,10426.109,0.0,10426.109,13017.807,30.1,33,0.0,3.5,77,0.0,0.0,30.2
2026-04-27 03:00:00,10303.113000000001,0.0,10303.113000000001,12872.675,29.2,33,0.0,4.5,100,0.0,0.0,28.9
2026-04-27 04:00:00,10429.32,0.0,10429.32,13021.594000000001,28.6,36,0.0,4.1,71,0.0,0.0,28.6
2026-04-27 05:00:00,17157.718,0.0,17157.718,20961.105,29.0,36,0.0,4.8,100,0.0,0.0,29.0
2026-04-27 06:00:00,19101.932,0.0,19101.932,23255.279,29.9,31,0.0,4.4,97,20.0,1.0,29.5
2026-04-27 07:00:00,19413.893,340.889,19073.005,23623.394,31.7,27,0.0,4.6,40,147.0,52.0,31.1
2026-04-27 08:00:00,19337.29,700.987,18636.306,23533.005,34.1,23,0.0,4.6,0,342.0,194.0,33.5
2026-04-27 09:00:00,19425.346999999998,966.223,18459.124,23636.912,36.6,19,0.0,5.9,0,541.0,356.0,35.5
2026-04-27 10:00:00,19210.303,1147.115,18063.186999999998,23383.158,38.8,15,0.0,7.3,0,711.0,500.0,38.0
2026-04-27 11:00:00,17055.905,1184.423,15871.481,20840.964,39.9,15,0.0,9.0,0,830.0,603.0,39.7
2026-04-27 12:00:00,17320.017,1206.02,16113.996000000001,21152.619,41.3,14,0.0,10.4,10,885.0,651.0,41.2
2026-04-27 13:00:00,17292.799,1183.43,16109.367,21120.501,42.1,14,0.0,12.9,8,870.0,637.0,41.7
2026-04-27 14:00:00,17397.421,1049.269,16348.152,21243.956,42.2,14,0.0,15.0,13,786.0,562.0,41.0
2026-04-27 15:00:00,17376.394,838.0020000000001,16538.389,21219.144,41.8,14,0.0,18.3,45,624.0,417.0,39.0
2026-04-27 16:00:00,17219.405,605.605,16613.799,21033.899,41.2,13,0.0,19.8,98,394.0,219.0,37.6
2026-04-27 17:00:00,17111.239999999998,316.903,16794.335,20906.264,40.6,12,0.0,14.2,77,228.0,109.0,37.4
2026-04-27 18:00:00,22688.142,0.0,22688.142,27487.007,39.6,13,0.0,10.7,100,90.0,24.0,36.9
2026-04-27 19:00:00,22558.926,0.0,22558.926,27334.534,38.3,14,0.0,11.0,100,4.0,0.0,35.7
2026-04-27 20:00:00,22840.707,0.0,22840.707,27667.035,38.0,14,0.0,16.1,100,0.0,0.0,34.6
2026-04-27 21:00:00,22668.271,0.0,22668.271,27463.560999999998,33.6,26,0.0,21.6,100,0.0,0.0,30.9
2026-04-27 22:00:00,22741.071,0.0,22741.071,27549.463,33.2,27,0.0,19.6,100,0.0,0.0,30.8
2026-04-27 23:00:00,10276.35,0.0,10276.35,12841.092,32.6,28,0.0,13.8,100,0.0,0.0,31.0
2026-04-28 00:00:00,10373.971,0.0,10373.971,12956.284,31.5,32,0.0,6.6,100,0.0,0.0,31.3
2026-04-28 01:00:00,10321.876,0.0,10321.876,12894.813,31.0,33,0.0,7.7,99,0.0,0.0,30.8
2026-04-28 02:00:00,10452.249,0.0,10452.249,13048.655999999999,30.5,35,0.0,11.9,98,0.0,0.0,29.7
2026-04-28 03:00:00,10370.191,0.0,10370.191,12951.824,30.3,35,0.0,12.4,98,0.0,0.0,29.5
2026-04-28 04:00:00,10193.134,0.0,10193.134,12742.897,30.5,33,0.0,12.0,100,0.0,0.0,29.5
2026-04-28 05:00:00,17330.468,0.0,17330.468,21164.952,29.7,39,0.0,7.7,90,0.0,0.0,29.9
2026-04-28 06:00:00,19163.386,0.0,19163.386,23327.795,30.1,39,0.0,9.1,73,18.0,2.0,30.2
2026-04-28 07:00:00,18942.39,322.707,18619.685,23067.022999999997,30.7,38,0.0,8.9,22,119.0,33.0,31.0
2026-04-28 08:00:00,19441.754,680.106,18761.650999999998,23656.272,32.5,35,0.0,9.5,11,330.0,182.0,32.8
2026-04-28 09:00:00,19268.519,965.734,18302.788,23451.853,34.5,31,0.0,8.6,15,530.0,341.0,34.8
2026-04-28 10:00:00,19326.292999999998,1188.855,18137.436999999998,23520.027000000002,36.4,26,0.0,8.6,8,698.0,479.0,37.1
2026-04-28 11:00:00,17328.623,1174.806,16153.817,21162.775,37.0,25,0.0,9.7,5,822.0,594.0,38.3
2026-04-28 12:00:00,17089.355,1152.891,15936.465,20880.439,36.1,27,0.0,7.5,74,853.0,613.0,38.2
2026-04-28 13:00:00,17154.04,1178.9660000000001,15975.077,20956.768,36.6,26,0.0,3.7,70,703.0,426.0,38.3
2026-04-28 14:00:00,17411.773,1055.591,16356.184000000001,21260.894,37.1,24,0.0,2.4,70,610.0,320.0,38.1
2026-04-28 15:00:00,17100.149,842.279,16257.871,20893.18,36.4,24,0.0,5.2,97,452.0,220.0,36.5
2026-04-28 16:00:00,17391.327,628.419,16762.912,21236.767,35.3,26,0.0,6.2,98,265.0,87.0,35.3
2026-04-28 17:00:00,17165.288,302.376,16862.912,20970.039,35.9,25,0.0,4.6,87,174.0,46.0,36.0
2026-04-28 18:00:00,22457.373,0.0,22457.373,27214.699,35.2,25,0.0,6.7,25,76.0,15.0,35.0
2026-04-28 19:00:00,22676.05,0.0,22676.05,27472.737,33.8,28,0.0,4.6,3,4.0,0.0,33.9
2026-04-28 20:00:00,22853.982,0.0,22853.982,27682.697,33.0,30,0.0,6.0,7,0.0,0.0,33.1
2026-04-28 21:00:00,22717.211,0.0,22717.211,27521.309,32.3,32,0.0,6.2,23,0.0,0.0,32.5
2026-04-28 22:00:00,22715.815,0.0,22715.815,27519.662,30.8,40,0.0,4.1,12,0.0,0.0,32.1
2026-04-28 23:00:00,10380.753,0.0,10380.753,12964.288,30.8,40,0.0,9.0,80,0.0,0.0,31.4
2026-04-29 00:00:00,10326.756,0.0,10326.756,12900.573,30.4,49,0.0,2.3,55,0.0,0.0,33.2
2026-04-29 01:00:00,10265.095,0.0,10265.095,12827.812,30.6,43,0.0,11.5,34,0.0,0.0,31.2
2026-04-29 02:00:00,10264.734,0.0,10264.734,12827.385,29.2,44,0.0,6.5,37,0.0,0.0,30.2
2026-04-29 03:00:00,10474.524,0.0,10474.524,13074.938,28.3,50,0.0,2.3,90,0.0,0.0,30.3
2026-04-29 04:00:00,10368.217,0.0,10368.217,12949.497000000001,28.0,50,0.0,3.8,98,0.0,0.0,29.7
2026-04-29 05:00:00,17287.106,0.0,17287.106,21113.783,27.6,58,0.0,10.9,100,0.0,0.0,29.1
2026-04-29 06:00:00,19226.336,0.0,19226.336,23402.077,27.0,58,0.0,7.4,100,9.0,0.0,28.9
2026-04-29 07:00:00,19023.785,344.34,18679.44,23163.065,27.9,55,0.0,4.2,100,68.0,0.0,30.1
2026-04-29 08:00:00,19472.989,680.3870000000001,18792.602,23693.127,30.3,45,0.0,2.9,99,264.0,108.0,32.3
2026-04-29 09:00:00,19459.731,997.863,18461.864999999998,23677.482,31.4,39,0.0,6.1,95,271.0,42.0,32.4
2026-04-29 10:00:00,19282.931,1124.551,18158.381,23468.857,34.1,29,0.0,6.8,88,596.0,310.0,34.4
2026-04-29 11:00:00,16960.013,1125.521,15834.493,20727.817,33.7,29,0.0,9.1,64,825.0,555.0,34.9
2026-04-29 12:00:00,17085.111,1189.235,15895.876,20875.431,35.3,24,0.0,7.2,36,764.0,448.0,36.1
2026-04-29 13:00:00,17282.313,1173.393,16108.917,21108.129,36.3,22,0.0,4.4,24,812.0,554.0,37.8
2026-04-29 14:00:00,17019.44,1075.874,15943.565999999999,20797.938,37.0,21,0.0,2.1,33,745.0,506.0,38.3
2026-04-29 15:00:00,17331.991,876.495,16455.498,21166.751,37.1,21,0.0,0.9,16,527.0,317.0,37.2
2026-04-29 16:00:00,17260.55,578.053,16682.497,21082.45,37.1,21,0.0,3.5,34,434.0,259.0,36.8
2026-04-29 17:00:00,17220.034,302.428,16917.609,21034.643,34.6,25,0.0,6.0,27,251.0,121.0,34.2
2026-04-29 18:00:00,22579.397,0.0,22579.397,27358.688,33.8,27,0.0,8.2,9,85.0,23.0,33.2
2026-04-29 19:00:00,22858.783,0.0,22858.783,27688.363999999998,32.9,29,0.0,9.4,5,5.0,0.0,32.2
2026-04-29 20:00:00,22720.339,0.0,22720.339,27524.999,31.9,31,0.0,8.3,1,0.0,0.0,31.4
2026-04-29 21:00:00,22867.564,0.0,22867.564,27698.727,31.1,33,0.0,5.0,0,0.0,0.0,31.3
2026-04-29 22:00:00,22987.987,0.0,22987.987,27840.827,30.2,36,0.0,4.6,0,0.0,0.0,30.6
2026-04-29 23:00:00,10257.618,0.0,10257.618,12818.988,29.6,41,0.0,5.8,0,0.0,0.0,30.3
2026-04-30 00:00:00,10495.309,0.0,10495.309,13099.464,28.5,48,0.0,3.6,0,0.0,0.0,30.1
2026-04-30 01:00:00,10380.82,0.0,10380.82,12964.369,28.2,46,0.0,3.8,6,0.0,0.0,29.5
2026-04-30 02:00:00,10363.589,0.0,10363.589,12944.031,27.8,50,0.0,3.5,0,0.0,0.0,29.5
2026-04-30 03:00:00,10377.725,0.0,10377.725,12960.718,27.3,51,0.0,3.2,0,0.0,0.0,29.0
2026-04-30 04:00:00,10312.0,0.0,10312.0,12883.158,26.9,51,0.0,3.6,0,0.0,0.0,28.3
2026-04-30 05:00:00,17154.379,0.0,17154.379,20957.167,26.4,58,0.0,4.2,0,0.0,0.0,28.4
2026-04-30 06:00:00,19261.428,0.0,19261.428,23443.485,27.6,51,0.0,6.6,0,23.0,4.0,28.9
2026-04-30 07:00:00,19359.081,364.559,18994.522,23558.715,29.2,47,0.0,6.7,12,152.0,57.0,30.5
2026-04-30 08:00:00,19358.353,694.348,18664.008,23557.856,32.0,40,0.0,6.7,9,338.0,186.0,33.3
2026-04-30 09:00:00,19447.45,1002.787,18444.66,23662.989,34.2,32,0.0,9.2,41,531.0,335.0,34.6
2026-04-30 10:00:00,19586.715,1211.6,18375.115,23827.325,35.5,28,0.0,8.5,9,639.0,395.0,36.1
2026-04-30 11:00:00,17192.777000000002,1190.318,16002.461,21002.48,35.9,19,0.0,6.1,68,806.0,559.0,36.1
2026-04-30 12:00:00,17081.587,1225.992,15855.594000000001,20871.274,37.7,17,0.0,9.1,52,761.0,442.0,37.2
2026-04-30 13:00:00,17063.715,1178.384,15885.331,20850.184,37.2,17,0.0,6.3,62,702.0,423.0,36.7
2026-04-30 14:00:00,16983.689,999.217,15984.473,20755.753,35.2,26,0.5,11.4,70,692.0,420.0,35.2
2026-04-30 15:00:00,17310.063000000002,842.651,16467.411,21140.874,34.4,27,0.4,12.6,56,576.0,340.0,33.4
2026-04-30 16:00:00,17072.909,610.99,16461.919,20861.031,34.5,23,0.0,10.4,22,369.0,189.0,33.1
2026-04-30 17:00:00,17261.716,316.052,16945.664,21083.825,31.4,41,0.0,13.8,52,245.0,113.0,31.6
2026-04-30 18:00:00,22284.670000000002,0.0,22284.670000000002,27010.912,30.0,45,0.0,15.1,13,88.0,23.0,30.2
2026-04-30 19:00:00,22735.952,0.0,22735.952,27543.425,29.2,47,0.0,15.1,2,5.0,0.0,29.3
2026-04-30 20:00:00,22852.14,0.0,22852.14,27680.525999999998,28.5,51,0.0,12.5,15,0.0,0.0,29.2
2026-04-30 21:00:00,22600.364,0.0,22600.364,27383.43,28.2,53,0.0,10.3,3,0.0,0.0,29.5
2026-04-30 22:00:00,22713.342,0.0,22713.342,27516.742,27.8,55,0.0,9.9,2,0.0,0.0,29.2
2026-04-30 23:00:00,10320.038,0.0,10320.038,12892.644,25.4,61,0.0,8.7,3,0.0,0.0,26.7
2026-05-01 00:00:00,11163.493,0.0,11163.493,13887.921,24.6,63,0.0,12.0,0,0.0,0.0,25.3
2026-05-01 01:00:00,11202.735,0.0,11202.735,13934.224,24.2,63,0.0,12.3,0,0.0,0.0,24.7
2026-05-01 02:00:00,11191.507,0.0,11191.507,13920.977,23.8,64,0.0,11.6,0,0.0,0.0,24.4
2026-05-01 03:00:00,11215.841,0.0,11215.841,13949.690999999999,23.4,66,0.0,9.9,0,0.0,0.0,24.3
2026-05-01 04:00:00,11330.006,0.0,11330.006,14084.405999999999,23.1,69,0.0,7.6,0,0.0,0.0,24.5
2026-05-01 05:00:00,18999.743,0.0,18999.743,23134.694,23.3,71,0.0,10.1,0,0.0,0.0,24.6
2026-05-01 06:00:00,20880.44,0.0,20880.44,25353.917,23.5,71,0.0,8.0,0,24.0,4.0,25.1
2026-05-01 07:00:00,20806.842,373.181,20433.662,25267.073,24.5,68,0.0,8.0,15,153.0,57.0,26.3
2026-05-01 08:00:00,20972.402,771.568,20200.832,25462.432,26.1,64,0.0,9.3,2,331.0,175.0,27.9
2026-05-01 09:00:00,20779.231,1060.703,19718.525999999998,25234.493,28.1,57,0.0,10.2,0,532.0,337.0,29.8
2026-05-01 10:00:00,21104.463,1298.78,19805.683,25618.266,30.0,51,0.0,9.7,0,704.0,484.0,32.6
2026-05-01 11:00:00,18600.158,1151.058,17449.099,22663.184,31.5,45,0.0,9.2,0,820.0,583.0,34.7
2026-05-01 12:00:00,18701.48,1264.061,17437.42,22782.746,33.4,39,0.0,8.1,0,878.0,634.0,36.9
2026-05-01 13:00:00,18589.083,1341.231,17247.852,22650.118000000002,34.6,36,0.0,6.6,2,864.0,622.0,38.1
2026-05-01 14:00:00,18658.645,1130.841,17527.802,22732.2,35.6,32,0.0,3.8,19,778.0,546.0,38.7
2026-05-01 15:00:00,18621.197,931.595,17689.606,22688.016,36.1,29,0.0,2.4,14,605.0,385.0,37.8
2026-05-01 16:00:00,18589.471,616.17,17973.303,22650.575,36.6,25,0.0,5.1,16,447.0,264.0,36.8
2026-05-01 17:00:00,18476.972,331.24,18145.733,22517.826,33.7,33,0.0,9.8,7,260.0,128.0,33.9
2026-05-01 18:00:00,24600.372,0.0,24600.372,29743.436999999998,33.0,34,0.0,9.2,38,93.0,26.0,33.2
2026-05-01 19:00:00,24572.775,0.0,24572.775,29710.874,32.3,35,0.0,6.4,100,5.0,0.0,33.0
2026-05-01 20:00:00,24687.731,0.0,24687.731,29846.525,31.6,37,0.0,8.3,2,0.0,0.0,32.2
2026-05-01 21:00:00,24448.104,0.0,24448.104,29563.764,30.5,41,0.0,7.3,0,0.0,0.0,31.4
2026-05-01 22:00:00,25068.097,0.0,25068.097,30295.354,29.5,44,0.0,6.6,0,0.0,0.0,30.6
2026-05-01 23:00:00,11180.085,0.0,11180.085,13907.5,29.0,48,0.0,8.9,0,0.0,0.0,30.1
2026-05-02 00:00:00,9705.926,0.0,9705.926,12167.993,28.5,49,0.0,8.9,0,0.0,0.0,29.5
2026-05-02 01:00:00,9736.558,0.0,9736.558,12204.135,28.0,51,0.0,7.5,0,0.0,0.0,29.3
2026-05-02 02:00:00,9703.249,0.0,9703.249,12164.835000000001,27.4,53,0.0,7.0,0,0.0,0.0,28.9
2026-05-02 03:00:00,9838.529,0.0,9838.529,12324.462,27.1,54,0.0,6.9,4,0.0,0.0,28.5
2026-05-02 04:00:00,9712.73,0.0,9712.73,12176.022,26.9,52,0.0,6.5,13,0.0,0.0,28.1
2026-05-02 05:00:00,16176.716,0.0,16176.716,19803.526,26.3,62,0.0,8.6,5,0.0,0.0,28.2
2026-05-02 06:00:00,18250.408,0.0,18250.408,22250.483,27.0,60,0.0,3.5,32,25.0,4.0,29.6
2026-05-02 07:00:00,18182.398,313.593,17868.806,22170.229,28.5,55,0.0,3.0,3,148.0,49.0,31.2
2026-05-02 08:00:00,18315.384,632.431,17682.954999999998,22327.154000000002,30.6,49,0.0,5.1,5,338.0,184.0,33.1
2026-05-02 09:00:00,18188.656,909.214,17279.444,22177.618000000002,33.0,40,0.0,7.4,0,534.0,341.0,34.6
2026-05-02 10:00:00,18287.649,1151.078,17136.567,22294.426,34.7,35,0.0,5.5,0,703.0,483.0,37.2
2026-05-02 11:00:00,16224.525,1091.022,15133.502,19859.938000000002,35.7,31,0.0,7.2,17,818.0,581.0,38.3
2026-05-02 12:00:00,16152.956,1150.985,15001.97,19775.487,36.1,30,0.0,11.0,27,810.0,542.0,37.8
2026-05-02 13:00:00,16070.195,1036.302,15033.891,19677.829999999998,34.7,38,1.5,10.6,91,737.0,427.0,37.2
2026-05-02 14:00:00,16180.101,932.6379999999999,15247.463,19807.522,33.5,38,0.8,7.5,43,584.0,301.0,35.1
2026-05-02 15:00:00,16305.589,820.03,15485.558,19955.594,34.9,32,0.0,6.1,12,530.0,313.0,36.0
2026-05-02 16:00:00,16411.331,577.794,15833.536,20080.371,35.4,30,0.0,6.5,23,424.0,236.0,36.1
2026-05-02 17:00:00,16338.167,287.186,16050.981,19994.035,34.1,31,0.0,14.5,58,251.0,120.0,33.5
2026-05-02 18:00:00,21380.383,0.0,21380.383,25943.85,34.0,31,0.0,11.4,14,76.0,17.0,33.7
2026-05-02 19:00:00,21546.323,0.0,21546.323,26139.662,32.8,33,0.0,13.7,7,5.0,0.0,32.3
2026-05-02 20:00:00,21378.638,0.0,21378.638,25941.795000000002,32.1,36,0.0,10.2,1,0.0,0.0,32.3
2026-05-02 21:00:00,21602.692,0.0,21602.692,26206.178,31.3,38,0.0,6.7,2,0.0,0.0,32.0
2026-05-02 22:00:00,21491.194,0.0,21491.194,26074.61,30.5,39,0.0,8.0,4,0.0,0.0,31.0
2026-05-02 23:00:00,9781.096,0.0,9781.096,12256.695,30.9,41,0.0,10.4,100,0.0,0.0,31.4
2026-05-03 00:00:00,9812.815,0.0,9812.815,12294.122,30.0,42,0.0,9.0,2,0.0,0.0,30.6
2026-05-03 01:00:00,9755.448,0.0,9755.448,12226.429,28.6,46,0.0,5.2,0,0.0,0.0,29.8
2026-05-03 02:00:00,9841.578,0.0,9841.578,12328.061,28.0,47,0.0,9.3,0,0.0,0.0,28.5
2026-05-03 03:00:00,9764.19,0.0,9764.19,12236.743,27.4,46,0.0,8.9,0,0.0,0.0,27.7
2026-05-03 04:00:00,9801.864,0.0,9801.864,12281.2,26.4,49,0.0,4.3,0,0.0,0.0,27.4
2026-05-03 05:00:00,16266.804,0.0,16266.804,19909.831,25.8,55,0.0,9.8,2,0.0,0.0,26.4
2026-05-03 06:00:00,18127.531,0.0,18127.531,22105.488,25.8,56,0.0,9.2,0,26.0,4.0,26.7
2026-05-03 07:00:00,18215.75,332.415,17883.337,22209.584,27.0,54,0.0,11.5,0,157.0,59.0,27.8
2026-05-03 08:00:00,18357.352,646.6469999999999,17710.703,22376.674,29.4,50,0.0,10.9,0,347.0,192.0,30.6
2026-05-03 09:00:00,17951.839,868.285,17083.555,21898.171,32.0,43,0.0,10.7,16,541.0,348.0,33.2
2026-05-03 10:00:00,18009.496,1034.727,16974.769,21966.206,34.1,38,0.0,7.7,9,653.0,413.0,36.2
2026-05-03 11:00:00,16313.601,1182.714,15130.884,19965.052,34.8,32,0.0,11.8,26,787.0,533.0,36.2
2026-05-03 12:00:00,16093.265,1103.924,14989.342,19705.052,34.6,31,0.0,14.2,99,735.0,455.0,35.2
2026-05-03 13:00:00,16195.695,1092.006,15103.690999999999,19825.920000000002,32.5,37,0.0,15.1,93,468.0,136.0,32.3
2026-05-03 14:00:00,16182.833999999999,981.909,15200.921,19810.743,33.3,39,0.0,15.9,26,676.0,379.0,34.3
2026-05-03 15:00:00,16192.337,809.818,15382.518,19821.957,34.5,33,0.0,15.3,61,600.0,370.0,34.5
2026-05-03 16:00:00,16141.041,570.263,15570.778,19761.429,33.4,36,0.0,15.8,13,427.0,235.0,33.3
2026-05-03 17:00:00,16276.772,290.256,15986.515,19921.593,33.2,39,0.0,15.7,2,258.0,121.0,33.5
2026-05-03 18:00:00,21322.398,0.0,21322.398,25875.427,32.5,44,0.0,13.8,9,95.0,26.0,33.7
2026-05-03 19:00:00,21590.158,0.0,21590.158,26191.384000000002,32.1,45,0.0,14.0,17,6.0,0.0,33.3
2026-05-03 20:00:00,21150.964,0.0,21150.964,25673.136000000002,31.2,47,0.0,14.8,36,0.0,0.0,32.3
2026-05-03 21:00:00,21640.638,0.0,21640.638,26250.951,30.3,50,0.0,14.9,80,0.0,0.0,31.3
2026-05-03 22:00:00,21205.807,0.0,21205.807,25737.852,29.4,53,0.0,13.9,71,0.0,0.0,30.6
2026-05-03 23:00:00,9774.395,0.0,9774.395,12248.787,28.9,54,0.0,12.8,100,0.0,0.0,30.2
2026-05-04 00:00:00,11141.959,0.0,11141.959,13862.512,26.4,60,0.0,20.2,100,0.0,0.0,26.4
2026-05-04 01:00:00,11204.117,0.0,11204.117,13935.857,24.1,73,0.0,16.2,100,0.0,0.0,25.0
2026-05-04 02:00:00,11347.209,0.0,11347.209,14104.706,23.0,77,0.7,8.6,100,0.0,0.0,25.0
2026-05-04 03:00:00,11161.615,0.0,11161.615,13885.704,22.6,78,0.6,13.5,100,0.0,0.0,23.7
2026-05-04 04:00:00,11175.716,0.0,11175.716,13902.345,22.8,72,1.0,9.2,100,0.0,0.0,24.1
2026-05-04 05:00:00,18685.169,0.0,18685.169,22763.5,21.8,89,1.6,7.2,100,0.0,0.0,24.5
2026-05-04 06:00:00,20896.973,0.0,20896.973,25373.428,21.1,95,1.0,15.4,100,4.0,0.0,22.8
2026-05-04 07:00:00,21162.212,371.915,20790.295,25686.41,21.0,88,0.5,19.6,100,32.0,0.0,21.4
2026-05-04 08:00:00,21239.233,756.2280000000001,20483.006,25777.297,22.2,77,0.1,10.4,100,103.0,0.0,23.6
2026-05-04 09:00:00,20982.101,1074.1100000000001,19907.99,25473.878,24.5,63,0.0,6.7,95,313.0,52.0,26.0
2026-05-04 10:00:00,20874.483,1257.536,19616.946,25346.89,26.2,57,0.0,12.0,0,649.0,360.0,27.4
2026-05-04 11:00:00,18784.231,1300.885,17483.35,22880.394,26.9,59,0.0,15.0,2,821.0,576.0,29.1
2026-05-04 12:00:00,18558.849000000002,1297.762,17261.087,22614.441,28.0,54,0.0,15.1,2,868.0,608.0,30.3
2026-05-04 13:00:00,18591.606,1248.253,17343.355,22653.096999999998,29.1,45,0.0,15.4,2,860.0,607.0,30.4
2026-05-04 14:00:00,18441.131,1114.56,17326.57,22475.535,29.8,40,0.0,11.2,77,790.0,551.0,31.1
2026-05-04 15:00:00,18629.452,941.1659999999999,17688.288,22697.755,29.6,42,0.0,9.7,29,536.0,282.0,29.9
2026-05-04 16:00:00,18754.734,671.829,18082.903,22845.588,29.6,43,0.0,8.4,20,416.0,230.0,30.3
2026-05-04 17:00:00,18788.275,349.764,18438.509,22885.161,28.6,49,0.0,11.9,2,250.0,112.0,29.2
2026-05-04 18:00:00,24829.161,0.0,24829.161,30013.41,27.8,55,0.0,8.7,3,95.0,25.0,29.4
2026-05-04 19:00:00,24441.267,0.0,24441.267,29555.695,26.6,62,0.0,8.6,2,6.0,0.0,28.6
2026-05-04 20:00:00,24722.16,0.0,24722.16,29887.148999999998,26.1,62,0.0,10.2,7,0.0,0.0,27.7
2026-05-04 21:00:00,24407.853,0.0,24407.853,29516.266,25.4,66,0.0,8.6,12,0.0,0.0,27.3
2026-05-04 22:00:00,24611.349,0.0,24611.349,29756.389,24.9,70,0.0,8.3,3,0.0,0.0,27.0
2026-05-04 23:00:00,11087.472,0.0,11087.472,13798.218,24.7,75,0.0,7.4,100,0.0,0.0,27.4
2026-05-05 00:00:00,11056.75,0.0,11056.75,13761.963,24.0,79,0.0,7.5,100,0.0,0.0,26.8
2026-05-05 01:00:00,11209.915,0.0,11209.915,13942.701,23.8,79,0.0,6.2,100,0.0,0.0,26.7
2026-05-05 02:00:00,11178.338,0.0,11178.338,13905.442000000001,23.6,84,0.0,0.6,100,0.0,0.0,27.7
2026-05-05 03:00:00,11279.199999999999,0.0,11279.199999999999,14024.456,23.5,82,0.0,4.1,100,0.0,0.0,26.8
2026-05-05 04:00:00,11101.151,0.0,11101.151,13814.358,22.7,85,0.0,9.0,60,0.0,0.0,25.3
2026-05-05 05:00:00,18621.742,0.0,18621.742,22688.655,22.6,84,0.0,11.0,1,0.0,0.0,24.7
2026-05-05 06:00:00,20945.306,0.0,20945.306,25430.458,22.9,83,0.0,9.2,1,27.0,4.0,25.3
2026-05-05 07:00:00,20707.715,362.432,20345.283,25150.105,24.2,79,0.0,5.3,4,157.0,58.0,27.3
2026-05-05 08:00:00,21023.463,712.7959999999999,20310.666,25522.688000000002,25.9,73,0.0,6.2,73,341.0,181.0,29.1
2026-05-05 09:00:00,20780.928,1051.417,19729.508,25236.493,27.1,66,0.0,6.0,90,450.0,219.0,30.1
2026-05-05 10:00:00,20791.678,1289.608,19502.067,25249.179,27.9,62,0.0,4.6,37,445.0,169.0,31.0
2026-05-05 11:00:00,18820.754,1216.568,17604.184999999998,22923.488,29.4,50,0.0,4.4,24,711.0,396.0,32.6
2026-05-05 12:00:00,18759.561,1276.734,17482.827,22851.283,27.4,57,0.4,14.2,44,799.0,512.0,29.7
2026-05-05 13:00:00,18792.807,1248.7259999999999,17544.077,22890.512,27.5,55,0.0,6.7,41,651.0,381.0,29.8
2026-05-05 14:00:00,18619.133,1104.641,17514.494,22685.578,29.5,47,0.0,2.9,48,611.0,368.0,32.0
2026-05-05 15:00:00,18784.345,902.6080000000001,17881.737,22880.526,27.8,55,0.9,6.3,39,422.0,197.0,29.7
2026-05-05 16:00:00,18865.828,643.312,18222.515,22976.676,27.6,57,0.0,7.6,28,386.0,199.0,29.5
2026-05-05 17:00:00,18763.1,341.969,18421.13,22855.454999999998,30.5,34,0.0,2.3,35,216.0,83.0,31.0
2026-05-05 18:00:00,24555.463,0.0,24555.463,29690.449,29.2,46,0.0,3.1,18,83.0,18.0,31.0
2026-05-05 19:00:00,24593.248,0.0,24593.248,29735.034,27.2,49,0.0,10.5,5,5.0,0.0,27.5
2026-05-05 20:00:00,24569.849000000002,0.0,24569.849000000002,29707.421,26.0,58,0.0,5.0,0,0.0,0.0,27.8
2026-05-05 21:00:00,24704.619,0.0,24704.619,29866.448,25.2,63,0.0,5.6,1,0.0,0.0,27.1
2026-05-05 22:00:00,24613.758,0.0,24613.758,29759.237999999998,24.5,71,0.0,3.6,0,0.0,0.0,27.3
2026-05-05 23:00:00,11148.824,0.0,11148.824,13870.611,24.0,76,0.0,1.0,0,0.0,0.0,27.4
2026-05-06 00:00:00,11020.348,0.0,11020.348,13719.013,23.7,79,0.0,1.0,0,0.0,0.0,27.2
2026-05-06 01:00:00,11235.684,0.0,11235.684,13973.108,23.4,79,0.0,0.9,0,0.0,0.0,26.9
2026-05-06 02:00:00,11141.138,0.0,11141.138,13861.541000000001,23.0,80,0.0,2.2,0,0.0,0.0,26.3
2026-05-06 03:00:00,11112.822,0.0,11112.822,13828.131,22.5,80,0.0,3.4,0,0.0,0.0,25.3
2026-05-06 04:00:00,11178.381,0.0,11178.381,13905.489,21.9,83,0.0,3.2,0,0.0,0.0,24.7
2026-05-06 05:00:00,18553.158,0.0,18553.158,22607.725,22.0,84,0.0,2.0,0,0.0,0.0,25.2
2026-05-06 06:00:00,20929.374,0.0,20929.374,25411.661,23.2,78,0.0,3.1,0,28.0,4.0,26.1
2026-05-06 07:00:00,21098.396,389.211,20709.184999999998,25611.106,24.8,70,0.0,1.4,0,158.0,57.0,27.9
2026-05-06 08:00:00,20855.220999999998,709.203,20146.02,25324.164,27.0,58,0.0,1.0,0,346.0,185.0,29.8
2026-05-06 09:00:00,21225.845,1036.992,20188.855,25761.498,29.1,47,0.0,2.3,0,540.0,337.0,31.0
2026-05-06 10:00:00,21132.75,1299.134,19833.616,25651.646,30.9,36,0.0,3.7,0,706.0,475.0,32.8
2026-05-06 11:00:00,18413.873,1269.736,17144.139,22443.372,31.8,32,0.0,4.8,18,823.0,574.0,33.7
2026-05-06 12:00:00,18625.258,1322.75,17302.51,22692.804,32.9,28,0.0,5.4,21,803.0,526.0,34.4
2026-05-06 13:00:00,18608.412,1272.273,17336.137,22672.926,33.7,26,0.0,5.2,16,821.0,548.0,35.0
2026-05-06 14:00:00,18420.13,1080.961,17339.174,22450.756,34.3,23,0.0,5.4,16,750.0,498.0,34.9
2026-05-06 15:00:00,18770.914,928.2950000000001,17842.62,22864.679,34.7,22,0.0,5.2,23,613.0,385.0,34.3
2026-05-06 16:00:00,18539.906,662.027,17877.877,22592.086,34.5,22,0.0,7.5,23,445.0,257.0,33.3
2026-05-06 17:00:00,18554.109,334.214,18219.897,22608.85,34.1,21,0.0,9.8,29,251.0,107.0,32.2
2026-05-06 18:00:00,24597.711,0.0,24597.711,29740.297,33.5,22,0.0,8.8,8,93.0,21.0,31.8
2026-05-06 19:00:00,24688.701,0.0,24688.701,29847.666,31.9,26,0.0,1.3,0,6.0,0.0,31.7
2026-05-06 20:00:00,24746.165999999997,0.0,24746.165999999997,29915.477,30.4,30,0.0,9.0,2,0.0,0.0,29.3
2026-05-06 21:00:00,24570.365,0.0,24570.365,29708.032,28.6,38,0.0,8.8,46,0.0,0.0,28.1
2026-05-06 22:00:00,24518.494,0.0,24518.494,29646.821,27.7,39,0.0,8.1,12,0.0,0.0,27.2
2026-05-06 23:00:00,11308.483,0.0,11308.483,14059.008,27.2,46,0.0,10.9,2,0.0,0.0,27.1
2026-05-07 00:00:00,11183.06,0.0,11183.06,13911.011,26.8,46,0.0,8.1,20,0.0,0.0,27.0
2026-05-07 01:00:00,11004.98,0.0,11004.98,13700.877,26.0,49,0.0,9.2,40,0.0,0.0,26.0
2026-05-07 02:00:00,11167.852,0.0,11167.852,13893.066,25.4,49,0.1,9.4,50,0.0,0.0,25.3
2026-05-07 03:00:00,11024.368,0.0,11024.368,13723.752,24.5,52,0.0,12.1,45,0.0,0.0,24.1
2026-05-07 04:00:00,11203.582,0.0,11203.582,13935.225,23.0,60,0.0,12.6,43,0.0,0.0,22.8
2026-05-07 05:00:00,18783.571,0.0,18783.571,22879.614,23.7,60,0.0,9.4,20,0.0,0.0,24.1
2026-05-07 06:00:00,21025.33,0.0,21025.33,25524.89,24.3,58,0.0,11.2,27,26.0,4.0,24.5
2026-05-07 07:00:00,21188.41,390.216,20798.194,25717.324,25.2,57,0.0,11.6,3,142.0,44.0,25.6
2026-05-07 08:00:00,20992.922,759.188,20233.736,25486.647,26.9,54,0.0,13.3,0,331.0,165.0,27.4
2026-05-07 09:00:00,20914.036,1032.315,19881.722,25393.564,28.1,49,0.0,16.0,1,463.0,261.0,27.9
2026-05-07 10:00:00,20929.553,1258.799,19670.755,25411.873,29.9,43,0.0,19.2,0,665.0,429.0,29.7
2026-05-07 11:00:00,18564.39,1222.7549999999999,17341.635000000002,22620.981,30.1,43,0.0,17.4,90,813.0,563.0,31.1
2026-05-07 12:00:00,18577.927,1277.702,17300.224000000002,22636.953,29.6,45,0.0,17.9,84,751.0,467.0,30.1
2026-05-07 13:00:00,18716.048,1284.412,17431.635,22799.937,29.1,46,0.0,18.3,88,547.0,246.0,28.6
2026-05-07 14:00:00,18570.558,1165.32,17405.236,22628.257,29.9,42,0.0,13.5,97,550.0,233.0,29.7
2026-05-07 15:00:00,18879.632,971.287,17908.344,22992.966,29.9,41,0.0,14.7,15,477.0,200.0,29.6
2026-05-07 16:00:00,18675.272,634.819,18040.458,22751.825,29.9,41,0.0,14.3,1,450.0,257.0,29.5
2026-05-07 17:00:00,18762.194,333.153,18429.041,22854.388,30.5,36,0.0,15.1,16,265.0,125.0,29.4
2026-05-07 18:00:00,24614.83,0.0,24614.83,29760.501,29.5,39,0.0,12.0,18,97.0,25.0,29.0
2026-05-07 19:00:00,24880.222999999998,0.0,24880.222999999998,30073.665,27.7,46,0.0,12.6,3,7.0,0.0,27.5
2026-05-07 20:00:00,24759.134000000002,0.0,24759.134000000002,29930.775999999998,26.5,53,0.0,12.3,2,0.0,0.0,26.8
2026-05-07 21:00:00,24660.261,0.0,24660.261,29814.108,25.7,60,0.0,12.1,1,0.0,0.0,26.5
2026-05-07 22:00:00,24429.153,0.0,24429.153,29541.399,25.1,63,0.0,11.0,0,0.0,0.0,26.2
2026-05-07 23:00:00,11130.501,0.0,11130.501,13848.989,24.8,68,0.0,11.3,0,0.0,0.0,26.3
2026-05-08 00:00:00,11004.177,0.0,11004.177,13699.927,24.0,73,0.0,9.2,2,0.0,0.0,25.9
2026-05-08 01:00:00,11122.257,0.0,11122.257,13839.265,23.5,76,0.0,8.9,0,0.0,0.0,25.5
2026-05-08 02:00:00,11175.215,0.0,11175.215,13901.753,23.0,79,0.0,9.2,0,0.0,0.0,25.1
2026-05-08 03:00:00,11149.247,0.0,11149.247,13871.116,22.5,84,0.0,9.0,2,0.0,0.0,24.8
2026-05-08 04:00:00,11101.364,0.0,11101.364,13814.61,22.1,86,0.0,8.5,24,0.0,0.0,24.6
2026-05-08 05:00:00,18864.816,0.0,18864.816,22975.483,22.2,87,0.0,10.5,13,0.0,0.0,24.4
2026-05-08 06:00:00,20909.973,0.0,20909.973,25388.769,22.7,84,0.0,9.7,4,28.0,4.0,25.1
2026-05-08 07:00:00,21338.268,391.002,20947.265,25894.155,24.2,76,0.0,9.8,0,153.0,53.0,26.4
2026-05-08 08:00:00,20981.726,746.819,20234.908,25473.438,26.4,64,0.0,11.0,0,344.0,181.0,28.2
2026-05-08 09:00:00,20945.712,1018.318,19927.394,25430.941,28.7,54,0.0,12.3,0,534.0,330.0,29.9
2026-05-08 10:00:00,20915.967,1211.511,19704.453999999998,25395.841,30.6,45,0.0,13.3,0,697.0,464.0,32.1
2026-05-08 11:00:00,18569.45,1240.415,17329.038,22626.953,32.0,38,0.0,14.5,0,810.0,558.0,33.3
2026-05-08 12:00:00,18547.89,1325.081,17222.809,22601.510000000002,33.2,34,0.0,13.6,0,863.0,603.0,34.6
2026-05-08 13:00:00,18585.427,1239.253,17346.172,22645.801,34.0,31,0.0,12.6,5,850.0,592.0,35.3
2026-05-08 14:00:00,18898.127,1138.603,17759.525,23014.79,34.4,30,0.0,10.7,42,768.0,517.0,35.5
2026-05-08 15:00:00,18730.514,943.317,17787.195,22817.005,34.3,30,0.0,9.9,43,590.0,353.0,34.4
2026-05-08 16:00:00,18786.55,647.667,18138.881,22883.126,31.1,40,0.4,11.3,99,400.0,206.0,31.5
2026-05-08 17:00:00,18845.982,334.299,18511.683,22953.26,32.7,32,0.0,10.4,27,142.0,21.0,32.4
2026-05-08 18:00:00,24491.554,0.0,24491.554,29615.033,31.7,34,0.0,11.7,31,92.0,22.0,31.3
2026-05-08 19:00:00,24551.211,0.0,24551.211,29685.429,30.6,38,0.0,9.7,3,7.0,0.0,30.8
2026-05-08 20:00:00,24638.371,0.0,24638.371,29788.277000000002,29.7,41,0.0,8.7,0,0.0,0.0,30.1
2026-05-08 21:00:00,24174.504999999997,0.0,24174.504999999997,29240.915,28.7,45,0.0,8.5,0,0.0,0.0,29.4
2026-05-08 22:00:00,24845.93,0.0,24845.93,30033.198,28.0,48,0.0,7.8,0,0.0,0.0,28.9
2026-05-08 23:00:00,11164.359999999999,0.0,11164.359999999999,13888.943,27.5,52,0.0,7.1,0,0.0,0.0,28.9
2026-05-09 00:00:00,9624.357,0.0,9624.357,12071.74,27.3,53,0.0,6.5,0,0.0,0.0,28.8
2026-05-09 01:00:00,9763.635,0.0,9763.635,12236.09,26.6,57,0.0,7.5,0,0.0,0.0,28.1
2026-05-09 02:00:00,9879.645,0.0,9879.645,12372.984,25.9,59,0.0,8.0,0,0.0,0.0,27.3
2026-05-09 03:00:00,9800.521,0.0,9800.521,12279.614,25.3,61,0.0,7.8,0,0.0,0.0,26.8
2026-05-09 04:00:00,9615.747,0.0,9615.747,12061.583,24.8,63,0.0,7.2,0,0.0,0.0,26.3
2026-05-09 05:00:00,16205.226,0.0,16205.226,19837.167,24.8,68,0.0,7.2,0,0.0,0.0,26.9
2026-05-09 06:00:00,18086.103,0.0,18086.103,22056.601000000002,25.3,65,0.0,6.5,0,30.0,5.0,27.4
2026-05-09 07:00:00,18174.942,335.87600000000003,17839.066,22161.43,26.6,59,0.0,6.7,0,159.0,56.0,28.6
2026-05-09 08:00:00,18288.467,640.8149999999999,17647.651,22295.393,28.7,52,0.0,7.4,0,342.0,179.0,30.4
2026-05-09 09:00:00,18228.257,898.65,17329.609,22224.342,30.8,45,0.0,8.4,0,529.0,325.0,32.2
2026-05-09 10:00:00,18023.2,1105.033,16918.167,21982.377,32.6,38,0.0,8.7,0,690.0,455.0,34.3
2026-05-09 11:00:00,16444.186999999998,1111.982,15332.205,20119.142,33.5,34,0.0,9.2,3,801.0,547.0,35.5
2026-05-09 12:00:00,16442.59,1062.743,15379.847,20117.254,34.7,32,0.0,8.3,5,842.0,577.0,37.0
2026-05-09 13:00:00,16180.068000000001,1148.683,15031.385,19807.479,35.3,30,0.0,7.1,6,817.0,556.0,37.5
2026-05-09 14:00:00,16143.068,966.942,15176.128,19763.821,35.5,29,0.0,7.3,13,728.0,479.0,37.0
2026-05-09 15:00:00,16497.674,840.215,15657.458,20182.253,35.5,28,0.0,6.7,32,596.0,364.0,36.1
2026-05-09 16:00:00,15958.693,574.221,15384.471,19546.257999999998,35.3,28,0.0,7.5,93,395.0,205.0,35.4
2026-05-09 17:00:00,16419.815,303.931,16115.885,20090.382,34.5,30,0.0,8.9,6,215.0,78.0,34.7
2026-05-09 18:00:00,21367.056,0.0,21367.056,25928.123,33.4,33,0.0,11.9,7,95.0,23.0,33.4
2026-05-09 19:00:00,21283.927,0.0,21283.927,25830.035,32.2,37,0.0,9.9,1,7.0,0.0,32.6
2026-05-09 20:00:00,21327.631,0.0,21327.631,25881.606,31.0,43,0.0,9.0,0,0.0,0.0,32.0
2026-05-09 21:00:00,21209.651,0.0,21209.651,25742.387,30.0,48,0.0,9.4,0,0.0,0.0,31.3
2026-05-09 22:00:00,21267.321,0.0,21267.321,25810.436999999998,29.2,50,0.0,6.8,0,0.0,0.0,30.9
2026-05-09 23:00:00,9817.335000000001,0.0,9817.335000000001,12299.456,28.8,54,0.0,7.3,0,0.0,0.0,30.9
2026-05-10 00:00:00,9748.24,0.0,9748.24,12217.924,28.3,56,0.0,5.5,0,0.0,0.0,30.7
2026-05-10 01:00:00,9748.154,0.0,9748.154,12217.819,27.7,58,0.0,5.6,0,0.0,0.0,30.1
2026-05-10 02:00:00,9755.886,0.0,9755.886,12226.946,27.2,59,0.0,5.6,0,0.0,0.0,29.5
2026-05-10 03:00:00,9752.628,0.0,9752.628,12223.102,26.9,59,0.0,6.1,0,0.0,0.0,29.0
2026-05-10 04:00:00,9744.162,0.0,9744.162,12213.111,26.5,59,0.0,6.9,0,0.0,0.0,28.3
2026-05-10 05:00:00,16462.702,0.0,16462.702,20140.989,26.3,63,0.0,7.7,0,0.0,0.0,28.3
2026-05-10 06:00:00,18112.015,0.0,18112.015,22087.179,26.9,60,0.0,6.9,0,31.0,5.0,29.0
2026-05-10 07:00:00,18178.544,338.525,17840.023,22165.684,28.1,55,0.0,6.9,0,160.0,56.0,30.1
2026-05-10 08:00:00,18239.973,664.739,17575.233,22238.167,30.2,49,0.0,5.8,0,344.0,179.0,32.3
2026-05-10 09:00:00,18071.65,869.423,17202.23,22039.547,32.4,40,0.0,8.1,0,532.0,325.0,33.7
2026-05-10 10:00:00,18219.721,1083.997,17135.724000000002,22214.271,33.8,35,0.0,10.1,0,693.0,457.0,35.3
2026-05-10 11:00:00,16161.591,1066.797,15094.796,19785.681,34.8,34,0.0,11.7,34,807.0,552.0,36.7
2026-05-10 12:00:00,16120.6,1084.818,15035.783,19737.307,35.8,31,0.0,9.3,65,836.0,553.0,38.1
2026-05-10 13:00:00,15996.194,1115.573,14880.62,19590.509000000002,36.7,28,0.0,6.4,71,804.0,506.0,38.9
2026-05-10 14:00:00,16154.579,965.928,15188.653,19777.404,37.2,26,0.0,6.6,75,716.0,437.0,38.7
2026-05-10 15:00:00,16331.074,792.851,15538.224,19985.667,37.3,24,0.0,8.3,70,554.0,305.0,37.2
2026-05-10 16:00:00,16134.564,572.127,15562.436,19753.785,36.9,26,0.0,6.7,62,414.0,211.0,37.2
2026-05-10 17:00:00,16094.323,295.893,15798.428,19706.302,35.4,29,0.0,9.6,27,250.0,106.0,35.5
2026-05-10 18:00:00,21246.647,0.0,21246.647,25786.044,34.1,32,0.0,12.2,27,92.0,20.0,34.0
2026-05-10 19:00:00,21191.636,0.0,21191.636,25721.131,32.5,37,0.0,11.6,35,8.0,0.0,32.8
2026-05-10 20:00:00,21414.594,0.0,21414.594,25984.22,31.6,39,0.0,8.3,0,0.0,0.0,32.5
2026-05-10 21:00:00,21304.749,0.0,21304.749,25854.604,30.8,41,0.0,7.9,0,0.0,0.0,31.8
2026-05-10 22:00:00,21210.939,0.0,21210.939,25743.906,30.0,43,0.0,8.5,0,0.0,0.0,30.9
2026-05-10 23:00:00,9780.849,0.0,9780.849,12256.403,29.9,46,0.0,8.5,0,0.0,0.0,31.2
2026-05-11 00:00:00,11190.18,0.0,11190.18,13919.413,29.8,47,0.0,8.7,11,0.0,0.0,31.2
2026-05-11 01:00:00,11134.592999999999,0.0,11134.592999999999,13853.818,29.3,49,0.0,7.8,99,0.0,0.0,30.8
2026-05-11 02:00:00,11191.722,0.0,11191.722,13921.231,28.7,51,0.0,8.4,99,0.0,0.0,30.1
2026-05-11 03:00:00,11182.929,0.0,11182.929,13910.855,28.2,52,0.0,8.0,100,0.0,0.0,29.6
2026-05-11 04:00:00,11044.703,0.0,11044.703,13747.748,27.8,53,0.0,7.2,84,0.0,0.0,29.3
2026-05-11 05:00:00,18898.941,0.0,18898.941,23015.75,27.3,57,0.0,8.8,1,0.0,0.0,29.0
2026-05-11 06:00:00,20904.035,0.0,20904.035,25381.762,27.8,56,0.0,8.3,7,31.0,5.0,29.5
2026-05-11 07:00:00,20523.543999999998,370.147,20153.397,24932.782,29.0,52,0.0,9.2,2,158.0,55.0,30.6
2026-05-11 08:00:00,20874.016,750.2819999999999,20123.73,25346.335,30.9,47,0.0,10.0,14,339.0,176.0,32.3
2026-05-11 09:00:00,21094.56,1054.987,20039.572,25606.582,33.1,40,0.0,6.8,96,524.0,316.0,34.9
2026-05-11 10:00:00,20772.817,1218.848,19553.968,25226.923,34.7,35,0.0,7.3,97,640.0,356.0,36.6
2026-05-11 11:00:00,18704.253,1284.814,17419.439,22786.017,34.4,34,0.0,4.2,100,715.0,394.0,37.0
2026-05-11 12:00:00,18621.988,1283.328,17338.656,22688.947,35.2,33,0.0,7.6,100,423.0,57.0,36.3
2026-05-11 13:00:00,18552.406,1268.217,17284.188000000002,22606.839,36.1,31,0.0,7.4,30,603.0,251.0,37.5
2026-05-11 14:00:00,18693.729,1195.033,17498.695,22773.603,37.0,29,0.0,7.4,2,730.0,451.0,39.1
2026-05-11 15:00:00,18635.683,912.779,17722.906,22705.109,37.4,28,0.0,4.6,2,625.0,401.0,39.1
2026-05-11 16:00:00,18400.128,664.9159999999999,17735.208,22427.149,37.7,27,0.0,1.1,78,452.0,262.0,39.4
2026-05-11 17:00:00,18903.138,354.48,18548.659,23020.703,36.7,30,0.0,3.8,79,215.0,68.0,38.4
2026-05-11 18:00:00,24755.034,0.0,24755.034,29925.939000000002,36.3,31,0.0,2.4,52,79.0,10.0,38.0
2026-05-11 19:00:00,24805.822,0.0,24805.822,29985.868,35.1,33,0.0,3.7,23,8.0,0.0,36.7
2026-05-11 20:00:00,24608.444,0.0,24608.444,29752.963,33.9,37,0.0,7.0,2,0.0,0.0,35.4
2026-05-11 21:00:00,24752.979,0.0,24752.979,29923.514,32.6,42,0.0,7.2,0,0.0,0.0,34.3
2026-05-11 22:00:00,24692.181,0.0,24692.181,29851.775,31.6,45,0.0,6.8,0,0.0,0.0,33.6
2026-05-11 23:00:00,11250.242,0.0,11250.242,13990.286,30.9,49,0.0,9.9,1,0.0,0.0,32.8
2026-05-12 00:00:00,11197.530999999999,0.0,11197.530999999999,13928.086,30.3,51,0.0,8.9,69,0.0,0.0,32.3
2026-05-12 01:00:00,11121.207,0.0,11121.207,13838.026,29.9,51,0.0,8.5,97,0.0,0.0,31.8
2026-05-12 02:00:00,11299.719000000001,0.0,11299.719000000001,14048.669,29.5,51,0.0,8.5,78,0.0,0.0,31.3
2026-05-12 03:00:00,11251.324,0.0,11251.324,13991.563,29.1,52,0.0,7.5,98,0.0,0.0,31.0
2026-05-12 04:00:00,11239.937,0.0,11239.937,13978.126,28.8,53,0.0,7.7,97,0.0,0.0,30.6
2026-05-12 05:00:00,18583.028,0.0,18583.028,22642.975,28.1,61,0.0,8.7,81,0.0,0.0,30.6
2026-05-12 06:00:00,20827.285,0.0,20827.285,25291.197,28.5,59,0.0,9.0,73,31.0,3.0,30.9
2026-05-12 07:00:00,20905.16,367.596,20537.567,25383.09,29.7,54,0.0,11.0,95,154.0,46.0,31.5
2026-05-12 08:00:00,20874.696,748.66,20126.038,25347.139,31.6,46,0.0,11.8,6,320.0,135.0,33.1
2026-05-12 09:00:00,21112.436,1061.686,20050.752,25627.677,31.3,50,1.0,17.3,48,526.0,314.0,32.5
2026-05-12 10:00:00,20897.643,1262.477,19635.168,25374.22,27.9,68,5.5,15.3,0,483.0,228.0,30.3
2026-05-12 11:00:00,18628.123,1228.114,17400.01,22696.186,37.1,30,0.0,15.7,6,813.0,549.0,38.5
2026-05-12 12:00:00,18665.719,1299.52,17366.196,22740.547,38.1,28,0.0,14.8,2,856.0,587.0,39.7
2026-05-12 13:00:00,18591.75,1273.417,17318.331,22653.261,38.6,27,0.0,13.1,14,842.0,577.0,40.3
2026-05-12 14:00:00,18841.171,1099.314,17741.859,22947.579999999998,38.8,26,0.0,11.2,52,758.0,502.0,40.4
2026-05-12 15:00:00,18491.546,892.409,17599.137,22535.024,38.0,27,0.0,8.9,55,546.0,307.0,38.6
2026-05-12 16:00:00,18657.365,673.757,17983.61,22730.689,36.9,30,0.3,8.7,59,413.0,221.0,37.8
2026-05-12 17:00:00,18313.089,329.573,17983.516,22324.443,35.6,34,0.2,14.2,31,223.0,85.0,36.0
2026-05-12 18:00:00,24879.288,0.0,24879.288,30072.56,34.2,38,0.0,13.2,77,101.0,26.0,35.1
2026-05-12 19:00:00,24346.097999999998,0.0,24346.097999999998,29443.394,33.0,43,0.0,9.6,47,8.0,0.0,34.8
2026-05-12 20:00:00,24588.324,0.0,24588.324,29729.222,32.0,49,0.0,8.3,84,0.0,0.0,34.5
2026-05-12 21:00:00,24651.291,0.0,24651.291,29803.52,31.1,53,0.0,8.9,100,0.0,0.0,33.8
2026-05-12 22:00:00,24574.336,0.0,24574.336,29712.717,30.4,55,0.0,7.3,9,0.0,0.0,33.3
2026-05-12 23:00:00,11205.831,0.0,11205.831,13937.878,30.0,57,0.0,8.4,9,0.0,0.0,32.9
2026-05-13 00:00:00,11058.072,0.0,11058.072,13763.525,29.2,59,0.0,8.3,0,0.0,0.0,31.9
2026-05-13 01:00:00,11159.562,0.0,11159.562,13883.286,28.2,61,0.0,8.7,0,0.0,0.0,30.7
2026-05-13 02:00:00,11297.982,0.0,11297.982,14046.619,27.5,63,0.0,8.6,0,0.0,0.0,30.0
2026-05-13 03:00:00,11098.303,0.0,11098.303,13811.001,27.0,64,0.0,7.8,0,0.0,0.0,29.6
2026-05-13 04:00:00,11156.842,0.0,11156.842,13880.074,26.8,65,0.0,6.5,0,0.0,0.0,29.5
2026-05-13 05:00:00,18756.593,0.0,18756.593,22847.78,26.7,69,0.0,10.1,0,0.0,0.0,29.3
2026-05-13 06:00:00,21207.249,0.0,21207.249,25739.55,26.8,70,0.0,7.8,0,35.0,5.0,29.9
2026-05-13 07:00:00,21103.312,393.173,20710.136,25616.907,28.2,65,0.0,8.5,0,172.0,65.0,31.4
2026-05-13 08:00:00,20967.492,766.597,20200.896,25456.641,30.4,58,0.0,9.1,2,359.0,194.0,33.4
2026-05-13 09:00:00,20921.804,998.8090000000001,19922.996,25402.725,32.7,49,0.0,9.6,11,547.0,339.0,35.4
2026-05-13 10:00:00,20741.41,1312.208,19429.201,25189.863,35.1,41,0.0,8.5,0,711.0,477.0,38.5
2026-05-13 11:00:00,18685.813,1197.29,17488.526,22764.259000000002,36.1,33,0.0,11.3,45,827.0,576.0,38.5
2026-05-13 12:00:00,18349.847999999998,1248.631,17101.221,22367.822,36.7,32,0.0,7.5,1,832.0,533.0,39.7
2026-05-13 13:00:00,18649.04,1225.8,17423.237,22720.864,37.7,29,0.0,6.2,15,868.0,610.0,41.0
2026-05-13 14:00:00,18830.957,1159.123,17671.834,22935.529000000002,38.3,27,0.0,5.3,9,771.0,516.0,41.0
2026-05-13 15:00:00,18594.877,906.304,17688.572,22656.956,38.7,25,0.0,3.0,20,656.0,434.0,40.8
2026-05-13 16:00:00,18602.008,667.071,17934.938,22665.371,39.1,23,0.0,6.9,83,473.0,282.0,39.4
2026-05-13 17:00:00,18783.769,340.742,18443.028,22879.845999999998,37.8,31,0.3,7.9,5,213.0,80.0,39.4
2026-05-13 18:00:00,24361.576,0.0,24361.576,29461.661,36.4,35,0.0,5.4,9,107.0,31.0,38.7
2026-05-13 19:00:00,24444.185,0.0,24444.185,29559.141,35.4,39,0.0,3.9,31,9.0,0.0,38.3
2026-05-13 20:00:00,24295.637,0.0,24295.637,29383.852,34.7,46,0.0,2.0,56,0.0,0.0,39.0
2026-05-13 21:00:00,24788.965,0.0,24788.965,29965.98,34.0,47,0.0,0.6,77,0.0,0.0,38.3
2026-05-13 22:00:00,24623.256,0.0,24623.256,29770.444,33.5,49,0.0,0.5,97,0.0,0.0,38.0
2026-05-13 23:00:00,11063.089,0.0,11063.089,13769.446,29.0,58,0.0,11.7,59,0.0,0.0,31.0
2026-05-14 00:00:00,11143.926,0.0,11143.926,13864.832,28.1,59,0.0,7.9,46,0.0,0.0,30.5
2026-05-14 01:00:00,11203.164,0.0,11203.164,13934.733,27.8,56,0.0,4.4,60,0.0,0.0,30.2
2026-05-14 02:00:00,11064.74,0.0,11064.74,13771.393,27.6,61,0.0,1.1,75,0.0,0.0,31.0
2026-05-14 03:00:00,11348.862,0.0,11348.862,14106.659,27.5,58,0.0,3.2,96,0.0,0.0,30.1
2026-05-14 04:00:00,11133.086000000001,0.0,11133.086000000001,13852.039,27.2,57,0.0,7.4,95,0.0,0.0,29.0
2026-05-14 05:00:00,18694.371,0.0,18694.371,22774.356,25.9,68,0.0,10.3,95,0.0,0.0,28.1
2026-05-14 06:00:00,21120.802,0.0,21120.802,25637.546,26.3,64,0.0,6.2,51,33.0,3.0,28.7
2026-05-14 07:00:00,20983.483,394.235,20589.248,25475.509,28.2,53,0.0,5.5,13,174.0,64.0,30.2
2026-05-14 08:00:00,21099.305,746.571,20352.734,25612.18,31.0,43,0.0,5.5,4,365.0,199.0,32.6
2026-05-14 09:00:00,20831.911,1015.351,19816.559,25296.655,33.8,34,0.0,6.2,1,557.0,350.0,34.9
2026-05-14 10:00:00,20645.4,1288.373,19357.025999999998,25076.572,36.0,28,0.0,4.7,11,722.0,490.0,38.0
2026-05-14 11:00:00,18665.573,1274.244,17391.33,22740.378,37.6,24,0.0,3.0,30,822.0,560.0,40.0
2026-05-14 12:00:00,18753.481,1374.456,17379.024,22844.105,38.7,22,0.0,2.2,64,879.0,610.0,41.6
2026-05-14 13:00:00,18807.749,1242.77,17564.977,22908.142,39.3,21,0.0,2.9,54,787.0,480.0,41.3
2026-05-14 14:00:00,18687.119,1100.543,17586.576,22765.8,39.0,20,0.2,6.4,11,668.0,385.0,39.4
2026-05-14 15:00:00,18526.976,907.6669999999999,17619.313000000002,22576.833,39.4,18,0.0,7.7,20,641.0,412.0,39.1
2026-05-14 16:00:00,18666.582,629.073,18037.505,22741.566,39.1,18,0.0,8.7,14,456.0,257.0,38.0
2026-05-14 17:00:00,18799.837,341.523,18458.311999999998,22898.805,38.5,24,0.0,9.0,7,273.0,128.0,38.6
2026-05-14 18:00:00,24469.99,0.0,24469.99,29589.589,37.2,27,0.0,9.0,8,107.0,31.0,37.6
2026-05-14 19:00:00,24864.677,0.0,24864.677,30055.319,35.6,33,0.0,8.8,6,9.0,0.0,36.7
2026-05-14 20:00:00,24703.347999999998,0.0,24703.347999999998,29864.951,34.7,37,0.0,7.9,70,0.0,0.0,36.3
2026-05-14 21:00:00,24482.449,0.0,24482.449,29604.29,34.1,38,0.0,5.9,98,0.0,0.0,35.9
2026-05-14 22:00:00,24560.853,0.0,24560.853,29696.806,33.4,41,0.0,3.7,98,0.0,0.0,35.9
2026-05-14 23:00:00,11202.512,0.0,11202.512,13933.964,32.6,45,0.0,15.4,100,0.0,0.0,33.8
2026-05-15 00:00:00,11254.662,0.0,11254.662,13995.503,31.4,39,0.0,13.9,100,0.0,0.0,31.3
2026-05-15 01:00:00,11300.41,0.0,11300.41,14049.482,30.0,49,0.0,12.5,99,0.0,0.0,31.1
2026-05-15 02:00:00,11272.796,0.0,11272.796,14016.902,29.8,50,0.0,12.3,63,0.0,0.0,31.1
2026-05-15 03:00:00,11280.337,0.0,11280.337,14025.798999999999,29.1,48,0.0,10.8,92,0.0,0.0,29.9
2026-05-15 04:00:00,11267.519,0.0,11267.519,14010.674,28.6,49,0.0,8.2,7,0.0,0.0,29.7
2026-05-15 05:00:00,18830.68,0.0,18830.68,22935.203,29.4,45,0.0,6.5,80,0.0,0.0,30.6
2026-05-15 06:00:00,20791.956,0.0,20791.956,25249.51,29.5,45,0.0,7.2,2,22.0,3.0,30.6
2026-05-15 07:00:00,20868.651,387.36,20481.291,25340.005,31.0,40,0.0,6.2,0,174.0,66.0,32.1
2026-05-15 08:00:00,20846.5,729.4689999999999,20117.031,25313.868,33.0,33,0.0,3.7,0,363.0,197.0,34.0
2026-05-15 09:00:00,21349.075,1060.349,20288.725,25906.911,35.1,26,0.0,3.3,0,554.0,347.0,35.6
2026-05-15 10:00:00,20923.1,1194.725,19728.374,25404.26,36.7,23,0.0,5.1,0,715.0,479.0,37.5
2026-05-15 11:00:00,18627.018,1200.2,17426.816,22694.88,38.1,21,0.0,9.0,5,828.0,575.0,38.9
2026-05-15 12:00:00,18805.164,1332.404,17472.761,22905.093,39.1,18,0.0,10.9,25,869.0,608.0,39.4
2026-05-15 13:00:00,18829.12,1251.996,17577.125,22933.363,39.4,17,0.0,13.3,9,739.0,453.0,38.3
2026-05-15 14:00:00,18720.66,1120.806,17599.853,22805.379,40.0,16,0.0,14.3,12,761.0,508.0,38.8
2026-05-15 15:00:00,18627.386,932.954,17694.434,22695.316,39.9,15,0.0,16.0,27,640.0,403.0,37.6
2026-05-15 16:00:00,18506.848,646.731,17860.12,22553.077,39.0,16,0.0,16.8,16,470.0,274.0,36.1
2026-05-15 17:00:00,18506.46,331.77,18174.693,22552.625,38.6,18,0.0,13.2,16,279.0,134.0,36.5
2026-05-15 18:00:00,24715.675,0.0,24715.675,29879.495,37.4,19,0.0,10.9,2,104.0,28.0,35.9
2026-05-15 19:00:00,24471.277,0.0,24471.277,29591.11,36.1,23,0.0,7.8,1,10.0,0.0,35.5
2026-05-15 20:00:00,24839.289,0.0,24839.289,30025.36,34.8,29,0.0,6.3,0,0.0,0.0,35.1
2026-05-15 21:00:00,24614.859,0.0,24614.859,29760.533,33.7,34,0.0,2.8,0,0.0,0.0,35.2
2026-05-15 22:00:00,24590.782,0.0,24590.782,29732.124,33.3,33,0.0,4.7,0,0.0,0.0,34.2
2026-05-15 23:00:00,11216.26,0.0,11216.26,13950.189,32.6,39,0.0,3.8,0,0.0,0.0,34.5
2026-05-16 00:00:00,9655.024,0.0,9655.024,12107.929,31.5,44,0.0,2.9,0,0.0,0.0,33.9
2026-05-16 01:00:00,9748.865,0.0,9748.865,12218.661,31.0,44,0.0,3.2,0,0.0,0.0,33.1
2026-05-16 02:00:00,9923.073,0.0,9923.073,12424.227,30.3,43,0.0,4.0,0,0.0,0.0,31.9
2026-05-16 03:00:00,9782.582,0.0,9782.582,12258.446,29.6,43,0.0,3.9,0,0.0,0.0,30.9
2026-05-16 04:00:00,9704.814,0.0,9704.814,12166.68,29.1,43,0.0,5.0,0,0.0,0.0,30.1
2026-05-16 05:00:00,16255.908,0.0,16255.908,19896.972,29.0,47,0.0,2.7,0,0.0,0.0,30.9
2026-05-16 06:00:00,18088.02,0.0,18088.02,22058.862,29.7,44,0.0,2.6,0,37.0,5.0,31.4
2026-05-16 07:00:00,18147.298,336.342,17810.954,22128.809,30.9,40,0.0,3.8,0,175.0,67.0,32.3
2026-05-16 08:00:00,18348.013,613.037,17734.972999999998,22365.654000000002,32.6,36,0.0,4.4,15,363.0,197.0,33.9
2026-05-16 09:00:00,17997.849000000002,916.86,17080.987,21952.461,34.6,31,0.0,5.5,0,552.0,343.0,35.5
2026-05-16 10:00:00,18256.716,1123.138,17133.576,22257.923,36.5,27,0.0,7.2,0,716.0,479.0,37.8
2026-05-16 11:00:00,16175.655999999999,1058.687,15116.971,19802.274,39.2,20,0.0,7.7,3,828.0,573.0,40.5
2026-05-16 12:00:00,16138.145,1160.007,14978.14,19758.014,40.3,16,0.0,12.0,18,854.0,586.0,40.1
2026-05-16 13:00:00,16196.176,1062.142,15134.034,19826.488,40.3,15,0.0,14.7,9,785.0,518.0,39.1
2026-05-16 14:00:00,16177.737000000001,987.579,15190.154999999999,19804.728,40.4,15,0.0,14.5,19,759.0,505.0,39.2
2026-05-16 15:00:00,16221.351999999999,806.147,15415.207,19856.196,40.0,16,0.0,16.5,4,622.0,389.0,37.7
2026-05-16 16:00:00,16201.193,581.006,15620.188,19832.409,39.4,16,0.0,16.6,2,476.0,284.0,36.7
2026-05-16 17:00:00,16155.048,301.321,15853.726,19777.958,39.7,15,0.0,17.1,23,284.0,139.0,36.6
2026-05-16 18:00:00,21701.802,0.0,21701.802,26323.125,38.6,17,0.0,16.6,4,109.0,30.0,35.8
2026-05-16 19:00:00,21220.242,0.0,21220.242,25754.886000000002,37.3,19,0.0,14.7,2,10.0,0.0,35.1
2026-05-16 20:00:00,21538.365999999998,0.0,21538.365999999998,26130.27,36.7,20,0.0,11.3,1,0.0,0.0,35.1
2026-05-16 21:00:00,21387.953999999998,0.0,21387.953999999998,25952.786,35.7,22,0.0,8.3,1,0.0,0.0,34.6
2026-05-16 22:00:00,21219.299,0.0,21219.299,25753.771,34.4,25,0.0,6.4,0,0.0,0.0,33.8
2026-05-16 23:00:00,9675.957,0.0,9675.957,12132.631,34.1,28,0.0,5.3,0,0.0,0.0,34.2
2026-05-17 00:00:00,9806.024,0.0,9806.024,12286.109,32.8,31,0.0,4.2,0,0.0,0.0,33.3
2026-05-17 01:00:00,9736.331,0.0,9736.331,12203.872,32.1,32,0.0,4.4,0,0.0,0.0,32.4
2026-05-17 02:00:00,9845.027,0.0,9845.027,12332.133,31.4,33,0.0,4.5,0,0.0,0.0,31.7
2026-05-17 03:00:00,9691.94,0.0,9691.94,12151.491,30.7,35,0.0,4.5,0,0.0,0.0,31.1
2026-05-17 04:00:00,9593.376,0.0,9593.376,12035.184,29.9,37,0.0,4.9,0,0.0,0.0,30.3
2026-05-17 05:00:00,16357.994,0.0,16357.994,20017.434,30.1,38,0.0,5.0,0,0.0,0.0,30.7
2026-05-17 06:00:00,18315.644,0.0,18315.644,22327.459,30.4,38,0.0,6.9,0,38.0,6.0,30.7
2026-05-17 07:00:00,18054.603,327.915,17726.683,22019.43,31.6,36,0.0,6.5,0,177.0,68.0,32.1
2026-05-17 08:00:00,18023.595,621.335,17402.261,21982.845,33.5,33,0.0,7.3,0,363.0,197.0,34.0
2026-05-17 09:00:00,18283.793,880.009,17403.785,22289.878,35.9,28,0.0,7.6,0,551.0,343.0,36.2
2026-05-17 10:00:00,18372.650999999998,1118.49,17254.164,22394.73,37.8,24,0.0,10.8,0,711.0,475.0,38.3
2026-05-17 11:00:00,16221.959,1090.022,15131.937,19856.912,40.1,21,0.0,13.5,0,823.0,568.0,40.7
2026-05-17 12:00:00,16364.253,1162.597,15201.656,20024.818,40.8,20,0.0,18.0,30,873.0,611.0,40.9
2026-05-17 13:00:00,16133.855,1047.337,15086.518,19752.949,41.0,20,0.0,18.5,4,820.0,535.0,40.9
2026-05-17 14:00:00,16203.825,996.366,15207.457,19835.513,41.2,20,0.0,18.2,1,764.0,508.0,40.7
2026-05-17 15:00:00,16260.642,798.936,15461.705,19902.558,41.3,20,0.1,19.3,16,641.0,415.0,40.0
2026-05-17 16:00:00,16248.355000000001,535.282,15713.074,19888.059,40.6,19,0.0,20.0,29,422.0,228.0,38.5
2026-05-17 17:00:00,16116.956,291.509,15825.446,19733.006,40.9,16,0.0,21.5,14,254.0,112.0,37.9
2026-05-17 18:00:00,21607.952,0.0,21607.952,26212.384,40.1,17,0.0,18.3,2,103.0,29.0,37.5
2026-05-17 19:00:00,21271.759000000002,0.0,21271.759000000002,25815.676,39.3,19,0.0,13.9,1,10.0,0.0,37.5
2026-05-17 20:00:00,21422.818,0.0,21422.818,25993.924,38.2,21,0.0,12.4,0,0.0,0.0,37.1
2026-05-17 21:00:00,21235.669,0.0,21235.669,25773.09,37.2,22,0.0,11.1,0,0.0,0.0,36.1
2026-05-17 22:00:00,21793.058,0.0,21793.058,26430.81,36.1,23,0.0,8.5,0,0.0,0.0,35.3
2026-05-17 23:00:00,9727.615,0.0,9727.615,12193.585,35.7,24,0.0,8.2,0,0.0,0.0,35.1
2026-05-18 00:00:00,11067.705,0.0,11067.705,13774.891,34.3,25,0.0,6.7,0,0.0,0.0,33.8
2026-05-18 01:00:00,11106.565,0.0,11106.565,13820.75,33.2,27,0.0,5.0,0,0.0,0.0,33.0
2026-05-18 02:00:00,11106.986,0.0,11106.986,13821.243,32.2,29,0.0,5.4,0,0.0,0.0,32.0
2026-05-18 03:00:00,11227.739,0.0,11227.739,13963.732,31.1,32,0.0,6.3,0,0.0,0.0,30.9
2026-05-18 04:00:00,11158.436,0.0,11158.436,13881.955,30.2,35,0.0,6.7,0,0.0,0.0,30.0
2026-05-18 05:00:00,18726.151,0.0,18726.151,22811.856,30.0,40,0.0,7.6,0,0.0,0.0,30.5
2026-05-18 06:00:00,20984.045,0.0,20984.045,25476.177,30.1,41,0.0,7.1,0,40.0,6.0,30.9
2026-05-18 07:00:00,20823.47,388.997,20434.472,25286.695,31.5,40,0.0,6.9,0,183.0,73.0,32.6
2026-05-18 08:00:00,20815.675,719.702,20095.972999999998,25277.492000000002,33.6,37,0.0,8.0,0,374.0,208.0,34.7
2026-05-18 09:00:00,21041.407,1060.994,19980.41,25543.859,35.8,33,0.0,8.4,0,565.0,360.0,37.0
2026-05-18 10:00:00,20755.351,1260.693,19494.657,25206.314,37.9,27,0.0,9.9,0,727.0,494.0,39.4
2026-05-18 11:00:00,18695.159,1251.47,17443.691,22775.29,40.1,23,0.0,12.1,0,837.0,587.0,41.7
2026-05-18 12:00:00,18886.659,1320.758,17565.898,23001.255,41.2,21,0.0,13.2,0,885.0,628.0,42.6
2026-05-18 13:00:00,18588.578,1252.391,17336.186,22649.521,41.8,21,0.0,15.1,5,871.0,616.0,42.9
2026-05-18 14:00:00,18507.634,1118.702,17388.93,22554.007,42.3,20,0.0,16.5,17,784.0,535.0,42.7
2026-05-18 15:00:00,18778.317,942.188,17836.128,22873.412,42.5,20,0.0,17.2,27,616.0,390.0,41.8
2026-05-18 16:00:00,18668.129,662.099,18006.03,22743.391,42.8,17,0.0,18.6,28,436.0,251.0,40.7
2026-05-18 17:00:00,18429.549,315.149,18114.403,22461.868,43.3,14,0.0,17.5,2,274.0,134.0,40.8
2026-05-18 18:00:00,24854.795,0.0,24854.795,30043.662,42.4,15,0.0,13.5,1,112.0,33.0,40.3
2026-05-18 19:00:00,24538.249,0.0,24538.249,29670.135000000002,40.8,17,0.0,11.3,1,11.0,1.0,39.3
2026-05-18 20:00:00,24730.331,0.0,24730.331,29896.792,39.3,18,0.0,10.9,0,0.0,0.0,37.8
2026-05-18 21:00:00,24569.612,0.0,24569.612,29707.143,38.2,18,0.0,9.3,0,0.0,0.0,36.8
2026-05-18 22:00:00,24750.007,0.0,24750.007,29920.007,38.0,18,0.0,10.0,0,0.0,0.0,36.4
2026-05-18 23:00:00,11161.123,0.0,11161.123,13885.124,37.8,19,0.0,8.6,0,0.0,0.0,36.7
2026-05-19 00:00:00,11126.527,0.0,11126.527,13844.302,35.2,23,0.0,7.4,0,0.0,0.0,34.4
2026-05-19 01:00:00,11125.643,0.0,11125.643,13843.257,33.8,26,0.0,5.7,0,0.0,0.0,33.4
2026-05-19 02:00:00,11183.973,0.0,11183.973,13912.085000000001,32.8,28,0.0,6.0,0,0.0,0.0,32.4
2026-05-19 03:00:00,11320.777,0.0,11320.777,14073.516,31.8,29,0.0,8.3,0,0.0,0.0,31.1
2026-05-19 04:00:00,11314.582,0.0,11314.582,14066.208,31.1,30,0.0,7.2,0,0.0,0.0,30.5
2026-05-19 05:00:00,18657.829,0.0,18657.829,22731.237,31.6,30,0.0,6.6,0,0.0,0.0,31.2
2026-05-19 06:00:00,20747.931,0.0,20747.931,25197.562,31.8,29,0.0,8.1,0,40.0,6.0,31.2
2026-05-19 07:00:00,20785.355,393.42199999999997,20391.931,25241.718,33.5,27,0.0,8.1,0,182.0,73.0,32.9
2026-05-19 08:00:00,20871.879,725.955,20145.925,25343.82,35.8,23,0.0,9.6,0,374.0,208.0,34.8
2026-05-19 09:00:00,21024.716,991.203,20033.514,25524.166,38.6,19,0.0,10.5,0,566.0,359.0,37.4
2026-05-19 10:00:00,20793.346,1246.828,19546.516,25251.149,41.0,13,0.0,13.9,0,731.0,495.0,39.3
2026-05-19 11:00:00,18850.394,1306.9479999999999,17543.446,22958.465,43.3,11,0.0,16.1,0,846.0,593.0,41.5
2026-05-19 12:00:00,18711.478,1356.539,17354.941,22794.545000000002,44.0,10,0.0,15.6,0,900.0,639.0,42.5
2026-05-19 13:00:00,18699.948,1210.21,17489.739,22780.939000000002,44.4,9,0.0,14.0,0,888.0,629.0,43.0
2026-05-19 14:00:00,18416.675,1089.171,17327.503,22446.678,44.4,10,0.0,14.2,0,809.0,562.0,42.6
2026-05-19 15:00:00,18719.194,906.965,17812.231,22803.648,44.1,11,0.0,15.2,0,671.0,446.0,41.5
2026-05-19 16:00:00,18766.361,661.055,18105.306,22859.306,43.3,11,0.0,15.5,0,491.0,299.0,40.1
2026-05-19 17:00:00,18767.475,347.817,18419.659,22860.622,43.3,11,0.0,15.3,0,295.0,149.0,40.0
2026-05-19 18:00:00,24605.002,0.0,24605.002,29748.902,42.0,12,0.0,11.1,0,116.0,35.0,39.6
2026-05-19 19:00:00,24605.33,0.0,24605.33,29749.292,40.3,15,0.0,5.6,0,12.0,1.0,39.0
2026-05-19 20:00:00,24711.111,0.0,24711.111,29874.112,39.1,16,0.0,5.9,0,0.0,0.0,37.9
2026-05-19 21:00:00,24678.744,0.0,24678.744,29835.92,38.4,16,0.0,8.0,0,0.0,0.0,36.7
2026-05-19 22:00:00,24740.908,0.0,24740.908,29909.272,38.3,15,0.0,10.4,0,0.0,0.0,36.0
2026-05-19 23:00:00,11104.078,0.0,11104.078,13817.812,36.4,19,0.0,9.7,0,0.0,0.0,34.8
2026-05-20 00:00:00,11225.009,0.0,11225.009,13960.509,35.1,22,0.0,8.1,0,0.0,0.0,33.9
2026-05-20 01:00:00,11212.028,0.0,11212.028,13945.192,33.9,23,0.0,6.6,0,0.0,0.0,32.9
2026-05-20 02:00:00,11138.865,0.0,11138.865,13858.861,33.1,24,0.0,6.7,0,0.0,0.0,32.0
2026-05-20 03:00:00,11248.619,0.0,11248.619,13988.369999999999,32.6,23,0.0,8.8,0,0.0,0.0,31.0
2026-05-20 04:00:00,11117.233,0.0,11117.233,13833.332999999999,32.1,23,0.0,8.7,0,0.0,0.0,30.4
2026-05-20 05:00:00,18739.109,0.0,18739.109,22827.149,32.4,24,0.0,9.9,0,0.0,0.0,30.7
2026-05-20 06:00:00,21042.091,0.0,21042.091,25544.667,32.2,26,0.0,9.4,0,41.0,7.0,30.8
2026-05-20 07:00:00,20797.011,371.254,20425.754,25255.471,33.5,26,0.0,9.4,0,184.0,74.0,32.4
2026-05-20 08:00:00,20899.731,682.701,20217.032,25376.683,35.6,25,0.0,10.2,0,375.0,209.0,34.8
2026-05-20 09:00:00,20796.262,1074.191,19722.07,25254.591,37.9,24,0.0,10.6,0,567.0,362.0,37.6
2026-05-20 10:00:00,20662.0,1246.479,19415.52,25096.16,40.1,22,0.0,11.6,0,729.0,496.0,40.6
2026-05-20 11:00:00,18855.677,1267.077,17588.601,22964.699,42.2,18,0.0,11.4,30,838.0,587.0,43.0
2026-05-20 12:00:00,18721.83,1295.695,17426.135,22806.76,42.7,16,0.0,10.6,30,754.0,469.0,42.7
2026-05-20 13:00:00,18445.843,1245.157,17200.686,22481.094,43.3,14,0.0,9.5,26,756.0,484.0,43.2
2026-05-20 14:00:00,18759.975,1081.277,17678.695,22851.77,43.6,14,0.0,10.9,9,756.0,506.0,43.1
2026-05-20 15:00:00,18795.104,976.424,17818.68,22893.224,43.4,14,0.0,11.0,0,643.0,417.0,42.2
2026-05-20 16:00:00,18641.834,658.462,17983.373,22712.365,43.0,14,0.0,10.1,0,485.0,292.0,41.3
2026-05-20 17:00:00,18526.715,331.749,18194.968,22576.524,43.2,13,0.0,6.5,0,292.0,147.0,42.0
2026-05-20 18:00:00,24662.696,0.0,24662.696,29816.979,41.7,15,0.0,10.5,0,116.0,35.0,40.0
2026-05-20 19:00:00,24418.321,0.0,24418.321,29528.619,40.1,18,0.0,8.0,0,12.0,1.0,39.2
2026-05-20 20:00:00,24974.905,0.0,24974.905,30185.389,38.9,20,0.0,5.9,0,0.0,0.0,38.6
2026-05-20 21:00:00,24448.075,0.0,24448.075,29563.729,38.1,20,0.0,8.2,0,0.0,0.0,37.2
2026-05-20 22:00:00,24563.701,0.0,24563.701,29700.168999999998,36.0,23,0.0,6.4,0,0.0,0.0,35.5
2026-05-20 23:00:00,11186.812,0.0,11186.812,13915.436,35.8,22,0.0,9.1,0,0.0,0.0,34.6
2026-05-21 00:00:00,11391.089,0.0,11391.089,14156.486,34.8,23,0.0,9.4,0,0.0,0.0,33.5
2026-05-21 01:00:00,11325.72,0.0,11325.72,14079.350999999999,34.0,24,0.0,10.8,0,0.0,0.0,32.5
2026-05-21 02:00:00,11111.481,0.0,11111.481,13826.547,33.7,25,0.0,13.6,0,0.0,0.0,32.0
2026-05-21 03:00:00,11128.384,0.0,11128.384,13846.494999999999,33.5,27,0.0,14.1,0,0.0,0.0,32.0
2026-05-21 04:00:00,11174.804,0.0,11174.804,13901.266,33.2,29,0.0,12.8,0,0.0,0.0,32.2
2026-05-21 05:00:00,18898.537,0.0,18898.537,23015.274,33.8,32,0.0,15.3,0,0.0,0.0,33.2
2026-05-21 06:00:00,20837.326,0.0,20837.326,25303.046000000002,33.8,34,0.0,15.0,0,41.0,7.0,33.4
2026-05-21 07:00:00,21189.548000000003,392.10699999999997,20797.444,25718.666,34.6,33,0.0,14.0,0,182.0,72.0,34.6
2026-05-21 08:00:00,20920.186,763.66,20156.527,25400.821,36.3,27,0.0,18.7,0,371.0,206.0,35.1
2026-05-21 09:00:00,21047.635,1075.117,19972.519,25551.209,37.8,25,0.0,18.8,0,562.0,358.0,36.4
2026-05-21 10:00:00,21071.6,1275.02,19796.579,25579.487,39.3,22,0.0,18.2,3,725.0,492.0,38.7
2026-05-21 11:00:00,18548.807,1316.63,17232.174,22602.593,40.7,19,0.0,18.3,48,838.0,587.0,40.3
2026-05-21 12:00:00,18883.041,1361.44,17521.603,22996.989,41.5,18,0.0,18.1,33,877.0,601.0,41.2
2026-05-21 13:00:00,18582.404,1255.35,17327.051,22642.236,42.2,17,0.0,16.7,17,869.0,604.0,42.0
2026-05-21 14:00:00,18644.201,1146.02,17498.181,22715.154,42.6,16,0.0,15.3,38,797.0,551.0,42.1
2026-05-21 15:00:00,18827.067,923.298,17903.769,22930.939,42.5,16,0.0,13.9,14,660.0,431.0,41.4
2026-05-21 16:00:00,18578.624,646.475,17932.149,22637.775999999998,42.3,16,0.0,12.9,0,486.0,293.0,40.7
2026-05-21 17:00:00,18815.988,337.61199999999997,18478.374,22917.868,42.8,14,0.0,12.4,2,293.0,148.0,40.7
2026-05-21 18:00:00,24465.633,0.0,24465.633,29584.448,41.4,15,0.0,11.9,2,117.0,35.0,39.4
2026-05-21 19:00:00,24615.622,0.0,24615.622,29761.432,39.7,16,0.0,9.1,0,12.0,1.0,38.0
2026-05-21 20:00:00,24756.882,0.0,24756.882,29928.121,38.1,17,0.0,7.9,0,0.0,0.0,36.6
2026-05-21 21:00:00,24392.382,0.0,24392.382,29498.010000000002,37.0,20,0.0,10.5,0,0.0,0.0,35.4
2026-05-21 22:00:00,24447.967,0.0,24447.967,29563.602,36.6,19,0.0,11.2,0,0.0,0.0,34.7
2026-05-21 23:00:00,11227.127,0.0,11227.127,13963.011,36.4,19,0.0,10.9,0,0.0,0.0,34.5
2026-05-22 00:00:00,11290.14,0.0,11290.14,14037.367,35.6,18,0.0,11.9,0,0.0,0.0,33.2
2026-05-22 01:00:00,11103.323,0.0,11103.323,13816.922,34.3,19,0.0,10.8,0,0.0,0.0,32.0
2026-05-22 02:00:00,11262.09,0.0,11262.09,14004.267,33.4,19,0.0,10.3,0,0.0,0.0,31.0
2026-05-22 03:00:00,11156.803,0.0,11156.803,13880.03,32.8,20,0.0,10.3,0,0.0,0.0,30.4
2026-05-22 04:00:00,11225.919,0.0,11225.919,13961.586,32.3,22,0.0,8.1,0,0.0,0.0,30.5
2026-05-22 05:00:00,18667.100000000002,0.0,18667.100000000002,22742.179,32.1,24,0.0,7.4,0,0.0,0.0,30.8
2026-05-22 06:00:00,20941.557,0.0,20941.557,25426.039,32.0,27,0.0,8.9,0,42.0,7.0,30.8
2026-05-22 07:00:00,21028.525999999998,397.068,20631.458,25528.661,33.2,27,0.0,9.5,0,184.0,73.0,32.2
2026-05-22 08:00:00,21002.699,723.1,20279.601,25498.186999999998,35.0,24,0.0,11.0,0,376.0,208.0,33.8
2026-05-22 09:00:00,20921.614,1018.848,19902.768,25402.507,36.8,23,0.0,10.4,0,568.0,361.0,36.0
2026-05-22 10:00:00,20849.506,1204.563,19644.943,25317.418,38.6,22,0.0,10.3,0,730.0,495.0,39.0
2026-05-22 11:00:00,18638.179,1240.543,17397.637,22708.053,40.8,18,0.0,10.7,0,845.0,593.0,41.4
2026-05-22 12:00:00,18567.989,1279.571,17288.422,22625.227,41.6,16,0.0,11.4,0,898.0,639.0,42.0
2026-05-22 13:00:00,18831.179,1273.773,17557.407,22935.791,41.9,15,0.0,11.6,0,880.0,624.0,42.1
2026-05-22 14:00:00,18382.024,1118.336,17263.689,22405.787,42.0,15,0.0,11.6,8,796.0,549.0,41.6
2026-05-22 15:00:00,18492.274,928.082,17564.191,22535.882999999998,42.0,14,0.0,12.2,21,654.0,428.0,40.5
2026-05-22 16:00:00,18729.834,674.051,18055.781,22816.203,41.5,15,0.0,13.0,6,454.0,261.0,39.5
2026-05-22 17:00:00,18578.683,344.291,18234.394,22637.848,42.0,12,0.0,11.8,14,292.0,145.0,39.5
2026-05-22 18:00:00,24529.808,0.0,24529.808,29660.172,41.0,13,0.0,14.3,20,98.0,27.0,38.1
2026-05-22 19:00:00,24877.165,0.0,24877.165,30070.053,39.2,18,0.0,12.6,1,12.0,1.0,37.5
2026-05-22 20:00:00,24836.829999999998,0.0,24836.829999999998,30022.46,37.7,22,0.0,8.1,1,0.0,0.0,37.2
2026-05-22 21:00:00,24885.396,0.0,24885.396,30079.768,36.9,22,0.0,7.9,0,0.0,0.0,36.3
2026-05-22 22:00:00,24634.018,0.0,24634.018,29783.141,36.5,21,0.0,8.9,0,0.0,0.0,35.2
2026-05-22 23:00:00,11164.135,0.0,11164.135,13888.679,36.1,22,0.0,7.1,0,0.0,0.0,35.4
2026-05-23 00:00:00,9808.835,0.0,9808.835,12289.425,34.8,24,0.0,5.5,2,0.0,0.0,34.4
2026-05-23 01:00:00,9660.106,0.0,9660.106,12113.923,33.9,26,0.0,4.1,1,0.0,0.0,33.8
2026-05-23 02:00:00,9786.582,0.0,9786.582,12263.17,33.4,27,0.0,4.8,0,0.0,0.0,33.2
2026-05-23 03:00:00,9796.862,0.0,9796.862,12275.297,32.4,30,0.0,4.0,0,0.0,0.0,32.5
2026-05-23 04:00:00,9732.297,0.0,9732.297,12199.113,31.7,31,0.0,4.0,0,0.0,0.0,31.9
2026-05-23 05:00:00,16120.558,0.0,16120.558,19737.259,31.6,35,0.0,5.2,5,0.0,0.0,32.2
2026-05-23 06:00:00,18346.508,0.0,18346.508,22363.879,31.7,36,0.0,7.1,4,41.0,7.0,32.2
2026-05-23 07:00:00,18125.628,327.727,17797.903,22103.242000000002,33.2,34,0.0,7.2,3,176.0,67.0,33.8
2026-05-23 08:00:00,18388.962,653.147,17735.814,22413.975,35.7,29,0.0,8.1,1,367.0,200.0,36.2
2026-05-23 09:00:00,18196.286,883.025,17313.259,22186.615999999998,38.0,24,0.0,9.0,1,557.0,350.0,38.0
2026-05-23 10:00:00,17923.189,1132.82,16790.373,21864.362999999998,39.6,20,0.0,11.5,17,720.0,487.0,39.7
2026-05-23 11:00:00,16413.908,1083.4180000000001,15330.49,20083.413,41.0,16,0.0,16.1,40,766.0,504.0,39.7
2026-05-23 12:00:00,16216.284,1090.171,15126.11,19850.213,40.7,15,0.0,18.1,46,730.0,450.0,38.8
2026-05-23 13:00:00,16309.814,1148.958,15160.854,19960.579999999998,39.8,18,0.0,14.5,29,684.0,428.0,38.7
2026-05-23 14:00:00,16232.686,965.021,15267.666,19869.571,40.4,17,0.0,13.7,4,737.0,478.0,39.5
2026-05-23 15:00:00,16335.737,838.616,15497.119,19991.167,41.3,13,0.0,13.5,2,635.0,414.0,39.0
2026-05-23 16:00:00,16289.585000000001,569.514,15720.068000000001,19936.711,41.2,12,0.0,17.2,3,497.0,305.0,37.6
2026-05-23 17:00:00,16205.383,288.899,15916.487000000001,19837.353,40.7,16,0.0,13.7,2,296.0,150.0,38.7
2026-05-23 18:00:00,21471.777,0.0,21471.777,26051.698,39.8,15,0.0,12.3,0,119.0,36.0,37.5
2026-05-23 19:00:00,21419.179,0.0,21419.179,25989.634,38.0,19,0.0,12.0,0,13.0,1.0,36.4
2026-05-23 20:00:00,21449.341,0.0,21449.341,26025.222,37.3,18,0.0,10.4,0,0.0,0.0,35.4
2026-05-23 21:00:00,21313.855,0.0,21313.855,25865.347999999998,36.1,19,0.0,9.3,0,0.0,0.0,34.3
2026-05-23 22:00:00,21372.18,0.0,21372.18,25934.175,34.9,20,0.0,8.2,0,0.0,0.0,33.4
2026-05-23 23:00:00,9866.831,0.0,9866.831,12357.860999999999,34.7,23,0.0,7.5,0,0.0,0.0,33.8
2026-05-24 00:00:00,9674.208,0.0,9674.208,12130.565,33.4,25,0.0,5.1,0,0.0,0.0,32.8
2026-05-24 01:00:00,9676.835,0.0,9676.835,12133.667,33.0,24,0.0,4.1,0,0.0,0.0,32.3
2026-05-24 02:00:00,9884.72,0.0,9884.72,12378.969,31.9,25,0.0,5.1,0,0.0,0.0,31.1
2026-05-24 03:00:00,9865.249,0.0,9865.249,12355.996000000001,30.8,29,0.0,6.9,0,0.0,0.0,29.9
2026-05-24 04:00:00,9730.098,0.0,9730.098,12196.513,30.0,31,0.0,8.2,0,0.0,0.0,29.0
2026-05-24 05:00:00,16276.121,0.0,16276.121,19920.823,30.2,33,0.0,8.8,0,0.0,0.0,29.6
2026-05-24 06:00:00,18597.301,0.0,18597.301,22659.816,30.1,34,0.0,8.3,0,43.0,7.0,29.7
2026-05-24 07:00:00,18090.472999999998,322.622,17767.851,22061.759000000002,31.7,33,0.0,7.7,5,186.0,74.0,31.6
2026-05-24 08:00:00,18063.509,646.038,17417.472,22029.941,34.0,29,0.0,10.1,0,373.0,206.0,33.6
2026-05-24 09:00:00,18172.725,886.329,17286.396,22158.816,36.8,25,0.0,10.8,0,565.0,359.0,36.4
2026-05-24 10:00:00,17924.972999999998,1123.368,16801.603,21866.469,39.1,19,0.0,13.8,0,729.0,495.0,38.5
2026-05-24 11:00:00,16096.018,1064.157,15031.860999999999,19708.302,41.3,17,0.0,14.0,5,843.0,591.0,41.2
2026-05-24 12:00:00,16230.197,1081.2269999999999,15148.97,19866.633,42.2,14,0.0,16.5,33,876.0,615.0,41.3
2026-05-24 13:00:00,16204.837,1099.296,15105.541000000001,19836.709,41.9,15,0.0,16.8,22,704.0,437.0,40.1
2026-05-24 14:00:00,16286.366,992.01,15294.355,19932.912,41.9,15,0.0,16.6,8,706.0,451.0,40.3
2026-05-24 15:00:00,16271.557,764.448,15507.108,19915.436,42.0,15,0.0,16.6,9,627.0,395.0,39.9
2026-05-24 16:00:00,16305.673,559.301,15746.372,19955.694,41.7,15,0.0,14.6,16,456.0,264.0,39.4
2026-05-24 17:00:00,16183.341,299.277,15884.062,19811.341,42.3,12,0.0,8.1,11,272.0,130.0,40.3
2026-05-24 18:00:00,21711.733,0.0,21711.733,26334.841,41.2,15,0.0,4.3,5,111.0,33.0,40.3
2026-05-24 19:00:00,21548.553,0.0,21548.553,26142.292,39.7,17,0.0,1.3,0,13.0,1.0,39.5
2026-05-24 20:00:00,21370.376,0.0,21370.376,25932.042,38.3,17,0.0,4.0,4,0.0,0.0,37.3
2026-05-24 21:00:00,21444.445,0.0,21444.445,26019.447,37.2,20,0.0,3.8,29,0.0,0.0,36.8
2026-05-24 22:00:00,21275.001,0.0,21275.001,25819.5,36.2,20,0.0,4.9,0,0.0,0.0,35.4
2026-05-24 23:00:00,9853.036,0.0,9853.036,12341.581,35.9,22,0.0,6.6,2,0.0,0.0,35.1
2026-05-25 00:00:00,11132.462,0.0,11132.462,13851.303,34.2,25,0.0,5.2,0,0.0,0.0,33.7
2026-05-25 01:00:00,11295.121,0.0,11295.121,14043.242,34.8,19,0.0,13.6,0,0.0,0.0,32.1
2026-05-25 02:00:00,11256.867,0.0,11256.867,13998.102,34.8,19,0.0,16.5,0,0.0,0.0,31.8
2026-05-25 03:00:00,11212.297,0.0,11212.297,13945.514000000001,33.9,21,0.0,14.3,0,0.0,0.0,31.3
2026-05-25 04:00:00,11375.826000000001,0.0,11375.826000000001,14138.476,32.8,22,0.0,13.7,0,0.0,0.0,30.3
2026-05-25 05:00:00,18729.569,0.0,18729.569,22815.892,33.3,24,0.0,13.0,2,0.0,0.0,31.3
2026-05-25 06:00:00,21022.455,0.0,21022.455,25521.498,33.3,24,0.0,12.3,3,43.0,7.0,31.5
2026-05-25 07:00:00,20771.117,394.98699999999997,20376.131,25224.917999999998,34.2,25,0.0,9.9,18,175.0,64.0,33.1
2026-05-25 08:00:00,20876.742,692.65,20184.092,25349.557,36.0,23,0.0,13.2,0,363.0,192.0,34.5
2026-05-25 09:00:00,21166.281,1011.501,20154.781,25691.21,37.8,22,0.0,15.3,0,566.0,362.0,36.3
2026-05-25 10:00:00,20802.843,1238.228,19564.614999999998,25262.356,39.3,21,0.0,16.2,0,727.0,496.0,38.8
2026-05-25 11:00:00,18725.557,1219.803,17505.754,22811.158,41.6,18,0.0,12.0,0,839.0,591.0,42.3
2026-05-25 12:00:00,18538.448,1298.136,17240.31,22590.368,42.5,16,0.0,10.0,15,894.0,638.0,43.6
2026-05-25 13:00:00,18721.618,1269.312,17452.308,22806.510000000002,42.8,16,0.0,11.6,47,822.0,553.0,43.0
2026-05-25 14:00:00,18696.595999999998,1155.083,17541.511,22776.981,43.0,13,0.0,14.2,42,709.0,433.0,41.4
2026-05-25 15:00:00,18595.919,920.377,17675.545,22658.187,42.9,13,0.0,14.2,53,545.0,307.0,40.4
2026-05-25 16:00:00,18745.945,631.253,18114.694,22835.216,42.1,15,0.0,12.2,20,363.0,162.0,40.4
2026-05-25 17:00:00,18669.541,339.854,18329.689000000002,22745.058,41.5,13,0.0,12.1,14,273.0,130.0,39.2
2026-05-25 18:00:00,24749.38,0.0,24749.38,29919.268,40.8,14,0.0,10.0,12,118.0,35.0,38.8
2026-05-25 19:00:00,24831.537,0.0,24831.537,30016.214,39.4,16,0.0,4.5,5,14.0,1.0,38.5
2026-05-25 20:00:00,25114.4,0.0,25114.4,30349.995,38.6,17,0.0,5.9,1,0.0,0.0,37.5
2026-05-25 21:00:00,24766.721,0.0,24766.721,29939.73,37.2,21,0.0,3.6,1,0.0,0.0,37.1
2026-05-25 22:00:00,24664.81,0.0,24664.81,29819.472999999998,36.6,21,0.0,5.3,3,0.0,0.0,36.0
2026-05-25 23:00:00,11251.669,0.0,11251.669,13991.97,37.2,19,0.0,8.6,16,0.0,0.0,35.8
2026-05-26 00:00:00,11226.308,0.0,11226.308,13962.044,35.6,20,0.0,5.4,5,0.0,0.0,34.5
2026-05-26 01:00:00,11258.054,0.0,11258.054,13999.502,34.4,22,0.0,4.2,5,0.0,0.0,33.7
2026-05-26 02:00:00,11297.583,0.0,11297.583,14046.149,33.7,23,0.0,5.4,0,0.0,0.0,32.7
2026-05-26 03:00:00,11352.474,0.0,11352.474,14110.919,32.7,24,0.0,4.9,0,0.0,0.0,31.8
2026-05-26 04:00:00,11118.835,0.0,11118.835,13835.222,32.0,24,0.0,5.1,0,0.0,0.0,31.0
2026-05-26 05:00:00,18759.798,0.0,18759.798,22851.562,32.3,24,0.0,7.4,0,0.0,0.0,31.0
2026-05-26 06:00:00,20859.559,0.0,20859.559,25329.280000000002,31.8,26,0.0,9.4,0,46.0,8.0,30.4
2026-05-26 07:00:00,21002.049,380.705,20621.341,25497.414,32.8,26,0.0,6.7,0,194.0,80.0,32.0
2026-05-26 08:00:00,21207.48,699.803,20507.677,25739.824,35.2,22,0.0,7.2,0,388.0,219.0,34.3
2026-05-26 09:00:00,20910.021,1029.663,19880.359,25388.824,37.2,20,0.0,9.6,0,580.0,372.0,36.2
2026-05-26 10:00:00,20826.143,1287.661,19538.481,25289.847999999998,39.2,18,0.0,10.5,0,742.0,506.0,38.8
2026-05-26 11:00:00,18823.636000000002,1301.247,17522.386,22926.89,41.8,10,0.0,13.4,1,854.0,601.0,40.1
2026-05-26 12:00:00,18695.346,1328.046,17367.3,22775.509,42.2,10,0.0,14.9,16,886.0,616.0,40.4
2026-05-26 13:00:00,18701.005,1192.1100000000001,17508.893,22782.187,42.4,11,0.0,17.3,17,843.0,573.0,40.2
2026-05-26 14:00:00,18568.355,1161.55,17406.803,22625.655,42.6,10,0.0,18.0,2,750.0,491.0,39.7
2026-05-26 15:00:00,18892.953,899.745,17993.209,23008.687,42.2,11,0.0,19.5,2,665.0,436.0,38.7
2026-05-26 16:00:00,18871.489,647.1419999999999,18224.346,22983.358,41.7,11,0.0,15.9,1,498.0,307.0,38.1
2026-05-26 17:00:00,18699.65,347.23699999999997,18352.416,22780.59,42.0,9,0.0,13.4,2,305.0,158.0,38.4
2026-05-26 18:00:00,24635.052,0.0,24635.052,29784.36,41.1,10,0.0,10.7,2,125.0,40.0,38.1
2026-05-26 19:00:00,24535.72,0.0,24535.72,29667.149,39.5,11,0.0,7.3,0,15.0,1.0,37.0
2026-05-26 20:00:00,24524.915,0.0,24524.915,29654.4,38.4,13,0.0,5.4,0,0.0,0.0,36.4
2026-05-26 21:00:00,24565.351,0.0,24565.351,29702.114,37.8,14,0.0,6.8,0,0.0,0.0,35.8
2026-05-26 22:00:00,24569.144,0.0,24569.144,29706.591,37.0,15,0.0,6.6,0,0.0,0.0,35.0
2026-05-26 23:00:00,11312.958,0.0,11312.958,14064.291000000001,36.1,18,0.0,4.6,0,0.0,0.0,34.9
2026-05-27 00:00:00,11212.07,0.0,11212.07,13945.242,34.9,19,0.0,4.0,0,0.0,0.0,33.8
2026-05-27 01:00:00,11308.403,0.0,11308.403,14058.915,34.4,21,0.0,2.6,0,0.0,0.0,33.6
2026-05-27 02:00:00,11202.252,0.0,11202.252,13933.657,33.5,21,0.0,3.4,0,0.0,0.0,32.5
2026-05-27 03:00:00,11257.47,0.0,11257.47,13998.815999999999,32.4,22,0.0,5.0,0,0.0,0.0,31.0
2026-05-27 04:00:00,11266.687,0.0,11266.687,14009.694,31.5,23,0.0,5.6,0,0.0,0.0,30.0
2026-05-27 05:00:00,18921.511,0.0,18921.511,23042.385000000002,31.4,25,0.0,4.9,0,0.0,0.0,30.4
2026-05-27 06:00:00,21037.801,0.0,21037.801,25539.604,31.7,25,0.0,6.4,0,45.0,8.0,30.6
2026-05-27 07:00:00,20913.127,389.034,20524.095,25392.491,33.3,24,0.0,6.1,0,193.0,80.0,32.3
2026-05-27 08:00:00,20956.239,728.888,20227.349000000002,25443.361,35.6,20,0.0,7.2,0,385.0,218.0,34.4
2026-05-27 09:00:00,21196.906,1097.956,20098.949,25727.351,38.0,17,0.0,8.6,0,576.0,370.0,36.4
2026-05-27 10:00:00,20935.819,1228.076,19707.744,25419.267,39.6,14,0.0,10.2,0,739.0,505.0,38.5
2026-05-27 11:00:00,18520.907,1265.256,17255.651,22569.669,41.6,12,0.0,10.7,0,853.0,601.0,40.8
2026-05-27 12:00:00,18639.961,1354.08,17285.882,22710.153000000002,42.4,11,0.0,12.6,0,908.0,649.0,41.6
2026-05-27 13:00:00,18577.536,1146.79,17430.748,22636.494,42.8,12,0.0,14.9,0,893.0,637.0,41.6
2026-05-27 14:00:00,18618.805,1109.02,17509.785,22685.19,42.9,12,0.0,15.9,0,813.0,569.0,41.3
2026-05-27 15:00:00,18446.244,925.746,17520.499,22481.568,42.7,13,0.0,16.2,0,677.0,455.0,40.5
2026-05-27 16:00:00,18730.0,669.663,18060.339,22816.398,42.5,13,0.0,16.3,2,500.0,310.0,39.6
2026-05-27 17:00:00,18577.652,351.278,18226.375,22636.627,43.4,10,0.0,19.1,2,300.0,154.0,39.4
2026-05-27 18:00:00,24466.248,0.0,24466.248,29585.172,42.3,11,0.0,15.2,1,124.0,40.0,39.1
2026-05-27 19:00:00,24821.908,0.0,24821.908,30004.85,40.8,13,0.0,11.4,0,15.0,1.0,38.4
2026-05-27 20:00:00,24483.663,0.0,24483.663,29605.719,39.7,15,0.0,7.9,0,0.0,0.0,38.0
2026-05-27 21:00:00,24605.925,0.0,24605.925,29749.989999999998,38.3,17,0.0,4.9,0,0.0,0.0,37.4
2026-05-27 22:00:00,24795.032,0.0,24795.032,29973.138,37.9,19,0.0,3.1,0,0.0,0.0,37.5
2026-05-27 23:00:00,11200.422,0.0,11200.422,13931.496000000001,37.4,19,0.0,4.1,1,0.0,0.0,36.8
2026-05-28 00:00:00,11292.038,0.0,11292.038,14039.602,35.7,21,0.0,4.5,0,0.0,0.0,35.0
2026-05-28 01:00:00,11239.344000000001,0.0,11239.344000000001,13977.423999999999,34.5,26,0.0,3.4,0,0.0,0.0,34.5
2026-05-28 02:00:00,11165.211,0.0,11165.211,13889.949,33.4,28,0.0,3.9,0,0.0,0.0,33.5
2026-05-28 03:00:00,11179.659,0.0,11179.659,13906.993999999999,32.2,31,0.0,3.3,0,0.0,0.0,32.6
2026-05-28 04:00:00,11266.043,0.0,11266.043,14008.931,31.5,36,0.0,6.9,7,0.0,0.0,32.0
2026-05-28 05:00:00,18899.705,0.0,18899.705,23016.65,30.1,45,0.0,7.9,0,0.0,0.0,31.2
2026-05-28 06:00:00,20723.803,0.0,20723.803,25169.087,29.7,45,0.0,9.5,0,45.0,8.0,30.6
2026-05-28 07:00:00,20997.631,388.427,20609.203,25492.206000000002,30.6,42,0.0,8.7,0,188.0,77.0,31.4
2026-05-28 08:00:00,21033.667,764.944,20268.722999999998,25534.729,32.5,40,0.0,9.5,0,374.0,208.0,33.7
2026-05-28 09:00:00,20987.644,1017.554,19970.089,25480.422,34.6,40,0.0,11.3,0,561.0,357.0,36.4
2026-05-28 10:00:00,20980.907,1316.993,19663.920000000002,25472.471,36.7,37,0.0,10.0,0,720.0,487.0,39.8
2026-05-28 11:00:00,18704.422,1303.844,17400.575,22786.217,38.5,32,0.0,10.8,18,829.0,579.0,41.9
2026-05-28 12:00:00,18629.704,1343.295,17286.408,22698.052,39.7,30,0.0,9.4,0,874.0,612.0,43.5
2026-05-28 13:00:00,18697.801,1301.189,17396.613,22778.408,40.4,30,0.0,10.6,28,856.0,596.0,44.1
2026-05-28 14:00:00,18579.234,1104.919,17474.317,22638.499,40.1,28,0.0,11.4,57,746.0,484.0,42.3
2026-05-28 15:00:00,18909.702,910.686,17999.015,23028.449,37.9,29,0.0,8.1,63,486.0,227.0,39.1
2026-05-28 16:00:00,18587.727,672.278,17915.452,22648.518,37.7,35,0.3,12.9,46,247.0,78.0,39.5
2026-05-28 17:00:00,18748.692,340.468,18408.221,22838.458,38.0,34,0.0,11.0,98,252.0,103.0,39.9
2026-05-28 18:00:00,24862.718,0.0,24862.718,30053.007999999998,34.4,42,0.3,13.9,100,63.0,5.0,35.9
2026-05-28 19:00:00,24612.234,0.0,24612.234,29757.436999999998,29.1,67,1.0,14.6,100,3.0,0.0,32.0
2026-05-28 20:00:00,24594.239999999998,0.0,24594.239999999998,29736.201,31.0,59,0.9,7.1,100,0.0,0.0,34.9
2026-05-28 21:00:00,24795.347,0.0,24795.347,29973.51,32.2,50,0.7,2.4,69,0.0,0.0,36.0
2026-05-28 22:00:00,24640.507999999998,0.0,24640.507999999998,29790.799,31.1,58,0.0,3.6,31,0.0,0.0,35.5
2026-05-28 23:00:00,11254.506,0.0,11254.506,13995.314,28.7,49,0.0,18.6,14,0.0,0.0,28.3
2026-05-29 00:00:00,11317.621,0.0,11317.621,14069.793,28.1,52,0.0,1.7,71,0.0,0.0,30.4
2026-05-29 01:00:00,11123.513,0.0,11123.513,13840.748,28.3,51,0.0,6.8,59,0.0,0.0,29.7
2026-05-29 02:00:00,11166.601,0.0,11166.601,13891.59,27.8,60,0.0,5.9,1,0.0,0.0,30.5
2026-05-29 03:00:00,11125.311,0.0,11125.311,13842.866,26.8,71,0.0,5.8,3,0.0,0.0,30.3
2026-05-29 04:00:00,11199.106,0.0,11199.106,13929.944,26.5,73,0.0,9.2,13,0.0,0.0,29.6
2026-05-29 05:00:00,18638.691,0.0,18638.691,22708.655,26.0,69,0.0,11.6,0,0.0,0.0,28.1
2026-05-29 06:00:00,20964.229,0.0,20964.229,25452.793,26.1,69,0.0,13.5,0,44.0,7.0,28.0
2026-05-29 07:00:00,21161.192,413.537,20747.655,25685.206,27.0,67,0.0,15.5,0,182.0,70.0,28.7
2026-05-29 08:00:00,20887.625,757.046,20130.579,25362.398999999998,28.1,66,0.0,14.4,0,364.0,193.0,30.4
2026-05-29 09:00:00,20946.653,1062.844,19883.806,25432.05,29.7,63,0.0,13.7,0,548.0,336.0,32.5
2026-05-29 10:00:00,20923.905,1212.072,19711.833,25405.211,31.3,58,0.0,12.2,0,702.0,457.0,35.3
2026-05-29 11:00:00,18784.315,1301.948,17482.367,22880.492,33.5,50,0.0,15.3,7,809.0,545.0,37.2
2026-05-29 12:00:00,18709.413,1277.293,17432.122,22792.11,32.7,50,0.1,12.4,86,825.0,549.0,36.7
2026-05-29 13:00:00,18579.924,1219.423,17360.504,22639.311999999998,30.9,54,0.4,10.5,14,553.0,266.0,33.4
2026-05-29 14:00:00,18780.189,1146.791,17633.396,22875.625,32.8,51,0.0,8.9,97,652.0,367.0,36.5
2026-05-29 15:00:00,18772.146,900.415,17871.732,22866.136,31.7,53,0.2,8.9,73,329.0,91.0,34.7
2026-05-29 16:00:00,18765.957,651.812,18114.148,22858.831000000002,32.0,52,0.3,9.3,45,389.0,181.0,34.9
2026-05-29 17:00:00,18737.512,339.20799999999997,18398.304,22825.264,33.8,43,0.0,15.4,67,249.0,93.0,35.2
2026-05-29 18:00:00,24874.676,0.0,24874.676,30067.118000000002,33.2,45,0.0,8.3,55,92.0,16.0,35.5
2026-05-29 19:00:00,24563.716,0.0,24563.716,29700.184,32.6,47,0.0,8.1,64,14.0,0.0,35.1
2026-05-29 20:00:00,24321.928,0.0,24321.928,29414.875,32.3,48,0.0,8.1,2,0.0,0.0,34.8
2026-05-29 21:00:00,24618.706000000002,0.0,24618.706000000002,29765.074,31.8,48,0.0,7.7,18,0.0,0.0,34.2
2026-05-29 22:00:00,24850.05,0.0,24850.05,30038.059,31.3,47,0.0,9.9,3,0.0,0.0,33.1
2026-05-29 23:00:00,11166.889,0.0,11166.889,13891.927,29.3,51,0.0,15.5,61,0.0,0.0,30.0
2026-05-30 00:00:00,9782.49,0.0,9782.49,12258.34,27.8,58,0.0,13.6,42,0.0,0.0,29.0
2026-05-30 01:00:00,9771.164,0.0,9771.164,12244.975,26.9,61,0.0,12.0,31,0.0,0.0,28.3
2026-05-30 02:00:00,9735.878,0.0,9735.878,12203.335000000001,26.3,62,0.0,12.2,93,0.0,0.0,27.6
2026-05-30 03:00:00,9782.201,0.0,9782.201,12257.999,25.9,64,0.0,8.9,66,0.0,0.0,27.8
2026-05-30 04:00:00,9728.529,0.0,9728.529,12194.665,25.3,68,0.0,6.9,2,0.0,0.0,27.6
2026-05-30 05:00:00,16339.15,0.0,16339.15,19995.197,24.7,76,0.0,10.3,44,0.0,0.0,27.1
2026-05-30 06:00:00,18161.036,0.0,18161.036,22145.023,24.8,76,0.0,8.7,35,45.0,7.0,27.5
2026-05-30 07:00:00,18247.729,310.539,17937.186999999998,22247.319,25.9,71,0.0,9.8,3,178.0,61.0,28.4
2026-05-30 08:00:00,18186.651,621.389,17565.262,22175.248,27.9,59,0.0,10.4,0,369.0,198.0,29.8
2026-05-30 09:00:00,18124.542,853.78,17270.761,22101.959,30.0,49,0.0,12.6,0,555.0,344.0,31.1
2026-05-30 10:00:00,18204.473,1134.984,17069.49,22196.278,31.6,46,0.0,5.8,0,720.0,482.0,35.0
2026-05-30 11:00:00,16329.875,1124.224,15205.646,19984.253,33.0,46,0.0,11.9,2,805.0,539.0,36.5
2026-05-30 12:00:00,16206.554,1137.105,15069.448,19838.732,34.4,42,0.0,11.4,13,855.0,588.0,38.1
2026-05-30 13:00:00,16320.482,1102.477,15218.002,19973.168,35.5,37,0.0,10.5,19,815.0,545.0,38.5
2026-05-30 14:00:00,16284.638,947.324,15337.314,19930.873,34.5,35,0.1,5.4,53,689.0,413.0,36.9
2026-05-30 15:00:00,16336.759,817.5790000000001,15519.178,19992.377,34.0,37,0.3,4.9,22,425.0,210.0,35.8
2026-05-30 16:00:00,16291.666,565.638,15726.024,19939.165,24.7,79,2.7,11.2,100,361.0,151.0,27.3
2026-05-30 17:00:00,16201.333,291.18,15910.153,19832.573,24.0,89,1.4,8.5,90,53.0,2.0,27.8
2026-05-30 18:00:00,21351.699,0.0,21351.699,25910.006,25.7,80,0.2,4.4,100,63.0,6.0,30.0
2026-05-30 19:00:00,21551.585,0.0,21551.585,26145.868,26.0,78,0.0,2.4,100,5.0,0.0,30.5
2026-05-30 20:00:00,21530.361,0.0,21530.361,26120.825,26.2,78,0.0,7.7,91,0.0,0.0,30.0
2026-05-30 21:00:00,21406.061999999998,0.0,21406.061999999998,25974.153,25.8,82,0.0,9.6,58,0.0,0.0,29.6
2026-05-30 22:00:00,21225.292,0.0,21225.292,25760.846,25.2,86,0.0,11.7,13,0.0,0.0,28.8
2026-05-30 23:00:00,9744.054,0.0,9744.054,12212.981,24.7,68,0.0,12.7,69,0.0,0.0,26.0
2026-05-31 00:00:00,9665.019,0.0,9665.019,12119.721,24.1,70,0.0,9.6,71,0.0,0.0,25.7
2026-05-31 01:00:00,9769.387,0.0,9769.387,12242.878,23.9,72,0.0,6.3,49,0.0,0.0,26.1
2026-05-31 02:00:00,9701.979,0.0,9701.979,12163.335000000001,23.6,73,0.0,6.5,37,0.0,0.0,25.7
2026-05-31 03:00:00,9727.845,0.0,9727.845,12193.859,23.5,73,0.0,6.8,27,0.0,0.0,25.6
2026-05-31 04:00:00,9628.455,0.0,9628.455,12076.577,23.3,75,0.0,6.6,9,0.0,0.0,25.4
2026-05-31 05:00:00,16303.618,0.0,16303.618,19953.269,23.9,78,0.0,11.3,6,0.0,0.0,26.0
2026-05-31 06:00:00,18328.468,0.0,18328.468,22342.594,24.4,77,0.0,10.0,2,43.0,6.0,26.8
2026-05-31 07:00:00,18207.501,343.591,17863.91,22199.852,25.6,72,0.0,10.5,0,177.0,62.0,28.0
2026-05-31 08:00:00,18349.451,648.565,17700.885000000002,22367.35,27.3,66,0.0,10.4,0,357.0,183.0,29.7
2026-05-31 09:00:00,18326.752,904.054,17422.7,22340.567,29.1,59,0.0,10.0,0,539.0,320.0,31.5
2026-05-31 10:00:00,18190.733,1041.711,17149.021,22180.067,30.6,51,0.0,8.8,3,696.0,446.0,33.6
2026-05-31 11:00:00,16257.710000000001,1100.848,15156.861,19899.097999999998,32.2,43,0.0,8.3,45,793.0,520.0,35.3
2026-05-31 12:00:00,16263.4,1173.8700000000001,15089.530999999999,19905.813000000002,32.5,43,0.0,5.9,74,814.0,501.0,36.3
2026-05-31 13:00:00,16551.236,1127.547,15423.692000000001,20245.459,32.7,42,0.0,5.6,66,739.0,395.0,36.1
2026-05-31 14:00:00,16442.68,1050.481,15392.198,20117.361,33.0,41,0.0,4.7,38,719.0,432.0,36.3
2026-05-31 15:00:00,16066.899,737.505,15329.396,19673.94,33.1,41,0.1,5.5,26,590.0,335.0,35.4
2026-05-31 16:00:00,16385.976,585.691,15800.286,20050.453999999998,31.1,46,0.6,12.9,44,416.0,199.0,32.1
2026-05-31 17:00:00,16474.986,310.221,16164.765,20155.482,26.1,80,0.1,10.6,82,264.0,107.0,29.7
2026-05-31 18:00:00,21637.138,0.0,21637.138,26246.823,27.3,68,0.0,11.9,38,105.0,19.0,29.9
2026-05-31 19:00:00,21519.239,0.0,21519.239,26107.702,26.8,68,0.0,6.4,28,15.0,1.0,29.9
2026-05-31 20:00:00,21390.947,0.0,21390.947,25956.315000000002,26.7,70,0.0,4.4,2,0.0,0.0,30.3
2026-05-31 21:00:00,21515.562,0.0,21515.562,26103.365,26.4,72,0.0,3.6,19,0.0,0.0,30.2
2026-05-31 22:00:00,21509.295,0.0,21509.295,26095.966,25.9,75,0.0,3.0,3,0.0,0.0,29.9
2026-05-31 23:00:00,9716.667,0.0,9716.667,12180.667000000001,26.5,73,0.0,2.4,26,0.0,0.0,30.7
2026-06-01 00:00:00,9555.647,0.0,9555.647,11990.664,26.1,73,0.0,3.1,33,0.0,0.0,29.9
2026-06-01 01:00:00,9657.380000000001,0.0,9657.380000000001,12110.708,25.7,76,0.0,2.3,38,0.0,0.0,29.8
2026-06-01 02:00:00,9406.43,0.0,9406.43,11814.586,25.4,76,0.0,2.7,38,0.0,0.0,29.3
2026-06-01 03:00:00,9682.027,0.0,9682.027,12139.792,25.0,78,0.0,2.9,37,0.0,0.0,28.9
2026-06-01 04:00:00,9768.69,0.0,9768.69,12242.056,24.6,82,0.0,4.8,9,0.0,0.0,28.4
2026-06-01 05:00:00,16150.396999999999,0.0,16150.396999999999,19772.467,24.7,86,0.0,5.2,23,0.0,0.0,28.9
2026-06-01 06:00:00,18120.237,0.0,18120.237,22096.879,25.2,83,0.0,3.8,17,41.0,5.0,29.6
2026-06-01 07:00:00,17937.565,318.871,17618.694,21881.325,26.5,76,0.0,4.9,30,168.0,52.0,30.6
2026-06-01 08:00:00,17997.886000000002,629.654,17368.232,21952.505,25.2,75,0.4,13.1,55,291.0,126.0,27.2
2026-06-01 09:00:00,18122.45,828.184,17294.267,22099.490999999998,27.5,66,0.0,6.8,20,459.0,228.0,30.6
2026-06-01 10:00:00,17910.202,1060.673,16849.529,21849.037,30.0,56,0.0,7.2,17,666.0,403.0,33.6
2026-06-01 11:00:00,15864.761,1014.145,14850.614,19435.418,32.0,43,0.0,10.2,56,775.0,488.0,34.6
2026-06-01 12:00:00,16329.511,1138.3410000000001,15191.17,19983.823,31.2,46,0.6,7.8,89,742.0,443.0,34.2
2026-06-01 13:00:00,15932.82,1073.693,14859.127,19515.728,32.4,42,0.1,6.9,49,658.0,358.0,34.9
2026-06-01 14:00:00,16039.994,951.217,15088.777,19642.193,32.7,41,0.0,6.5,41,596.0,305.0,34.7
2026-06-01 15:00:00,16143.476,833.881,15309.597,19764.303,33.0,40,0.0,5.8,80,566.0,292.0,34.9
2026-06-01 16:00:00,16133.789,563.867,15569.923,19752.872,33.1,39,0.0,5.3,29,436.0,215.0,34.9
2026-06-01 17:00:00,16135.959,301.082,15834.878,19755.433,32.4,42,0.0,10.2,34,280.0,124.0,33.7
2026-06-01 18:00:00,21033.517,0.0,21033.517,25534.552,31.0,49,0.0,8.9,27,116.0,30.0,33.0
2026-06-01 19:00:00,21410.427,0.0,21410.427,25979.304,29.7,57,0.0,5.6,10,16.0,1.0,32.8
2026-06-01 20:00:00,21168.189,0.0,21168.189,25693.462,28.8,62,0.0,5.7,2,0.0,0.0,32.2
2026-06-01 21:00:00,21483.129999999997,0.0,21483.129999999997,26065.093,28.3,63,0.0,4.9,1,0.0,0.0,31.7
2026-06-01 22:00:00,21184.72,0.0,21184.72,25712.97,27.8,66,0.0,3.9,0,0.0,0.0,31.5
2026-06-01 23:00:00,9706.833,0.0,9706.833,12169.063,28.0,65,0.0,6.6,5,0.0,0.0,31.3
2026-06-02 00:00:00,9715.92,0.0,9715.92,12179.783,27.3,66,0.0,6.7,5,0.0,0.0,30.4
2026-06-02 01:00:00,9607.276,0.0,9607.276,12051.587,26.6,69,0.0,7.0,19,0.0,0.0,29.6
2026-06-02 02:00:00,9620.351,0.0,9620.351,12067.015,25.1,77,0.5,10.8,50,0.0,0.0,27.7
2026-06-02 03:00:00,9614.12,0.0,9614.12,12059.661,24.6,80,0.1,4.9,2,0.0,0.0,28.2
2026-06-02 04:00:00,9669.083999999999,0.0,9669.083999999999,12124.522,24.4,80,0.0,5.5,3,0.0,0.0,27.8
2026-06-02 05:00:00,16257.555,0.0,16257.555,19898.913,26.3,74,0.0,6.1,92,0.0,0.0,29.9
2026-06-02 06:00:00,18121.38,0.0,18121.38,22098.23,26.0,73,0.0,7.2,96,37.0,3.0,29.2
2026-06-02 07:00:00,17922.429,329.374,17593.053,21863.466,27.2,66,0.0,3.4,51,149.0,35.0,30.7
2026-06-02 08:00:00,17948.976,626.086,17322.89,21894.793,29.6,54,0.0,6.1,3,344.0,160.0,32.2
2026-06-02 09:00:00,17851.072,923.868,16927.202,21779.263,31.4,47,0.0,7.6,1,532.0,316.0,33.6
2026-06-02 10:00:00,17943.458,1105.155,16838.302,21888.281,33.3,40,0.0,7.9,14,696.0,452.0,35.8
2026-06-02 11:00:00,16271.477,1071.06,15200.419,19915.344,34.5,33,0.1,9.3,10,768.0,498.0,36.4
2026-06-02 12:00:00,15888.027,1054.815,14833.212,19462.871,35.3,30,0.0,7.6,29,766.0,492.0,37.2
2026-06-02 13:00:00,15998.644,1109.625,14889.021,19593.4,36.2,28,0.1,7.1,24,754.0,466.0,38.0
2026-06-02 14:00:00,16285.543,949.548,15335.994999999999,19931.942,36.3,28,0.1,7.6,28,703.0,442.0,37.7
2026-06-02 15:00:00,15820.611,791.674,15028.934000000001,19383.321,36.5,28,0.0,7.3,22,632.0,392.0,37.6
2026-06-02 16:00:00,15831.029,562.079,15268.948,19395.614,35.9,29,0.0,6.0,31,446.0,250.0,36.7
2026-06-02 17:00:00,16151.606,291.698,15859.906,19773.894,32.5,46,0.0,5.8,31,278.0,125.0,35.2
2026-06-02 18:00:00,21512.97,0.0,21512.97,26100.305,32.4,47,0.1,5.8,4,121.0,33.0,35.2
2026-06-02 19:00:00,21336.769,0.0,21336.769,25892.389,31.9,49,0.0,3.5,2,16.0,1.0,35.1
2026-06-02 20:00:00,21214.701,0.0,21214.701,25748.346,31.6,52,0.0,4.2,1,0.0,0.0,35.0
2026-06-02 21:00:00,21044.365999999998,0.0,21044.365999999998,25547.351000000002,31.2,54,0.0,4.6,0,0.0,0.0,34.7
2026-06-02 22:00:00,21314.882,0.0,21314.882,25866.559999999998,30.8,55,0.0,3.7,0,0.0,0.0,34.4
2026-06-02 23:00:00,9662.415,0.0,9662.415,12116.651,31.0,53,0.0,3.3,0,0.0,0.0,34.6
2026-06-03 00:00:00,9612.814,0.0,9612.814,12058.119,30.5,59,0.0,2.2,0,0.0,0.0,34.9
2026-06-03 01:00:00,9625.555,0.0,9625.555,12073.157,30.4,59,0.0,1.1,0,0.0,0.0,34.9
2026-06-03 02:00:00,9644.419,0.0,9644.419,12095.415,30.1,60,0.0,1.8,0,0.0,0.0,34.5
2026-06-03 03:00:00,9668.369,0.0,9668.369,12123.676,29.9,60,0.0,0.9,0,0.0,0.0,34.3
2026-06-03 04:00:00,9672.102,0.0,9672.102,12128.081,29.5,60,0.0,1.4,0,0.0,0.0,33.7
2026-06-03 05:00:00,15947.81,0.0,15947.81,19533.416,29.1,65,0.0,1.9,4,0.0,0.0,33.5
2026-06-03 06:00:00,18143.67,0.0,18143.67,22124.528,29.7,59,0.0,4.0,0,44.0,6.0,33.3
2026-06-03 07:00:00,17889.231,317.928,17571.308,21824.296,31.0,54,0.0,4.4,0,179.0,66.0,34.4
2026-06-03 08:00:00,17873.892,655.652,17218.241,21806.195,32.7,47,0.0,4.5,0,359.0,189.0,35.9
2026-06-03 09:00:00,18067.214,884.39,17182.826,22034.314,34.3,40,0.0,3.1,3,542.0,331.0,37.1
2026-06-03 10:00:00,17808.415,1086.489,16721.93,21728.935,35.6,35,0.0,4.2,9,662.0,418.0,38.6
2026-06-03 11:00:00,16020.93,1054.007,14966.922,19619.698,35.4,33,0.0,6.4,30,777.0,505.0,38.2
2026-06-03 12:00:00,16178.932,1113.785,15065.146,19806.139,36.6,32,0.1,7.5,29,824.0,536.0,39.7
2026-06-03 13:00:00,16001.237,1097.712,14903.526,19596.46,37.3,31,0.1,6.8,18,823.0,538.0,40.5
2026-06-03 14:00:00,16105.537,965.388,15140.151,19719.535,37.9,29,0.0,6.6,21,741.0,483.0,40.3
2026-06-03 15:00:00,16090.707,818.735,15271.972,19702.034,38.4,26,0.0,6.7,35,619.0,390.0,39.7
2026-06-03 16:00:00,16072.621,586.028,15486.595,19680.693,37.8,27,0.0,6.5,15,433.0,244.0,38.7
2026-06-03 17:00:00,16235.18,301.089,15934.092,19872.511,38.5,26,0.0,9.0,45,273.0,128.0,39.1
2026-06-03 18:00:00,21362.523,0.0,21362.523,25922.777,36.0,33,0.1,9.9,46,120.0,37.0,37.1
2026-06-03 19:00:00,21317.881,0.0,21317.881,25870.097,35.1,37,0.4,11.1,21,16.0,1.0,36.4
2026-06-03 20:00:00,21179.407,0.0,21179.407,25706.702,34.7,38,0.0,7.0,8,0.0,0.0,36.7
2026-06-03 21:00:00,21465.15,0.0,21465.15,26043.877,34.1,41,0.0,5.4,5,0.0,0.0,36.6
2026-06-03 22:00:00,21421.588,0.0,21421.588,25992.474,33.2,45,0.0,4.6,2,0.0,0.0,36.2
2026-06-03 23:00:00,9720.16,0.0,9720.16,12184.788999999999,33.4,46,0.0,8.4,6,0.0,0.0,36.1
2026-06-04 00:00:00,9682.495,0.0,9682.495,12140.345,32.2,50,0.0,5.6,10,0.0,0.0,35.4
2026-06-04 01:00:00,9691.777,0.0,9691.777,12151.296,31.1,55,0.0,4.2,0,0.0,0.0,34.9
2026-06-04 02:00:00,9601.796,0.0,9601.796,12045.117,30.4,57,0.0,4.0,0,0.0,0.0,34.1
2026-06-04 03:00:00,9642.726,0.0,9642.726,12093.416,29.8,57,0.0,4.3,0,0.0,0.0,33.2
2026-06-04 04:00:00,9715.697,0.0,9715.697,12179.519,29.3,58,0.0,4.3,0,0.0,0.0,32.6
2026-06-04 05:00:00,16127.414,0.0,16127.414,19745.35,30.7,51,0.0,13.0,5,0.0,0.0,32.4
2026-06-04 06:00:00,17846.677,0.0,17846.677,21774.079,30.9,49,0.0,2.4,27,44.0,7.0,33.9
2026-06-04 07:00:00,18069.663,317.65500000000003,17752.006,22037.203,28.4,59,0.1,10.5,71,140.0,50.0,30.5
2026-06-04 08:00:00,17948.394,651.32,17297.075,21894.105,31.0,50,0.0,7.5,20,257.0,101.0,33.4
2026-06-04 09:00:00,18152.715,899.371,17253.346,22135.206,33.8,42,0.0,8.7,27,520.0,308.0,35.9
2026-06-04 10:00:00,18066.431,1098.513,16967.919,22033.388,34.5,42,0.0,10.2,3,646.0,405.0,37.2
2026-06-04 11:00:00,15793.418,1047.219,14746.198,19351.234,38.3,25,0.0,6.7,22,803.0,544.0,40.4
2026-06-04 12:00:00,16094.038,1101.298,14992.738,19705.964,39.5,22,0.2,3.9,26,812.0,542.0,41.7
2026-06-04 13:00:00,16035.856,1066.995,14968.86,19637.311,39.0,22,0.0,11.8,42,602.0,333.0,38.6
2026-06-04 14:00:00,16234.079,976.4979999999999,15257.582,19871.215,39.1,23,0.1,10.1,3,688.0,437.0,39.7
2026-06-04 15:00:00,16182.341,824.165,15358.175,19810.162,38.5,25,0.0,10.7,2,589.0,368.0,38.8
2026-06-04 16:00:00,16188.246,599.844,15588.403,19817.131,37.5,30,0.0,11.3,20,449.0,258.0,38.3
2026-06-04 17:00:00,16039.073,297.199,15741.873,19641.103,34.4,34,0.0,7.6,75,291.0,144.0,35.4
2026-06-04 18:00:00,21286.932,0.0,21286.932,25833.577,34.4,32,0.0,11.3,66,97.0,18.0,34.5
2026-06-04 19:00:00,20965.598,0.0,20965.598,25454.408,29.9,50,0.1,14.8,100,13.0,1.0,30.9
2026-06-04 20:00:00,21031.495,0.0,21031.495,25532.166999999998,30.0,53,0.1,8.3,100,0.0,0.0,32.3
2026-06-04 21:00:00,21193.048,0.0,21193.048,25722.797,29.9,54,0.0,8.1,100,0.0,0.0,32.2
2026-06-04 22:00:00,20845.115999999998,0.0,20845.115999999998,25312.24,29.7,54,0.0,7.1,100,0.0,0.0,32.1
2026-06-04 23:00:00,9707.837,0.0,9707.837,12170.248,28.1,55,0.0,13.4,93,0.0,0.0,29.1
2026-06-05 00:00:00,9717.39,0.0,9717.39,12181.523,26.2,68,0.8,2.4,100,0.0,0.0,29.5
2026-06-05 01:00:00,9785.339,0.0,9785.339,12261.699,25.4,85,1.2,2.6,100,0.0,0.0,30.2
2026-06-05 02:00:00,9664.826,0.0,9664.826,12119.494999999999,26.0,77,0.0,9.0,100,0.0,0.0,29.4
2026-06-05 03:00:00,9715.322,0.0,9715.322,12179.079,26.3,74,0.0,4.9,97,0.0,0.0,30.1
2026-06-05 04:00:00,9567.547,0.0,9567.547,12004.708,26.7,69,0.0,5.6,100,0.0,0.0,30.0
2026-06-05 05:00:00,15823.335,0.0,15823.335,19386.534,25.1,85,0.0,13.9,100,0.0,0.0,28.3
2026-06-05 06:00:00,18045.954,0.0,18045.954,22009.227,26.4,72,0.0,2.4,100,19.0,0.0,30.3
2026-06-05 07:00:00,18115.956000000002,341.533,17774.423,22091.826,27.0,67,0.0,1.8,100,39.0,0.0,30.8
2026-06-05 08:00:00,18036.225,646.8050000000001,17389.417,21997.746,28.4,59,0.0,1.6,100,202.0,58.0,31.8
2026-06-05 09:00:00,18029.136,875.036,17154.101,21989.382,29.5,53,0.0,4.8,100,286.0,101.0,32.1
2026-06-05 10:00:00,17914.089,1072.462,16841.626,21853.625,31.2,47,0.0,4.9,88,550.0,214.0,33.6
2026-06-05 11:00:00,16029.623,1097.2839999999999,14932.341,19629.956,32.2,42,0.0,8.0,100,546.0,276.0,33.8
2026-06-05 12:00:00,16031.271999999999,1144.537,14886.735,19631.898,32.9,41,0.0,9.0,100,311.0,14.0,34.3
2026-06-05 13:00:00,16205.06,1118.362,15086.698,19836.972999999998,34.0,41,0.0,9.5,88,657.0,313.0,36.4
2026-06-05 14:00:00,16292.619999999999,1021.45,15271.17,19940.292,33.8,43,0.0,8.3,73,660.0,320.0,36.9
2026-06-05 15:00:00,16112.622,786.523,15326.1,19727.893,33.4,45,0.0,8.3,18,538.0,289.0,35.9
2026-06-05 16:00:00,16062.868,583.708,15479.157,19669.183,33.7,45,0.1,6.8,2,452.0,253.0,36.5
2026-06-05 17:00:00,15976.049,286.71,15689.342,19566.739,34.7,42,0.0,3.5,0,288.0,138.0,37.8
2026-06-05 18:00:00,21338.109,0.0,21338.109,25893.966,34.2,43,0.0,3.6,2,128.0,40.0,37.4
2026-06-05 19:00:00,21476.667,0.0,21476.667,26057.469,33.5,47,0.0,4.0,1,18.0,1.0,37.0
2026-06-05 20:00:00,21275.319,0.0,21275.319,25819.876,32.8,51,0.0,3.1,1,0.0,0.0,36.8
2026-06-05 21:00:00,21118.343,0.0,21118.343,25634.645,32.2,54,0.0,2.4,0,0.0,0.0,36.7
2026-06-05 22:00:00,21320.497,0.0,21320.497,25873.185,31.8,56,0.0,3.6,0,0.0,0.0,36.1
2026-06-05 23:00:00,9524.129,0.0,9524.129,11953.473,31.7,52,0.0,4.0,0,0.0,0.0,35.2
2026-06-06 00:00:00,8321.533,0.0,8321.533,10534.406,30.5,59,0.0,3.5,2,0.0,0.0,34.6
2026-06-06 01:00:00,8257.19,0.0,8257.19,10458.48,29.8,65,0.0,4.6,0,0.0,0.0,34.4
2026-06-06 02:00:00,8470.968,0.0,8470.968,10710.744,29.2,69,0.0,4.2,0,0.0,0.0,34.1
2026-06-06 03:00:00,8409.35,0.0,8409.35,10638.031,28.8,71,0.0,3.6,0,0.0,0.0,33.7
2026-06-06 04:00:00,8422.702,0.0,8422.702,10653.789,28.5,71,0.0,4.5,0,0.0,0.0,33.1
2026-06-06 05:00:00,13949.869999999999,0.0,13949.869999999999,17175.847999999998,29.0,66,0.0,4.4,0,0.0,0.0,33.3
2026-06-06 06:00:00,15619.73,0.0,15619.73,19146.282,29.6,62,0.0,4.0,0,45.0,7.0,33.7
2026-06-06 07:00:00,15729.816,283.066,15446.753,19276.186,31.4,54,0.0,2.8,0,182.0,69.0,35.2
2026-06-06 08:00:00,15648.751,554.173,15094.58,19180.525,33.5,46,0.0,2.2,0,363.0,195.0,37.2
2026-06-06 09:00:00,15734.277,764.6619999999999,14969.615,19281.448,35.4,40,0.0,3.3,0,547.0,339.0,38.6
2026-06-06 10:00:00,15431.954,911.233,14520.722,18924.707,37.0,35,0.0,3.4,2,704.0,468.0,40.8
2026-06-06 11:00:00,14007.405999999999,909.239,13098.167,17243.739999999998,38.6,30,0.0,6.3,41,809.0,555.0,42.0
2026-06-06 12:00:00,14058.523,999.987,13058.534,17304.057,39.4,27,0.0,6.8,25,785.0,492.0,42.1
2026-06-06 13:00:00,13923.48,922.477,13001.002999999999,17144.71,40.3,23,0.0,6.6,40,809.0,534.0,42.5
2026-06-06 14:00:00,13913.432,875.124,13038.307999999999,17132.85,40.1,23,0.0,8.1,30,636.0,378.0,41.0
2026-06-06 15:00:00,13899.094,683.84,13215.253,17115.928,39.9,24,0.0,8.9,13,616.0,371.0,40.7
2026-06-06 16:00:00,13867.076000000001,508.354,13358.721,17078.148,39.2,25,0.0,12.1,23,430.0,232.0,39.2
2026-06-06 17:00:00,14134.933,266.641,13868.291,17394.221,35.3,37,0.0,12.5,40,260.0,119.0,36.5
2026-06-06 18:00:00,18383.13,0.0,18383.13,22407.094,34.8,38,0.0,8.6,53,103.0,26.0,36.6
2026-06-06 19:00:00,18269.986,0.0,18269.986,22273.585,34.5,34,0.0,5.1,1,16.0,1.0,35.9
2026-06-06 20:00:00,18523.248,0.0,18523.248,22572.431,34.2,36,0.0,4.8,0,0.0,0.0,35.9
2026-06-06 21:00:00,18311.776,0.0,18311.776,22322.895,33.9,37,0.0,6.0,1,0.0,0.0,35.4
2026-06-06 22:00:00,18762.432,0.0,18762.432,22854.672,33.8,37,0.0,7.2,0,0.0,0.0,35.1
2026-06-06 23:00:00,8335.327,0.0,8335.327,10550.687,32.7,40,0.0,11.7,2,0.0,0.0,33.7
2026-06-07 00:00:00,8365.31,0.0,8365.31,10586.065,31.1,45,0.0,10.9,0,0.0,0.0,32.3
2026-06-07 01:00:00,8447.926,0.0,8447.926,10683.554,30.1,50,0.0,10.3,0,0.0,0.0,31.7
2026-06-07 02:00:00,8432.088,0.0,8432.088,10664.867,29.6,51,0.0,9.8,0,0.0,0.0,31.3
2026-06-07 03:00:00,8387.875,0.0,8387.875,10612.695,29.1,52,0.0,8.7,0,0.0,0.0,30.8
2026-06-07 04:00:00,8376.748,0.0,8376.748,10599.56,28.9,51,0.0,7.7,0,0.0,0.0,30.6
2026-06-07 05:00:00,14117.136,0.0,14117.136,17373.22,29.1,55,0.0,6.9,0,0.0,0.0,31.4
2026-06-07 06:00:00,15692.918,0.0,15692.918,19232.646,29.2,56,0.0,5.6,0,46.0,8.0,31.9
2026-06-07 07:00:00,15579.462,284.737,15294.725,19098.764,30.5,51,0.0,6.1,0,184.0,73.0,33.1
2026-06-07 08:00:00,15885.965,573.138,15312.829,19460.439,32.8,43,0.0,6.8,13,366.0,200.0,35.0
2026-06-07 09:00:00,15617.630000000001,717.62,14900.011,19143.802,31.7,44,0.1,20.5,98,496.0,290.0,31.6
2026-06-07 10:00:00,15747.773,996.331,14751.440999999999,19297.372,32.1,44,0.1,5.9,48,331.0,90.0,34.2
2026-06-07 11:00:00,14260.328,985.46,13274.867,17542.187,38.2,29,0.0,5.4,10,637.0,356.0,40.3
2026-06-07 12:00:00,14115.469,997.264,13118.208,17371.253,38.8,28,0.1,5.5,5,851.0,590.0,42.4
2026-06-07 13:00:00,13943.548999999999,965.801,12977.747,17168.385,39.8,26,0.0,5.5,2,850.0,590.0,43.1
2026-06-07 14:00:00,13814.013,799.245,13014.769,17015.537,40.4,22,0.0,7.5,16,758.0,514.0,42.1
2026-06-07 15:00:00,13992.806,703.642,13289.164,17226.511,40.4,21,0.0,11.4,24,600.0,372.0,40.3
2026-06-07 16:00:00,13950.73,494.77,13455.959,17176.862,39.4,23,0.0,14.1,27,413.0,223.0,38.9
2026-06-07 17:00:00,14059.901,253.162,13806.738,17305.685,34.8,45,0.0,20.9,85,272.0,134.0,36.0
2026-06-07 18:00:00,18524.327,0.0,18524.327,22573.707,34.6,45,0.1,5.8,35,73.0,17.0,38.1
2026-06-07 19:00:00,18466.642,0.0,18466.642,22505.635000000002,32.4,53,0.0,11.2,11,17.0,1.0,35.5
2026-06-07 20:00:00,18602.359,0.0,18602.359,22665.783,32.3,51,0.0,7.6,3,0.0,0.0,35.5
2026-06-07 21:00:00,18403.323,0.0,18403.323,22430.923000000003,32.3,50,0.0,5.3,1,0.0,0.0,35.7
2026-06-07 22:00:00,18399.639,0.0,18399.639,22426.574,31.9,52,0.0,4.3,0,0.0,0.0,35.6
2026-06-07 23:00:00,8357.356,0.0,8357.356,10576.681,32.8,46,0.0,11.6,0,0.0,0.0,34.8
2026-06-08 00:00:00,9643.646,0.0,9643.646,12094.505,32.5,43,0.0,11.2,3,0.0,0.0,33.9
2026-06-08 01:00:00,9649.262,0.0,9649.262,12101.128999999999,31.6,44,0.0,9.7,0,0.0,0.0,32.9
2026-06-08 02:00:00,9572.679,0.0,9572.679,12010.762,30.9,45,0.0,9.3,0,0.0,0.0,32.3
2026-06-08 03:00:00,9578.001,0.0,9578.001,12017.044,30.4,46,0.0,9.1,0,0.0,0.0,31.7
2026-06-08 04:00:00,9658.495,0.0,9658.495,12112.022,29.9,47,0.0,9.1,1,0.0,0.0,31.3
2026-06-08 05:00:00,16039.424,0.0,16039.424,19641.521,30.5,52,0.0,9.7,0,0.0,0.0,32.7
2026-06-08 06:00:00,17911.071,0.0,17911.071,21850.065,30.7,53,0.0,9.2,0,46.0,8.0,33.2
2026-06-08 07:00:00,18068.325,327.249,17741.077,22035.624,32.1,49,0.0,9.5,0,186.0,75.0,34.6
2026-06-08 08:00:00,18220.106,630.481,17589.627,22214.726,34.2,42,0.0,10.7,0,371.0,206.0,36.3
2026-06-08 09:00:00,17865.072,838.573,17026.502,21795.786,36.2,38,0.0,11.3,0,558.0,357.0,38.2
2026-06-08 10:00:00,18128.548,1049.158,17079.391,22106.687,38.1,32,0.0,12.0,0,718.0,491.0,40.5
2026-06-08 11:00:00,16151.738,1049.141,15102.598,19774.05,40.0,25,0.0,10.8,10,833.0,590.0,42.0
2026-06-08 12:00:00,16074.327,1137.503,14936.824,19682.708,41.1,20,0.0,12.1,52,847.0,580.0,42.1
2026-06-08 13:00:00,16049.741,1122.889,14926.851,19653.693,41.4,17,0.0,13.9,45,725.0,419.0,40.6
2026-06-08 14:00:00,15978.307999999999,1001.621,14976.687,19569.404,41.7,14,0.0,12.5,8,644.0,373.0,40.2
2026-06-08 15:00:00,16179.167,790.276,15388.893,19806.418999999998,42.1,14,0.0,14.2,2,658.0,435.0,40.4
2026-06-08 16:00:00,16079.9,556.858,15523.042,19689.282,41.7,14,0.0,14.5,3,498.0,308.0,39.2
2026-06-08 17:00:00,16038.457,299.237,15739.223,19640.379,41.7,16,0.0,17.6,18,311.0,165.0,39.3
2026-06-08 18:00:00,21459.771,0.0,21459.771,26037.528,41.3,14,0.0,14.7,12,119.0,38.0,38.8
2026-06-08 19:00:00,21323.719,0.0,21323.719,25876.987,40.2,17,0.0,14.1,2,19.0,2.0,38.1
2026-06-08 20:00:00,21392.345,0.0,21392.345,25957.97,38.8,20,0.0,8.8,1,0.0,0.0,37.9
2026-06-08 21:00:00,21438.954,0.0,21438.954,26012.967,37.2,26,0.0,3.6,1,0.0,0.0,38.1
2026-06-08 22:00:00,21011.166,0.0,21011.166,25508.176,36.4,29,0.0,1.8,0,0.0,0.0,38.0
2026-06-08 23:00:00,9626.712,0.0,9626.712,12074.522,35.4,30,0.0,6.2,1,0.0,0.0,36.3
2026-06-09 00:00:00,9592.395,0.0,9592.395,12034.026,33.9,33,0.0,5.9,1,0.0,0.0,34.8
2026-06-09 01:00:00,9752.947,0.0,9752.947,12223.479,32.9,35,0.0,6.0,1,0.0,0.0,33.8
2026-06-09 02:00:00,9734.657,0.0,9734.657,12201.898,32.5,35,0.0,4.6,0,0.0,0.0,33.4
2026-06-09 03:00:00,9589.328,0.0,9589.328,12030.408,32.1,34,0.0,4.5,23,0.0,0.0,32.9
2026-06-09 04:00:00,9615.508,0.0,9615.508,12061.3,31.6,34,0.0,8.5,0,0.0,0.0,31.6
2026-06-09 05:00:00,16066.56,0.0,16066.56,19673.541,31.7,42,0.0,10.2,0,0.0,0.0,32.7
2026-06-09 06:00:00,17778.378,0.0,17778.378,21693.483,32.1,45,0.0,8.6,0,47.0,8.0,34.0
2026-06-09 07:00:00,17886.401,335.418,17550.979,21820.949,33.6,47,0.0,10.7,0,187.0,77.0,36.2
2026-06-09 08:00:00,17815.77,636.412,17179.357,21737.609,35.5,43,0.0,11.0,0,362.0,196.0,38.3
2026-06-09 09:00:00,18002.079999999998,950.5500000000001,17051.532,21957.454,37.5,38,0.0,10.3,0,554.0,353.0,40.1
2026-06-09 10:00:00,17837.983,1071.905,16766.075,21763.816,39.4,31,0.0,9.9,1,717.0,490.0,42.3
2026-06-09 11:00:00,16054.505,1095.5,14959.005000000001,19659.315,41.9,20,0.0,9.2,16,813.0,564.0,43.4
2026-06-09 12:00:00,16043.337,1082.466,14960.872,19646.138,42.5,17,0.0,13.1,32,831.0,560.0,42.8
2026-06-09 13:00:00,16142.876,1055.086,15087.787,19763.592,42.6,15,0.0,14.7,3,750.0,493.0,41.7
2026-06-09 14:00:00,16106.346,972.322,15134.024000000001,19720.488999999998,43.0,14,0.0,15.4,2,782.0,537.0,41.9
2026-06-09 15:00:00,16031.664,802.006,15229.66,19632.361,42.9,14,0.0,17.3,2,680.0,460.0,40.8
2026-06-09 16:00:00,16015.519,560.018,15455.499,19613.311999999998,42.3,14,0.0,16.9,5,509.0,319.0,39.8
2026-06-09 17:00:00,16034.501,290.046,15744.456,19635.711,42.1,16,0.0,16.9,12,313.0,166.0,39.8
2026-06-09 18:00:00,21156.416,0.0,21156.416,25679.567,40.8,17,0.0,18.7,10,127.0,42.0,38.2
2026-06-09 19:00:00,21129.873,0.0,21129.873,25648.248,38.8,22,0.0,15.1,10,20.0,2.0,37.6
2026-06-09 20:00:00,21285.737,0.0,21285.737,25832.168,38.3,23,0.0,8.3,9,0.0,0.0,38.1
2026-06-09 21:00:00,21271.004,0.0,21271.004,25814.785,37.2,26,0.0,2.8,0,0.0,0.0,38.1
2026-06-09 22:00:00,21190.134000000002,0.0,21190.134000000002,25719.358,36.5,27,0.0,4.0,1,0.0,0.0,37.2
2026-06-09 23:00:00,9636.154,0.0,9636.154,12085.661,36.8,25,0.0,6.8,5,0.0,0.0,36.9
2026-06-10 00:00:00,9619.67,0.0,9619.67,12066.212000000001,35.3,28,0.0,9.7,28,0.0,0.0,35.2
2026-06-10 01:00:00,9748.835,0.0,9748.835,12218.625,34.4,28,0.0,6.2,30,0.0,0.0,34.4
2026-06-10 02:00:00,9682.303,0.0,9682.303,12140.115,33.7,29,0.0,6.7,25,0.0,0.0,33.8
2026-06-10 03:00:00,9710.482,0.0,9710.482,12173.371000000001,33.2,30,0.0,5.1,8,0.0,0.0,33.5
2026-06-10 04:00:00,9684.16,0.0,9684.16,12142.309,32.7,31,0.0,8.2,2,0.0,0.0,32.6
2026-06-10 05:00:00,16073.503999999999,0.0,16073.503999999999,19681.734,32.1,36,0.0,9.0,41,0.0,0.0,32.4
2026-06-10 06:00:00,18051.196,0.0,18051.196,22015.409,31.3,45,0.0,8.4,0,39.0,5.0,32.9
2026-06-10 07:00:00,18336.372,327.597,18008.776,22351.917,33.0,47,0.0,7.3,0,169.0,63.0,35.9
2026-06-10 08:00:00,18096.823,640.561,17456.265,22069.251,35.4,46,0.0,11.4,0,367.0,202.0,38.5
2026-06-10 09:00:00,17813.335,882.0600000000001,16931.275,21734.736,37.1,40,0.0,14.1,0,552.0,350.0,39.5
2026-06-10 10:00:00,18221.28,1139.775,17081.503,22216.112,38.8,35,0.0,13.2,0,708.0,480.0,41.9
2026-06-10 11:00:00,15926.985,1120.379,14806.608,19508.841,40.7,25,0.0,14.4,9,808.0,561.0,42.4
2026-06-10 12:00:00,16151.453,1081.76,15069.691,19773.715,41.4,23,0.0,12.3,13,855.0,601.0,43.3
2026-06-10 13:00:00,15981.073,1134.443,14846.628,19572.664,42.1,21,0.0,11.6,9,823.0,571.0,43.5
2026-06-10 14:00:00,16127.679,980.868,15146.811,19745.663,42.6,19,0.0,12.3,20,757.0,506.0,43.2
2026-06-10 15:00:00,16273.857,779.148,15494.713,19918.152,42.3,18,0.4,14.8,45,616.0,387.0,41.6
2026-06-10 16:00:00,16046.512,571.251,15475.26,19649.881,41.2,21,0.0,14.6,38,422.0,235.0,40.6
2026-06-10 17:00:00,16047.314,307.13,15740.183,19650.83,43.6,18,0.0,14.8,30,273.0,136.0,42.7
2026-06-10 18:00:00,21063.859,0.0,21063.859,25570.353,42.9,16,0.0,13.0,11,120.0,38.0,41.4
2026-06-10 19:00:00,21217.088,0.0,21217.088,25751.165,41.4,19,0.0,5.8,21,18.0,2.0,41.5
2026-06-10 20:00:00,21523.427,0.0,21523.427,26112.644,40.0,21,0.0,4.6,5,0.0,0.0,40.4
2026-06-10 21:00:00,21371.821,0.0,21371.821,25933.75,39.6,20,0.0,5.3,5,0.0,0.0,39.6
2026-06-10 22:00:00,21252.722,0.0,21252.722,25793.212,38.7,21,0.0,4.0,3,0.0,0.0,38.9
2026-06-10 23:00:00,9649.455,0.0,9649.455,12101.357,37.4,24,0.0,2.9,0,0.0,0.0,38.1
2026-06-11 00:00:00,9726.082,0.0,9726.082,12191.779999999999,36.6,30,0.0,0.6,24,0.0,0.0,38.6
2026-06-11 01:00:00,9700.186,0.0,9700.186,12161.221,36.6,26,0.0,6.4,9,0.0,0.0,36.9
2026-06-11 02:00:00,9636.991,0.0,9636.991,12086.65,35.8,29,0.0,4.5,26,0.0,0.0,36.7
2026-06-11 03:00:00,9630.323,0.0,9630.323,12078.781,35.1,34,0.0,4.1,10,0.0,0.0,36.9
2026-06-11 04:00:00,9629.071,0.0,9629.071,12077.306,34.6,39,0.0,3.2,0,0.0,0.0,37.2
2026-06-11 05:00:00,15941.757,0.0,15941.757,19526.274,31.7,47,0.0,10.7,20,0.0,0.0,33.6
2026-06-11 06:00:00,18080.45,0.0,18080.45,22049.932,30.5,49,0.1,11.9,38,44.0,7.0,32.0
2026-06-11 07:00:00,18043.55,317.431,17726.12,22006.389,29.5,56,0.1,13.0,25,133.0,38.0,31.4
2026-06-11 08:00:00,17890.832,586.29,17304.545,21826.184,31.0,54,0.0,13.9,6,303.0,144.0,33.1
2026-06-11 09:00:00,17855.709,871.779,16983.933,21784.737,32.7,53,0.0,13.4,2,522.0,310.0,35.5
2026-06-11 10:00:00,18333.722,1071.7,17262.025,22348.792999999998,34.7,47,0.0,13.8,0,688.0,452.0,38.3
2026-06-11 11:00:00,16127.294,1061.157,15066.136,19745.206000000002,33.7,50,0.0,17.4,0,808.0,556.0,37.4
2026-06-11 12:00:00,16124.279,1108.16,15016.116,19741.649,34.3,50,0.0,16.1,17,857.0,587.0,38.7
2026-06-11 13:00:00,16156.248,1046.8220000000001,15109.425,19779.372,35.5,48,0.0,15.3,14,837.0,570.0,40.1
2026-06-11 14:00:00,16170.366,1000.215,15170.152,19796.031,36.4,45,0.0,13.8,4,775.0,524.0,40.9
2026-06-11 15:00:00,16102.172999999999,817.637,15284.535,19715.564,36.8,45,0.0,12.7,2,646.0,423.0,40.9
2026-06-11 16:00:00,16253.668,561.193,15692.475,19894.329999999998,36.8,45,0.0,10.1,13,488.0,295.0,40.7
2026-06-11 17:00:00,16153.662,303.199,15850.468,19776.323,36.5,42,0.0,16.6,22,299.0,150.0,38.6
2026-06-11 18:00:00,21171.668,0.0,21171.668,25697.567,35.3,45,0.0,15.9,5,123.0,35.0,37.6
2026-06-11 19:00:00,21302.873,0.0,21302.873,25852.387,34.1,49,0.0,16.6,7,20.0,2.0,36.4
2026-06-11 20:00:00,21360.532,0.0,21360.532,25920.429,32.7,52,0.0,15.9,2,0.0,0.0,35.1
2026-06-11 21:00:00,21410.737,0.0,21410.737,25979.669,32.0,54,0.0,15.8,59,0.0,0.0,34.4
2026-06-11 22:00:00,21237.507,0.0,21237.507,25775.258,31.1,58,0.0,19.8,2,0.0,0.0,33.1
2026-06-11 23:00:00,9673.702,0.0,9673.702,12129.971,27.4,75,0.0,13.6,84,0.0,0.0,30.7
2026-06-12 00:00:00,9651.983,0.0,9651.983,12104.34,26.6,78,0.0,18.8,81,0.0,0.0,29.1
2026-06-12 01:00:00,9698.028,0.0,9698.028,12158.674,26.0,83,0.0,17.0,100,0.0,0.0,28.9
2026-06-12 02:00:00,9668.521,0.0,9668.521,12123.856,25.9,81,0.1,13.4,100,0.0,0.0,29.0
2026-06-12 03:00:00,9730.675,0.0,9730.675,12197.198,24.6,89,2.7,17.1,100,0.0,0.0,27.3
2026-06-12 04:00:00,9575.053,0.0,9575.053,12013.561,24.2,92,1.5,19.6,87,0.0,0.0,26.7
2026-06-12 05:00:00,16172.595,0.0,16172.595,19798.66,23.6,93,0.0,7.3,94,0.0,0.0,27.7
2026-06-12 06:00:00,17959.99,0.0,17959.99,21907.789,23.3,93,2.4,18.3,13,17.0,0.0,25.6
2026-06-12 07:00:00,18001.103,328.574,17672.53,21956.302,24.1,88,0.4,15.6,14,138.0,39.0,26.7
2026-06-12 08:00:00,17974.637,624.912,17349.726,21925.07,25.7,79,0.0,16.6,2,339.0,165.0,28.0
2026-06-12 09:00:00,18083.006,921.457,17161.548,22052.946,27.4,73,0.0,16.0,3,537.0,321.0,29.9
2026-06-12 10:00:00,18047.744,1065.512,16982.232,22011.339,29.0,66,0.0,16.0,0,694.0,448.0,32.3
2026-06-12 11:00:00,16087.736,1071.313,15016.422,19698.527000000002,30.4,60,0.0,15.4,3,806.0,543.0,34.3
2026-06-12 12:00:00,16087.280999999999,1084.022,15003.26,19697.989,31.3,57,0.0,15.9,14,834.0,549.0,35.2
2026-06-12 13:00:00,16176.158,1135.34,15040.818000000001,19802.865,31.7,55,0.0,13.6,2,837.0,549.0,36.0
2026-06-12 14:00:00,15965.99,957.824,15008.168,19554.868,32.2,54,0.0,12.1,13,728.0,454.0,36.1
2026-06-12 15:00:00,16253.69,816.846,15436.846,19894.355,32.2,54,0.0,10.1,16,548.0,287.0,35.4
2026-06-12 16:00:00,16188.333999999999,586.087,15602.247,19817.235,32.6,53,0.0,6.7,35,471.0,260.0,36.3
2026-06-12 17:00:00,16070.835,286.006,15784.828,19678.586,29.6,65,0.0,4.2,34,201.0,50.0,34.0
2026-06-12 18:00:00,21093.105,0.0,21093.105,25604.861,25.5,87,0.8,12.3,28,103.0,25.0,29.2
2026-06-12 19:00:00,21337.391,0.0,21337.391,25893.119,26.1,86,0.2,3.2,23,14.0,1.0,31.4
2026-06-12 20:00:00,21407.486,0.0,21407.486,25975.834,26.6,82,0.0,8.8,5,0.0,0.0,30.9
2026-06-12 21:00:00,21523.124,0.0,21523.124,26112.287,26.8,78,0.0,7.9,1,0.0,0.0,30.9
2026-06-12 22:00:00,21157.164,0.0,21157.164,25680.454,26.8,77,0.0,8.4,0,0.0,0.0,30.7
2026-06-12 23:00:00,9685.789,0.0,9685.789,12144.228000000001,26.2,78,0.0,8.8,99,0.0,0.0,29.8
2026-06-13 00:00:00,8476.247,0.0,8476.247,10716.968,25.9,80,0.0,4.5,100,0.0,0.0,30.2
2026-06-13 01:00:00,8395.73,0.0,8395.73,10621.962,25.8,82,0.0,5.4,100,0.0,0.0,30.1
2026-06-13 02:00:00,8201.005000000001,0.0,8201.005000000001,10392.185,25.4,84,0.5,6.9,100,0.0,0.0,29.6
2026-06-13 03:00:00,8407.963,0.0,8407.963,10636.396999999999,25.3,85,0.2,4.0,100,0.0,0.0,29.9
2026-06-13 04:00:00,8356.081,0.0,8356.081,10575.176,25.2,86,0.0,4.0,100,0.0,0.0,29.9
2026-06-13 05:00:00,13799.280999999999,0.0,13799.280999999999,16998.153000000002,25.0,83,0.0,8.3,100,0.0,0.0,28.5
2026-06-13 06:00:00,15760.446,0.0,15760.446,19312.329,24.8,84,0.0,6.7,45,21.0,0.0,28.7
2026-06-13 07:00:00,15740.295,276.447,15463.848,19288.55,25.8,80,0.0,5.3,98,169.0,47.0,29.9
2026-06-13 08:00:00,15702.232,523.1080000000001,15179.124,19243.633,26.5,75,0.0,1.8,98,225.0,64.0,30.9
2026-06-13 09:00:00,15666.307,788.774,14877.531,19201.238999999998,27.3,70,0.0,3.7,56,307.0,74.0,31.3
2026-06-13 10:00:00,15649.611,872.961,14776.65,19181.541,28.6,64,0.0,6.3,74,463.0,182.0,32.0
2026-06-13 11:00:00,14013.441,930.864,13082.578,17250.861,30.5,55,0.0,3.0,94,636.0,300.0,34.6
2026-06-13 12:00:00,14002.025,926.971,13075.053,17237.392,31.0,55,0.0,3.6,1,530.0,172.0,34.8
2026-06-13 13:00:00,13957.216,1003.412,12953.802,17184.517,32.3,51,0.0,2.5,2,875.0,618.0,38.4
2026-06-13 14:00:00,14016.736,803.9830000000001,13212.756,17254.748,32.7,49,0.0,3.1,3,790.0,542.0,37.8
2026-06-13 15:00:00,13996.494,695.727,13300.766,17230.862,33.0,47,0.0,2.0,7,666.0,439.0,37.3
2026-06-13 16:00:00,14164.42,514.371,13650.048999999999,17429.015,32.9,47,0.0,1.7,9,488.0,289.0,36.5
2026-06-13 17:00:00,13930.916,238.92,13691.997,17153.48,33.7,43,0.0,2.1,4,306.0,154.0,37.0
2026-06-13 18:00:00,18551.838,0.0,18551.838,22606.169,32.4,54,0.0,5.4,3,130.0,41.0,36.4
2026-06-13 19:00:00,18524.159,0.0,18524.159,22573.507999999998,30.3,66,0.0,4.0,0,21.0,2.0,35.3
2026-06-13 20:00:00,18479.18,0.0,18479.18,22520.431,29.7,70,0.0,2.5,0,0.0,0.0,35.2
2026-06-13 21:00:00,18439.628,0.0,18439.628,22473.762,29.3,73,0.0,0.5,0,0.0,0.0,35.2
2026-06-13 22:00:00,18512.243,0.0,18512.243,22559.447,28.4,78,0.0,2.3,0,0.0,0.0,34.3
2026-06-13 23:00:00,8448.897,0.0,8448.897,10684.699999999999,28.6,72,0.0,4.6,0,0.0,0.0,33.3
2026-06-14 00:00:00,8481.912,0.0,8481.912,10723.654,27.8,72,0.0,4.7,0,0.0,0.0,32.1
2026-06-14 01:00:00,8343.973,0.0,8343.973,10560.889,27.2,71,0.0,5.2,0,0.0,0.0,31.1
2026-06-14 02:00:00,8421.924,0.0,8421.924,10652.869,26.7,71,0.0,5.9,36,0.0,0.0,30.2
2026-06-14 03:00:00,8440.873,0.0,8440.873,10675.231,26.3,73,0.0,5.5,4,0.0,0.0,29.8
2026-06-14 04:00:00,8363.609,0.0,8363.609,10584.06,26.0,75,0.0,5.3,0,0.0,0.0,29.6
2026-06-14 05:00:00,14051.954,0.0,14051.954,17296.307,26.8,82,0.0,3.3,70,0.0,0.0,32.0
2026-06-14 06:00:00,15642.7,0.0,15642.7,19173.389,27.5,78,0.0,3.7,0,44.0,6.0,32.5
2026-06-14 07:00:00,15409.219000000001,288.854,15120.369,18897.88,28.6,76,0.0,2.7,0,179.0,67.0,34.2
2026-06-14 08:00:00,15628.115,549.685,15078.429,19156.176,30.0,71,0.0,0.2,0,359.0,191.0,36.2
2026-06-14 09:00:00,15575.275,775.97,14799.305,19093.825,31.6,65,0.0,1.6,0,542.0,333.0,37.5
2026-06-14 10:00:00,15805.693,977.837,14827.859,19365.72,33.0,58,0.0,2.4,6,698.0,461.0,39.5
2026-06-14 11:00:00,13873.878,953.058,12920.822,17086.178,34.8,45,0.0,2.7,9,789.0,529.0,40.4
2026-06-14 12:00:00,14089.554,979.039,13110.516,17340.672,36.0,40,0.0,3.6,20,843.0,578.0,41.3
2026-06-14 13:00:00,14006.102,943.071,13063.032,17242.202,36.8,36,0.0,6.5,19,821.0,554.0,41.1
2026-06-14 14:00:00,14171.866,884.685,13287.179,17437.801,35.6,36,0.2,10.1,15,656.0,404.0,37.8
2026-06-14 15:00:00,14093.701,733.3580000000001,13360.34,17345.566,35.3,36,0.0,8.6,59,570.0,322.0,37.1
2026-06-14 16:00:00,14080.385,468.81600000000003,13611.568,17329.852,34.7,40,0.1,10.8,53,421.0,216.0,36.5
2026-06-14 17:00:00,13850.282000000001,248.929,13601.351999999999,17058.333,36.1,39,0.2,4.6,9,262.0,112.0,39.3
2026-06-14 18:00:00,18541.31,0.0,18541.31,22593.745000000003,35.1,44,0.0,4.9,5,137.0,45.0,38.8
2026-06-14 19:00:00,18128.43,0.0,18128.43,22106.544,33.2,56,0.0,1.0,2,22.0,2.0,38.7
2026-06-14 20:00:00,18430.748,0.0,18430.748,22463.284,32.1,62,0.0,3.0,5,0.0,0.0,37.7
2026-06-14 21:00:00,18517.39,0.0,18517.39,22565.521,30.5,70,0.0,4.6,1,0.0,0.0,36.1
2026-06-14 22:00:00,18388.227,0.0,18388.227,22413.106,29.8,74,0.0,3.4,1,0.0,0.0,35.8
2026-06-14 23:00:00,8451.804,0.0,8451.804,10688.128,30.0,70,0.0,8.9,79,0.0,0.0,34.7
2026-06-15 00:00:00,9761.852,0.0,9761.852,12233.986,29.5,51,0.0,10.1,98,0.0,0.0,31.1
2026-06-15 01:00:00,9652.382,0.0,9652.382,12104.811,29.1,52,0.0,10.3,84,0.0,0.0,30.5
2026-06-15 02:00:00,9651.419,0.0,9651.419,12103.673,28.6,54,0.0,9.0,88,0.0,0.0,30.4
2026-06-15 03:00:00,9569.485999999999,0.0,9569.485999999999,12006.994,28.1,56,0.0,7.8,99,0.0,0.0,30.1
2026-06-15 04:00:00,9530.679,0.0,9530.679,11961.198,27.8,58,0.0,7.4,19,0.0,0.0,29.9
2026-06-15 05:00:00,15990.456,0.0,15990.456,19583.737,27.5,62,0.0,7.1,73,0.0,0.0,30.1
2026-06-15 06:00:00,18075.027000000002,0.0,18075.027000000002,22043.53,28.0,63,0.0,5.9,89,44.0,5.0,31.0
2026-06-15 07:00:00,17971.281,340.65500000000003,17630.623,21921.111,29.2,60,0.0,7.2,31,155.0,41.0,32.4
2026-06-15 08:00:00,18223.777,639.216,17584.561,22219.059,30.8,54,0.0,8.1,36,303.0,134.0,33.7
2026-06-15 09:00:00,18219.588,877.699,17341.892,22214.115,32.6,46,0.0,8.4,5,494.0,281.0,35.1
2026-06-15 10:00:00,18182.507999999998,1075.295,17107.212,22170.359,34.3,43,0.0,7.9,6,693.0,458.0,37.7
2026-06-15 11:00:00,16203.657,1132.095,15071.561,19835.315,35.1,40,0.0,9.8,2,810.0,555.0,38.6
2026-06-15 12:00:00,16038.268,1145.7069999999999,14892.563,19640.158,35.7,38,0.0,10.6,16,870.0,612.0,39.5
2026-06-15 13:00:00,16220.85,1096.324,15124.526,19855.603,36.3,36,0.0,10.1,25,818.0,553.0,39.7
2026-06-15 14:00:00,16265.101999999999,915.4929999999999,15349.608,19907.821,34.6,39,0.0,18.8,98,748.0,491.0,36.0
2026-06-15 15:00:00,16255.358,767.936,15487.421,19896.321,30.5,55,0.8,9.7,39,347.0,132.0,33.2
2026-06-15 16:00:00,15874.683,564.968,15309.711,19447.125,31.6,53,0.5,6.4,98,339.0,121.0,34.9
2026-06-15 17:00:00,16156.986,291.574,15865.41,19780.244,29.4,62,0.0,5.9,100,237.0,56.0,33.1
2026-06-15 18:00:00,21316.083,0.0,21316.083,25867.979,29.7,62,0.0,5.4,99,79.0,6.0,33.7
2026-06-15 19:00:00,21238.575,0.0,21238.575,25776.518,29.1,59,0.0,5.4,0,20.0,1.0,32.2
2026-06-15 20:00:00,21165.652,0.0,21165.652,25690.469,28.7,62,0.0,2.9,11,0.0,0.0,32.4
2026-06-15 21:00:00,21329.956,0.0,21329.956,25884.348,28.6,63,0.0,0.8,81,0.0,0.0,32.7
2026-06-15 22:00:00,21332.196,0.0,21332.196,25886.99,27.4,66,0.0,4.0,41,0.0,0.0,30.8
2026-06-15 23:00:00,9600.289999999999,0.0,9600.289999999999,12043.34,26.5,65,0.0,8.4,13,0.0,0.0,28.8
2026-06-16 00:00:00,9733.555,0.0,9733.555,12200.597,26.1,67,0.0,5.6,5,0.0,0.0,28.9
2026-06-16 01:00:00,9615.847,0.0,9615.847,12061.699999999999,25.8,71,0.0,4.3,0,0.0,0.0,29.2
2026-06-16 02:00:00,9694.225,0.0,9694.225,12154.185,25.5,75,0.0,3.3,2,0.0,0.0,29.2
2026-06-16 03:00:00,9652.023,0.0,9652.023,12104.389,25.2,78,0.0,3.8,23,0.0,0.0,28.9
2026-06-16 04:00:00,9697.945,0.0,9697.945,12158.575,25.4,76,0.0,4.5,23,0.0,0.0,29.0
2026-06-16 05:00:00,16301.878,0.0,16301.878,19951.216,25.7,74,0.1,1.3,1,0.0,0.0,29.8
2026-06-16 06:00:00,18139.823,0.0,18139.823,22119.993000000002,26.4,71,0.0,1.9,34,45.0,7.0,30.3
2026-06-16 07:00:00,18101.623,329.95799999999997,17771.663,22074.914,27.8,66,0.0,17.5,89,180.0,61.0,29.5
2026-06-16 08:00:00,18071.502,619.977,17451.525,22039.374,28.1,65,0.0,6.5,84,266.0,92.0,31.5
2026-06-16 09:00:00,17843.786,907.702,16936.087,21770.667999999998,29.6,58,0.0,10.5,100,360.0,114.0,32.1
2026-06-16 10:00:00,18030.399,1104.564,16925.837,21990.871,29.8,55,0.0,9.4,100,418.0,139.0,32.1
2026-06-16 11:00:00,16025.055,1068.7740000000001,14956.280999999999,19624.564,26.6,75,0.0,10.7,100,643.0,285.0,30.4
2026-06-16 12:00:00,16276.617,1095.821,15180.795,19921.404,27.7,65,0.5,7.2,100,235.0,12.0,30.7
2026-06-16 13:00:00,16235.0,1098.277,15136.72,19872.299,29.4,53,0.0,3.8,100,320.0,55.0,32.1
2026-06-16 14:00:00,16228.552,1001.601,15226.951,19864.691,29.2,54,0.0,5.2,95,182.0,0.0,31.7
2026-06-16 15:00:00,16128.312,816.947,15311.363,19746.408,31.0,51,0.0,5.8,0,433.0,148.0,33.8
2026-06-16 16:00:00,16105.332,539.97,15565.364,19719.293,32.3,44,0.0,4.5,0,504.0,313.0,34.8
2026-06-16 17:00:00,16005.354,292.69800000000004,15712.658,19601.317,32.0,50,0.0,8.1,100,317.0,167.0,34.8
2026-06-16 18:00:00,21256.571,0.0,21256.571,25797.753,31.1,55,0.0,9.5,100,115.0,18.0,34.1
2026-06-16 19:00:00,20952.297,0.0,20952.297,25438.71,29.6,62,0.0,6.9,73,19.0,1.0,33.2
2026-06-16 20:00:00,21375.268,0.0,21375.268,25937.817,28.6,69,0.0,4.1,32,0.0,0.0,33.0
2026-06-16 21:00:00,21302.255,0.0,21302.255,25851.66,28.3,71,0.0,3.8,58,0.0,0.0,32.8
2026-06-16 22:00:00,21154.265,0.0,21154.265,25677.031000000003,28.0,72,0.0,3.6,64,0.0,0.0,32.7
2026-06-16 23:00:00,9661.986,0.0,9661.986,12116.141,27.3,69,0.0,9.0,98,0.0,0.0,30.4
2026-06-17 00:00:00,9586.612,0.0,9586.612,12027.203,26.6,70,0.0,6.2,90,0.0,0.0,29.9
2026-06-17 01:00:00,9669.543,0.0,9669.543,12125.061,26.1,73,0.0,4.4,17,0.0,0.0,29.7
2026-06-17 02:00:00,9569.313,0.0,9569.313,12006.791,25.5,75,0.0,6.1,5,0.0,0.0,28.7
2026-06-17 03:00:00,9707.867,0.0,9707.867,12170.285,25.0,77,0.0,5.9,10,0.0,0.0,28.2
2026-06-17 04:00:00,9726.505000000001,0.0,9726.505000000001,12192.277,24.7,77,0.0,7.1,0,0.0,0.0,27.8
2026-06-17 05:00:00,16226.04,0.0,16226.04,19861.729,25.2,79,0.0,6.6,0,0.0,0.0,28.8
2026-06-17 06:00:00,17997.288,0.0,17997.288,21951.798,25.8,76,0.0,5.8,3,43.0,6.0,29.5
2026-06-17 07:00:00,17842.834,310.791,17532.046,21769.544,27.1,72,0.0,3.6,0,177.0,66.0,31.2
2026-06-17 08:00:00,18237.318,647.138,17590.181,22235.037,28.9,64,0.0,3.4,0,356.0,189.0,33.0
2026-06-17 09:00:00,18132.104,956.723,17175.38,22110.884,30.7,56,0.0,2.6,0,540.0,334.0,34.6
2026-06-17 10:00:00,18332.849000000002,1141.605,17191.245,22347.764,32.2,50,0.0,2.0,2,698.0,463.0,36.9
2026-06-17 11:00:00,15848.985,1059.766,14789.22,19416.802,33.9,41,0.0,2.5,2,809.0,555.0,38.4
2026-06-17 12:00:00,16011.943000000001,1125.162,14886.78,19609.091,35.3,36,0.0,2.8,1,870.0,613.0,39.8
2026-06-17 13:00:00,16039.362,1123.021,14916.344000000001,19641.449,36.4,32,0.0,3.8,8,861.0,605.0,40.4
2026-06-17 14:00:00,16006.515,947.1990000000001,15059.314,19602.689,37.0,30,0.0,5.6,6,784.0,540.0,40.0
2026-06-17 15:00:00,16178.077000000001,797.51,15380.567,19805.131,37.3,29,0.0,8.5,11,637.0,411.0,38.6
2026-06-17 16:00:00,15786.52,535.283,15251.235999999999,19343.095,36.9,29,0.0,10.2,2,476.0,284.0,37.4
2026-06-17 17:00:00,16032.687,297.907,15734.78,19633.569,36.1,36,0.0,11.6,5,306.0,157.0,37.5
2026-06-17 18:00:00,21354.215,0.0,21354.215,25912.972,35.4,38,0.0,10.7,1,134.0,44.0,37.2
2026-06-17 19:00:00,20959.198,0.0,20959.198,25446.854,34.5,41,0.0,6.8,1,22.0,2.0,36.9
2026-06-17 20:00:00,21234.5,0.0,21234.5,25771.709,33.8,45,0.0,4.3,4,0.0,0.0,37.1
2026-06-17 21:00:00,21209.417,0.0,21209.417,25742.112,33.3,51,0.0,2.8,2,0.0,0.0,37.7
2026-06-17 22:00:00,21337.989,0.0,21337.989,25893.831000000002,32.9,54,0.0,2.1,2,0.0,0.0,37.8
2026-06-17 23:00:00,9813.451,0.0,9813.451,12294.874,32.4,52,0.0,5.4,2,0.0,0.0,36.1
2026-06-18 00:00:00,9631.646,0.0,9631.646,12080.343,31.6,55,0.0,5.1,8,0.0,0.0,35.5
2026-06-18 01:00:00,9721.021,0.0,9721.021,12185.804,31.2,56,0.0,5.6,1,0.0,0.0,34.9
2026-06-18 02:00:00,9735.433,0.0,9735.433,12202.812,30.6,59,0.0,3.7,5,0.0,0.0,34.8
2026-06-18 03:00:00,9724.433,0.0,9724.433,12189.833,30.3,61,0.0,2.1,1,0.0,0.0,34.9
2026-06-18 04:00:00,9610.056,0.0,9610.056,12054.869,29.8,64,0.0,1.3,9,0.0,0.0,34.6
2026-06-18 05:00:00,16375.046,0.0,16375.046,20037.556,29.5,69,0.0,3.0,13,0.0,0.0,34.6
2026-06-18 06:00:00,18142.49,0.0,18142.49,22123.138,30.1,63,0.0,4.2,0,44.0,6.0,34.6
2026-06-18 07:00:00,17992.396,330.294,17662.103,21946.027,31.6,57,0.0,4.2,0,179.0,69.0,36.0
2026-06-18 08:00:00,18018.459,587.628,17430.833,21976.782,33.7,48,0.0,3.9,0,360.0,195.0,37.6
2026-06-18 09:00:00,18041.046000000002,877.925,17163.121,22003.436,35.6,39,0.0,5.8,7,543.0,339.0,38.2
2026-06-18 10:00:00,18094.478,1123.627,16970.847999999998,22066.48,36.8,35,0.0,6.9,2,685.0,453.0,39.8
2026-06-18 11:00:00,16159.9,1105.069,15054.831,19783.682,38.0,31,0.0,8.3,5,792.0,541.0,41.0
2026-06-18 12:00:00,15991.944,1083.029,14908.915,19585.494,38.9,28,0.0,8.8,13,855.0,594.0,41.8
2026-06-18 13:00:00,16123.668,1040.539,15083.127,19740.928,39.4,26,0.0,12.1,22,834.0,577.0,41.4
2026-06-18 14:00:00,15960.843,946.014,15014.83,19548.795000000002,39.0,28,0.0,13.2,17,705.0,445.0,40.4
2026-06-18 15:00:00,16030.157,800.548,15229.611,19630.587,38.6,29,0.0,13.1,17,607.0,383.0,39.7
2026-06-18 16:00:00,16063.647,542.472,15521.176,19670.105,37.9,30,0.1,15.3,16,452.0,263.0,38.2
2026-06-18 17:00:00,16039.257,296.746,15742.511,19641.323,38.6,25,0.0,12.5,16,278.0,135.0,38.5
2026-06-18 18:00:00,21261.144,0.0,21261.144,25803.149,37.5,27,0.0,13.0,16,130.0,43.0,37.4
2026-06-18 19:00:00,21105.6,0.0,21105.6,25619.607,36.1,30,0.0,12.6,12,22.0,2.0,36.1
2026-06-18 20:00:00,21335.523,0.0,21335.523,25890.916999999998,35.3,32,0.0,11.0,63,0.0,0.0,35.9
2026-06-18 21:00:00,21367.470999999998,0.0,21367.470999999998,25928.615,34.9,34,0.0,9.5,89,0.0,0.0,35.8
2026-06-18 22:00:00,21313.896,0.0,21313.896,25865.4,33.9,38,0.0,11.8,89,0.0,0.0,34.9
2026-06-18 23:00:00,9759.119,0.0,9759.119,12230.76,32.4,42,0.0,10.1,100,0.0,0.0,33.7
2026-06-19 00:00:00,9765.836,0.0,9765.836,12238.688,31.7,44,0.0,10.6,100,0.0,0.0,32.9
2026-06-19 01:00:00,9633.943,0.0,9633.943,12083.052,31.4,44,0.0,8.3,100,0.0,0.0,33.0
2026-06-19 02:00:00,9664.263,0.0,9664.263,12118.83,31.1,45,0.0,10.9,36,0.0,0.0,32.3
2026-06-19 03:00:00,9658.138,0.0,9658.138,12111.6,30.3,47,0.0,11.5,50,0.0,0.0,31.3
2026-06-19 04:00:00,9681.122,0.0,9681.122,12138.724,29.6,49,0.0,7.6,73,0.0,0.0,31.2
2026-06-19 05:00:00,16115.584,0.0,16115.584,19731.389,28.2,61,0.0,7.5,12,0.0,0.0,30.9
2026-06-19 06:00:00,17909.819,0.0,17909.819,21848.588,28.2,60,0.0,8.6,6,41.0,6.0,30.6
2026-06-19 07:00:00,18168.969,329.547,17839.423,22154.384,29.2,56,0.0,5.4,13,168.0,59.0,32.0
2026-06-19 08:00:00,18066.114,619.445,17446.67,22033.014,31.2,49,0.0,1.9,27,334.0,166.0,34.4
2026-06-19 09:00:00,17862.6,888.0070000000001,16974.591,21792.866,33.0,45,0.0,2.9,39,472.0,261.0,36.2
2026-06-19 10:00:00,18093.508,1028.727,17064.784,22065.34,34.9,40,0.0,4.4,12,622.0,366.0,38.3
2026-06-19 11:00:00,16007.984,1068.992,14938.991,19604.422,37.2,34,0.0,7.5,34,795.0,532.0,40.8
2026-06-19 12:00:00,16241.592,1154.094,15087.499,19880.081000000002,37.8,32,0.0,11.1,9,832.0,540.0,40.8
2026-06-19 13:00:00,16037.158,1130.37,14906.786,19638.847,38.1,32,0.0,12.8,2,824.0,561.0,40.7
2026-06-19 14:00:00,16040.005,974.919,15065.086,19642.203999999998,38.1,32,0.0,13.3,7,761.0,511.0,40.4
2026-06-19 15:00:00,15975.683,810.111,15165.575,19566.306,37.8,33,0.0,12.5,5,626.0,402.0,39.6
2026-06-19 16:00:00,15814.155,548.477,15265.676,19375.703,37.5,34,0.0,11.5,3,474.0,283.0,39.1
2026-06-19 17:00:00,15891.777,283.294,15608.485,19467.297,37.8,28,0.0,12.6,21,310.0,160.0,38.1
2026-06-19 18:00:00,21010.338,0.0,21010.338,25507.199,36.9,31,0.0,13.5,9,131.0,43.0,37.3
2026-06-19 19:00:00,21431.268,0.0,21431.268,26003.897,36.1,33,0.0,12.7,10,22.0,2.0,36.8
2026-06-19 20:00:00,21066.998,0.0,21066.998,25574.059,35.5,36,0.0,10.4,9,0.0,0.0,36.9
2026-06-19 21:00:00,21243.54,0.0,21243.54,25782.376,34.9,38,0.0,8.0,7,0.0,0.0,36.8
2026-06-19 22:00:00,21464.398,0.0,21464.398,26042.99,34.3,40,0.0,7.3,6,0.0,0.0,36.4
2026-06-19 23:00:00,9555.806,0.0,9555.806,11990.848,33.4,44,0.0,8.5,7,0.0,0.0,35.7
2026-06-20 00:00:00,8318.257,0.0,8318.257,10530.542,32.6,46,0.0,8.0,13,0.0,0.0,35.0
2026-06-20 01:00:00,8430.707,0.0,8430.707,10663.234,32.2,46,0.0,8.0,21,0.0,0.0,34.5
2026-06-20 02:00:00,8277.506,0.0,8277.506,10482.455,31.7,46,0.0,7.7,19,0.0,0.0,33.8
2026-06-20 03:00:00,8479.867,0.0,8479.867,10721.244,31.2,47,0.0,6.4,20,0.0,0.0,33.3
2026-06-20 04:00:00,8356.148,0.0,8356.148,10575.257,30.7,48,0.0,5.9,6,0.0,0.0,33.0
2026-06-20 05:00:00,14049.497,0.0,14049.497,17293.405,30.8,53,0.0,6.1,20,0.0,0.0,33.7
2026-06-20 06:00:00,15708.374,0.0,15708.374,19250.88,31.0,53,0.0,5.0,8,42.0,7.0,34.2
2026-06-20 07:00:00,15852.607,303.075,15549.533,19421.077,32.3,49,0.0,5.8,4,169.0,64.0,35.5
2026-06-20 08:00:00,15729.562,553.842,15175.723,19275.887,34.2,43,0.0,8.9,5,357.0,193.0,36.7
2026-06-20 09:00:00,15797.161,782.752,15014.41,19355.65,35.3,40,0.1,14.9,45,536.0,328.0,36.7
2026-06-20 10:00:00,15755.349,970.67,14784.681,19306.311999999998,36.1,38,0.1,13.9,1,629.0,395.0,38.1
2026-06-20 11:00:00,14049.228,963.738,13085.485999999999,17293.088,36.3,39,0.0,14.3,5,793.0,539.0,39.3
2026-06-20 12:00:00,13810.655999999999,964.498,12846.155999999999,17011.575,37.1,36,0.0,13.9,8,834.0,577.0,40.2
2026-06-20 13:00:00,14029.106,952.6030000000001,13076.503,17269.346,37.6,34,0.0,13.2,9,838.0,582.0,40.7
2026-06-20 14:00:00,14119.149,825.989,13293.161,17375.597999999998,38.1,32,0.0,13.3,22,780.0,535.0,40.5
2026-06-20 15:00:00,14069.418,656.7280000000001,13412.694,17316.916,38.1,31,0.0,12.8,24,622.0,390.0,39.6
2026-06-20 16:00:00,13948.299,485.582,13462.717,17173.995,37.8,32,0.0,12.5,25,463.0,272.0,39.0
2026-06-20 17:00:00,14028.117,250.827,13777.289,17268.176,33.8,46,0.0,0.6,80,271.0,128.0,37.8
2026-06-20 18:00:00,18532.907,0.0,18532.907,22583.83,34.5,42,0.3,7.4,9,96.0,22.0,37.1
2026-06-20 19:00:00,18527.027,0.0,18527.027,22576.89,34.8,41,0.0,5.9,3,23.0,2.0,37.6
2026-06-20 20:00:00,18389.046,0.0,18389.046,22414.072,35.0,40,0.0,7.0,3,0.0,0.0,37.4
2026-06-20 21:00:00,18305.548,0.0,18305.548,22315.546,34.9,38,0.0,7.3,7,0.0,0.0,36.8
2026-06-20 22:00:00,18331.375,0.0,18331.375,22346.023,34.1,41,0.0,9.9,8,0.0,0.0,35.9
2026-06-20 23:00:00,8404.489,0.0,8404.489,10632.296,33.4,43,0.0,11.3,4,0.0,0.0,35.1
2026-06-21 00:00:00,8358.256,0.0,8358.256,10577.735999999999,32.8,42,0.0,10.0,3,0.0,0.0,34.2
2026-06-21 01:00:00,8354.36,0.0,8354.36,10573.146,32.1,43,0.0,8.2,16,0.0,0.0,33.7
2026-06-21 02:00:00,8328.291,0.0,8328.291,10542.385,31.4,45,0.0,7.8,91,0.0,0.0,33.2
2026-06-21 03:00:00,8552.643,0.0,8552.643,10807.121000000001,31.0,47,0.0,7.6,30,0.0,0.0,33.0
2026-06-21 04:00:00,8424.534,0.0,8424.534,10655.949,30.7,48,0.0,7.2,2,0.0,0.0,32.8
2026-06-21 05:00:00,14179.905999999999,0.0,14179.905999999999,17447.288,30.1,51,0.0,8.1,87,0.0,0.0,32.2
2026-06-21 06:00:00,15619.279,0.0,15619.279,19145.746,30.6,51,0.0,5.9,54,15.0,0.0,33.2
2026-06-21 07:00:00,15555.949,278.513,15277.438,19071.023,31.3,48,0.0,8.3,99,110.0,22.0,33.5
2026-06-21 08:00:00,15736.596,547.456,15189.139,19284.183,31.7,47,0.0,9.6,100,136.0,12.0,33.7
2026-06-21 09:00:00,15808.73,779.64,15029.09,19369.303,32.1,47,0.0,8.0,80,151.0,4.0,34.5
2026-06-21 10:00:00,15621.473,921.996,14699.48,19148.338,34.4,43,0.0,8.4,19,410.0,167.0,36.9
2026-06-21 11:00:00,13978.441,922.902,13055.543,17209.565,33.9,43,0.0,10.0,100,779.0,523.0,37.3
2026-06-21 12:00:00,13945.697,929.367,13016.326000000001,17170.917,35.0,39,0.0,8.8,99,265.0,12.0,37.0
2026-06-21 13:00:00,14101.687,959.6469999999999,13142.04,17354.992,36.4,34,0.0,8.6,73,411.0,69.0,38.1
2026-06-21 14:00:00,14095.119,819.974,13275.145,17347.24,37.3,31,0.0,10.4,23,511.0,173.0,38.4
2026-06-21 15:00:00,14136.435,705.634,13430.801000000001,17395.993,38.1,29,0.0,10.7,10,600.0,342.0,39.3
2026-06-21 16:00:00,13921.74,485.621,13436.118,17142.652000000002,38.1,29,0.0,10.5,13,480.0,288.0,38.9
2026-06-21 17:00:00,13891.379,252.556,13638.822,17106.826,38.5,28,0.0,9.9,13,271.0,122.0,39.4
2026-06-21 18:00:00,18586.382,0.0,18586.382,22646.931,37.6,29,0.0,11.8,18,130.0,45.0,38.1
2026-06-21 19:00:00,18392.893,0.0,18392.893,22418.614,36.9,30,0.0,10.6,7,23.0,3.0,37.6
2026-06-21 20:00:00,18455.333,0.0,18455.333,22492.293999999998,35.9,33,0.0,12.2,2,0.0,0.0,36.6
2026-06-21 21:00:00,18391.82,0.0,18391.82,22417.347,35.1,33,0.0,13.0,3,0.0,0.0,35.4
2026-06-21 22:00:00,18566.158,0.0,18566.158,22623.068,34.3,34,0.0,11.0,5,0.0,0.0,34.8
2026-06-21 23:00:00,8343.742,0.0,8343.742,10560.619,33.3,36,0.0,8.1,94,0.0,0.0,34.3
2026-06-22 00:00:00,9687.772,0.0,9687.772,12146.57,32.7,37,0.0,6.6,41,0.0,0.0,33.8
2026-06-22 01:00:00,9689.609,0.0,9689.609,12148.742,32.1,40,0.0,7.6,9,0.0,0.0,33.3
2026-06-22 02:00:00,9657.462,0.0,9657.462,12110.804,31.3,45,0.0,9.8,7,0.0,0.0,32.6
2026-06-22 03:00:00,9657.231,0.0,9657.231,12110.531,30.5,48,0.0,5.7,25,0.0,0.0,32.7
2026-06-22 04:00:00,9721.087,0.0,9721.087,12185.885,30.1,50,0.0,3.4,48,0.0,0.0,32.8
2026-06-22 05:00:00,16213.342,0.0,16213.342,19846.742,28.6,59,0.0,9.8,23,0.0,0.0,30.9
2026-06-22 06:00:00,17902.82,0.0,17902.82,21840.328,28.5,59,0.0,11.7,37,43.0,6.0,30.5
2026-06-22 07:00:00,17830.638,318.907,17511.731,21755.153,29.7,52,0.0,10.4,100,154.0,49.0,31.4
2026-06-22 08:00:00,17915.074,641.902,17273.173,21854.789,31.0,46,0.0,7.0,100,228.0,59.0,32.9
2026-06-22 09:00:00,18018.734,891.437,17127.298,21977.107,31.3,44,0.0,8.3,100,184.0,11.0,32.8
2026-06-22 10:00:00,18050.237,1080.086,16970.151,22014.281,31.7,43,0.0,14.2,86,238.0,8.0,32.4
2026-06-22 11:00:00,16026.538,1047.187,14979.353000000001,19626.315,35.3,34,0.0,14.8,28,587.0,270.0,35.8
2026-06-22 12:00:00,15969.439,1092.322,14877.117,19558.94,36.6,32,0.0,11.5,99,785.0,478.0,38.8
2026-06-22 13:00:00,16082.807999999999,1070.496,15012.311,19692.716,35.8,34,0.0,11.2,41,398.0,35.0,36.9
2026-06-22 14:00:00,16138.752,964.756,15173.996,19758.727,36.3,33,0.1,14.1,20,696.0,412.0,37.6
2026-06-22 15:00:00,16100.307999999999,731.649,15368.657,19713.361,35.7,35,0.1,11.7,3,591.0,363.0,37.1
2026-06-22 16:00:00,15957.522,557.741,15399.782,19544.875,35.4,37,0.2,11.1,9,473.0,284.0,36.8
2026-06-22 17:00:00,16194.063,308.807,15885.257,19823.997,36.7,29,0.0,13.8,21,299.0,152.0,36.6
2026-06-22 18:00:00,21129.985,0.0,21129.985,25648.383,35.8,30,0.0,11.8,34,124.0,39.0,35.8
2026-06-22 19:00:00,21209.852,0.0,21209.852,25742.623,35.0,32,0.0,9.7,84,22.0,2.0,35.5
2026-06-22 20:00:00,21299.22,0.0,21299.22,25848.081,34.4,35,0.0,10.3,34,0.0,0.0,35.3
2026-06-22 21:00:00,21244.699,0.0,21244.699,25783.746,34.0,37,0.0,9.3,69,0.0,0.0,35.1
2026-06-22 22:00:00,21170.528000000002,0.0,21170.528000000002,25696.222999999998,33.4,38,0.0,6.5,73,0.0,0.0,35.0
2026-06-22 23:00:00,9694.885,0.0,9694.885,12154.965,32.9,43,0.0,2.9,0,0.0,0.0,35.6
2026-06-23 00:00:00,9575.789,0.0,9575.789,12014.432,32.0,46,0.0,3.8,1,0.0,0.0,34.7
2026-06-23 01:00:00,9640.713,0.0,9640.713,12091.041,31.4,49,0.0,4.7,0,0.0,0.0,34.2
2026-06-23 02:00:00,9768.605,0.0,9768.605,12241.952,30.9,51,0.0,3.4,0,0.0,0.0,34.0
2026-06-23 03:00:00,9653.716,0.0,9653.716,12106.384,30.6,52,0.0,3.3,0,0.0,0.0,33.6
2026-06-23 04:00:00,9651.574,0.0,9651.574,12103.858,30.3,52,0.0,3.5,0,0.0,0.0,33.2
2026-06-23 05:00:00,16059.791,0.0,16059.791,19665.554,30.6,56,0.0,1.3,0,0.0,0.0,34.6
2026-06-23 06:00:00,17941.745,0.0,17941.745,21886.26,31.1,51,0.0,2.5,0,43.0,7.0,34.5
2026-06-23 07:00:00,17922.623,316.536,17606.09,21863.695,32.3,46,0.0,3.2,0,181.0,73.0,35.3
2026-06-23 08:00:00,17970.672000000002,606.54,17364.131,21920.391,33.7,41,0.0,3.4,0,363.0,202.0,36.4
2026-06-23 09:00:00,18168.364,915.545,17252.819,22153.668999999998,35.3,37,0.0,5.7,0,547.0,347.0,37.4
2026-06-23 10:00:00,18113.106,1091.995,17021.111,22088.463,36.6,33,0.0,8.2,7,705.0,478.0,39.2
2026-06-23 11:00:00,16340.931,1108.254,15232.677,19997.298,38.7,28,0.0,11.7,25,803.0,558.0,40.8
2026-06-23 12:00:00,15945.058,1101.343,14843.713,19530.167,37.7,27,0.4,17.8,88,825.0,572.0,38.3
2026-06-23 13:00:00,16011.779,1086.343,14925.438,19608.901,36.8,30,0.4,10.0,14,610.0,322.0,38.0
2026-06-23 14:00:00,16162.162,990.936,15171.224,19786.349000000002,36.1,32,0.5,14.4,48,654.0,408.0,37.0
2026-06-23 15:00:00,16131.655,802.083,15329.572,19750.354,36.2,34,0.1,9.8,100,554.0,313.0,37.6
2026-06-23 16:00:00,16072.816,574.6750000000001,15498.137999999999,19680.924,35.9,34,0.0,11.7,100,384.0,140.0,36.8
2026-06-23 17:00:00,16107.725,281.13,15826.594,19722.113,32.6,44,0.0,10.4,95,123.0,7.0,34.4
2026-06-23 18:00:00,21148.575,0.0,21148.575,25670.318,33.4,41,0.0,5.2,77,58.0,3.0,35.7
2026-06-23 19:00:00,21172.162,0.0,21172.162,25698.15,32.9,43,0.0,6.1,27,21.0,2.0,35.2
2026-06-23 20:00:00,21148.686999999998,0.0,21148.686999999998,25670.45,32.6,45,0.0,6.1,2,0.0,0.0,35.0
2026-06-23 21:00:00,21425.019,0.0,21425.019,25996.524,32.1,48,0.0,4.2,1,0.0,0.0,35.2
2026-06-23 22:00:00,21233.44,0.0,21233.44,25770.459,31.4,53,0.0,3.2,1,0.0,0.0,35.1
2026-06-23 23:00:00,9723.53,0.0,9723.53,12188.765,31.2,54,0.0,5.7,37,0.0,0.0,34.5
2026-06-24 00:00:00,9556.751,0.0,9556.751,11991.967,30.5,56,0.0,3.7,0,0.0,0.0,34.1
2026-06-24 01:00:00,9610.256,0.0,9610.256,12055.101999999999,30.1,57,0.0,2.7,37,0.0,0.0,33.9
2026-06-24 02:00:00,9672.25,0.0,9672.25,12128.256,29.6,59,0.0,4.4,45,0.0,0.0,33.1
2026-06-24 03:00:00,9599.888,0.0,9599.888,12042.869,29.2,59,0.0,3.6,0,0.0,0.0,32.8
2026-06-24 04:00:00,9690.338,0.0,9690.338,12149.595,28.9,62,0.0,2.3,8,0.0,0.0,32.8
2026-06-24 05:00:00,16210.991,0.0,16210.991,19843.968,29.1,62,0.0,6.7,24,0.0,0.0,32.6
2026-06-24 06:00:00,18134.361,0.0,18134.361,22113.544,29.0,61,0.0,8.3,1,41.0,6.0,32.0
2026-06-24 07:00:00,18130.9,321.363,17809.54,22109.463,30.2,56,0.0,8.2,3,168.0,57.0,33.1
2026-06-24 08:00:00,18069.01,622.875,17446.133,22036.427,32.9,43,0.0,8.8,12,361.0,201.0,34.8
2026-06-24 09:00:00,18124.435,875.524,17248.913,22101.833,34.7,37,0.0,9.3,34,521.0,304.0,36.1
2026-06-24 10:00:00,18034.22,1115.695,16918.525,21995.38,35.7,35,0.0,7.2,31,573.0,308.0,37.5
2026-06-24 11:00:00,16130.328,1128.18,15002.149,19748.792,36.5,33,0.0,9.8,93,679.0,415.0,38.5
2026-06-24 12:00:00,16073.646999999999,1170.492,14903.152,19681.903,35.6,34,0.0,12.2,100,469.0,167.0,36.3
2026-06-24 13:00:00,16056.139000000001,1029.792,15026.348,19661.246,35.7,33,0.0,9.4,10,471.0,178.0,36.7
2026-06-24 14:00:00,16062.358,932.744,15129.612,19668.581,37.6,29,0.0,6.8,2,795.0,547.0,40.3
2026-06-24 15:00:00,16296.93,804.173,15492.758,19945.379,38.0,28,0.0,6.6,2,675.0,459.0,39.9
2026-06-24 16:00:00,16026.934,550.663,15476.272,19626.782,38.1,26,0.0,7.7,28,507.0,322.0,38.8
2026-06-24 17:00:00,16103.828,304.541,15799.286,19717.517,28.6,68,0.2,21.3,95,305.0,161.0,30.3
2026-06-24 18:00:00,21373.285,0.0,21373.285,25935.474000000002,29.4,55,0.4,9.4,59,73.0,19.0,31.6
2026-06-24 19:00:00,21199.434,0.0,21199.434,25730.334,31.4,50,0.0,10.8,15,19.0,2.0,33.6
2026-06-24 20:00:00,21010.794,0.0,21010.794,25507.736,32.1,46,0.0,3.9,30,0.0,0.0,34.9
2026-06-24 21:00:00,21439.328999999998,0.0,21439.328999999998,26013.406,32.2,49,0.0,2.8,34,0.0,0.0,35.8
2026-06-24 22:00:00,21414.515,0.0,21414.515,25984.129,32.4,48,0.0,3.0,63,0.0,0.0,35.8
2026-06-24 23:00:00,9588.971,0.0,9588.971,12029.985,32.8,46,0.0,5.5,9,0.0,0.0,35.7
2026-06-25 00:00:00,9482.073,0.0,9482.073,11903.845000000001,32.0,50,0.0,3.6,19,0.0,0.0,35.5
2026-06-25 01:00:00,9637.238,0.0,9637.238,12086.940999999999,31.8,51,0.0,2.9,1,0.0,0.0,35.4
2026-06-25 02:00:00,9715.603,0.0,9715.603,12179.412,31.7,53,0.0,1.2,1,0.0,0.0,35.8
2026-06-25 03:00:00,9660.929,0.0,9660.929,12114.896,31.5,56,0.0,0.4,0,0.0,0.0,36.1
2026-06-25 04:00:00,9575.739,0.0,9575.739,12014.372,31.0,58,0.0,0.2,0,0.0,0.0,35.8
2026-06-25 05:00:00,16288.983,0.0,16288.983,19935.998,30.4,57,0.0,7.1,33,0.0,0.0,33.7
2026-06-25 06:00:00,17910.518,0.0,17910.518,21849.41,30.5,58,0.0,3.8,42,37.0,6.0,34.5
2026-06-25 07:00:00,17866.236,316.872,17549.364999999998,21797.157,30.3,59,0.3,9.6,63,167.0,58.0,33.4
2026-06-25 08:00:00,18047.028,636.984,17410.048,22010.494,30.2,58,0.2,10.9,100,207.0,62.0,33.0
2026-06-25 09:00:00,18013.465,897.463,17116.003,21970.888,32.2,52,0.0,6.9,45,371.0,152.0,35.5
2026-06-25 10:00:00,17924.005,1083.155,16840.849,21865.324,34.4,42,0.2,4.4,25,570.0,307.0,37.5
2026-06-25 11:00:00,15880.513,1095.085,14785.429,19454.006,36.9,33,0.0,6.6,9,755.0,475.0,40.0
2026-06-25 12:00:00,16080.543,1145.648,14934.893,19690.04,37.5,32,0.0,6.3,3,819.0,560.0,41.1
2026-06-25 13:00:00,16118.258,1068.275,15049.983,19734.543999999998,38.5,31,0.0,6.3,10,856.0,600.0,42.4
2026-06-25 14:00:00,16290.141,992.592,15297.55,19937.368,38.9,30,0.0,7.0,28,792.0,553.0,42.3
2026-06-25 15:00:00,16106.903,822.1089999999999,15284.79,19721.143,39.0,30,0.0,7.2,24,667.0,443.0,41.6
2026-06-25 16:00:00,16183.847,552.662,15631.184,19811.938,38.6,30,0.0,7.8,38,465.0,245.0,40.3
2026-06-25 17:00:00,16188.973,297.026,15891.945,19817.986,37.4,35,0.0,3.2,6,276.0,119.0,40.4
2026-06-25 18:00:00,21082.143,0.0,21082.143,25591.93,37.3,34,0.0,3.0,2,139.0,48.0,40.1
2026-06-25 19:00:00,21074.395,0.0,21074.395,25582.786,37.2,34,0.0,2.7,16,24.0,3.0,40.0
2026-06-25 20:00:00,21250.61,0.0,21250.61,25790.717,36.6,35,0.1,4.4,22,0.0,0.0,39.1
2026-06-25 21:00:00,20947.476,0.0,20947.476,25433.022,35.6,41,0.0,4.8,12,0.0,0.0,38.8
2026-06-25 22:00:00,21238.621,0.0,21238.621,25776.572,34.8,45,0.0,2.7,11,0.0,0.0,38.7
2026-06-25 23:00:00,9682.466,0.0,9682.466,12140.31,33.5,45,0.0,6.0,56,0.0,0.0,36.5
2026-06-26 00:00:00,9768.323,0.0,9768.323,12241.621000000001,33.0,46,0.0,4.9,21,0.0,0.0,36.1
2026-06-26 01:00:00,9667.255,0.0,9667.255,12122.358,32.9,48,0.0,1.5,16,0.0,0.0,36.8
2026-06-26 02:00:00,9621.689,0.0,9621.689,12068.591,32.4,50,0.0,2.7,14,0.0,0.0,36.1
2026-06-26 03:00:00,9622.669,0.0,9622.669,12069.746000000001,32.1,52,0.0,3.1,9,0.0,0.0,35.9
2026-06-26 04:00:00,9823.468,0.0,9823.468,12306.689,31.3,54,0.0,6.4,6,0.0,0.0,34.7
2026-06-26 05:00:00,16071.365,0.0,16071.365,19679.209,29.8,67,0.0,5.8,21,0.0,0.0,34.3
2026-06-26 06:00:00,18107.334,0.0,18107.334,22081.656,30.3,65,0.0,4.6,61,38.0,6.0,35.0
2026-06-26 07:00:00,18044.647,328.54,17716.107,22007.685,31.8,59,0.1,4.9,13,156.0,51.0,36.4
2026-06-26 08:00:00,18013.89,628.02,17385.869,21971.388,34.0,50,0.0,5.2,23,337.0,177.0,38.1
2026-06-26 09:00:00,17787.271,867.58,16919.694,21703.98,35.9,42,0.0,4.5,7,518.0,317.0,39.6
2026-06-26 10:00:00,18137.211,1042.862,17094.348,22116.906,37.6,38,0.0,4.3,2,685.0,456.0,42.0
2026-06-26 11:00:00,16312.404999999999,1091.782,15220.624,19963.641,39.4,33,0.0,5.0,8,802.0,559.0,44.1
2026-06-26 12:00:00,15913.056,1093.626,14819.431,19492.406,39.9,31,0.0,4.1,27,818.0,553.0,44.7
2026-06-26 13:00:00,16192.836,1130.073,15062.761,19822.545,40.5,29,0.0,3.4,37,823.0,568.0,45.3
2026-06-26 14:00:00,16149.757,1025.397,15124.362,19771.713,40.7,29,0.0,2.4,100,719.0,471.0,44.7
2026-06-26 15:00:00,16143.708,830.135,15313.572,19764.576,40.7,28,0.0,4.1,78,571.0,329.0,43.3
2026-06-26 16:00:00,16087.653,548.394,15539.26,19698.432,37.6,35,0.4,7.4,70,396.0,201.0,40.1
2026-06-26 17:00:00,15969.607,298.403,15671.203,19559.137,30.7,71,0.6,6.9,66,271.0,125.0,36.3
2026-06-26 18:00:00,21202.007,0.0,21202.007,25733.369,35.4,39,0.1,2.9,20,112.0,27.0,38.5
2026-06-26 19:00:00,21139.83,0.0,21139.83,25659.998,35.4,38,0.0,4.3,38,22.0,2.0,38.1
2026-06-26 20:00:00,21115.999,0.0,21115.999,25631.876,35.4,39,0.0,4.0,10,0.0,0.0,38.2
2026-06-26 21:00:00,21539.213,0.0,21539.213,26131.27,35.2,39,0.0,6.3,2,0.0,0.0,37.7
2026-06-26 22:00:00,21356.817000000003,0.0,21356.817000000003,25916.041,35.0,40,0.0,5.3,7,0.0,0.0,37.8
2026-06-26 23:00:00,9650.847,0.0,9650.847,12102.998,34.3,45,0.0,4.9,4,0.0,0.0,37.7
2026-06-27 00:00:00,8403.36,0.0,8403.36,10630.964,33.6,48,0.0,4.4,2,0.0,0.0,37.4
2026-06-27 01:00:00,8254.224,0.0,8254.224,10454.985,33.4,49,0.0,4.5,4,0.0,0.0,37.2
2026-06-27 02:00:00,8468.776,0.0,8468.776,10708.153,33.1,50,0.0,4.7,3,0.0,0.0,37.0
2026-06-27 03:00:00,8548.374,0.0,8548.374,10802.084,32.4,53,0.0,4.7,2,0.0,0.0,36.5
2026-06-27 04:00:00,8397.482,0.0,8397.482,10624.029,31.7,58,0.0,5.4,2,0.0,0.0,35.9
2026-06-27 05:00:00,13948.093,0.0,13948.093,17173.751,26.8,87,0.0,5.9,33,0.0,0.0,32.3
2026-06-27 06:00:00,15495.649,0.0,15495.649,18999.864999999998,27.5,86,0.7,12.8,7,39.0,6.0,32.4
2026-06-27 07:00:00,15593.311,278.483,15314.831,19115.107,30.4,68,0.0,6.0,1,164.0,60.0,35.4
2026-06-27 08:00:00,15759.991,562.188,15197.798999999999,19311.788,33.6,53,0.0,5.6,1,353.0,194.0,38.0
2026-06-27 09:00:00,15701.719000000001,786.731,14914.991,19243.03,36.2,42,0.0,3.4,2,537.0,340.0,40.2
2026-06-27 10:00:00,15664.608,949.073,14715.533,19199.235,38.2,35,0.0,2.6,2,695.0,472.0,42.6
2026-06-27 11:00:00,13921.324,953.857,12967.467,17142.161,39.6,32,0.0,2.3,16,804.0,564.0,44.7
2026-06-27 12:00:00,14071.385,1004.693,13066.692,17319.234,38.9,34,0.0,5.3,23,799.0,553.0,43.7
2026-06-27 13:00:00,13933.039,904.588,13028.449,17155.982,39.4,33,0.0,5.0,51,779.0,502.0,44.0
2026-06-27 14:00:00,13915.56,820.463,13095.096,17135.362,39.8,31,0.0,5.2,21,756.0,513.0,44.0
2026-06-27 15:00:00,13931.785,701.705,13230.08,17154.511,40.1,30,0.0,6.3,16,660.0,441.0,43.2
2026-06-27 16:00:00,14034.682999999999,509.944,13524.739,17275.926,39.7,30,0.0,9.4,25,495.0,307.0,41.5
2026-06-27 17:00:00,14106.653,261.271,13845.383,17360.85,37.2,37,0.0,6.4,41,311.0,165.0,40.2
2026-06-27 18:00:00,18653.736,0.0,18653.736,22726.409,38.5,33,0.1,4.4,25,133.0,45.0,41.3
2026-06-27 19:00:00,18551.777000000002,0.0,18551.777000000002,22606.099,37.7,35,0.2,5.6,34,23.0,3.0,40.5
2026-06-27 20:00:00,18694.463,0.0,18694.463,22774.468,37.0,37,0.0,3.5,23,0.0,0.0,40.4
2026-06-27 21:00:00,18459.109,0.0,18459.109,22496.747,36.3,40,0.0,5.2,9,0.0,0.0,39.6
2026-06-27 22:00:00,18447.934,0.0,18447.934,22483.564000000002,35.5,44,0.0,6.3,7,0.0,0.0,39.2
2026-06-27 23:00:00,8392.493,0.0,8392.493,10618.137,34.8,50,0.0,6.6,34,0.0,0.0,39.3
2026-06-28 00:00:00,8443.221,0.0,8443.221,10678.001,34.6,53,0.6,4.3,53,0.0,0.0,39.7
2026-06-28 01:00:00,8385.542,0.0,8385.542,10609.942,33.6,55,0.0,5.8,43,0.0,0.0,38.4
2026-06-28 02:00:00,8413.983,0.0,8413.983,10643.5,32.0,59,0.3,9.1,54,0.0,0.0,36.1
2026-06-28 03:00:00,8422.091,0.0,8422.091,10653.069,32.0,54,0.0,7.7,5,0.0,0.0,35.5
2026-06-28 04:00:00,8436.806,0.0,8436.806,10670.434,31.8,55,0.0,4.2,13,0.0,0.0,35.9
2026-06-28 05:00:00,13912.672,0.0,13912.672,17131.95,29.5,72,0.0,11.0,35,0.0,0.0,33.9
2026-06-28 06:00:00,15680.09,0.0,15680.09,19217.509000000002,31.1,66,0.1,10.9,17,38.0,6.0,35.5
2026-06-28 07:00:00,15820.844000000001,284.271,15536.572,19383.594,33.6,51,0.0,9.7,7,167.0,63.0,37.1
2026-06-28 08:00:00,15617.934,537.384,15080.551,19144.164,35.1,46,0.0,10.4,5,346.0,188.0,38.3
2026-06-28 09:00:00,15798.012,813.194,14984.819,19356.654,36.7,43,0.0,6.9,5,526.0,331.0,40.6
2026-06-28 10:00:00,15542.329,890.496,14651.834,19054.949,38.6,38,0.0,4.9,8,678.0,452.0,43.4
2026-06-28 11:00:00,14022.379,946.4889999999999,13075.89,17261.406,40.4,32,0.0,3.7,16,784.0,542.0,45.5
2026-06-28 12:00:00,14187.252,1029.839,13157.412,17455.958,41.5,29,0.0,5.6,18,822.0,568.0,46.2
2026-06-28 13:00:00,13960.854,989.177,12971.679,17188.809,41.9,28,0.0,7.7,41,828.0,575.0,46.2
2026-06-28 14:00:00,13958.419,807.171,13151.249,17185.934,41.9,29,0.0,8.9,44,765.0,518.0,45.7
2026-06-28 15:00:00,13911.373,690.291,13221.083,17130.42,41.8,28,0.0,9.5,30,640.0,408.0,44.6
2026-06-28 16:00:00,13968.663,495.49,13473.171,17198.023,41.0,29,0.0,12.4,35,482.0,290.0,42.7
2026-06-28 17:00:00,14098.309000000001,255.951,13842.36,17351.002,40.0,30,0.0,14.3,13,299.0,154.0,41.3
2026-06-28 18:00:00,18570.694,0.0,18570.694,22628.416,38.8,33,0.0,13.5,5,134.0,47.0,40.6
2026-06-28 19:00:00,18491.64,0.0,18491.64,22535.135,37.8,37,0.0,9.9,4,24.0,3.0,40.5
2026-06-28 20:00:00,18555.514,0.0,18555.514,22610.506,37.4,38,0.0,7.5,2,0.0,0.0,40.4
2026-06-28 21:00:00,18335.295000000002,0.0,18335.295000000002,22350.648,37.1,39,0.0,6.7,1,0.0,0.0,40.3
2026-06-28 22:00:00,18556.638,0.0,18556.638,22611.831,36.6,41,0.0,5.2,1,0.0,0.0,40.3
2026-06-28 23:00:00,8324.166000000001,0.0,8324.166000000001,10537.514,35.5,50,0.0,2.5,6,0.0,0.0,40.9
2026-06-29 00:00:00,9607.925,0.0,9607.925,12052.352,35.3,49,0.0,3.3,2,0.0,0.0,40.2
2026-06-29 01:00:00,9780.019,0.0,9780.019,12255.423,34.5,53,0.0,3.3,0,0.0,0.0,39.7
2026-06-29 02:00:00,9647.172,0.0,9647.172,12098.662,33.7,55,0.0,6.5,5,0.0,0.0,38.6
2026-06-29 03:00:00,9717.815,0.0,9717.815,12182.02,33.0,58,0.0,5.2,2,0.0,0.0,38.0
2026-06-29 04:00:00,9644.596,0.0,9644.596,12095.622,32.5,57,0.0,4.7,3,0.0,0.0,37.1
2026-06-29 05:00:00,16039.002,0.0,16039.002,19641.024,32.5,57,0.0,8.6,9,0.0,0.0,36.6
2026-06-29 06:00:00,17997.871,0.0,17997.871,21952.488,32.1,58,0.2,10.5,34,39.0,6.0,35.8
2026-06-29 07:00:00,17973.346,338.521,17634.823,21923.547,33.4,51,0.0,10.3,5,159.0,60.0,36.7
2026-06-29 08:00:00,18123.415,625.869,17497.545,22100.629,35.6,44,0.0,11.7,2,344.0,188.0,38.4
2026-06-29 09:00:00,18089.163,846.903,17242.259,22060.21,37.2,38,0.0,13.7,25,532.0,340.0,39.3
2026-06-29 10:00:00,18192.953,1058.116,17134.838,22182.686,38.3,35,0.1,12.1,10,652.0,424.0,40.9
2026-06-29 11:00:00,16147.294,1079.982,15067.311,19768.806,39.6,33,0.0,10.5,26,785.0,537.0,43.3
2026-06-29 12:00:00,16252.55,1171.449,15081.1,19893.009,40.4,30,0.1,10.7,5,803.0,543.0,43.8
2026-06-29 13:00:00,16011.521999999999,1095.215,14916.305,19608.593,41.2,29,0.0,11.0,5,815.0,562.0,44.8
2026-06-29 14:00:00,16196.766,1007.968,15188.799,19827.184,41.7,29,0.0,13.6,20,774.0,540.0,44.7
2026-06-29 15:00:00,16000.321,780.993,15219.328,19595.378,40.1,31,1.0,12.4,63,624.0,407.0,42.5
2026-06-29 16:00:00,16051.653,564.616,15487.039,19655.952,40.0,32,0.0,11.6,34,375.0,208.0,42.2
2026-06-29 17:00:00,16087.204,282.873,15804.333,19697.904,41.5,26,0.0,12.6,35,276.0,135.0,42.5
2026-06-29 18:00:00,21450.587,0.0,21450.587,26026.696,40.6,26,0.0,10.2,23,129.0,45.0,41.7
2026-06-29 19:00:00,21076.361,0.0,21076.361,25585.105,39.6,28,0.0,3.9,9,24.0,3.0,41.7
2026-06-29 20:00:00,21268.039,0.0,21268.039,25811.282,38.7,30,0.0,3.1,27,0.0,0.0,41.0
2026-06-29 21:00:00,21125.729,0.0,21125.729,25643.359,37.5,35,0.0,7.3,2,0.0,0.0,40.1
2026-06-29 22:00:00,21346.283,0.0,21346.283,25903.613,36.4,40,0.0,7.7,1,0.0,0.0,39.4
2026-06-29 23:00:00,9654.235,0.0,9654.235,12107.0,35.9,45,0.0,6.5,10,0.0,0.0,39.8
2026-06-30 00:00:00,9715.197,0.0,9715.197,12178.936,34.2,50,0.1,6.7,74,0.0,0.0,38.2
2026-06-30 01:00:00,9661.391,0.0,9661.391,12115.443,28.9,78,1.2,14.3,97,0.0,0.0,33.4
2026-06-30 02:00:00,9565.417,0.0,9565.417,12002.194,30.3,67,0.3,9.1,7,0.0,0.0,34.8
2026-06-30 03:00:00,9704.622,0.0,9704.622,12166.455,31.0,66,0.0,10.0,19,0.0,0.0,35.6
2026-06-30 04:00:00,9657.209,0.0,9657.209,12110.507,31.7,60,0.0,6.5,23,0.0,0.0,36.3
2026-06-30 05:00:00,16030.699999999999,0.0,16030.699999999999,19631.227,31.7,70,0.0,6.0,98,0.0,0.0,37.8
2026-06-30 06:00:00,18008.738,0.0,18008.738,21965.309,33.5,52,0.0,8.5,100,20.0,2.0,37.3
2026-06-30 07:00:00,18143.003,324.92199999999997,17818.08,22123.744,34.8,41,0.0,12.3,100,83.0,0.0,36.8
2026-06-30 08:00:00,17987.372,604.483,17382.888,21940.1,34.7,43,0.0,13.4,83,115.0,2.0,36.7
2026-06-30 09:00:00,17960.392,877.1469999999999,17083.244,21908.263,35.8,41,0.0,14.4,59,303.0,101.0,37.8
2026-06-30 10:00:00,17896.139,1074.933,16821.209,21832.446,36.8,39,0.0,14.4,100,426.0,152.0,38.9
2026-06-30 11:00:00,16274.503,1071.591,15202.912,19918.915,36.5,42,0.0,14.1,100,337.0,31.0,38.9
2026-06-30 12:00:00,16187.275,1131.67,15055.608,19815.986,38.0,37,0.0,11.6,94,536.0,199.0,40.6
2026-06-30 13:00:00,16054.91,1100.221,14954.689,19659.793,38.8,36,0.0,8.2,94,624.0,297.0,42.4
2026-06-30 14:00:00,16280.036,940.689,15339.346,19925.443,39.5,35,0.0,7.6,77,513.0,247.0,42.8
2026-06-30 15:00:00,15887.331,789.096,15098.238,19462.05,38.6,38,0.0,5.8,96,527.0,275.0,42.3
2026-06-30 16:00:00,16073.44,577.906,15495.533,19681.657,34.0,61,2.2,10.4,97,397.0,183.0,39.4
2026-06-30 17:00:00,16048.887,293.026,15755.863000000001,19652.686,32.8,66,0.5,7.7,61,221.0,72.0,38.8
2026-06-30 18:00:00,21253.65,0.0,21253.65,25794.307,34.8,53,0.1,7.4,84,126.0,30.0,39.6
2026-06-30 19:00:00,21394.508,0.0,21394.508,25960.518,34.5,54,0.0,8.4,36,24.0,2.0,39.1
2026-06-30 20:00:00,21128.344,0.0,21128.344,25646.448,33.8,57,0.0,12.7,36,0.0,0.0,38.0
2026-06-30 21:00:00,21403.264,0.0,21403.264,25970.851000000002,32.4,65,0.0,13.3,38,0.0,0.0,37.0
2026-06-30 22:00:00,21388.369,0.0,21388.369,25953.275999999998,31.8,70,0.0,11.4,35,0.0,0.0,37.1
2026-06-30 23:00:00,9691.225,0.0,9691.225,12150.644,31.7,73,0.0,12.4,100,0.0,0.0,37.4
2026-07-01 00:00:00,9210.82,0.0,9210.82,11583.768,31.3,73,0.0,11.1,98,0.0,0.0,37.0
2026-07-01 01:00:00,9284.478000000001,0.0,9284.478000000001,11670.686,31.0,74,0.0,11.5,98,0.0,0.0,36.5
2026-07-01 02:00:00,9229.873,0.0,9229.873,11606.253,30.4,74,0.0,11.0,96,0.0,0.0,35.6
2026-07-01 03:00:00,9161.880000000001,0.0,9161.880000000001,11526.02,29.9,70,0.0,10.5,50,0.0,0.0,34.4
2026-07-01 04:00:00,9170.672,0.0,9170.672,11536.392,28.8,74,0.5,10.6,93,0.0,0.0,33.2
2026-07-01 05:00:00,15390.397,0.0,15390.397,18875.671000000002,27.7,94,0.3,10.0,76,0.0,0.0,34.1
2026-07-01 06:00:00,17281.398,0.0,17281.398,21107.048,26.9,91,0.3,13.8,98,13.0,0.0,31.8
2026-07-01 07:00:00,17120.881,297.589,16823.29,20917.638,27.0,90,0.4,10.4,100,73.0,6.0,32.3
2026-07-01 08:00:00,17195.156,606.445,16588.711,21005.285,28.5,84,0.1,8.7,100,215.0,55.0,34.3
2026-07-01 09:00:00,17172.836,815.366,16357.472,20978.948,29.7,81,0.0,5.2,100,236.0,51.0,36.3
2026-07-01 10:00:00,17202.133,1056.901,16145.232,21013.516,30.7,77,0.0,5.6,100,294.0,45.0,37.4
2026-07-01 11:00:00,15254.649,1029.329,14225.322,18715.487,30.3,71,0.1,8.6,100,471.0,160.0,35.5
2026-07-01 12:00:00,15220.687,1081.311,14139.378,18675.413,30.8,70,0.0,7.2,100,349.0,57.0,36.3
2026-07-01 13:00:00,15242.749,1064.64,14178.108,18701.442,31.3,69,0.0,7.2,99,388.0,78.0,36.9
2026-07-01 14:00:00,15428.486,902.918,14525.568,18920.611,32.2,65,0.0,8.1,100,499.0,160.0,37.5
2026-07-01 15:00:00,15436.64,741.0,14695.641,18930.233,32.7,62,0.0,7.9,97,529.0,215.0,37.9
2026-07-01 16:00:00,15234.412,503.791,14730.623,18691.607,32.1,65,0.0,8.0,100,374.0,120.0,37.4
2026-07-01 17:00:00,15109.94,270.127,14839.814,18544.731,32.6,60,0.0,9.4,67,245.0,75.0,37.2
2026-07-01 18:00:00,20209.128,0.0,20209.128,24561.77,31.2,66,0.0,8.0,63,133.0,35.0,36.0
2026-07-01 19:00:00,20526.218,0.0,20526.218,24935.938,30.4,70,0.0,6.9,45,25.0,2.0,35.6
2026-07-01 20:00:00,20329.965,0.0,20329.965,24704.362,29.9,73,0.0,5.8,35,0.0,0.0,35.5
2026-07-01 21:00:00,20312.284,0.0,20312.284,24683.495,29.8,74,0.0,4.6,65,0.0,0.0,35.6
2026-07-01 22:00:00,20102.759,0.0,20102.759,24436.256,29.7,75,0.0,2.9,94,0.0,0.0,35.9
2026-07-01 23:00:00,9296.229,0.0,9296.229,11684.55,30.2,73,0.1,6.6,55,0.0,0.0,35.8
2026-07-02 00:00:00,9323.351,0.0,9323.351,11716.555,30.2,75,0.0,2.3,59,0.0,0.0,36.7
2026-07-02 01:00:00,9155.88,0.0,9155.88,11518.936,29.7,75,0.0,4.7,98,0.0,0.0,35.6
2026-07-02 02:00:00,9214.591,0.0,9214.591,11588.22,28.9,78,0.1,7.3,58,0.0,0.0,34.3
2026-07-02 03:00:00,9227.278,0.0,9227.278,11603.187,28.1,76,0.0,7.1,88,0.0,0.0,32.8
2026-07-02 04:00:00,9125.369,0.0,9125.369,11482.932999999999,27.9,75,0.0,6.6,100,0.0,0.0,32.4
2026-07-02 05:00:00,15385.456,0.0,15385.456,18869.837,25.9,95,0.0,6.5,100,0.0,0.0,31.7
2026-07-02 06:00:00,17268.661,0.0,17268.661,21092.02,25.9,93,4.4,3.8,100,9.0,0.0,31.9
2026-07-02 07:00:00,17259.936999999998,309.714,16950.224000000002,21081.727,26.1,93,1.9,3.8,100,31.0,0.0,32.2
2026-07-02 08:00:00,17018.35,560.577,16457.775,20796.652,26.8,92,0.4,4.0,100,142.0,8.0,33.1
2026-07-02 09:00:00,17094.347999999998,881.221,16213.129,20886.331,28.3,82,0.0,4.3,100,299.0,111.0,34.3
2026-07-02 10:00:00,17205.729,1076.688,16129.043,21017.761,28.0,83,0.0,2.1,88,116.0,0.0,34.2
2026-07-02 11:00:00,15479.081,1086.961,14392.119,18980.315,27.1,85,0.0,0.8,100,263.0,8.0,33.2
2026-07-02 12:00:00,15235.905,1094.611,14141.296999999999,18693.371,27.9,77,0.0,2.7,59,199.0,6.0,33.3
2026-07-02 13:00:00,15285.316,1052.388,14232.927,18751.674,29.7,69,0.0,5.2,56,508.0,239.0,34.6
2026-07-02 14:00:00,15475.131,917.933,14557.198,18975.657,30.2,66,0.0,6.3,77,509.0,222.0,34.8
2026-07-02 15:00:00,15436.427,799.198,14637.229,18929.985,30.8,65,0.0,6.6,76,576.0,306.0,35.8
2026-07-02 16:00:00,15322.011,536.299,14785.71,18794.971,31.2,64,0.0,5.8,71,462.0,250.0,36.1
2026-07-02 17:00:00,15395.441,269.889,15125.553,18881.621,31.5,64,0.0,4.0,35,281.0,121.0,36.8
2026-07-02 18:00:00,20434.126,0.0,20434.126,24827.268,31.4,65,0.0,3.3,72,128.0,36.0,37.1
2026-07-02 19:00:00,20148.484,0.0,20148.484,24490.213,30.7,73,0.0,5.3,94,24.0,2.0,36.7
2026-07-02 20:00:00,20424.088,0.0,20424.088,24815.424,30.0,78,0.0,5.6,97,0.0,0.0,36.3
2026-07-02 21:00:00,20179.816,0.0,20179.816,24527.182,29.7,81,0.0,5.8,95,0.0,0.0,36.2
2026-07-02 22:00:00,20256.343,0.0,20256.343,24617.486,29.3,83,0.0,6.2,91,0.0,0.0,35.9
2026-07-02 23:00:00,9159.43,0.0,9159.43,11523.129,29.2,82,0.0,7.4,98,0.0,0.0,35.4
2026-07-03 00:00:00,9230.171,0.0,9230.171,11606.602,28.9,84,0.0,5.4,91,0.0,0.0,35.5
2026-07-03 01:00:00,9081.885,0.0,9081.885,11431.624,28.6,86,0.0,6.4,53,0.0,0.0,35.0
2026-07-03 02:00:00,9222.649,0.0,9222.649,11597.727,28.2,87,0.0,6.9,23,0.0,0.0,34.5
2026-07-03 03:00:00,9296.079,0.0,9296.079,11684.373,27.9,88,0.0,6.3,20,0.0,0.0,34.2
2026-07-03 04:00:00,9224.159,0.0,9224.159,11599.507,27.8,88,0.0,6.5,21,0.0,0.0,33.9
2026-07-03 05:00:00,15364.164,0.0,15364.164,18844.714,27.0,91,0.0,6.3,95,0.0,0.0,33.1
2026-07-03 06:00:00,17280.981,0.0,17280.981,21106.557,27.6,87,0.0,5.8,96,32.0,3.0,33.6
2026-07-03 07:00:00,17278.242,296.62,16981.624,21103.327,28.8,81,0.0,3.6,98,151.0,35.0,35.1
2026-07-03 08:00:00,17175.815,634.064,16541.751,20982.461,30.5,73,0.0,4.3,94,308.0,113.0,36.5
2026-07-03 09:00:00,17312.841,815.907,16496.932,21144.152,32.4,62,0.0,6.0,71,509.0,285.0,37.7
2026-07-03 10:00:00,17489.677,1126.373,16363.305,21352.82,33.5,55,0.1,7.9,63,606.0,346.0,38.3
2026-07-03 11:00:00,15506.123,1057.729,14448.394,19012.226,34.5,49,0.1,5.8,92,741.0,465.0,40.0
2026-07-03 12:00:00,15184.807,1022.551,14162.255,18633.073,33.8,54,0.3,6.2,97,483.0,190.0,38.5
2026-07-03 13:00:00,15547.332999999999,1058.603,14488.73,19060.854,33.9,55,0.0,4.8,100,423.0,97.0,39.0
2026-07-03 14:00:00,15249.737000000001,932.729,14317.008,18709.689,34.0,55,0.0,2.9,100,336.0,46.0,39.4
2026-07-03 15:00:00,15472.681,787.74,14684.939,18972.764,34.3,54,0.0,2.4,100,361.0,63.0,39.9
2026-07-03 16:00:00,15551.806,532.178,15019.628,19066.131,34.4,53,0.0,2.9,100,340.0,83.0,39.8
2026-07-03 17:00:00,15436.777,270.739,15166.04,18930.399,33.8,57,0.0,5.6,100,273.0,102.0,39.1
2026-07-03 18:00:00,19995.749,0.0,19995.749,24309.983,32.7,64,0.0,5.8,99,119.0,23.0,38.6
2026-07-03 19:00:00,20087.821,0.0,20087.821,24418.631,31.6,71,0.0,6.5,95,21.0,0.0,37.7
2026-07-03 20:00:00,20204.712,0.0,20204.712,24556.559,30.9,75,0.0,4.8,100,0.0,0.0,37.5
2026-07-03 21:00:00,20378.931,0.0,20378.931,24762.137,30.5,77,0.0,4.4,100,0.0,0.0,37.3
2026-07-03 22:00:00,20291.448,0.0,20291.448,24658.907,30.4,79,0.0,4.2,100,0.0,0.0,37.3
2026-07-03 23:00:00,9216.17,0.0,9216.17,11590.08,30.7,75,0.0,5.1,98,0.0,0.0,37.1
2026-07-04 00:00:00,8055.023,0.0,8055.023,10219.928,30.5,74,0.0,3.9,94,0.0,0.0,36.9
2026-07-04 01:00:00,8052.468,0.0,8052.468,10216.91,30.2,74,0.0,4.0,97,0.0,0.0,36.4
2026-07-04 02:00:00,8031.081,0.0,8031.081,10191.679,30.0,74,0.0,4.3,100,0.0,0.0,36.0
2026-07-04 03:00:00,8043.996,0.0,8043.996,10206.918,29.9,75,0.0,3.4,100,0.0,0.0,36.1
2026-07-04 04:00:00,7992.673000000001,0.0,7992.673000000001,10146.354,29.9,76,0.0,2.4,99,0.0,0.0,36.5
2026-07-04 05:00:00,13482.307,0.0,13482.307,16624.121,29.2,82,0.0,3.9,98,0.0,0.0,36.0
2026-07-04 06:00:00,14891.065,0.0,14891.065,18286.459,29.6,81,0.0,3.8,88,31.0,0.0,36.5
2026-07-04 07:00:00,14811.173,265.61,14545.561,18192.183,30.7,77,0.0,2.8,97,136.0,28.0,37.7
2026-07-04 08:00:00,15046.661,516.811,14529.852,18470.061999999998,31.2,71,0.2,4.9,98,286.0,97.0,37.3
2026-07-04 09:00:00,14827.208999999999,745.454,14081.758,18211.108,32.2,66,0.4,4.3,98,369.0,129.0,38.4
2026-07-04 10:00:00,15186.972,890.34,14296.633,18635.628,33.4,62,0.0,4.1,99,476.0,153.0,39.6
2026-07-04 11:00:00,13742.114,921.24,12820.872,16930.696,32.6,65,0.1,2.5,97,573.0,196.0,39.1
2026-07-04 12:00:00,13389.423999999999,931.165,12458.26,16514.521,34.1,57,0.3,2.4,98,487.0,148.0,40.1
2026-07-04 13:00:00,13342.348,884.044,12458.301,16458.967,35.7,51,0.1,2.2,99,629.0,244.0,42.0
2026-07-04 14:00:00,13363.053,768.832,12594.22,16483.400999999998,36.4,49,0.0,3.9,99,610.0,231.0,42.1
2026-07-04 15:00:00,13633.832,699.653,12934.18,16802.922,36.5,48,0.1,5.1,100,564.0,265.0,41.7
2026-07-04 16:00:00,13290.348,480.859,12809.491,16397.61,36.5,49,0.1,5.2,99,469.0,243.0,41.7
2026-07-04 17:00:00,13456.217,255.358,13200.857,16593.335,33.4,67,0.1,6.8,98,281.0,99.0,40.2
2026-07-04 18:00:00,17844.117,0.0,17844.117,21771.056,32.9,70,0.0,4.6,98,104.0,10.0,40.1
2026-07-04 19:00:00,17658.757,0.0,17658.757,21552.332,32.1,78,0.0,2.2,95,21.0,0.0,40.3
2026-07-04 20:00:00,17638.308,0.0,17638.308,21528.203,31.7,79,0.0,4.3,97,0.0,0.0,39.7
2026-07-04 21:00:00,17755.298,0.0,17755.298,21666.248,31.5,81,0.0,2.7,99,0.0,0.0,39.8
2026-07-04 22:00:00,17488.789,0.0,17488.789,21351.769,31.0,82,0.0,6.2,99,0.0,0.0,38.6
2026-07-04 23:00:00,7979.286999999999,0.0,7979.286999999999,10130.56,31.7,76,0.0,6.1,94,0.0,0.0,38.8
2026-07-05 00:00:00,8180.432,0.0,8180.432,10367.913,30.8,81,0.0,3.5,96,0.0,0.0,38.5
2026-07-05 01:00:00,7972.18,0.0,7972.18,10122.175,30.4,84,0.0,3.2,86,0.0,0.0,38.4
2026-07-05 02:00:00,8080.363,0.0,8080.363,10249.827,30.2,85,0.0,4.5,73,0.0,0.0,37.9
2026-07-05 03:00:00,8040.773999999999,0.0,8040.773999999999,10203.114,29.7,86,0.0,6.1,92,0.0,0.0,36.9
2026-07-05 04:00:00,8015.139,0.0,8015.139,10172.863,29.0,88,0.5,6.9,97,0.0,0.0,35.9
2026-07-05 05:00:00,13435.622,0.0,13435.622,16569.033,28.8,91,0.1,6.6,91,0.0,0.0,36.0
2026-07-05 06:00:00,15002.816,0.0,15002.816,18418.321,29.4,87,0.0,3.8,77,35.0,3.0,36.9
2026-07-05 07:00:00,15273.006,267.084,15005.923999999999,18737.149,30.8,80,0.0,3.8,86,161.0,53.0,38.4
2026-07-05 08:00:00,15165.796,527.933,14637.86,18610.638,32.8,70,0.0,4.7,95,320.0,138.0,39.8
2026-07-05 09:00:00,15206.016,750.4159999999999,14455.597,18658.101,34.4,59,0.0,4.7,66,474.0,220.0,40.5
2026-07-05 10:00:00,15004.736,913.375,14091.359,18420.587,34.5,55,0.2,8.8,93,635.0,356.0,39.8
2026-07-05 11:00:00,13450.935,912.889,12538.046,16587.103,31.5,75,2.5,6.5,98,587.0,276.0,38.5
2026-07-05 12:00:00,13566.434000000001,970.956,12595.476,16723.391,33.9,64,0.0,1.7,95,738.0,394.0,42.4
2026-07-05 13:00:00,13348.386,917.537,12430.851999999999,16466.098,33.4,63,0.2,8.4,100,623.0,267.0,39.5
2026-07-05 14:00:00,13373.622,801.003,12572.617,16495.875,32.1,71,0.2,8.5,98,433.0,98.0,38.4
2026-07-05 15:00:00,13447.377,684.072,12763.304,16582.904,32.9,69,0.0,2.7,98,432.0,127.0,40.1
2026-07-05 16:00:00,13201.37,450.947,12750.421,16292.619,33.4,66,0.0,1.2,88,350.0,144.0,40.7
2026-07-05 17:00:00,13229.061,239.314,12989.747,16325.294,31.5,72,0.0,5.3,79,260.0,99.0,37.9
2026-07-05 18:00:00,17854.677,0.0,17854.677,21783.518,31.2,74,0.0,3.3,92,139.0,45.0,38.2
2026-07-05 19:00:00,17636.532,0.0,17636.532,21526.107,30.9,77,0.0,7.4,96,22.0,2.0,37.4
2026-07-05 20:00:00,17850.084,0.0,17850.084,21778.101,30.6,80,0.0,8.8,96,0.0,0.0,37.2
2026-07-05 21:00:00,17749.791,0.0,17749.791,21659.755,30.3,82,0.0,6.3,98,0.0,0.0,37.3
2026-07-05 22:00:00,17612.529,0.0,17612.529,21497.781,30.0,84,0.0,4.0,98,0.0,0.0,37.4
2026-07-05 23:00:00,8065.723,0.0,8065.723,10232.555,30.0,82,0.0,3.9,99,0.0,0.0,37.2
2026-07-06 00:00:00,9209.645,0.0,9209.645,11582.383,30.1,80,0.0,7.3,100,0.0,0.0,36.5
2026-07-06 01:00:00,9370.824,0.0,9370.824,11772.572,30.1,77,0.0,6.5,99,0.0,0.0,36.3
2026-07-06 02:00:00,9212.348,0.0,9212.348,11585.571,29.9,77,0.0,7.3,94,0.0,0.0,35.8
2026-07-06 03:00:00,9316.898,0.0,9316.898,11708.942,29.7,77,0.0,5.1,89,0.0,0.0,35.9
2026-07-06 04:00:00,9272.517,0.0,9272.517,11656.57,29.6,78,0.0,1.6,83,0.0,0.0,36.4
2026-07-06 05:00:00,15368.796,0.0,15368.796,18850.18,26.8,95,0.0,5.9,98,0.0,0.0,33.3
2026-07-06 06:00:00,17105.716,0.0,17105.716,20899.743,27.7,94,0.0,5.1,99,25.0,0.0,34.8
2026-07-06 07:00:00,17052.991,308.974,16744.018,20837.531,28.7,89,0.0,3.1,98,123.0,16.0,36.2
2026-07-06 08:00:00,17160.105,601.369,16558.737,20963.923,30.3,82,0.0,3.5,97,264.0,63.0,37.7
2026-07-06 09:00:00,17232.261,851.621,16380.640000000001,21049.068,31.7,76,0.0,4.4,99,415.0,145.0,39.0
2026-07-06 10:00:00,17197.462,1059.2640000000001,16138.198,21008.005,33.0,67,0.1,5.7,93,584.0,267.0,39.7
2026-07-06 11:00:00,15416.625,1037.817,14378.808,18906.615,34.1,55,0.0,7.3,15,689.0,360.0,39.8
2026-07-06 12:00:00,15460.543,1112.49,14348.051,18958.439,35.3,50,0.0,2.3,19,808.0,526.0,42.4
2026-07-06 13:00:00,15485.591,1036.361,14449.23,18987.996,36.1,48,0.0,0.4,42,845.0,592.0,43.7
2026-07-06 14:00:00,15037.994999999999,903.218,14134.776,18459.835,36.5,48,0.0,2.0,23,779.0,531.0,43.6
2026-07-06 15:00:00,15352.42,758.961,14593.461,18830.858,36.7,48,0.0,2.6,48,659.0,439.0,43.0
2026-07-06 16:00:00,15327.631,529.735,14797.896,18801.604,36.6,48,0.0,1.1,56,497.0,302.0,42.2
2026-07-06 17:00:00,15319.359,278.747,15040.614,18791.843,34.5,59,0.0,7.0,16,278.0,129.0,40.4
2026-07-06 18:00:00,20481.699,0.0,20481.699,24883.407,33.6,68,0.4,4.5,11,137.0,47.0,40.8
2026-07-06 19:00:00,20224.259,0.0,20224.259,24579.624,32.5,76,0.0,3.3,18,24.0,3.0,40.6
2026-07-06 20:00:00,20153.276,0.0,20153.276,24495.865,32.1,80,0.0,2.0,11,0.0,0.0,40.7
2026-07-06 21:00:00,20388.428,0.0,20388.428,24773.345,32.0,78,0.0,4.2,13,0.0,0.0,40.1
2026-07-06 22:00:00,20314.147,0.0,20314.147,24685.696,31.7,76,0.0,4.2,8,0.0,0.0,39.1
2026-07-06 23:00:00,9193.67,0.0,9193.67,11563.53,31.1,79,0.0,3.5,28,0.0,0.0,38.7
2026-07-07 00:00:00,9224.586,0.0,9224.586,11600.014,31.0,80,0.0,3.1,55,0.0,0.0,38.7
2026-07-07 01:00:00,9117.388,0.0,9117.388,11473.517,30.9,81,0.0,2.3,100,0.0,0.0,38.8
2026-07-07 02:00:00,9187.649,0.0,9187.649,11556.421,30.6,82,0.0,4.0,98,0.0,0.0,38.2
2026-07-07 03:00:00,9074.375,0.0,9074.375,11422.762,30.2,84,0.0,3.7,2,0.0,0.0,37.8
2026-07-07 04:00:00,9298.894,0.0,9298.894,11687.694,29.8,85,0.0,4.0,23,0.0,0.0,37.3
2026-07-07 05:00:00,15297.326000000001,0.0,15297.326000000001,18765.845,27.5,96,0.0,7.9,99,0.0,0.0,34.3
2026-07-07 06:00:00,17134.269,0.0,17134.269,20933.439,27.6,95,1.2,5.6,98,17.0,0.0,34.7
2026-07-07 07:00:00,17254.852,325.763,16929.09,21075.726,28.2,95,0.1,5.0,98,81.0,7.0,35.8
2026-07-07 08:00:00,17201.334,617.2239999999999,16584.111,21012.574,29.8,88,0.0,5.2,96,247.0,61.0,37.5
2026-07-07 09:00:00,17227.424,910.1940000000001,16317.232,21043.363,31.6,76,0.0,7.5,81,459.0,203.0,38.5
2026-07-07 10:00:00,17091.150999999998,1031.198,16059.951000000001,20882.557,32.8,68,0.0,7.3,93,651.0,377.0,39.7
2026-07-07 11:00:00,15470.556,1057.79,14412.766,18970.256999999998,31.0,81,0.0,4.9,97,734.0,436.0,39.8
2026-07-07 12:00:00,15345.139,1083.384,14261.759,18822.267,32.5,70,0.0,1.4,98,613.0,238.0,40.2
2026-07-07 13:00:00,15313.668,1073.222,14240.445,18785.128,30.9,72,0.6,5.7,98,587.0,219.0,37.3
2026-07-07 14:00:00,15332.823,924.052,14408.771,18807.732,31.9,69,0.2,1.5,83,465.0,127.0,38.7
2026-07-07 15:00:00,15305.019,767.797,14537.224,18774.922,32.5,64,0.0,6.2,100,398.0,132.0,38.2
2026-07-07 16:00:00,15353.112,549.845,14803.266,18831.673,30.4,78,0.0,9.8,100,144.0,3.0,36.4
2026-07-07 17:00:00,15459.924,282.334,15177.594,18957.713,26.5,94,0.0,7.6,100,165.0,56.0,32.5
2026-07-07 18:00:00,20356.697,0.0,20356.697,24735.900999999998,26.7,96,3.1,2.0,100,19.0,0.0,33.7
2026-07-07 19:00:00,20384.736,0.0,20384.736,24768.987,26.8,96,1.6,2.6,100,5.0,0.0,33.9
2026-07-07 20:00:00,20295.009,0.0,20295.009,24663.112,27.0,96,1.0,4.3,100,0.0,0.0,33.9
2026-07-07 21:00:00,20469.934,0.0,20469.934,24869.522,26.9,97,0.5,6.6,100,0.0,0.0,33.6
2026-07-07 22:00:00,20126.768,0.0,20126.768,24464.587,27.0,96,0.1,2.8,100,0.0,0.0,34.1
2026-07-07 23:00:00,9144.666,0.0,9144.666,11505.706,27.0,95,0.0,4.0,98,0.0,0.0,33.8
2026-07-08 00:00:00,9286.552,0.0,9286.552,11673.127,26.9,95,0.0,1.6,100,0.0,0.0,34.1
2026-07-08 01:00:00,9189.426,0.0,9189.426,11558.522,27.0,94,0.0,1.4,100,0.0,0.0,34.2
2026-07-08 02:00:00,9205.159,0.0,9205.159,11577.086,26.9,96,0.0,9.6,99,0.0,0.0,32.9
2026-07-08 03:00:00,9256.839,0.0,9256.839,11638.069,26.8,94,0.0,4.6,97,0.0,0.0,33.3
2026-07-08 04:00:00,9121.047,0.0,9121.047,11477.837,26.7,93,0.0,8.2,100,0.0,0.0,32.4
2026-07-08 05:00:00,15496.936,0.0,15496.936,19001.386,26.1,97,0.5,7.1,100,0.0,0.0,32.2
2026-07-08 06:00:00,17335.371,0.0,17335.371,21170.738,26.3,97,1.5,9.5,100,8.0,0.0,32.1
2026-07-08 07:00:00,17364.849,315.623,17049.227,21205.522,26.6,97,0.9,9.7,100,28.0,0.0,32.5
2026-07-08 08:00:00,17258.56,586.914,16671.644,21080.097,27.1,94,0.2,10.8,100,85.0,0.0,32.8
2026-07-08 09:00:00,17185.328,906.4449999999999,16278.881,20993.686,27.8,89,0.1,9.3,100,185.0,6.0,33.7
2026-07-08 10:00:00,17188.564,1044.172,16144.39,20997.505,28.7,83,0.0,10.1,100,301.0,42.0,34.3
2026-07-08 11:00:00,15452.053,1042.147,14409.904,18948.422,27.3,92,0.1,8.3,100,376.0,54.0,33.3
2026-07-08 12:00:00,15435.667,1057.35,14378.318,18929.088,27.7,88,1.2,8.1,100,195.0,8.0,33.6
2026-07-08 13:00:00,15301.784,987.223,14314.562,18771.107,29.1,79,0.1,7.7,100,351.0,77.0,34.7
2026-07-08 14:00:00,15510.716,867.277,14643.44,19017.647,29.3,78,0.1,8.3,98,354.0,63.0,34.8
2026-07-08 15:00:00,15337.672,773.811,14563.86,18813.451,29.0,80,0.1,7.8,100,212.0,21.0,34.8
2026-07-08 16:00:00,15332.115,549.5840000000001,14782.53,18806.895,29.1,80,0.3,7.9,99,241.0,47.0,34.9
2026-07-08 17:00:00,15452.474,293.872,15158.6,18948.92,27.1,91,0.1,8.0,100,226.0,48.0,33.0
2026-07-08 18:00:00,20299.022,0.0,20299.022,24667.845999999998,26.5,96,2.1,8.1,100,11.0,0.0,32.5
2026-07-08 19:00:00,20571.163,0.0,20571.163,24988.973,26.3,95,0.7,8.4,100,9.0,0.0,32.1
2026-07-08 20:00:00,20155.126,0.0,20155.126,24498.047,26.5,94,0.2,8.8,100,0.0,0.0,32.2
2026-07-08 21:00:00,20011.436999999998,0.0,20011.436999999998,24328.495,26.6,95,0.6,10.3,100,0.0,0.0,32.3
2026-07-08 22:00:00,20390.796,0.0,20390.796,24776.141,26.7,96,1.0,10.2,100,0.0,0.0,32.5
2026-07-08 23:00:00,9220.257,0.0,9220.257,11594.902,26.2,94,2.0,8.6,100,0.0,0.0,31.8
2026-07-09 00:00:00,9478.696,0.0,9478.696,11899.861,26.0,96,1.9,9.0,100,0.0,0.0,31.6
2026-07-09 01:00:00,9178.292,0.0,9178.292,11545.386,25.9,95,1.8,9.9,100,0.0,0.0,31.3
2026-07-09 02:00:00,9122.693,0.0,9122.693,11479.778,25.8,96,1.8,9.4,100,0.0,0.0,31.2
2026-07-09 03:00:00,9324.529,0.0,9324.529,11717.947,25.8,95,1.7,9.9,100,0.0,0.0,31.0
2026-07-09 04:00:00,9232.806,0.0,9232.806,11609.710000000001,25.7,96,8.0,10.2,100,0.0,0.0,30.9
2026-07-09 05:00:00,15499.605,0.0,15499.605,19004.535,25.4,96,18.1,11.4,100,0.0,0.0,30.2
2026-07-09 06:00:00,17279.29,0.0,17279.29,21104.561,25.2,97,10.1,11.1,100,2.0,0.0,30.1
2026-07-09 07:00:00,17409.041,318.911,17090.131,21257.670000000002,25.0,98,7.3,16.5,100,12.0,0.0,29.0
2026-07-09 08:00:00,17088.564,594.663,16493.904,20879.506,25.6,93,12.1,18.9,100,20.0,0.0,29.1
2026-07-09 09:00:00,17175.714,838.715,16336.996,20982.342,25.3,94,15.1,15.8,100,0.0,0.0,29.1
2026-07-09 10:00:00,17364.178,1082.565,16281.615,21204.73,25.4,94,9.0,13.2,100,22.0,0.0,29.8
2026-07-09 11:00:00,15461.777,981.271,14480.508,18959.897,25.2,94,8.1,8.8,100,73.0,0.0,30.1
2026-07-09 12:00:00,15259.191,1098.1689999999999,14161.027,18720.848,25.4,94,3.5,6.9,100,55.0,0.0,30.8
2026-07-09 13:00:00,15336.736,1069.829,14266.902,18812.349000000002,26.4,92,1.2,7.5,99,248.0,3.0,32.0
2026-07-09 14:00:00,15530.095,983.091,14547.003999999999,19040.510000000002,27.9,83,0.1,11.5,100,369.0,39.0,32.6
2026-07-09 15:00:00,15139.782000000001,730.066,14409.717,18579.944,28.6,78,0.0,12.4,100,410.0,84.0,33.1
2026-07-09 16:00:00,15342.342,525.145,14817.196,18818.964,28.9,77,0.0,10.4,100,368.0,96.0,33.8
2026-07-09 17:00:00,15407.07,285.443,15121.628,18895.343,29.2,75,0.0,12.9,98,229.0,42.0,33.6
2026-07-09 18:00:00,20504.356,0.0,20504.356,24910.138,28.3,80,0.0,10.6,94,119.0,19.0,33.2
2026-07-09 19:00:00,20343.679,0.0,20343.679,24720.542,27.3,86,0.0,8.5,88,23.0,1.0,32.6
2026-07-09 20:00:00,20335.772,0.0,20335.772,24711.213,26.8,89,0.0,6.4,99,0.0,0.0,32.5
2026-07-09 21:00:00,20344.485,0.0,20344.485,24721.493,26.5,91,0.0,5.8,99,0.0,0.0,32.2
2026-07-09 22:00:00,20257.601,0.0,20257.601,24618.967,26.1,92,0.0,4.7,98,0.0,0.0,32.0
2026-07-09 23:00:00,9146.881,0.0,9146.881,11508.318,27.1,95,0.0,6.4,94,0.0,0.0,33.7
2026-07-10 00:00:00,9331.168,0.0,9331.168,11725.776,26.5,97,0.0,6.2,99,0.0,0.0,32.9
2026-07-10 01:00:00,9217.602,0.0,9217.602,11591.771,26.3,97,0.0,5.6,97,0.0,0.0,32.7
2026-07-10 02:00:00,9179.225,0.0,9179.225,11546.486,26.0,97,0.0,6.3,99,0.0,0.0,32.1
2026-07-10 03:00:00,9257.152,0.0,9257.152,11638.439,25.7,96,0.0,6.8,98,0.0,0.0,31.4
2026-07-10 04:00:00,9215.853,0.0,9215.853,11589.708,25.5,96,0.0,7.1,93,0.0,0.0,31.0
2026-07-10 05:00:00,15367.844000000001,0.0,15367.844000000001,18849.058,26.9,97,0.0,6.3,59,0.0,0.0,33.5
2026-07-10 06:00:00,17260.749,0.0,17260.749,21082.686,27.2,94,0.3,6.2,86,28.0,3.0,33.7
2026-07-10 07:00:00,16953.392,309.318,16644.074,20720.004,27.8,90,0.1,7.4,94,146.0,45.0,34.1
2026-07-10 08:00:00,17382.834,608.442,16774.391,21226.745,28.4,86,0.2,6.6,59,272.0,93.0,34.7
2026-07-10 09:00:00,17258.105,860.7139999999999,16397.388,21079.564000000002,30.1,79,0.0,9.9,77,505.0,282.0,36.0
2026-07-10 10:00:00,17323.599000000002,1098.082,16225.515,21156.846999999998,30.0,78,0.0,11.5,84,525.0,257.0,35.6
2026-07-10 11:00:00,15319.063,994.392,14324.672,18791.496,31.1,73,0.0,9.7,65,723.0,447.0,37.8
2026-07-10 12:00:00,15403.256,1001.884,14401.376,18890.841,32.1,68,0.0,10.0,41,847.0,581.0,39.3
2026-07-10 13:00:00,15423.481,1029.954,14393.529,18914.708,32.5,66,0.0,10.5,13,826.0,561.0,39.5
2026-07-10 14:00:00,15305.83,930.367,14375.463,18775.879,32.8,63,0.0,10.7,12,780.0,534.0,39.2
2026-07-10 15:00:00,15476.06,764.033,14712.027,18976.751,33.0,62,0.0,10.5,7,649.0,420.0,38.6
2026-07-10 16:00:00,15091.021,494.748,14596.276,18522.407,32.8,62,0.0,8.7,4,486.0,293.0,38.0
2026-07-10 17:00:00,15440.589,284.33,15156.257,18934.895,32.0,64,0.0,4.5,21,325.0,181.0,37.6
2026-07-10 18:00:00,20316.273,0.0,20316.273,24688.202,31.3,72,0.0,4.0,22,143.0,54.0,37.9
2026-07-10 19:00:00,20311.262,0.0,20311.262,24682.288,30.1,78,0.0,4.6,36,24.0,3.0,36.6
2026-07-10 20:00:00,20498.192,0.0,20498.192,24902.864,29.6,79,0.0,7.2,66,0.0,0.0,35.5
2026-07-10 21:00:00,20317.435999999998,0.0,20317.435999999998,24689.572,29.1,81,0.0,8.1,100,0.0,0.0,35.0
2026-07-10 22:00:00,20399.47,0.0,20399.47,24786.373,28.5,86,0.0,3.6,84,0.0,0.0,35.3
2026-07-10 23:00:00,9301.509,0.0,9301.509,11690.782000000001,28.3,87,0.0,4.8,100,0.0,0.0,35.0
2026-07-11 00:00:00,8097.295,0.0,8097.295,10269.807999999999,27.9,89,0.0,5.2,90,0.0,0.0,34.4
2026-07-11 01:00:00,8109.482,0.0,8109.482,10284.188,27.7,89,0.0,5.2,95,0.0,0.0,34.1
2026-07-11 02:00:00,8132.558,0.0,8132.558,10311.417,27.6,90,0.0,2.4,85,0.0,0.0,34.5
2026-07-11 03:00:00,7972.639,0.0,7972.639,10122.713,27.5,91,0.0,1.9,95,0.0,0.0,34.5
2026-07-11 04:00:00,8025.911,0.0,8025.911,10185.574,27.5,91,0.0,0.8,99,0.0,0.0,34.7
2026-07-11 05:00:00,13393.073,0.0,13393.073,16518.823,27.4,93,0.0,2.8,54,0.0,0.0,34.5
2026-07-11 06:00:00,14963.123,0.0,14963.123,18371.482,27.7,93,0.0,4.8,84,24.0,3.0,34.6
2026-07-11 07:00:00,15113.984,280.108,14833.879,18549.502,28.6,87,0.0,1.7,41,109.0,22.0,35.8
2026-07-11 08:00:00,15012.494,515.646,14496.85,18429.742,29.1,84,0.0,5.6,40,242.0,89.0,35.8
2026-07-11 09:00:00,14864.243,754.119,14110.125,18254.806,30.5,77,0.0,4.7,19,384.0,165.0,37.2
2026-07-11 10:00:00,15183.146,917.889,14265.26,18631.112,32.3,64,0.0,10.3,27,589.0,350.0,37.4
2026-07-11 11:00:00,13320.576000000001,882.566,12438.01,16433.278000000002,33.1,60,0.0,11.8,21,702.0,432.0,38.6
2026-07-11 12:00:00,13166.01,926.8159999999999,12239.192000000001,16250.891000000001,33.7,59,0.1,9.3,44,798.0,533.0,40.3
2026-07-11 13:00:00,13341.063,888.613,12452.449,16457.453,34.1,58,0.1,8.1,61,828.0,567.0,41.1
2026-07-11 14:00:00,13531.869,863.638,12668.232,16682.604,34.3,57,0.1,6.6,88,740.0,474.0,41.0
2026-07-11 15:00:00,13397.355,666.864,12730.489,16523.876,34.2,57,0.0,5.8,48,560.0,280.0,39.8
2026-07-11 16:00:00,13460.327,488.823,12971.503,16598.186,34.2,57,0.0,6.4,20,443.0,231.0,39.5
2026-07-11 17:00:00,13310.93,227.369,13083.56,16421.899,34.1,61,0.0,4.9,20,299.0,149.0,40.5
2026-07-11 18:00:00,17811.282,0.0,17811.282,21732.311999999998,32.7,71,0.0,4.6,13,139.0,51.0,39.9
2026-07-11 19:00:00,17595.082000000002,0.0,17595.082000000002,21477.197,31.7,78,0.0,2.3,11,23.0,3.0,39.7
2026-07-11 20:00:00,17512.268,0.0,17512.268,21379.476,31.5,79,0.0,1.0,26,0.0,0.0,39.8
2026-07-11 21:00:00,17838.025,0.0,17838.025,21763.867,31.0,81,0.0,4.0,22,0.0,0.0,38.7
2026-07-11 22:00:00,17604.264,0.0,17604.264,21488.033,30.7,77,0.0,6.2,16,0.0,0.0,37.3
2026-07-11 23:00:00,8000.563,0.0,8000.563,10155.664999999999,31.0,76,0.0,5.4,27,0.0,0.0,37.7
2026-07-12 00:00:00,8085.149,0.0,8085.149,10255.477,29.9,79,0.0,7.8,5,0.0,0.0,36.1
2026-07-12 01:00:00,7975.784,0.0,7975.784,10126.425,29.5,80,0.0,6.6,3,0.0,0.0,35.7
2026-07-12 02:00:00,8057.928,0.0,8057.928,10223.353,29.1,80,0.0,6.0,6,0.0,0.0,35.1
2026-07-12 03:00:00,8010.592000000001,0.0,8010.592000000001,10167.498,28.9,79,0.0,6.5,7,0.0,0.0,34.5
2026-07-12 04:00:00,8017.291,0.0,8017.291,10175.403,28.7,78,0.0,5.9,90,0.0,0.0,34.3
2026-07-12 05:00:00,13424.153999999999,0.0,13424.153999999999,16555.504,29.4,74,0.0,10.9,3,0.0,0.0,34.1
2026-07-12 06:00:00,14893.077,0.0,14893.077,18288.829,29.6,72,0.0,10.5,2,34.0,6.0,34.2
2026-07-12 07:00:00,14952.086,278.21,14673.879,18358.462,30.5,70,0.0,10.5,2,168.0,72.0,35.2
2026-07-12 08:00:00,15078.958,515.023,14563.936,18508.171,31.3,67,0.0,12.3,41,352.0,206.0,35.8
2026-07-12 09:00:00,15144.499,748.083,14396.416,18585.508,32.2,64,0.0,11.8,23,544.0,359.0,36.9
2026-07-12 10:00:00,15092.845,893.194,14199.651,18524.556,33.2,62,0.0,11.4,2,706.0,496.0,39.0
2026-07-12 11:00:00,13364.198,923.7239999999999,12440.471,16484.753,34.3,59,0.0,11.8,18,823.0,600.0,40.8
2026-07-12 12:00:00,13263.433,879.563,12383.872,16365.854,34.6,57,0.1,10.7,19,811.0,556.0,41.0
2026-07-12 13:00:00,13544.355,953.163,12591.192,16697.338,35.0,55,0.1,9.6,26,827.0,566.0,41.6
2026-07-12 14:00:00,13330.188,811.174,12519.012,16444.619,35.0,55,0.1,8.8,30,732.0,491.0,41.3
2026-07-12 15:00:00,13368.863000000001,678.064,12690.796,16490.257,34.3,59,0.3,8.9,77,615.0,389.0,40.2
2026-07-12 16:00:00,13425.865,458.29699999999997,12967.567000000001,16557.52,32.4,65,0.3,9.6,80,465.0,268.0,37.7
2026-07-12 17:00:00,13392.51,247.22,13145.291000000001,16518.162,34.6,58,0.6,5.4,16,182.0,52.0,40.7
2026-07-12 18:00:00,17525.945,0.0,17525.945,21395.616,33.6,68,0.0,3.8,33,153.0,62.0,40.9
2026-07-12 19:00:00,17643.125,0.0,17643.125,21533.886,32.3,73,0.0,4.2,63,25.0,4.0,39.7
2026-07-12 20:00:00,17676.542999999998,0.0,17676.542999999998,21573.325,31.9,75,0.0,2.7,90,0.0,0.0,39.5
2026-07-12 21:00:00,17685.712,0.0,17685.712,21584.137,31.5,77,0.0,2.4,64,0.0,0.0,39.1
2026-07-12 22:00:00,17640.613,0.0,17640.613,21530.924,31.1,78,0.0,3.4,42,0.0,0.0,38.5
2026-07-12 23:00:00,8073.666,0.0,8073.666,10241.929,31.5,72,0.0,8.4,61,0.0,0.0,37.6
2026-07-13 00:00:00,9219.692000000001,0.0,9219.692000000001,11594.236,30.5,72,0.1,11.3,24,0.0,0.0,35.4
2026-07-13 01:00:00,9161.747,0.0,9161.747,11525.862000000001,30.5,64,0.0,13.7,13,0.0,0.0,33.8
2026-07-13 02:00:00,9258.76,0.0,9258.76,11640.337,29.6,67,0.0,9.8,9,0.0,0.0,33.5
2026-07-13 03:00:00,9198.622,0.0,9198.622,11569.372,28.9,70,0.0,7.7,1,0.0,0.0,33.2
2026-07-13 04:00:00,9178.023,0.0,9178.023,11545.07,28.4,72,0.0,7.9,27,0.0,0.0,32.7
2026-07-13 05:00:00,15349.733,0.0,15349.733,18827.685,29.0,73,0.0,11.6,2,0.0,0.0,33.2
2026-07-13 06:00:00,17345.411,0.0,17345.411,21182.581,29.1,72,0.0,11.5,77,34.0,6.0,33.2
2026-07-13 07:00:00,17414.635,311.479,17103.158,21264.269,30.0,70,0.0,10.4,45,170.0,71.0,34.5
2026-07-13 08:00:00,17292.308,598.075,16694.233,21119.923,31.2,67,0.0,9.5,22,358.0,213.0,36.2
2026-07-13 09:00:00,17373.132,835.963,16537.171000000002,21215.296000000002,32.4,63,0.0,11.0,45,547.0,367.0,37.1
2026-07-13 10:00:00,17168.642,1047.148,16121.493,20973.996,33.4,60,0.0,10.8,42,711.0,505.0,39.1
2026-07-13 11:00:00,15483.82,1030.364,14453.456,18985.907,34.7,54,0.0,10.3,20,828.0,607.0,40.9
2026-07-13 12:00:00,15529.095,1032.188,14496.907,19039.33,35.2,51,0.0,7.7,20,821.0,574.0,41.6
2026-07-13 13:00:00,15464.135,1079.71,14384.423,18962.676,35.7,48,0.0,5.9,31,794.0,553.0,41.8
2026-07-13 14:00:00,15174.112000000001,949.858,14224.252,18620.45,35.8,48,0.0,6.9,28,744.0,507.0,41.5
2026-07-13 15:00:00,15136.791,730.12,14406.672,18576.415,35.6,49,0.0,8.8,16,634.0,428.0,40.4
2026-07-13 16:00:00,15535.456,533.367,15002.089,19046.84,35.4,50,0.0,8.5,74,519.0,349.0,39.8
2026-07-13 17:00:00,15351.119,274.884,15076.239,18829.321,34.3,65,0.0,5.2,79,289.0,144.0,41.5
2026-07-13 18:00:00,20314.559,0.0,20314.559,24686.178,33.5,71,0.0,4.4,78,110.0,29.0,41.2
2026-07-13 19:00:00,20226.584,0.0,20226.584,24582.367,32.6,74,0.0,3.8,95,23.0,3.0,40.4
2026-07-13 20:00:00,20418.615,0.0,20418.615,24808.963,32.2,67,0.0,6.4,98,0.0,0.0,38.1
2026-07-13 21:00:00,20323.752,0.0,20323.752,24697.027,31.8,63,0.0,6.1,98,0.0,0.0,36.9
2026-07-13 22:00:00,20399.52,0.0,20399.52,24786.432,30.8,69,0.0,6.4,94,0.0,0.0,36.2
2026-07-13 23:00:00,9141.201000000001,0.0,9141.201000000001,11501.619,30.6,72,0.0,6.1,84,0.0,0.0,36.4
2026-07-14 00:00:00,9226.512,0.0,9226.512,11602.287,29.8,77,0.0,4.3,60,0.0,0.0,36.1
2026-07-14 01:00:00,9257.576000000001,0.0,9257.576000000001,11638.937,29.7,77,0.0,5.1,34,0.0,0.0,35.8
2026-07-14 02:00:00,9302.095,0.0,9302.095,11691.472,29.8,72,0.0,7.6,49,0.0,0.0,35.0
2026-07-14 03:00:00,9223.219,0.0,9223.219,11598.4,29.3,74,0.0,6.6,38,0.0,0.0,34.5
2026-07-14 04:00:00,9276.493,0.0,9276.493,11661.26,28.7,77,0.0,6.2,27,0.0,0.0,34.0
2026-07-14 05:00:00,15266.189,0.0,15266.189,18729.106,26.1,95,0.0,5.3,100,0.0,0.0,32.1
2026-07-14 06:00:00,17188.327,0.0,17188.327,20997.227,26.4,85,1.0,19.6,84,21.0,1.0,29.5
2026-07-14 07:00:00,17325.242,324.73,17000.511,21158.785,28.1,76,0.1,9.7,33,117.0,32.0,32.4
2026-07-14 08:00:00,17377.772,619.819,16757.954,21220.77,30.8,70,0.0,7.9,44,291.0,152.0,36.2
2026-07-14 09:00:00,17222.987,844.948,16378.038,21038.123,32.0,65,0.0,8.0,19,442.0,253.0,37.3
2026-07-14 10:00:00,17472.874,1046.641,16426.234,21332.992,33.4,60,0.0,9.8,11,656.0,431.0,39.0
2026-07-14 11:00:00,15352.612,1053.732,14298.881,18831.083,35.2,51,0.0,11.7,10,794.0,554.0,40.5
2026-07-14 12:00:00,15488.922,1121.818,14367.103000000001,18991.929,35.6,48,0.0,9.6,3,832.0,587.0,41.3
2026-07-14 13:00:00,15649.06,1028.131,14620.928,19180.892,36.0,46,0.0,8.6,7,839.0,603.0,41.7
2026-07-14 14:00:00,15514.84,959.691,14555.15,19022.511,36.2,45,0.0,7.7,15,778.0,547.0,41.6
2026-07-14 15:00:00,15404.824,785.3190000000001,14619.504,18892.693,36.2,45,0.0,8.3,41,671.0,460.0,40.7
2026-07-14 16:00:00,15353.446,520.634,14832.813,18832.064000000002,35.8,45,0.0,9.9,36,496.0,309.0,39.2
2026-07-14 17:00:00,15318.887999999999,283.094,15035.792,18791.289,28.1,89,0.0,8.2,100,322.0,185.0,34.3
2026-07-14 18:00:00,20432.451,0.0,20432.451,24825.292,28.7,89,1.1,9.7,98,64.0,5.0,35.2
2026-07-14 19:00:00,20588.3,0.0,20588.3,25009.192,28.2,88,0.1,11.3,93,23.0,2.0,33.9
2026-07-14 20:00:00,20380.519,0.0,20380.519,24764.011,28.0,83,0.0,6.5,84,0.0,0.0,33.7
2026-07-14 21:00:00,20294.921,0.0,20294.921,24663.011,28.4,80,0.0,5.8,95,0.0,0.0,33.9
2026-07-14 22:00:00,20494.958,0.0,20494.958,24899.047,28.7,76,0.0,6.6,100,0.0,0.0,33.7
2026-07-14 23:00:00,9126.551,0.0,9126.551,11484.329,29.4,74,0.0,4.6,100,0.0,0.0,35.0
2026-07-15 00:00:00,9151.766,0.0,9151.766,11514.083,27.4,83,0.0,7.4,96,0.0,0.0,32.6
2026-07-15 01:00:00,9288.833,0.0,9288.833,11675.824,26.3,87,0.0,9.4,66,0.0,0.0,31.0
2026-07-15 02:00:00,9256.739,0.0,9256.739,11637.952,25.9,88,0.0,6.9,100,0.0,0.0,30.9
2026-07-15 03:00:00,9290.928,0.0,9290.928,11678.296,26.2,90,0.0,2.6,100,0.0,0.0,32.1
2026-07-15 04:00:00,9323.58,0.0,9323.58,11716.824,26.3,91,0.0,2.3,100,0.0,0.0,32.5
2026-07-15 05:00:00,15641.25,0.0,15641.25,19171.675,26.4,88,0.0,6.8,100,0.0,0.0,31.7
2026-07-15 06:00:00,17140.423,0.0,17140.423,20940.698,25.4,96,2.4,9.5,100,16.0,2.0,30.6
2026-07-15 07:00:00,17222.387,325.49899999999997,16896.888,21037.416,26.0,98,0.9,7.2,13,31.0,0.0,32.1
2026-07-15 08:00:00,17145.629,612.382,16533.248,20946.842,29.1,84,0.1,5.3,97,290.0,140.0,35.7
2026-07-15 09:00:00,17312.382999999998,870.8820000000001,16441.501,21143.612,31.9,65,0.0,5.6,48,462.0,250.0,37.5
2026-07-15 10:00:00,17322.373,1034.271,16288.101,21155.398999999998,33.7,55,0.0,8.7,23,672.0,456.0,38.8
2026-07-15 11:00:00,15414.672,1068.727,14345.943,18904.312,35.4,48,0.0,8.8,18,824.0,604.0,41.0
2026-07-15 12:00:00,15333.631,1121.238,14212.395,18808.685,36.0,44,0.0,8.5,20,824.0,553.0,41.1
2026-07-15 13:00:00,15500.989,1053.395,14447.596,19006.166,36.3,42,0.0,9.7,20,808.0,533.0,40.9
2026-07-15 14:00:00,15611.164,979.098,14632.069,19136.175,36.3,43,0.0,9.7,16,732.0,469.0,40.6
2026-07-15 15:00:00,15161.644,774.279,14387.364,18605.739,36.1,43,0.0,9.2,35,637.0,421.0,40.0
2026-07-15 16:00:00,15400.351,547.482,14852.869,18887.415,35.8,44,0.0,9.4,9,492.0,311.0,39.2
2026-07-15 17:00:00,15286.860999999999,273.383,15013.482,18753.496,34.0,52,0.0,8.8,20,329.0,188.0,37.9
2026-07-15 18:00:00,20573.004,0.0,20573.004,24991.141,32.8,57,0.0,8.1,8,146.0,56.0,37.2
2026-07-15 19:00:00,20313.347,0.0,20313.347,24684.748,31.9,64,0.0,7.6,10,24.0,4.0,37.0
2026-07-15 20:00:00,20117.511,0.0,20117.511,24453.663,31.6,65,0.0,8.3,9,0.0,0.0,36.6
2026-07-15 21:00:00,20301.428,0.0,20301.428,24670.685,31.5,64,0.0,6.4,11,0.0,0.0,36.4
2026-07-15 22:00:00,20462.881,0.0,20462.881,24861.201,31.2,64,0.0,4.9,29,0.0,0.0,36.2
2026-07-15 23:00:00,9259.065,0.0,9259.065,11640.697,31.8,63,0.0,5.6,35,0.0,0.0,37.0
2026-07-16 00:00:00,9211.875,0.0,9211.875,11585.011999999999,31.0,66,0.0,6.3,40,0.0,0.0,36.1
2026-07-16 01:00:00,9286.801,0.0,9286.801,11673.428,30.6,67,0.0,5.2,18,0.0,0.0,35.7
2026-07-16 02:00:00,9203.556,0.0,9203.556,11575.196,30.3,67,0.0,6.1,9,0.0,0.0,35.2
2026-07-16 03:00:00,9192.128,0.0,9192.128,11561.711,30.0,66,0.0,7.5,3,0.0,0.0,34.4
2026-07-16 04:00:00,9209.4,0.0,9209.4,11582.092,29.8,65,0.0,9.0,23,0.0,0.0,33.5
2026-07-16 05:00:00,15411.671,0.0,15411.671,18900.771,30.0,64,0.0,9.0,50,0.0,0.0,33.7
2026-07-16 06:00:00,17208.118,0.0,17208.118,21020.58,30.2,63,0.0,9.2,40,29.0,4.0,33.9
2026-07-16 07:00:00,17191.664,302.128,16889.534,21001.163,31.3,61,0.0,7.9,35,158.0,62.0,35.4
2026-07-16 08:00:00,17087.372,610.633,16476.734,20878.096,32.7,56,0.0,9.2,30,330.0,186.0,36.6
2026-07-16 09:00:00,17160.514,839.061,16321.455,20964.408,34.1,53,0.0,9.6,36,530.0,353.0,38.4
2026-07-16 10:00:00,17236.686999999998,1087.863,16148.823,21054.291,35.6,48,0.0,10.9,41,700.0,492.0,40.1
2026-07-16 11:00:00,15238.721,1042.595,14196.124,18696.689,36.9,42,0.0,12.6,30,782.0,553.0,41.2
2026-07-16 12:00:00,15322.431,1051.674,14270.758,18795.469,36.7,42,0.0,11.7,49,845.0,610.0,41.4
2026-07-16 13:00:00,15128.216,1010.83,14117.386,18566.293,37.1,40,0.0,12.5,21,844.0,598.0,41.4
2026-07-16 14:00:00,15423.595,890.322,14533.272,18914.842,37.3,40,0.0,12.5,6,800.0,577.0,41.3
2026-07-16 15:00:00,15371.609,760.3480000000001,14611.262,18853.499,37.2,39,0.0,12.5,12,678.0,479.0,40.4
2026-07-16 16:00:00,15353.815,553.105,14800.711,18832.502,37.1,39,0.0,11.4,21,519.0,347.0,39.7
2026-07-16 17:00:00,15228.755000000001,265.77299999999997,14962.983,18684.931,37.3,38,0.0,12.4,83,329.0,192.0,39.6
2026-07-16 18:00:00,20344.268,0.0,20344.268,24721.235,36.6,40,0.0,7.8,56,144.0,56.0,39.7
2026-07-16 19:00:00,20387.256,0.0,20387.256,24771.961,35.1,46,0.0,5.2,35,25.0,3.0,39.1
2026-07-16 20:00:00,20047.261,0.0,20047.261,24370.769,34.3,56,0.0,2.4,73,0.0,0.0,40.2
2026-07-16 21:00:00,20447.313000000002,0.0,20447.313000000002,24842.831,34.0,59,0.0,1.5,98,0.0,0.0,40.3
2026-07-16 22:00:00,20435.097,0.0,20435.097,24828.415,33.7,61,0.0,1.5,83,0.0,0.0,40.2
2026-07-16 23:00:00,9249.486,0.0,9249.486,11629.394,34.3,58,0.0,1.4,99,0.0,0.0,40.7
2026-07-17 00:00:00,9325.733,0.0,9325.733,11719.367,33.2,60,0.0,3.2,95,0.0,0.0,39.0
2026-07-17 01:00:00,9258.322,0.0,9258.322,11639.819,32.5,65,0.0,2.3,98,0.0,0.0,38.9
2026-07-17 02:00:00,9249.456,0.0,9249.456,11629.358,31.7,67,0.0,2.8,97,0.0,0.0,37.9
2026-07-17 03:00:00,9284.011,0.0,9284.011,11670.132,31.1,69,0.0,4.0,99,0.0,0.0,37.0
2026-07-17 04:00:00,9274.014,0.0,9274.014,11658.339,30.7,70,0.0,4.6,95,0.0,0.0,36.5
2026-07-17 05:00:00,15358.204,0.0,15358.204,18837.68,31.1,70,0.0,3.5,48,0.0,0.0,37.3
2026-07-17 06:00:00,17124.193,0.0,17124.193,20921.55,31.0,69,0.0,7.0,41,28.0,4.0,36.5
2026-07-17 07:00:00,17427.456,320.864,17106.586,21279.398,31.8,65,0.0,7.5,38,150.0,55.0,37.1
2026-07-17 08:00:00,17236.727,601.386,16635.339,21054.335,33.0,56,0.0,9.4,66,325.0,178.0,37.2
2026-07-17 09:00:00,17101.441,868.415,16233.026,20894.699,34.5,51,0.0,10.5,61,539.0,356.0,38.3
2026-07-17 10:00:00,17316.111,1082.23,16233.883,21148.010000000002,36.0,45,0.0,11.2,57,674.0,457.0,40.0
2026-07-17 11:00:00,15303.894,1031.05,14272.844000000001,18773.595,36.6,41,0.0,11.8,80,806.0,567.0,40.8
2026-07-17 12:00:00,15308.306,1077.829,14230.475,18778.799,36.4,42,0.2,11.8,88,732.0,404.0,40.3
2026-07-17 13:00:00,15162.452,1050.372,14112.08,18606.694,36.9,41,0.1,11.6,73,778.0,475.0,41.0
2026-07-17 14:00:00,15409.377,926.332,14483.041000000001,18898.063000000002,37.2,40,0.0,10.9,83,740.0,474.0,41.2
2026-07-17 15:00:00,15337.827,803.348,14534.48,18813.635,37.4,39,0.0,11.8,98,618.0,383.0,40.3
2026-07-17 16:00:00,15247.916000000001,550.594,14697.325,18707.542,37.0,39,0.0,12.1,100,409.0,147.0,39.4
2026-07-17 17:00:00,15482.002,275.209,15206.791,18983.76,37.0,38,0.0,11.3,98,168.0,22.0,39.4
2026-07-17 18:00:00,20695.237,0.0,20695.237,25135.377,35.8,45,0.0,6.3,98,111.0,24.0,39.7
2026-07-17 19:00:00,20222.904,0.0,20222.904,24578.028000000002,34.7,55,0.0,2.8,99,19.0,1.0,40.4
2026-07-17 20:00:00,20429.495,0.0,20429.495,24821.804,34.4,57,0.0,1.0,76,0.0,0.0,40.8
2026-07-17 21:00:00,20115.728,0.0,20115.728,24451.558,33.9,61,0.0,1.3,92,0.0,0.0,40.7
2026-07-17 22:00:00,20422.052,0.0,20422.052,24813.02,33.0,64,0.0,2.9,87,0.0,0.0,39.5
2026-07-17 23:00:00,9205.967999999999,0.0,9205.967999999999,11578.044,33.1,65,0.0,2.6,77,0.0,0.0,39.8
2026-07-18 00:00:00,7988.223,0.0,7988.223,10141.103,31.9,68,0.0,6.1,77,0.0,0.0,37.8
2026-07-18 01:00:00,8094.188,0.0,8094.188,10266.144,31.4,66,0.0,3.1,58,0.0,0.0,37.2
2026-07-18 02:00:00,8102.532,0.0,8102.532,10275.989,31.2,65,0.0,3.1,91,0.0,0.0,36.8
2026-07-18 03:00:00,8029.134,0.0,8029.134,10189.381,31.3,61,0.0,4.5,95,0.0,0.0,36.0
2026-07-18 04:00:00,8021.805,0.0,8021.805,10180.728,31.2,59,0.0,8.0,94,0.0,0.0,35.0
2026-07-18 05:00:00,13517.617,0.0,13517.617,16665.788,31.1,65,0.0,11.0,85,0.0,0.0,35.4
2026-07-18 06:00:00,15109.452000000001,0.0,15109.452000000001,18544.155,31.0,61,0.0,11.1,43,23.0,2.0,34.5
2026-07-18 07:00:00,14968.405,271.718,14696.686,18377.718,31.8,57,0.0,10.7,100,136.0,45.0,35.2
2026-07-18 08:00:00,15208.402,517.646,14690.753999999999,18660.914,32.1,58,0.0,9.7,100,174.0,32.0,36.1
2026-07-18 09:00:00,14986.669,721.348,14265.321,18399.271,33.1,56,0.0,11.5,89,317.0,94.0,37.0
2026-07-18 10:00:00,14924.748,888.95,14035.796,18326.201,34.8,51,0.0,13.7,99,603.0,346.0,38.6
2026-07-18 11:00:00,13591.907,898.533,12693.371000000001,16753.447,35.5,49,0.0,14.9,99,647.0,293.0,39.4
2026-07-18 12:00:00,13388.699999999999,950.047,12438.654,16513.667,35.6,49,0.0,13.7,100,647.0,277.0,39.6
2026-07-18 13:00:00,13374.563,889.071,12485.494,16496.985,36.0,47,0.0,11.9,100,616.0,223.0,40.0
2026-07-18 14:00:00,13440.242,803.778,12636.465,16574.485,36.0,47,0.0,9.8,100,488.0,104.0,39.8
2026-07-18 15:00:00,13309.106,659.182,12649.923,16419.743,36.3,44,0.0,9.3,100,448.0,119.0,40.0
2026-07-18 16:00:00,13503.487,464.169,13039.317000000001,16649.112,35.7,46,0.0,7.9,100,220.0,23.0,39.5
2026-07-18 17:00:00,13584.006,250.487,13333.52,16744.131,36.3,42,0.0,5.8,95,139.0,8.0,40.1
2026-07-18 18:00:00,17908.9,0.0,17908.9,21847.503,35.5,49,0.0,3.8,100,113.0,28.0,40.5
2026-07-18 19:00:00,17611.438000000002,0.0,17611.438000000002,21496.495,34.4,51,0.0,4.9,98,22.0,2.0,38.9
2026-07-18 20:00:00,17660.896,0.0,17660.896,21554.859,34.1,52,0.0,4.4,98,0.0,0.0,38.7
2026-07-18 21:00:00,17779.832000000002,0.0,17779.832000000002,21695.201,33.9,52,0.0,4.4,99,0.0,0.0,38.6
2026-07-18 22:00:00,17727.481,0.0,17727.481,21633.428,33.2,57,0.0,4.1,99,0.0,0.0,38.3
2026-07-18 23:00:00,7966.704,0.0,7966.704,10115.708,33.6,52,0.0,6.6,88,0.0,0.0,37.8
2026-07-19 00:00:00,7987.031,0.0,7987.031,10139.694,32.0,65,0.0,4.9,71,0.0,0.0,37.6
2026-07-19 01:00:00,8010.229,0.0,8010.229,10167.069,31.2,70,0.0,5.7,98,0.0,0.0,37.1
2026-07-19 02:00:00,7974.934,0.0,7974.934,10125.422,30.7,71,0.0,5.6,98,0.0,0.0,36.5
2026-07-19 03:00:00,8071.98,0.0,8071.98,10239.934,30.4,70,0.0,6.9,97,0.0,0.0,35.7
2026-07-19 04:00:00,7997.718,0.0,7997.718,10152.306,30.1,70,0.0,6.7,95,0.0,0.0,35.1
2026-07-19 05:00:00,13205.104,0.0,13205.104,16297.017,29.8,81,0.0,2.8,100,0.0,0.0,37.0
2026-07-19 06:00:00,14956.189,0.0,14956.189,18363.305,30.4,80,0.0,5.3,100,25.0,3.0,37.3
2026-07-19 07:00:00,14949.471,282.121,14667.347,18355.374,31.6,71,0.0,6.8,100,79.0,3.0,37.7
2026-07-19 08:00:00,15027.832,543.041,14484.79,18447.841,32.5,62,0.0,8.1,100,182.0,24.0,37.4
2026-07-19 09:00:00,14952.973,726.276,14226.698,18359.511,33.0,58,0.0,7.5,99,267.0,20.0,37.7
2026-07-19 10:00:00,14896.002,930.184,13965.817000000001,18292.284,34.1,54,0.0,8.0,99,375.0,64.0,38.6
2026-07-19 11:00:00,13444.991,853.0409999999999,12591.951,16580.091,35.6,47,0.0,11.1,99,632.0,243.0,39.6
2026-07-19 12:00:00,13514.946,1013.814,12501.134,16662.636,36.0,46,0.0,11.2,98,669.0,321.0,40.2
2026-07-19 13:00:00,13311.531,906.5360000000001,12404.996,16422.606,35.0,51,0.4,8.1,99,422.0,102.0,39.4
2026-07-19 14:00:00,13264.91,816.777,12448.132,16367.596,35.2,51,0.0,4.9,99,367.0,54.0,40.2
2026-07-19 15:00:00,13337.202,668.101,12669.098,16452.896,34.9,55,0.0,4.3,100,375.0,68.0,40.6
2026-07-19 16:00:00,13411.45,460.266,12951.18,16540.51,33.6,60,1.8,5.4,100,366.0,131.0,39.3
2026-07-19 17:00:00,13324.176,234.856,13089.316,16437.529,36.6,43,0.1,1.6,100,147.0,6.0,41.2
2026-07-19 18:00:00,17395.578,0.0,17395.578,21241.785,34.2,57,0.2,10.4,99,91.0,4.0,39.0
2026-07-19 19:00:00,17662.968,0.0,17662.968,21557.301,31.6,79,0.1,11.2,100,16.0,0.0,38.3
2026-07-19 20:00:00,17672.653,0.0,17672.653,21568.73,31.2,81,0.0,9.7,100,0.0,0.0,38.4
2026-07-19 21:00:00,17866.634,0.0,17866.634,21797.627,31.2,81,0.1,6.5,100,0.0,0.0,38.6
2026-07-19 22:00:00,17501.345,0.0,17501.345,21366.589,30.7,84,0.5,6.4,99,0.0,0.0,38.2
2026-07-19 23:00:00,8176.904,0.0,8176.904,10363.749,31.6,78,0.5,8.7,99,0.0,0.0,38.6
2026-07-20 00:00:00,9248.552,0.0,9248.552,11628.291,30.3,84,0.0,7.5,96,0.0,0.0,37.5
2026-07-20 01:00:00,9112.997,0.0,9112.997,11468.334,28.8,89,0.1,8.5,98,0.0,0.0,35.5
2026-07-20 02:00:00,9226.925,0.0,9226.925,11602.771999999999,28.1,90,0.0,7.6,100,0.0,0.0,34.5
2026-07-20 03:00:00,9357.452,0.0,9357.452,11756.792,28.4,90,0.0,4.2,98,0.0,0.0,35.6
2026-07-20 04:00:00,9184.833,0.0,9184.833,11553.1,26.8,94,4.8,9.4,98,0.0,0.0,32.7
2026-07-20 05:00:00,15398.053,0.0,15398.053,18884.703999999998,28.5,84,1.1,8.5,100,0.0,0.0,34.2
2026-07-20 06:00:00,17224.999,0.0,17224.999,21040.5,28.6,85,0.2,8.0,100,15.0,0.0,34.6
2026-07-20 07:00:00,17406.989,324.749,17082.242000000002,21255.247,28.2,87,0.6,6.7,100,65.0,2.0,34.5
2026-07-20 08:00:00,17367.957,592.087,16775.87,21209.189,27.7,92,4.2,1.8,100,123.0,1.0,35.1
2026-07-20 09:00:00,17363.325,797.454,16565.871,21203.724000000002,28.7,90,0.9,6.7,100,206.0,23.0,35.7
2026-07-20 10:00:00,17125.113,1064.994,16060.119,20922.634,29.5,86,0.9,0.6,100,273.0,43.0,37.4
2026-07-20 11:00:00,15511.113000000001,1065.405,14445.710000000001,19018.116,31.7,71,0.4,4.5,95,244.0,27.0,38.3
2026-07-20 12:00:00,15403.316,1027.399,14375.916,18890.914,30.8,76,1.2,6.6,98,583.0,261.0,37.5
2026-07-20 13:00:00,15565.653,1065.546,14500.109,19082.469,28.9,86,7.2,11.5,88,614.0,267.0,35.2
2026-07-20 14:00:00,15564.662,951.796,14612.864,19081.299,29.1,85,0.7,7.6,85,377.0,147.0,35.5
2026-07-20 15:00:00,15535.776,776.005,14759.774,19047.214,30.2,81,0.1,4.2,98,460.0,223.0,37.4
2026-07-20 16:00:00,15266.28,534.183,14732.097,18729.21,30.5,79,0.0,4.4,100,364.0,120.0,37.6
2026-07-20 17:00:00,15362.362,265.96999999999997,15096.392,18842.584,29.9,78,0.0,5.5,100,184.0,22.0,36.2
2026-07-20 18:00:00,20289.899,0.0,20289.899,24657.079,27.5,92,4.3,4.0,100,33.0,0.0,34.3
2026-07-20 19:00:00,20293.662,0.0,20293.662,24661.521,27.4,93,3.4,2.7,100,6.0,0.0,34.5
2026-07-20 20:00:00,20347.606,0.0,20347.606,24725.175,27.4,95,1.1,4.6,100,0.0,0.0,34.5
2026-07-20 21:00:00,20501.748,0.0,20501.748,24907.062,27.4,95,0.6,3.4,100,0.0,0.0,34.6
2026-07-20 22:00:00,20190.166,0.0,20190.166,24539.398,27.3,94,0.1,3.3,100,0.0,0.0,34.4
2026-07-20 23:00:00,9224.396,0.0,9224.396,11599.788,26.5,96,0.0,1.6,96,0.0,0.0,33.5
2026-07-21 00:00:00,9181.9,0.0,9181.9,11549.644,26.7,95,0.2,3.6,99,0.0,0.0,33.4
2026-07-21 01:00:00,9272.654,0.0,9272.654,11656.734,26.5,95,0.6,7.8,100,0.0,0.0,32.5
2026-07-21 02:00:00,9197.82,0.0,9197.82,11568.427,26.3,95,0.2,7.6,100,0.0,0.0,32.2
2026-07-21 03:00:00,9278.485,0.0,9278.485,11663.615,26.3,93,0.2,7.6,95,0.0,0.0,31.9
2026-07-21 04:00:00,9225.224,0.0,9225.224,11600.767,26.1,93,0.3,6.0,100,0.0,0.0,31.8
2026-07-21 05:00:00,15416.364,0.0,15416.364,18906.309,26.3,93,0.4,5.1,100,0.0,0.0,32.3
2026-07-21 06:00:00,17407.038,0.0,17407.038,21255.307,25.7,95,3.8,6.5,100,6.0,0.0,31.3
2026-07-21 07:00:00,17377.988,314.605,17063.386,21221.025,25.9,95,1.0,9.1,100,26.0,0.0,31.2
2026-07-21 08:00:00,17306.742,597.615,16709.126,21136.955,26.4,92,0.4,9.2,100,102.0,1.0,31.7
2026-07-21 09:00:00,17371.097,843.289,16527.809,21212.897,27.0,88,0.1,8.5,100,165.0,5.0,32.4
2026-07-21 10:00:00,17006.487,1019.417,15987.07,20782.655,28.0,84,0.2,8.6,100,319.0,72.0,33.4
2026-07-21 11:00:00,15479.762,1039.084,14440.678,18981.119,26.7,95,0.1,11.9,100,357.0,60.0,32.2
2026-07-21 12:00:00,15498.951000000001,1100.981,14397.971,19003.763,27.7,94,0.9,7.9,100,157.0,0.0,34.4
2026-07-21 13:00:00,15459.251,978.171,14481.077,18956.913,29.5,86,0.5,7.2,100,382.0,49.0,36.4
2026-07-21 14:00:00,15481.777,948.422,14533.357,18983.495,29.1,85,0.4,8.0,100,280.0,22.0,35.6
2026-07-21 15:00:00,15327.336,765.693,14561.645,18801.259,27.5,92,4.3,9.3,99,239.0,33.0,33.5
2026-07-21 16:00:00,15208.485,516.271,14692.215,18661.013,28.4,87,0.6,6.0,99,307.0,83.0,34.9
2026-07-21 17:00:00,15251.691,262.305,14989.385,18711.995,29.9,74,0.1,7.2,100,205.0,31.0,35.4
2026-07-21 18:00:00,20096.84,0.0,20096.84,24429.273,28.9,82,0.1,6.9,95,90.0,8.0,34.9
2026-07-21 19:00:00,20389.569,0.0,20389.569,24774.690000000002,28.4,86,0.1,4.6,98,14.0,0.0,35.0
2026-07-21 20:00:00,20139.695,0.0,20139.695,24479.839,28.2,87,0.0,7.7,95,0.0,0.0,34.3
2026-07-21 21:00:00,20324.923,0.0,20324.923,24698.407,28.0,87,0.0,7.6,98,0.0,0.0,34.1
2026-07-21 22:00:00,20249.861,0.0,20249.861,24609.837,27.7,88,0.1,10.3,99,0.0,0.0,33.2
2026-07-21 23:00:00,9304.064,0.0,9304.064,11693.797,26.7,95,0.1,12.2,91,0.0,0.0,32.2
2026-07-22 00:00:00,9361.365,0.0,9361.365,11761.41,26.5,94,0.1,10.9,59,0.0,0.0,31.9
2026-07-22 01:00:00,9229.999,0.0,9229.999,11606.401,26.4,94,0.0,9.4,66,0.0,0.0,31.9
2026-07-22 02:00:00,9304.955,0.0,9304.955,11694.845,26.3,95,0.0,8.7,85,0.0,0.0,32.1
2026-07-22 03:00:00,9322.45,0.0,9322.45,11715.493,25.8,96,1.0,11.2,94,0.0,0.0,30.9
2026-07-22 04:00:00,9251.752,0.0,9251.752,11632.068,25.8,95,0.4,11.2,97,0.0,0.0,30.7
2026-07-22 05:00:00,15255.871,0.0,15255.871,18716.929,25.8,95,0.6,11.6,91,0.0,0.0,30.8
2026-07-22 06:00:00,17260.125,0.0,17260.125,21081.947,25.9,95,0.7,13.3,68,21.0,1.0,30.7
2026-07-22 07:00:00,17275.346,305.227,16970.118,21099.91,26.7,89,0.2,15.7,80,129.0,32.0,30.9
2026-07-22 08:00:00,17087.513,612.13,16475.384,20878.267,27.1,84,0.7,16.5,64,282.0,114.0,30.8
2026-07-22 09:00:00,17334.452,877.128,16457.325,21169.655,28.7,77,0.4,14.3,55,391.0,162.0,32.9
2026-07-22 10:00:00,17278.21,1048.556,16229.654,21103.288,29.9,74,0.7,13.4,17,536.0,279.0,34.4
2026-07-22 11:00:00,15359.694,1027.223,14332.470000000001,18839.44,30.6,67,0.2,15.0,25,715.0,457.0,35.3
2026-07-22 12:00:00,15663.185,1031.284,14631.904,19197.558,31.3,66,0.2,14.4,90,788.0,517.0,36.8
2026-07-22 13:00:00,15436.48,1031.795,14404.686,18930.047,31.7,67,0.0,11.9,97,812.0,525.0,38.0
2026-07-22 14:00:00,15537.254,955.774,14581.479,19048.954999999998,31.8,67,0.1,11.4,100,753.0,464.0,37.9
2026-07-22 15:00:00,15445.664999999999,772.337,14673.329,18940.883,31.6,69,0.1,10.7,100,603.0,337.0,37.1
2026-07-22 16:00:00,15317.972,529.967,14788.003,18790.208,31.5,68,0.1,8.8,100,427.0,210.0,36.8
2026-07-22 17:00:00,15242.077000000001,269.113,14972.966,18700.651,28.4,88,0.1,5.7,96,271.0,106.0,35.0
2026-07-22 18:00:00,20435.114999999998,0.0,20435.114999999998,24828.436,28.9,86,0.0,3.6,88,106.0,16.0,36.0
2026-07-22 19:00:00,20278.397,0.0,20278.397,24643.506,28.6,89,0.0,4.6,84,21.0,2.0,35.8
2026-07-22 20:00:00,20865.751,0.0,20865.751,25336.588,28.8,89,0.0,7.0,91,0.0,0.0,35.6
2026-07-22 21:00:00,20399.621,0.0,20399.621,24786.554,28.9,87,0.0,9.2,91,0.0,0.0,35.3
2026-07-22 22:00:00,20552.032,0.0,20552.032,24966.394,28.6,84,0.1,9.2,89,0.0,0.0,34.3
2026-07-22 23:00:00,9094.316,0.0,9094.316,11446.297,28.2,84,0.0,10.1,72,0.0,0.0,33.7
2026-07-23 00:00:00,9181.841,0.0,9181.841,11549.573,28.2,84,0.0,11.1,77,0.0,0.0,33.4
2026-07-23 01:00:00,9285.351,0.0,9285.351,11671.714,27.9,84,0.0,11.3,34,0.0,0.0,33.0
2026-07-23 02:00:00,9337.087,0.0,9337.087,11732.765,27.7,85,0.0,11.8,7,0.0,0.0,32.6
2026-07-23 03:00:00,9227.076000000001,0.0,9227.076000000001,11602.951000000001,27.4,85,0.0,10.6,2,0.0,0.0,32.4
2026-07-23 04:00:00,9348.114,0.0,9348.114,11745.774,27.2,86,0.0,10.5,3,0.0,0.0,32.1
2026-07-23 05:00:00,15424.511,0.0,15424.511,18915.926,26.6,93,0.0,9.6,81,0.0,0.0,32.1
2026-07-23 06:00:00,17306.361,0.0,17306.361,21136.506999999998,26.1,95,1.5,8.7,77,25.0,2.0,31.7
2026-07-23 07:00:00,17043.740999999998,295.712,16748.027,20826.615,26.6,93,0.4,12.4,66,137.0,39.0,31.7
2026-07-23 08:00:00,17415.023,618.927,16796.093,21264.726,27.6,85,0.2,12.1,61,282.0,122.0,32.4
2026-07-23 09:00:00,17413.076,840.664,16572.413,21262.428,28.4,83,0.3,9.8,11,436.0,200.0,33.8
2026-07-23 10:00:00,17161.532,983.487,16178.047,20965.607,30.3,74,0.1,12.8,21,668.0,438.0,35.9
2026-07-23 11:00:00,15427.245,1064.977,14362.268,18919.151,31.0,68,0.0,14.5,37,785.0,531.0,36.5
2026-07-23 12:00:00,15389.535,1080.893,14308.64,18874.650999999998,31.5,65,0.1,15.0,30,798.0,529.0,36.8
2026-07-23 13:00:00,15414.68,1028.665,14386.017,18904.324,31.9,65,0.2,13.8,31,778.0,511.0,37.5
2026-07-23 14:00:00,15429.016,914.139,14514.881,18921.239,32.2,64,0.1,13.3,80,741.0,492.0,37.8
2026-07-23 15:00:00,15311.826,765.123,14546.703,18782.953,29.7,76,1.3,15.0,91,632.0,400.0,34.7
2026-07-23 16:00:00,15368.952,519.523,14849.432,18850.364,30.2,76,0.6,4.7,23,385.0,192.0,36.5
2026-07-23 17:00:00,15475.039,284.592,15190.449999999999,18975.548,31.3,70,0.2,10.7,81,308.0,157.0,36.6
2026-07-23 18:00:00,20536.017,0.0,20536.017,24947.502,30.2,75,0.2,8.6,64,130.0,37.0,35.8
2026-07-23 19:00:00,20293.524,0.0,20293.524,24661.355,29.8,76,0.0,7.8,23,18.0,2.0,35.4
2026-07-23 20:00:00,20006.756,0.0,20006.756,24322.974,28.6,82,0.3,8.5,67,0.0,0.0,34.1
2026-07-23 21:00:00,20005.644,0.0,20005.644,24321.658,26.2,94,3.5,9.1,91,0.0,0.0,31.7
2026-07-23 22:00:00,20225.544,0.0,20225.544,24581.138,26.5,94,0.8,11.6,93,0.0,0.0,31.8
2026-07-23 23:00:00,9136.655,0.0,9136.655,11496.251,27.5,88,0.0,13.1,87,0.0,0.0,32.4
2026-07-24 00:00:00,9192.331,0.0,9192.331,11561.953,27.1,88,0.0,10.8,77,0.0,0.0,32.3
2026-07-24 01:00:00,9289.128,0.0,9289.128,11676.173,26.9,89,0.0,10.9,48,0.0,0.0,32.0
2026-07-24 02:00:00,9223.034,0.0,9223.034,11598.182999999999,26.8,89,0.0,9.7,27,0.0,0.0,32.1
2026-07-24 03:00:00,9296.199,0.0,9296.199,11684.514,26.7,90,0.0,9.7,33,0.0,0.0,31.9
2026-07-24 04:00:00,9153.018,0.0,9153.018,11515.56,26.5,91,0.0,10.3,88,0.0,0.0,31.6
2026-07-24 05:00:00,15366.51,0.0,15366.51,18847.483,25.8,95,0.1,9.7,87,0.0,0.0,31.1
2026-07-24 06:00:00,17067.818,0.0,17067.818,20855.024,25.9,94,0.1,12.1,63,22.0,1.0,30.8
2026-07-24 07:00:00,17378.607,320.102,17058.505,21221.757,26.8,90,0.0,10.8,85,113.0,24.0,32.0
2026-07-24 08:00:00,17191.254,587.656,16603.596,21000.678,28.2,83,0.0,14.7,89,281.0,95.0,32.8
2026-07-24 09:00:00,17325.679,842.625,16483.054,21159.3,29.3,77,0.1,14.2,90,406.0,177.0,33.8
2026-07-24 10:00:00,17410.589,1035.313,16375.276,21259.492,30.3,73,0.2,13.4,95,575.0,281.0,35.1
2026-07-24 11:00:00,15392.229,1036.161,14356.071,18877.83,30.3,75,0.2,12.9,87,568.0,223.0,35.5
2026-07-24 12:00:00,15500.182999999999,1053.35,14446.831,19005.216,31.0,73,0.6,12.1,100,734.0,356.0,37.4
2026-07-24 13:00:00,15573.544,1114.118,14459.425000000001,19091.78,29.5,79,1.3,12.6,88,643.0,260.0,35.1
2026-07-24 14:00:00,15231.968,963.663,14268.305,18688.722999999998,28.7,83,4.8,6.8,98,484.0,174.0,34.8
2026-07-24 15:00:00,15320.878999999999,752.488,14568.387999999999,18793.638,29.7,80,0.8,7.1,91,429.0,147.0,36.0
2026-07-24 16:00:00,15337.939,537.415,14800.526,18813.769,30.6,74,0.1,7.6,91,389.0,145.0,36.5
2026-07-24 17:00:00,15566.836,288.519,15278.316,19083.866,30.0,82,0.2,6.2,77,278.0,112.0,36.9
2026-07-24 18:00:00,20360.461,0.0,20360.461,24740.343,30.0,83,0.0,7.7,95,122.0,31.0,36.8
2026-07-24 19:00:00,20478.12,0.0,20478.12,24879.181,29.6,84,0.0,7.9,92,17.0,1.0,36.3
2026-07-24 20:00:00,20237.939,0.0,20237.939,24595.769,29.4,84,0.0,9.6,70,0.0,0.0,35.7
2026-07-24 21:00:00,20435.657,0.0,20435.657,24829.076,29.0,84,0.0,10.8,84,0.0,0.0,34.8
2026-07-24 22:00:00,20385.497,0.0,20385.497,24769.886,28.6,85,0.0,10.5,65,0.0,0.0,34.3
2026-07-24 23:00:00,9307.177,0.0,9307.177,11697.469,28.3,86,0.0,12.4,40,0.0,0.0,33.6
2026-07-25 00:00:00,7984.375,0.0,7984.375,10136.563,28.1,85,0.0,12.4,9,0.0,0.0,33.2
2026-07-25 01:00:00,8020.166,0.0,8020.166,10178.796,28.0,83,0.0,11.9,26,0.0,0.0,32.9
2026-07-25 02:00:00,8043.878,0.0,8043.878,10206.773,27.6,84,0.1,11.0,38,0.0,0.0,32.5
2026-07-25 03:00:00,8067.548,0.0,8067.548,10234.704,27.5,87,0.1,10.5,20,0.0,0.0,32.7
2026-07-25 04:00:00,8046.563,0.0,8046.563,10209.943,27.4,87,0.1,10.5,36,0.0,0.0,32.6
2026-07-25 05:00:00,13465.317,0.0,13465.317,16604.075,27.4,89,0.1,9.4,7,0.0,0.0,33.0
2026-07-25 06:00:00,15182.788,0.0,15182.788,18630.69,27.5,89,0.0,7.7,16,24.0,3.0,33.3
2026-07-25 07:00:00,14983.944,274.688,14709.256,18396.052,28.2,87,0.0,7.4,33,142.0,50.0,34.3
2026-07-25 08:00:00,15239.714,529.572,14710.145,18697.865,28.8,81,0.1,11.8,55,295.0,135.0,34.0
2026-07-25 09:00:00,14928.206,748.861,14179.344,18330.284,29.7,75,0.1,10.5,84,408.0,196.0,34.7
2026-07-25 10:00:00,14893.798,899.789,13994.012,18289.682,30.4,73,0.3,10.6,95,563.0,261.0,35.5
2026-07-25 11:00:00,13401.306,902.104,12499.202,16528.54,31.5,66,0.3,12.5,88,616.0,272.0,36.3
2026-07-25 12:00:00,13269.884,964.005,12305.881,16373.463,31.5,66,0.2,12.6,77,643.0,295.0,36.5
2026-07-25 13:00:00,13363.225,921.966,12441.259,16483.604,32.1,64,0.1,10.7,96,746.0,456.0,38.0
2026-07-25 14:00:00,13523.703,800.969,12722.733,16672.97,32.3,63,0.3,12.2,98,688.0,377.0,37.7
2026-07-25 15:00:00,13407.411,658.506,12748.909,16535.747,32.3,64,0.3,11.6,100,531.0,238.0,37.0
2026-07-25 16:00:00,13402.386,470.574,12931.811,16529.813,31.4,68,0.2,11.6,84,312.0,95.0,36.2
2026-07-25 17:00:00,13482.796,251.834,13230.965,16624.701,30.2,82,0.0,8.6,98,206.0,58.0,36.7
2026-07-25 18:00:00,17962.318,0.0,17962.318,21910.535,29.6,82,0.0,11.2,98,90.0,7.0,35.4
2026-07-25 19:00:00,17560.124,0.0,17560.124,21435.947,28.8,83,0.0,8.9,98,11.0,0.0,34.6
2026-07-25 20:00:00,17822.407,0.0,17822.407,21745.439,28.4,86,0.0,9.8,98,0.0,0.0,34.2
2026-07-25 21:00:00,17758.161,0.0,17758.161,21669.632,28.0,88,0.0,8.3,97,0.0,0.0,34.0
2026-07-25 22:00:00,17660.905,0.0,17660.905,21554.868,27.7,89,0.0,8.3,88,0.0,0.0,33.7
2026-07-25 23:00:00,8084.423,0.0,8084.423,10254.618,27.4,92,0.0,9.1,87,0.0,0.0,33.4
2026-07-26 00:00:00,7986.136,0.0,7986.136,10138.643,27.4,93,0.1,9.6,73,0.0,0.0,33.5
2026-07-26 01:00:00,7943.042,0.0,7943.042,10087.791,27.5,94,0.0,8.2,50,0.0,0.0,34.1
2026-07-26 02:00:00,8071.453,0.0,8071.453,10239.313,27.5,95,0.0,7.9,20,0.0,0.0,34.1
2026-07-26 03:00:00,8055.734,0.0,8055.734,10220.767,27.3,95,0.0,7.1,56,0.0,0.0,33.9
2026-07-26 04:00:00,8095.751,0.0,8095.751,10267.988,27.3,95,0.0,6.1,72,0.0,0.0,34.0
2026-07-26 05:00:00,13438.357,0.0,13438.357,16572.262,28.3,91,0.0,4.3,74,0.0,0.0,35.6
2026-07-26 06:00:00,14983.471,0.0,14983.471,18395.496,27.6,94,0.4,4.7,86,22.0,2.0,34.7
2026-07-26 07:00:00,15078.59,287.675,14790.917,18507.738,28.5,90,0.1,5.0,97,126.0,30.0,35.6
2026-07-26 08:00:00,14974.571,530.471,14444.099,18384.995,29.5,84,0.0,2.3,88,274.0,91.0,37.0
2026-07-26 09:00:00,14992.913,731.444,14261.467,18406.636,30.7,78,0.0,3.3,88,486.0,257.0,37.8
2026-07-26 10:00:00,15057.672,870.406,14187.268,18483.053,31.5,73,0.1,3.8,96,596.0,311.0,38.6
2026-07-26 11:00:00,13339.344,851.38,12487.964,16455.427,32.5,63,0.1,3.9,98,713.0,441.0,39.5
2026-07-26 12:00:00,13470.289999999999,930.534,12539.757,16609.944,32.9,63,0.2,3.7,91,710.0,390.0,40.0
2026-07-26 13:00:00,13481.613,910.427,12571.185,16623.301,33.5,62,0.2,4.3,96,791.0,474.0,41.2
2026-07-26 14:00:00,13373.345000000001,829.164,12544.182,16495.549,33.7,60,0.1,4.2,98,697.0,411.0,40.6
2026-07-26 15:00:00,13450.583999999999,682.037,12768.546,16586.689000000002,33.7,59,0.1,3.3,96,568.0,285.0,39.9
2026-07-26 16:00:00,13447.801,465.11699999999996,12982.683,16583.406,33.5,61,0.0,3.2,88,429.0,198.0,39.6
2026-07-26 17:00:00,13216.498,247.144,12969.354,16310.466,33.7,60,0.0,3.9,97,263.0,88.0,39.8
2026-07-26 18:00:00,17630.546000000002,0.0,17630.546000000002,21519.043,32.6,70,0.0,4.1,95,115.0,26.0,39.7
2026-07-26 19:00:00,17603.599,0.0,17603.599,21487.247,31.7,77,0.0,3.1,99,17.0,1.0,39.3
2026-07-26 20:00:00,17798.32,0.0,17798.32,21717.017,31.3,80,0.0,0.2,95,0.0,0.0,39.8
2026-07-26 21:00:00,17621.217,0.0,17621.217,21508.034,31.1,83,0.0,0.3,28,0.0,0.0,39.8
2026-07-26 22:00:00,17738.733,0.0,17738.733,21646.707000000002,30.9,83,0.0,0.9,49,0.0,0.0,39.3
2026-07-26 23:00:00,7980.931,0.0,7980.931,10132.5,30.6,85,0.0,1.2,91,0.0,0.0,39.1
2026-07-27 00:00:00,9142.773,0.0,9142.773,11503.472,30.2,86,0.0,1.2,25,0.0,0.0,38.5
2026-07-27 01:00:00,9302.301,0.0,9302.301,11691.717,29.8,88,0.0,0.5,8,0.0,0.0,38.2
2026-07-27 02:00:00,9131.02,0.0,9131.02,11489.601999999999,29.5,87,0.0,2.7,4,0.0,0.0,37.2
2026-07-27 03:00:00,9336.385,0.0,9336.385,11731.934,29.4,84,0.0,2.1,100,0.0,0.0,36.8
2026-07-27 04:00:00,9245.365,0.0,9245.365,11624.531,29.2,84,0.0,2.1,39,0.0,0.0,36.4
2026-07-27 05:00:00,15471.937,0.0,15471.937,18971.887,29.7,84,0.0,2.3,65,0.0,0.0,37.3
2026-07-27 06:00:00,16857.04,0.0,16857.04,20606.307,29.9,82,0.0,2.4,90,23.0,3.0,37.2
2026-07-27 07:00:00,17238.817,314.013,16924.805,21056.806,30.5,79,0.0,1.7,44,130.0,34.0,38.0
2026-07-27 08:00:00,17020.797,597.254,16423.543,20799.54,31.4,75,0.0,2.3,24,312.0,151.0,38.8
2026-07-27 09:00:00,17185.529000000002,831.875,16353.653,20993.925,32.4,69,0.0,2.1,53,500.0,311.0,39.4
2026-07-27 10:00:00,17377.393,1065.283,16312.112,21220.324,33.2,65,0.2,2.3,31,619.0,378.0,40.6
2026-07-27 11:00:00,15269.985,1003.386,14266.602,18733.584,34.3,55,0.1,1.4,74,737.0,476.0,41.4
2026-07-27 12:00:00,15271.135,1068.026,14203.109,18734.942,35.1,53,0.0,4.2,89,805.0,511.0,42.2
2026-07-27 13:00:00,15282.34,1032.362,14249.98,18748.162,35.2,54,0.0,4.4,99,747.0,448.0,42.2
2026-07-27 14:00:00,15529.783,932.346,14597.437,19040.145,35.3,53,0.0,5.4,100,678.0,350.0,41.6
2026-07-27 15:00:00,15365.105,784.214,14580.892,18845.824,34.2,55,0.0,4.5,98,398.0,88.0,39.6
2026-07-27 16:00:00,15424.875,535.582,14889.294,18916.353000000003,33.7,58,0.2,1.4,99,285.0,48.0,39.7
2026-07-27 17:00:00,15334.212,264.147,15070.066,18809.373,33.0,64,0.0,2.1,99,143.0,17.0,39.5
2026-07-27 18:00:00,20140.097,0.0,20140.097,24480.313000000002,32.0,76,0.0,1.6,100,52.0,0.0,40.1
2026-07-27 19:00:00,20660.072,0.0,20660.072,25093.886000000002,31.6,78,0.0,1.5,100,9.0,0.0,39.7
2026-07-27 20:00:00,20257.544,0.0,20257.544,24618.903,31.1,77,0.0,6.5,100,0.0,0.0,37.8
2026-07-27 21:00:00,20409.797,0.0,20409.797,24798.56,30.0,83,0.0,9.6,100,0.0,0.0,36.4
2026-07-27 22:00:00,20351.517,0.0,20351.517,24729.791,29.2,84,0.0,11.6,100,0.0,0.0,35.0
2026-07-27 23:00:00,9236.638,0.0,9236.638,11614.234,30.1,87,0.1,10.6,100,0.0,0.0,37.0
2026-07-28 00:00:00,9274.745,0.0,9274.745,11659.197,28.4,87,0.2,13.3,100,0.0,0.0,33.8
2026-07-28 01:00:00,9226.35,0.0,9226.35,11602.093,27.3,92,0.5,6.9,100,0.0,0.0,33.6
2026-07-28 02:00:00,9292.568,0.0,9292.568,11680.229,27.0,94,0.5,10.6,100,0.0,0.0,32.9
2026-07-28 03:00:00,9336.821,0.0,9336.821,11732.449,26.3,96,0.3,7.6,98,0.0,0.0,32.3
2026-07-28 04:00:00,9259.429,0.0,9259.429,11641.126,26.1,97,0.4,9.1,98,0.0,0.0,31.9
2026-07-28 05:00:00,15525.057,0.0,15525.057,19034.563000000002,28.5,92,0.2,7.9,80,0.0,0.0,35.5
2026-07-28 06:00:00,17234.932,0.0,17234.932,21052.22,28.5,93,0.3,8.0,97,19.0,2.0,35.6
2026-07-28 07:00:00,17081.056,307.187,16773.868,20870.645,28.8,93,0.4,7.9,93,106.0,15.0,36.0
2026-07-28 08:00:00,17193.272,613.32,16579.954,21003.061999999998,28.3,88,0.8,12.0,99,194.0,40.0,34.1
2026-07-28 09:00:00,17259.836,841.876,16417.963,21081.608,28.1,90,0.7,10.5,98,230.0,46.0,34.1
2026-07-28 10:00:00,17216.347,1058.888,16157.460000000001,21030.291,27.2,94,3.1,9.4,100,269.0,25.0,33.3
2026-07-28 11:00:00,15353.543,1069.64,14283.904,18832.18,27.5,93,1.4,8.7,100,197.0,45.0,33.7
2026-07-28 12:00:00,15339.794,1055.329,14284.465,18815.958,26.7,95,4.2,9.1,100,106.0,3.0,32.7
2026-07-28 13:00:00,15344.658,995.7330000000001,14348.926,18821.695,26.9,93,2.5,7.8,100,108.0,0.0,32.9
2026-07-28 14:00:00,15454.035,985.573,14468.462,18950.761,26.9,94,1.7,4.0,100,113.0,1.0,33.7
2026-07-28 15:00:00,15517.965,807.325,14710.642,19026.2,27.3,92,1.3,5.1,99,131.0,5.0,33.9
2026-07-28 16:00:00,15358.266,531.425,14826.842,18837.753,27.1,94,0.7,4.7,100,78.0,0.0,33.8
2026-07-28 17:00:00,15275.378,277.171,14998.209,18739.945,31.0,72,0.2,3.8,52,106.0,7.0,37.3
2026-07-28 18:00:00,20522.87,0.0,20522.87,24931.986,30.2,77,0.1,4.3,64,116.0,28.0,36.8
2026-07-28 19:00:00,20268.299,0.0,20268.299,24631.592,29.5,83,0.0,2.3,99,17.0,2.0,36.7
2026-07-28 20:00:00,20471.812,0.0,20471.812,24871.738,28.9,86,0.0,3.8,100,0.0,0.0,36.0
2026-07-28 21:00:00,20147.352,0.0,20147.352,24488.873,28.6,87,0.0,5.2,100,0.0,0.0,35.4
2026-07-28 22:00:00,20449.842,0.0,20449.842,24845.814000000002,28.2,88,0.0,6.3,100,0.0,0.0,34.7
2026-07-28 23:00:00,9133.217,0.0,9133.217,11492.195,27.9,89,0.0,2.4,79,0.0,0.0,34.9
2026-07-29 00:00:00,9219.794,0.0,9219.794,11594.359,27.7,91,0.0,1.7,94,0.0,0.0,34.9
2026-07-29 01:00:00,9241.533,0.0,9241.533,11620.01,27.6,91,0.0,1.7,100,0.0,0.0,34.8
2026-07-29 02:00:00,9370.908,0.0,9370.908,11772.672,27.1,94,0.4,5.5,88,0.0,0.0,33.7
2026-07-29 03:00:00,9273.135,0.0,9273.135,11657.298,26.7,95,0.2,4.7,87,0.0,0.0,33.4
2026-07-29 04:00:00,9183.301,0.0,9183.301,11551.294,26.7,95,0.0,3.2,100,0.0,0.0,33.4
2026-07-29 05:00:00,15378.469,0.0,15378.469,18861.594,26.7,97,0.0,2.4,90,0.0,0.0,33.8
2026-07-29 06:00:00,17250.514,0.0,17250.514,21070.608,26.4,96,1.3,2.3,100,21.0,1.0,33.2
2026-07-29 07:00:00,17271.189,319.254,16951.934,21095.001,26.3,99,1.6,5.1,98,77.0,8.0,33.0
2026-07-29 08:00:00,17318.269,646.428,16671.839,21150.557,26.8,93,0.6,2.9,91,208.0,45.0,33.5
2026-07-29 09:00:00,17036.747,865.703,16171.048999999999,20818.361,28.0,87,0.6,1.8,88,371.0,134.0,34.9
2026-07-29 10:00:00,17062.832,1048.782,16014.050000000001,20849.141,28.8,84,0.3,2.9,84,488.0,183.0,35.5
2026-07-29 11:00:00,15353.5,1029.51,14323.989,18832.129,30.9,75,0.1,1.9,78,559.0,193.0,38.1
2026-07-29 12:00:00,15373.573,1082.325,14291.252,18855.816,31.7,73,0.1,1.1,51,709.0,335.0,40.2
2026-07-29 13:00:00,15509.647,1043.018,14466.630000000001,19016.383,32.0,72,0.1,1.5,53,622.0,210.0,39.8
2026-07-29 14:00:00,15305.016,962.921,14342.093,18774.919,32.3,68,0.2,1.6,56,528.0,160.0,39.2
2026-07-29 15:00:00,15519.732,768.364,14751.367,19028.282,32.5,67,0.2,1.9,91,499.0,216.0,39.4
2026-07-29 16:00:00,15332.899,552.925,14779.972,18807.821,32.3,67,0.1,1.7,91,331.0,183.0,39.1
2026-07-29 17:00:00,15424.309,281.433,15142.878,18915.687,32.5,68,0.0,5.3,82,272.0,65.0,39.1
2026-07-29 18:00:00,20437.341,0.0,20437.341,24831.061999999998,31.7,77,0.0,4.3,92,127.0,31.0,39.3
2026-07-29 19:00:00,20304.605,0.0,20304.605,24674.433,30.8,82,0.0,3.3,98,17.0,2.0,38.7
2026-07-29 20:00:00,20135.373,0.0,20135.373,24474.738,30.3,83,0.0,4.6,89,0.0,0.0,37.8
2026-07-29 21:00:00,20205.99,0.0,20205.99,24558.066,29.8,85,0.0,4.5,55,0.0,0.0,37.2
2026-07-29 22:00:00,20362.739,0.0,20362.739,24743.029000000002,29.4,88,0.0,3.5,27,0.0,0.0,37.0
2026-07-29 23:00:00,9142.409,0.0,9142.409,11503.045,29.8,86,0.0,7.0,12,0.0,0.0,37.0
2026-07-30 00:00:00,9346.882,0.0,9346.882,11744.321,29.2,89,0.0,7.5,33,0.0,0.0,36.4
2026-07-30 01:00:00,9113.571,0.0,9113.571,11469.013,28.0,85,0.0,2.5,79,0.0,0.0,34.4
2026-07-30 02:00:00,9270.015,0.0,9270.015,11653.619,25.5,96,6.1,1.9,92,0.0,0.0,31.9
2026-07-30 03:00:00,9262.01,0.0,9262.01,11644.171,26.1,95,0.6,2.7,85,0.0,0.0,32.6
2026-07-30 04:00:00,9262.041,0.0,9262.041,11644.208,26.3,97,0.1,1.9,92,0.0,0.0,33.3
2026-07-30 05:00:00,15410.581,0.0,15410.581,18899.487,28.3,95,0.0,0.8,77,0.0,0.0,36.6
2026-07-30 06:00:00,16994.071,0.0,16994.071,20768.006,28.4,95,0.8,2.1,58,21.0,3.0,36.5
2026-07-30 07:00:00,17099.951,304.786,16795.165,20892.943,28.4,89,1.0,11.5,55,136.0,46.0,34.4
2026-07-30 08:00:00,17120.347,585.8140000000001,16534.532,20917.009,29.2,85,0.4,9.1,46,292.0,132.0,35.5
2026-07-30 09:00:00,17496.762,824.1510000000001,16672.614,21361.182,30.4,78,0.1,5.8,55,470.0,253.0,37.1
2026-07-30 10:00:00,17235.874,1062.39,16173.482,21053.33,31.6,72,0.0,6.9,72,616.0,367.0,38.4
2026-07-30 11:00:00,15473.318,1050.275,14423.045,18973.516,32.8,64,0.0,6.1,82,706.0,428.0,39.5
2026-07-30 12:00:00,15323.717,1124.451,14199.262999999999,18796.983,32.9,63,0.1,7.7,91,763.0,493.0,39.6
2026-07-30 13:00:00,15331.734,1017.216,14314.518,18806.446,32.0,67,0.6,7.5,92,721.0,417.0,38.7
2026-07-30 14:00:00,15373.704,940.8489999999999,14432.855000000001,18855.971,32.8,64,0.1,4.6,88,673.0,415.0,39.8
2026-07-30 15:00:00,15256.463,741.006,14515.454,18717.626,33.1,62,0.1,5.0,61,616.0,373.0,39.4
2026-07-30 16:00:00,15368.118,544.956,14823.159,18849.377,33.2,61,0.1,6.7,77,490.0,306.0,38.7
2026-07-30 17:00:00,15446.654,295.702,15150.954,18942.055,31.5,73,0.0,9.4,89,308.0,167.0,37.6
2026-07-30 18:00:00,20115.681,0.0,20115.681,24451.505,29.0,84,0.7,13.0,98,117.0,33.0,34.4
2026-07-30 19:00:00,20244.935,0.0,20244.935,24604.022,28.5,86,0.0,6.8,100,15.0,1.0,34.8
2026-07-30 20:00:00,20339.342,0.0,20339.342,24715.427,28.5,88,0.0,7.0,99,0.0,0.0,35.1
2026-07-30 21:00:00,20260.217,0.0,20260.217,24622.055,28.4,90,0.0,7.1,98,0.0,0.0,35.2
2026-07-30 22:00:00,20441.364,0.0,20441.364,24835.811,28.3,91,0.0,7.9,99,0.0,0.0,34.9
2026-07-30 23:00:00,9190.873,0.0,9190.873,11560.227,28.8,90,0.0,11.1,98,0.0,0.0,35.2
2026-07-31 00:00:00,9346.188,0.0,9346.188,11743.503,28.6,89,0.0,11.2,97,0.0,0.0,34.7
2026-07-31 01:00:00,9317.355,0.0,9317.355,11709.478,28.4,89,0.0,10.5,99,0.0,0.0,34.6
2026-07-31 02:00:00,9286.735999999999,0.0,9286.735999999999,11673.348,28.3,88,0.0,10.3,97,0.0,0.0,34.2
2026-07-31 03:00:00,9240.114,0.0,9240.114,11618.332,28.1,87,0.0,10.4,93,0.0,0.0,33.8
2026-07-31 04:00:00,9204.619999999999,0.0,9204.619999999999,11576.451000000001,27.9,87,0.0,10.9,95,0.0,0.0,33.4
2026-07-31 05:00:00,15492.732,0.0,15492.732,18996.423,28.1,84,0.0,12.6,94,0.0,0.0,33.0
2026-07-31 06:00:00,17176.694,0.0,17176.694,20983.5,27.9,85,0.0,10.9,88,20.0,2.0,33.1
2026-07-31 07:00:00,17210.481,309.544,16900.936,21023.367000000002,28.6,82,0.0,11.2,91,130.0,37.0,33.8
2026-07-31 08:00:00,17166.29,608.297,16557.992,20971.22,28.9,80,0.1,14.2,100,246.0,87.0,33.5
2026-07-31 09:00:00,17268.178,875.479,16392.698,21091.451,29.5,77,0.2,14.4,100,397.0,162.0,34.1
2026-07-31 10:00:00,17196.293,1034.134,16162.161,21006.626,29.8,75,0.2,14.4,91,423.0,95.0,34.3
2026-07-31 11:00:00,15520.156,1019.896,14500.26,19028.784,30.5,72,0.1,12.0,100,626.0,287.0,35.8
2026-07-31 12:00:00,15473.078,1068.345,14404.734,18973.232,31.4,68,0.1,14.4,98,582.0,228.0,36.0
2026-07-31 13:00:00,15505.35,1040.631,14464.717,19011.314,32.0,64,0.1,13.6,98,733.0,440.0,37.3
2026-07-31 14:00:00,15389.672,1019.381,14370.291,18874.813000000002,32.5,63,0.3,12.3,98,721.0,429.0,38.0
2026-07-31 15:00:00,15307.401,748.727,14558.675,18777.732,32.4,63,0.3,12.5,100,577.0,315.0,37.0
2026-07-31 16:00:00,15422.296,518.274,14904.025,18913.313000000002,29.4,78,2.1,10.4,99,414.0,183.0,34.7
2026-07-31 17:00:00,15410.85,280.2,15130.646,18899.801,31.4,73,1.1,7.2,98,258.0,94.0,37.6
2026-07-31 18:00:00,20249.614,0.0,20249.614,24609.546000000002,30.9,75,0.0,7.9,88,115.0,21.0,37.2
2026-07-31 19:00:00,20210.899,0.0,20210.899,24563.858,30.0,80,0.0,8.7,95,16.0,1.0,36.2
2026-07-31 20:00:00,20498.063,0.0,20498.063,24902.716,29.6,83,0.0,8.5,96,0.0,0.0,36.1
2026-07-31 21:00:00,20166.133,0.0,20166.133,24511.039,29.1,84,0.3,11.4,99,0.0,0.0,35.0
2026-07-31 22:00:00,20408.809,0.0,20408.809,24797.396,28.8,85,0.0,11.1,91,0.0,0.0,34.6
2026-07-31 23:00:00,9238.257,0.0,9238.257,11616.143,28.0,87,0.0,9.2,92,0.0,0.0,33.9
2026-08-01 00:00:00,7994.09,0.0,7994.09,10148.026,27.9,88,0.0,10.8,83,0.0,0.0,33.6
2026-08-01 01:00:00,8101.1720000000005,0.0,8101.1720000000005,10274.384,27.1,94,2.6,9.4,71,0.0,0.0,33.1
2026-08-01 02:00:00,8074.159,0.0,8074.159,10242.508,27.1,92,0.0,11.0,43,0.0,0.0,32.6
2026-08-01 03:00:00,8062.775,0.0,8062.775,10229.075,27.1,91,0.0,11.1,32,0.0,0.0,32.5
2026-08-01 04:00:00,7986.618,0.0,7986.618,10139.211,27.2,91,0.0,10.3,21,0.0,0.0,32.7
2026-08-01 05:00:00,13409.735,0.0,13409.735,16538.489,26.7,95,0.1,9.9,95,0.0,0.0,32.4
2026-08-01 06:00:00,15243.073,0.0,15243.073,18701.825,27.0,93,0.0,10.4,95,19.0,1.0,32.7
2026-08-01 07:00:00,14965.479,267.186,14698.296,18374.266,27.1,90,0.1,12.0,100,123.0,26.0,32.3
2026-08-01 08:00:00,14939.875,543.431,14396.443,18344.051,27.8,87,0.0,12.3,85,224.0,58.0,32.9
2026-08-01 09:00:00,15040.182,772.815,14267.368,18462.416,29.4,78,0.1,12.1,83,438.0,195.0,34.5
2026-08-01 10:00:00,15023.477,875.6129999999999,14147.864,18442.703,30.6,73,0.2,12.2,63,558.0,293.0,35.6
2026-08-01 11:00:00,13301.630000000001,879.192,12422.44,16410.923,31.5,70,0.4,11.6,44,736.0,487.0,37.9
2026-08-01 12:00:00,13435.962,969.865,12466.095000000001,16569.433,32.1,69,0.1,11.3,70,770.0,525.0,38.8
2026-08-01 13:00:00,13491.05,877.105,12613.948,16634.442,32.4,66,0.1,12.5,99,783.0,515.0,38.8
2026-08-01 14:00:00,13322.387,796.951,12525.436,16435.417,32.0,64,0.2,10.5,97,614.0,309.0,37.1
2026-08-01 15:00:00,13215.58,660.054,12555.525,16309.384,31.2,71,0.7,9.1,99,455.0,162.0,36.7
2026-08-01 16:00:00,13447.138,454.303,12992.833,16582.624,31.4,74,0.1,8.0,99,342.0,82.0,37.7
2026-08-01 17:00:00,13380.261,250.833,13129.429,16503.708,30.5,78,0.7,10.3,99,188.0,34.0,36.6
2026-08-01 18:00:00,17691.38,0.0,17691.38,21590.831,30.3,81,0.1,7.1,79,95.0,16.0,37.1
2026-08-01 19:00:00,17537.614,0.0,17537.614,21409.386,29.7,84,0.0,7.0,95,13.0,0.0,36.5
2026-08-01 20:00:00,17715.222,0.0,17715.222,21618.964,29.4,86,0.0,7.0,91,0.0,0.0,36.4
2026-08-01 21:00:00,17779.78,0.0,17779.78,21695.137,29.3,87,0.0,8.3,96,0.0,0.0,36.1
2026-08-01 22:00:00,17811.725,0.0,17811.725,21732.836,29.2,87,0.0,9.9,98,0.0,0.0,35.7
2026-08-01 23:00:00,8004.822999999999,0.0,8004.822999999999,10160.69,27.2,89,0.0,12.1,99,0.0,0.0,32.3
2026-08-02 00:00:00,8014.674,0.0,8014.674,10172.319,26.7,90,0.2,11.0,97,0.0,0.0,31.8
2026-08-02 01:00:00,8002.989,0.0,8002.989,10158.526,26.7,92,0.3,8.8,100,0.0,0.0,32.4
2026-08-02 02:00:00,8041.367,0.0,8041.367,10203.81,26.9,93,0.3,7.9,98,0.0,0.0,32.9
2026-08-02 03:00:00,8026.774,0.0,8026.774,10186.595,26.7,94,0.1,6.5,93,0.0,0.0,33.0
2026-08-02 04:00:00,7994.157999999999,0.0,7994.157999999999,10148.108,26.8,94,0.0,6.9,97,0.0,0.0,33.0
2026-08-02 05:00:00,13549.938,0.0,13549.938,16703.928,27.1,95,0.0,9.4,97,0.0,0.0,33.3
2026-08-02 06:00:00,15121.358,0.0,15121.358,18558.203999999998,26.6,96,0.2,12.0,97,13.0,0.0,32.1
2026-08-02 07:00:00,14998.972,271.527,14727.444,18413.787,26.9,95,0.3,7.0,97,113.0,17.0,33.2
2026-08-02 08:00:00,15086.56,555.511,14531.046999999999,18517.14,28.5,88,0.1,8.5,98,291.0,112.0,34.8
2026-08-02 09:00:00,15105.092,735.33,14369.764,18539.01,30.2,79,0.0,9.0,98,484.0,255.0,36.4
2026-08-02 10:00:00,15051.254,885.3820000000001,14165.872,18475.481,31.6,71,0.1,8.3,99,634.0,389.0,38.1
2026-08-02 11:00:00,13467.991,892.17,12575.821,16607.23,32.8,64,0.1,8.1,92,738.0,464.0,39.5
2026-08-02 12:00:00,13389.773,928.869,12460.905,16514.933,33.7,59,0.1,7.3,94,793.0,481.0,40.6
2026-08-02 13:00:00,13442.739,893.009,12549.731,16577.431,32.9,61,0.8,10.9,98,784.0,519.0,38.9
2026-08-02 14:00:00,13535.768,831.267,12704.496,16687.204,32.2,68,0.8,9.9,93,666.0,374.0,38.4
2026-08-02 15:00:00,13409.44,631.125,12778.316,16538.141,32.6,67,0.0,7.6,58,594.0,340.0,38.9
2026-08-02 16:00:00,13489.981,477.449,13012.532000000001,16633.177,32.4,67,0.4,8.4,66,467.0,267.0,38.3
2026-08-02 17:00:00,13394.605,242.713,13151.894,16520.636,27.6,93,0.3,4.6,98,286.0,130.0,34.5
2026-08-02 18:00:00,17857.894,0.0,17857.894,21787.314,28.3,91,0.5,8.9,100,51.0,5.0,34.8
2026-08-02 19:00:00,17753.143,0.0,17753.143,21663.709,27.5,93,0.1,5.4,99,6.0,0.0,34.3
2026-08-02 20:00:00,17198.322,0.0,17198.322,21009.017,27.7,94,0.1,5.5,100,0.0,0.0,34.7
2026-08-02 21:00:00,17678.638,0.0,17678.638,21575.796000000002,27.8,94,0.0,5.2,100,0.0,0.0,34.9
2026-08-02 22:00:00,17929.365,0.0,17929.365,21871.650999999998,27.9,94,0.0,6.9,98,0.0,0.0,34.8
2026-08-02 23:00:00,8076.847,0.0,8076.847,10245.679,28.6,94,0.0,6.2,97,0.0,0.0,36.2
2026-08-03 00:00:00,9260.259,0.0,9260.259,11642.105,28.5,94,0.0,6.1,95,0.0,0.0,36.0
2026-08-03 01:00:00,9276.58,0.0,9276.58,11661.365,28.4,94,0.0,7.3,98,0.0,0.0,35.5
2026-08-03 02:00:00,9252.44,0.0,9252.44,11632.881,27.9,93,0.0,8.5,97,0.0,0.0,34.5
2026-08-03 03:00:00,9243.276,0.0,9243.276,11622.065,27.4,94,0.0,7.6,91,0.0,0.0,33.9
2026-08-03 04:00:00,9104.219,0.0,9104.219,11457.977,27.2,95,0.0,7.6,97,0.0,0.0,33.7
2026-08-03 05:00:00,15364.265,0.0,15364.265,18844.833,27.4,94,0.2,7.6,98,0.0,0.0,33.9
2026-08-03 06:00:00,17162.097,0.0,17162.097,20966.275,27.7,96,0.3,4.3,99,10.0,0.0,35.1
2026-08-03 07:00:00,17160.297,304.707,16855.592,20964.150999999998,27.8,94,0.3,5.7,100,80.0,8.0,34.9
2026-08-03 08:00:00,17274.032,615.093,16658.938,21098.358,28.4,88,0.9,3.6,100,165.0,23.0,35.4
2026-08-03 09:00:00,17229.949,823.112,16406.839,21046.341,29.5,83,0.1,3.9,100,300.0,47.0,36.6
2026-08-03 10:00:00,17288.959,1099.321,16189.637,21115.974,30.4,81,0.2,4.7,100,409.0,73.0,37.6
2026-08-03 11:00:00,15328.948,1051.164,14277.785,18803.159,31.3,73,0.2,7.4,98,641.0,256.0,38.1
2026-08-03 12:00:00,15535.311,1082.6970000000001,14452.613,19046.668,32.6,69,0.2,8.4,88,729.0,368.0,40.0
2026-08-03 13:00:00,15467.158,1094.642,14372.52,18966.248,33.4,67,0.0,6.1,91,745.0,397.0,41.4
2026-08-03 14:00:00,15513.32,987.734,14525.587,19020.716,30.7,75,1.1,11.9,99,641.0,331.0,36.6
2026-08-03 15:00:00,15319.076,739.246,14579.829,18791.51,30.9,79,0.6,4.1,100,486.0,206.0,38.1
2026-08-03 16:00:00,15499.049,554.707,14944.345,19003.878,30.1,80,0.8,6.7,100,259.0,52.0,36.7
2026-08-03 17:00:00,15538.97,296.299,15242.671,19050.985,32.3,75,0.1,8.6,95,204.0,37.0,39.2
2026-08-03 18:00:00,20247.106,0.0,20247.106,24606.585,29.8,84,0.9,7.8,99,92.0,15.0,36.7
2026-08-03 19:00:00,20410.588,0.0,20410.588,24799.493,27.7,94,2.5,6.9,100,4.0,0.0,34.5
2026-08-03 20:00:00,20123.176,0.0,20123.176,24460.347,27.3,95,1.2,8.3,100,0.0,0.0,33.8
2026-08-03 21:00:00,20384.497,0.0,20384.497,24768.707000000002,27.3,94,2.6,0.9,100,0.0,0.0,34.8
2026-08-03 22:00:00,20318.064,0.0,20318.064,24690.316,27.1,95,1.8,2.8,100,0.0,0.0,34.3
2026-08-03 23:00:00,9136.176,0.0,9136.176,11495.686,26.9,98,0.3,5.5,100,0.0,0.0,33.9
2026-08-04 00:00:00,9183.383,0.0,9183.383,11551.392,26.9,97,1.2,8.2,100,0.0,0.0,33.4
2026-08-04 01:00:00,9245.42,0.0,9245.42,11624.592999999999,26.7,98,0.5,7.2,99,0.0,0.0,33.2
2026-08-04 02:00:00,9175.98,0.0,9175.98,11542.657,26.5,98,0.2,7.1,99,0.0,0.0,33.0
2026-08-04 03:00:00,9261.137999999999,0.0,9261.137999999999,11643.143,26.6,98,0.1,6.0,100,0.0,0.0,33.2
2026-08-04 04:00:00,9278.27,0.0,9278.27,11663.357,26.6,98,0.1,4.5,100,0.0,0.0,33.5
2026-08-04 05:00:00,15298.122,0.0,15298.122,18766.784,26.6,97,0.1,8.7,100,0.0,0.0,32.8
2026-08-04 06:00:00,17549.071,0.0,17549.071,21422.903,26.3,98,1.4,7.2,100,9.0,0.0,32.6
2026-08-04 07:00:00,17148.608,302.884,16845.725,20950.358,26.7,95,1.1,2.7,100,64.0,5.0,33.5
2026-08-04 08:00:00,17357.827,592.465,16765.363,21197.236,27.3,93,0.6,4.6,100,133.0,20.0,34.0
2026-08-04 09:00:00,17230.743,813.169,16417.577,21047.28,28.5,86,0.2,3.9,100,279.0,62.0,35.3
2026-08-04 10:00:00,17400.529,1065.794,16334.735,21247.623,29.5,83,0.3,1.8,100,393.0,86.0,36.9
2026-08-04 11:00:00,15538.943,1046.242,14492.7,19050.953,27.8,93,0.6,5.9,100,433.0,68.0,34.6
2026-08-04 12:00:00,15363.64,1068.381,14295.261,18844.095,27.8,93,0.9,4.3,100,197.0,0.0,35.0
2026-08-04 13:00:00,15438.01,1007.231,14430.78,18931.855,28.4,89,0.8,6.1,100,242.0,3.0,35.3
2026-08-04 14:00:00,15353.885,884.88,14469.007,18832.586,28.5,86,0.6,6.0,100,267.0,9.0,34.9
2026-08-04 15:00:00,15341.715,742.165,14599.550000000001,18818.225000000002,29.3,83,0.6,5.1,100,325.0,36.0,35.9
2026-08-04 16:00:00,15420.73,536.097,14884.634,18911.462,29.4,83,0.0,4.7,100,268.0,34.0,36.2
2026-08-04 17:00:00,15502.453,279.046,15223.408,19007.895,27.3,95,0.0,2.8,100,145.0,10.0,34.6
2026-08-04 18:00:00,20328.024,0.0,20328.024,24702.068,27.3,94,1.8,3.4,100,38.0,0.0,34.4
2026-08-04 19:00:00,20527.732,0.0,20527.732,24937.724000000002,27.2,95,0.9,1.1,100,5.0,0.0,34.6
2026-08-04 20:00:00,20610.415,0.0,20610.415,25035.285,27.1,97,0.5,1.3,100,0.0,0.0,34.6
2026-08-04 21:00:00,20585.29,0.0,20585.29,25005.644,27.1,96,0.5,1.0,100,0.0,0.0,34.6
2026-08-04 22:00:00,20341.141,0.0,20341.141,24717.548,26.8,97,0.4,2.5,100,0.0,0.0,34.0
2026-08-04 23:00:00,9263.169,0.0,9263.169,11645.54,27.4,97,0.2,2.4,100,0.0,0.0,35.0
2026-08-05 00:00:00,9302.697,0.0,9302.697,11692.185,27.4,97,0.0,1.7,100,0.0,0.0,35.1
2026-08-05 01:00:00,9278.303,0.0,9278.303,11663.397,27.3,97,0.0,2.1,100,0.0,0.0,34.9
2026-08-05 02:00:00,9197.126,0.0,9197.126,11567.609,27.2,93,0.0,1.7,98,0.0,0.0,34.2
2026-08-05 03:00:00,9192.874,0.0,9192.874,11562.593,26.9,95,0.0,1.8,95,0.0,0.0,34.0
2026-08-05 04:00:00,9222.737000000001,0.0,9222.737000000001,11597.829,26.9,93,0.0,3.1,100,0.0,0.0,33.6
2026-08-05 05:00:00,15489.237,0.0,15489.237,18992.3,26.5,97,0.1,4.4,99,0.0,0.0,33.2
2026-08-05 06:00:00,17241.468,0.0,17241.468,21059.936,26.2,97,1.1,2.9,100,17.0,1.0,32.9
2026-08-05 07:00:00,17449.436999999998,317.281,17132.156,21305.336,26.9,95,0.0,1.8,98,87.0,12.0,34.1
2026-08-05 08:00:00,17202.402000000002,607.978,16594.421,21013.833,28.1,89,0.0,2.2,72,215.0,80.0,35.1
2026-08-05 09:00:00,17566.01,872.192,16693.816,21442.889,29.9,78,0.0,4.1,50,456.0,257.0,36.3
2026-08-05 10:00:00,17159.582,1043.677,16115.904,20963.305,31.1,70,0.0,5.0,37,649.0,429.0,37.7
2026-08-05 11:00:00,15506.512999999999,1053.065,14453.449,19012.687,31.3,71,0.0,4.8,100,741.0,494.0,38.7
2026-08-05 12:00:00,15332.146,1099.831,14232.314,18806.931,30.7,72,0.0,5.3,100,264.0,0.0,36.7
2026-08-05 13:00:00,15299.957999999999,1044.129,14255.825,18768.949,31.5,67,0.0,6.1,100,394.0,117.0,37.1
2026-08-05 14:00:00,15341.45,899.592,14441.859,18817.911,31.8,65,0.0,7.2,94,370.0,77.0,37.2
2026-08-05 15:00:00,15609.55,751.7,14857.85,19134.273,32.5,63,0.0,6.6,99,516.0,311.0,37.9
2026-08-05 16:00:00,15424.296,555.134,14869.163,18915.669,32.4,63,0.0,4.8,99,302.0,94.0,38.1
2026-08-05 17:00:00,15242.136,271.403,14970.732,18700.722,29.9,82,0.0,7.7,100,202.0,47.0,36.5
2026-08-05 18:00:00,20460.231,0.0,20460.231,24858.073,28.5,88,0.5,5.4,98,45.0,2.0,35.3
2026-08-05 19:00:00,20195.9,0.0,20195.9,24546.162,28.3,88,0.1,5.6,100,7.0,0.0,35.0
2026-08-05 20:00:00,20363.413,0.0,20363.413,24743.826,28.1,90,0.1,7.2,100,0.0,0.0,34.5
2026-08-05 21:00:00,20452.998,0.0,20452.998,24849.537,27.8,92,0.0,4.1,100,0.0,0.0,34.8
2026-08-05 22:00:00,20312.605,0.0,20312.605,24683.874,27.7,94,0.0,4.2,100,0.0,0.0,34.9
2026-08-05 23:00:00,9296.37,0.0,9296.37,11684.716,27.3,99,0.0,3.7,100,0.0,0.0,35.0
2026-08-06 00:00:00,9269.226,0.0,9269.226,11652.688,27.8,98,3.0,3.1,100,0.0,0.0,35.7
2026-08-06 01:00:00,9221.939,0.0,9221.939,11596.888,27.3,90,2.0,3.5,100,0.0,0.0,33.9
2026-08-06 02:00:00,9253.411,0.0,9253.411,11634.023,27.0,96,0.5,2.2,100,0.0,0.0,34.2
2026-08-06 03:00:00,9248.904,0.0,9248.904,11628.706,27.0,97,0.0,4.5,100,0.0,0.0,34.0
2026-08-06 04:00:00,9256.811,0.0,9256.811,11638.036,26.9,96,0.0,7.8,100,0.0,0.0,33.2
2026-08-06 05:00:00,15384.838,0.0,15384.838,18869.107,27.1,95,0.0,5.7,100,0.0,0.0,33.7
2026-08-06 06:00:00,17094.909,0.0,17094.909,20886.993,27.3,93,0.4,3.8,100,3.0,0.0,34.2
2026-08-06 07:00:00,17299.959,322.21500000000003,16977.746,21128.95,27.5,90,0.3,6.4,100,65.0,7.0,33.7
2026-08-06 08:00:00,17348.846,623.483,16725.362,21186.637,27.4,91,1.0,6.6,100,102.0,11.0,33.7
2026-08-06 09:00:00,17326.297,862.173,16464.123,21160.029000000002,27.1,90,1.1,4.2,100,96.0,0.0,33.4
2026-08-06 10:00:00,17174.864,1062.353,16112.512,20981.341,26.9,89,1.6,1.7,100,127.0,3.0,33.2
2026-08-06 11:00:00,15368.119,1054.7350000000001,14313.383,18849.376,27.0,84,0.8,5.0,100,129.0,3.0,32.5
2026-08-06 12:00:00,15664.559,1125.701,14538.858,19199.18,27.7,80,0.6,4.0,100,298.0,68.0,33.2
2026-08-06 13:00:00,15361.881,975.072,14386.807999999999,18842.019,27.4,82,0.3,5.4,100,194.0,8.0,32.7
2026-08-06 14:00:00,15395.046,927.46,14467.584,18881.154,27.2,83,0.2,5.7,100,168.0,0.0,32.4
2026-08-06 15:00:00,15441.492,752.211,14689.28,18935.96,27.0,84,0.3,4.8,100,133.0,0.0,32.5
2026-08-06 16:00:00,15452.894,543.945,14908.951,18949.416,27.5,82,0.1,6.3,100,173.0,2.0,32.7
2026-08-06 17:00:00,15366.63,278.015,15088.613,18847.621,27.7,87,0.0,7.8,100,151.0,25.0,33.4
2026-08-06 18:00:00,20465.635,0.0,20465.635,24864.449,27.4,90,0.5,6.4,100,39.0,0.0,33.6
2026-08-06 19:00:00,20263.71,0.0,20263.71,24626.18,27.2,91,0.1,4.9,100,8.0,0.0,33.7
2026-08-06 20:00:00,20531.145,0.0,20531.145,24941.751,27.0,93,0.0,5.2,100,0.0,0.0,33.4
2026-08-06 21:00:00,20268.63,0.0,20268.63,24631.985,26.9,93,0.0,5.6,100,0.0,0.0,33.2
2026-08-06 22:00:00,20221.74,0.0,20221.74,24576.649999999998,26.9,93,0.0,3.9,100,0.0,0.0,33.5
2026-08-06 23:00:00,9290.030999999999,0.0,9290.030999999999,11677.238,26.7,93,0.0,8.4,98,0.0,0.0,32.5
2026-08-07 00:00:00,9333.705,0.0,9333.705,11728.769,26.0,97,0.5,8.1,100,0.0,0.0,31.8
2026-08-07 01:00:00,9239.47,0.0,9239.47,11617.574,25.8,97,1.4,3.6,100,0.0,0.0,32.2
2026-08-07 02:00:00,9278.022,0.0,9278.022,11663.067,25.7,99,0.5,4.1,100,0.0,0.0,32.2
2026-08-07 03:00:00,9193.602,0.0,9193.602,11563.449,25.8,98,0.0,5.2,81,0.0,0.0,32.1
2026-08-07 04:00:00,9162.932,0.0,9162.932,11527.259,25.8,96,0.0,5.4,87,0.0,0.0,31.8
2026-08-07 05:00:00,15484.638,0.0,15484.638,18986.871,26.1,97,1.8,7.5,100,0.0,0.0,32.0
2026-08-07 06:00:00,17534.264,0.0,17534.264,21405.434,25.6,93,2.2,3.6,100,6.0,0.0,31.4
2026-08-07 07:00:00,17211.794,318.243,16893.55,21024.918,26.0,96,2.3,5.6,100,39.0,0.0,32.1
2026-08-07 08:00:00,17359.984,612.252,16747.735,21199.783,26.4,96,2.3,9.1,100,92.0,3.0,32.2
2026-08-07 09:00:00,17111.407,846.085,16265.323999999999,20906.461,26.5,95,2.5,11.0,98,127.0,1.0,32.0
2026-08-07 10:00:00,17024.15,1059.9089999999999,15964.241,20803.497,26.9,93,3.4,10.3,100,240.0,38.0,32.6
2026-08-07 11:00:00,15470.594000000001,1057.123,14413.471,18970.3,27.8,89,1.0,11.2,100,351.0,73.0,33.4
2026-08-07 12:00:00,15307.104000000001,1074.491,14232.613,18777.383,26.1,96,12.0,13.8,100,116.0,2.0,31.0
2026-08-07 13:00:00,15416.617,1038.755,14377.86,18906.608,26.9,95,2.4,14.4,100,150.0,1.0,32.2
2026-08-07 14:00:00,15329.582,916.306,14413.275,18803.907,27.8,92,0.9,11.4,100,181.0,4.0,33.8
2026-08-07 15:00:00,15445.292,781.8,14663.491,18940.445,29.1,80,0.3,11.1,100,363.0,113.0,34.5
2026-08-07 16:00:00,15468.239,533.013,14935.226,18967.523,28.7,81,0.3,12.5,100,269.0,70.0,33.6
2026-08-07 17:00:00,15227.073,282.939,14944.134,18682.947,27.0,93,4.9,10.2,98,25.0,0.0,32.7
2026-08-07 18:00:00,20406.092,0.0,20406.092,24794.184999999998,26.7,95,1.6,9.2,100,59.0,2.0,32.5
2026-08-07 19:00:00,20301.807,0.0,20301.807,24671.131,26.3,95,1.4,8.2,100,8.0,0.0,32.1
2026-08-07 20:00:00,20317.101,0.0,20317.101,24689.178,26.5,93,0.1,10.5,98,0.0,0.0,31.9
2026-08-07 21:00:00,20290.448,0.0,20290.448,24657.731,25.6,97,0.9,12.7,100,0.0,0.0,30.4
2026-08-07 22:00:00,20199.486,0.0,20199.486,24550.394,25.4,97,3.0,10.1,99,0.0,0.0,30.6
2026-08-07 23:00:00,9225.959,0.0,9225.959,11601.632,25.6,97,12.6,8.9,100,0.0,0.0,31.1
2026-08-08 00:00:00,8063.115,0.0,8063.115,10229.477,25.9,96,2.7,7.4,95,0.0,0.0,31.7
2026-08-08 01:00:00,7940.118,0.0,7940.118,10084.341,25.9,96,0.3,10.1,98,0.0,0.0,31.3
2026-08-08 02:00:00,8007.135,0.0,8007.135,10163.419,25.1,97,0.7,8.7,100,0.0,0.0,30.3
2026-08-08 03:00:00,8017.219,0.0,8017.219,10175.318,24.7,99,5.6,7.9,100,0.0,0.0,29.8
2026-08-08 04:00:00,8063.18,0.0,8063.18,10229.552,24.6,99,6.4,7.7,100,0.0,0.0,29.9
2026-08-08 05:00:00,13350.798,0.0,13350.798,16468.941,25.6,97,0.2,8.4,100,0.0,0.0,31.2
2026-08-08 06:00:00,14862.060000000001,0.0,14862.060000000001,18252.229,25.6,96,6.0,11.7,100,7.0,0.0,30.5
2026-08-08 07:00:00,14994.523000000001,277.61199999999997,14716.91,18408.536,25.7,96,1.2,9.9,98,76.0,4.0,30.9
2026-08-08 08:00:00,15216.942,541.297,14675.647,18670.992,27.0,93,0.3,7.0,95,226.0,47.0,33.2
2026-08-08 09:00:00,15076.777,752.469,14324.309,18505.598,29.2,87,0.1,7.7,98,431.0,169.0,36.0
2026-08-08 10:00:00,14809.767,933.082,13876.685,18190.525,30.7,78,0.1,12.9,100,571.0,273.0,36.5
2026-08-08 11:00:00,13491.276,911.593,12579.682,16634.703,29.6,78,0.5,15.8,94,615.0,260.0,34.5
2026-08-08 12:00:00,13382.622,927.752,12454.871,16506.492,31.0,74,0.8,11.1,79,678.0,360.0,37.4
2026-08-08 13:00:00,13317.146,861.529,12455.614,16429.232,30.2,75,1.4,14.1,89,765.0,480.0,36.2
2026-08-08 14:00:00,13522.404,808.608,12713.799,16671.439,30.6,76,0.7,6.9,45,492.0,176.0,37.0
2026-08-08 15:00:00,13454.364,648.903,12805.462,16591.151,32.1,68,0.1,8.2,38,663.0,444.0,38.4
2026-08-08 16:00:00,13437.771,458.195,12979.576000000001,16571.57,31.2,72,0.4,8.8,66,444.0,256.0,37.0
2026-08-08 17:00:00,13418.945,246.152,13172.792,16549.357,30.9,75,1.3,8.8,97,208.0,79.0,36.9
2026-08-08 18:00:00,17571.252,0.0,17571.252,21449.077,30.0,80,0.1,6.8,63,96.0,23.0,36.5
2026-08-08 19:00:00,17552.275,0.0,17552.275,21426.685,29.2,84,0.0,5.3,13,11.0,1.0,36.0
2026-08-08 20:00:00,17516.154,0.0,17516.154,21384.06,28.9,87,0.0,3.4,17,0.0,0.0,36.1
2026-08-08 21:00:00,17897.261,0.0,17897.261,21833.767,28.7,88,0.0,6.0,20,0.0,0.0,35.6
2026-08-08 22:00:00,17739.244,0.0,17739.244,21647.307,28.5,89,0.0,4.3,88,0.0,0.0,35.6
2026-08-08 23:00:00,8100.264,0.0,8100.264,10273.315,29.1,88,0.0,1.2,93,0.0,0.0,36.9
2026-08-09 00:00:00,7970.664,0.0,7970.664,10120.385,28.6,89,0.2,2.9,88,0.0,0.0,36.0
2026-08-09 01:00:00,8173.261,0.0,8173.261,10359.448,28.3,90,0.2,3.0,83,0.0,0.0,35.5
2026-08-09 02:00:00,7939.47,0.0,7939.47,10083.575,28.2,88,0.1,2.8,91,0.0,0.0,35.2
2026-08-09 03:00:00,8059.481,0.0,8059.481,10225.184,26.7,95,0.7,8.3,96,0.0,0.0,32.8
2026-08-09 04:00:00,8051.842,0.0,8051.842,10216.172,26.2,94,0.4,8.3,85,0.0,0.0,31.7
2026-08-09 05:00:00,13345.55,0.0,13345.55,16462.75,25.1,99,0.1,4.4,63,0.0,0.0,31.0
2026-08-09 06:00:00,14974.676,0.0,14974.676,18385.118,25.7,96,0.1,4.2,41,16.0,2.0,31.9
2026-08-09 07:00:00,15005.053,287.332,14717.719,18420.962,27.0,94,0.0,2.7,20,130.0,43.0,34.0
2026-08-09 08:00:00,14902.446,519.989,14382.459,18299.883,28.9,88,0.0,4.0,11,314.0,173.0,36.1
2026-08-09 09:00:00,14961.271,739.446,14221.822,18369.3,30.5,79,0.1,6.1,42,505.0,324.0,37.3
2026-08-09 10:00:00,15133.405,986.2909999999999,14147.113,18572.417999999998,31.4,75,0.1,7.6,20,607.0,378.0,38.3
2026-08-09 11:00:00,13350.616,915.943,12434.673,16468.726,31.2,73,0.0,8.4,39,769.0,519.0,38.5
2026-08-09 12:00:00,13431.398,958.08,12473.319,16564.05,32.5,67,0.4,6.8,39,778.0,522.0,40.1
2026-08-09 13:00:00,13602.538,899.403,12703.133,16765.994,33.2,64,0.0,5.1,80,803.0,556.0,41.0
2026-08-09 14:00:00,13441.392,776.19,12665.199,16575.839,33.7,63,0.0,4.8,42,775.0,544.0,41.5
2026-08-09 15:00:00,13457.086,668.09,12788.999,16594.36,33.8,62,0.0,2.2,6,661.0,459.0,41.2
2026-08-09 16:00:00,13400.539999999999,431.05199999999996,12969.487000000001,16527.636,33.6,62,0.0,3.6,22,495.0,326.0,40.1
2026-08-09 17:00:00,13541.956,244.089,13297.867,16694.507,32.9,65,0.6,6.7,37,301.0,171.0,38.9
2026-08-09 18:00:00,17640.085,0.0,17640.085,21530.3,31.5,76,0.0,2.3,67,97.0,30.0,39.2
2026-08-09 19:00:00,17774.722,0.0,17774.722,21689.173,30.6,81,0.0,4.2,80,9.0,1.0,38.0
2026-08-09 20:00:00,17868.895,0.0,17868.895,21800.297,30.1,83,0.0,4.6,88,0.0,0.0,37.4
2026-08-09 21:00:00,17895.184,0.0,17895.184,21831.318,29.8,84,0.0,4.4,98,0.0,0.0,37.0
2026-08-09 22:00:00,17740.426,0.0,17740.426,21648.704,29.5,83,0.0,5.2,95,0.0,0.0,36.2
2026-08-09 23:00:00,8056.792,0.0,8056.792,10222.014,29.9,83,0.0,3.5,97,0.0,0.0,37.2
2026-08-10 00:00:00,9251.625,0.0,9251.625,11631.921,28.8,86,0.1,3.7,99,0.0,0.0,35.8
2026-08-10 01:00:00,9127.769,0.0,9127.769,11485.77,27.4,89,0.9,10.8,100,0.0,0.0,32.8
2026-08-10 02:00:00,9156.275,0.0,9156.275,11519.403,26.5,94,0.3,4.6,99,0.0,0.0,32.9
2026-08-10 03:00:00,9298.137999999999,0.0,9298.137999999999,11686.804,26.8,94,0.0,4.7,97,0.0,0.0,33.4
2026-08-10 04:00:00,9226.19,0.0,9226.19,11601.904,27.1,94,0.0,5.5,98,0.0,0.0,33.6
2026-08-10 05:00:00,15457.983,0.0,15457.983,18955.42,27.7,90,0.0,8.5,98,0.0,0.0,33.7
2026-08-10 06:00:00,17247.036,0.0,17247.036,21066.501,26.8,92,0.2,7.8,96,12.0,0.0,32.6
2026-08-10 07:00:00,17300.010000000002,307.516,16992.497,21129.014,27.1,92,0.3,6.1,98,89.0,9.0,33.3
2026-08-10 08:00:00,17233.585,571.228,16662.358,21050.631,28.2,87,0.0,6.7,94,255.0,72.0,34.5
2026-08-10 09:00:00,17035.04,880.439,16154.603000000001,20816.349,29.6,82,0.0,6.8,49,439.0,211.0,36.1
2026-08-10 10:00:00,17225.239,1025.115,16200.12,21040.779,30.9,77,0.0,4.9,85,652.0,396.0,38.4
2026-08-10 11:00:00,15510.768,1020.135,14490.632,19017.706000000002,32.9,66,0.0,6.0,59,756.0,507.0,40.4
2026-08-10 12:00:00,15391.539,1070.515,14321.021,18877.013,33.2,64,0.0,5.5,77,828.0,562.0,41.1
2026-08-10 13:00:00,15353.036,1024.791,14328.245,18831.582,31.9,70,0.0,8.4,100,806.0,472.0,39.3
2026-08-10 14:00:00,15257.994,941.929,14316.065,18719.433,27.7,93,4.8,3.3,98,368.0,87.0,34.9
2026-08-10 15:00:00,15544.321,766.846,14777.476999999999,19057.299,28.8,86,0.8,0.9,99,283.0,89.0,36.2
2026-08-10 16:00:00,15406.251,559.837,14846.413,18894.375,28.9,86,0.2,2.7,100,227.0,32.0,36.1
2026-08-10 17:00:00,15253.209,277.215,14975.991,18713.784,29.4,88,0.0,6.4,100,190.0,33.0,36.8
2026-08-10 18:00:00,20427.519,0.0,20427.519,24819.473,29.2,89,0.1,7.0,100,57.0,3.0,36.4
2026-08-10 19:00:00,20384.837,0.0,20384.837,24769.112,28.7,90,0.0,7.1,100,4.0,0.0,35.7
2026-08-10 20:00:00,20481.494,0.0,20481.494,24883.164,28.5,91,0.0,5.5,100,0.0,0.0,35.7
2026-08-10 21:00:00,20532.051,0.0,20532.051,24942.82,28.3,92,0.0,4.5,100,0.0,0.0,35.7
2026-08-10 22:00:00,19937.454999999998,0.0,19937.454999999998,24241.198,28.1,93,0.0,4.4,100,0.0,0.0,35.5
2026-08-10 23:00:00,9282.37,0.0,9282.37,11668.199,27.8,98,0.0,8.2,93,0.0,0.0,35.0
2026-08-11 00:00:00,9104.888,0.0,9104.888,11458.767,27.7,94,0.2,9.7,100,0.0,0.0,34.2
2026-08-11 01:00:00,9263.884,0.0,9263.884,11646.381,27.3,96,0.1,8.8,100,0.0,0.0,33.8
2026-08-11 02:00:00,9338.111,0.0,9338.111,11733.970000000001,27.2,96,0.0,9.2,100,0.0,0.0,33.6
2026-08-11 03:00:00,9233.114,0.0,9233.114,11610.074,27.1,96,0.1,8.3,93,0.0,0.0,33.5
2026-08-11 04:00:00,9365.267,0.0,9365.267,11766.014,27.0,91,0.3,8.1,96,0.0,0.0,32.7
2026-08-11 05:00:00,15509.907,0.0,15509.907,19016.691,26.7,95,0.3,8.1,95,0.0,0.0,32.8
2026-08-11 06:00:00,17173.814,0.0,17173.814,20980.102,26.8,95,0.0,7.6,84,14.0,1.0,33.0
2026-08-11 07:00:00,17388.093,314.269,17073.824,21232.95,27.6,89,0.0,8.5,92,117.0,23.0,33.6
2026-08-11 08:00:00,17030.379,597.806,16432.572,20810.847,28.6,85,0.0,6.9,99,245.0,74.0,34.8
2026-08-11 09:00:00,17228.781,822.168,16406.614,21044.961,29.5,82,0.0,5.9,99,328.0,65.0,36.1
2026-08-11 10:00:00,17196.854,1039.805,16157.051,21007.287,30.2,81,0.1,4.3,99,476.0,150.0,37.3
2026-08-11 11:00:00,15378.685,1052.31,14326.376,18861.848,30.4,81,0.3,2.2,100,385.0,73.0,38.0
2026-08-11 12:00:00,15509.719000000001,1097.565,14412.155999999999,19016.469,28.6,88,2.8,7.2,100,373.0,52.0,35.2
2026-08-11 13:00:00,15469.804,1030.981,14438.822,18969.369,27.9,92,5.4,5.1,100,284.0,35.0,34.8
2026-08-11 14:00:00,15539.002,949.072,14589.931,19051.024,28.5,91,1.4,3.6,97,242.0,32.0,36.0
2026-08-11 15:00:00,15444.976,778.024,14666.952000000001,18940.071,29.9,83,0.3,5.2,91,450.0,195.0,37.1
2026-08-11 16:00:00,15482.591,544.567,14938.024,18984.46,30.4,79,0.0,4.8,90,438.0,218.0,37.3
2026-08-11 17:00:00,15475.319,294.416,15180.904,18975.874,30.1,79,0.1,4.2,78,165.0,55.0,36.9
2026-08-11 18:00:00,20560.285,0.0,20560.285,24976.138,29.8,82,0.0,3.1,95,94.0,21.0,37.0
2026-08-11 19:00:00,20384.699,0.0,20384.699,24768.945,29.1,88,0.5,2.1,95,9.0,0.0,36.9
2026-08-11 20:00:00,20546.807,0.0,20546.807,24960.233,28.8,90,0.5,3.2,71,0.0,0.0,36.5
2026-08-11 21:00:00,20391.441,0.0,20391.441,24776.903,28.5,92,0.1,2.9,13,0.0,0.0,36.3
2026-08-11 22:00:00,20519.098,0.0,20519.098,24927.535,28.1,94,0.0,3.9,27,0.0,0.0,35.6
2026-08-11 23:00:00,9370.386,0.0,9370.386,11772.058,28.4,90,0.0,5.5,84,0.0,0.0,35.4
2026-08-12 00:00:00,9218.637,0.0,9218.637,11592.992,28.1,92,0.0,3.7,63,0.0,0.0,35.4
2026-08-12 01:00:00,9220.017,0.0,9220.017,11594.618,28.1,92,0.0,0.3,57,0.0,0.0,35.9
2026-08-12 02:00:00,9267.948,0.0,9267.948,11651.177,27.7,94,0.0,2.7,20,0.0,0.0,35.1
2026-08-12 03:00:00,9277.979,0.0,9277.979,11663.014000000001,27.4,93,0.0,4.3,5,0.0,0.0,34.4
2026-08-12 04:00:00,9224.473,0.0,9224.473,11599.881,27.2,94,0.0,2.9,1,0.0,0.0,34.3
2026-08-12 05:00:00,15420.419,0.0,15420.419,18911.097,27.5,97,0.0,1.5,23,0.0,0.0,35.2
2026-08-12 06:00:00,17285.517,0.0,17285.517,21111.91,27.6,95,0.0,2.8,9,16.0,2.0,35.1
2026-08-12 07:00:00,17316.762,309.047,17007.715,21148.782,28.6,92,0.0,2.9,8,132.0,47.0,36.3
2026-08-12 08:00:00,17189.876,595.106,16594.77,20999.054,29.9,83,0.0,2.9,14,318.0,178.0,37.2
2026-08-12 09:00:00,17346.927,879.436,16467.492,21184.374,31.0,75,0.1,3.6,15,500.0,321.0,37.9
2026-08-12 10:00:00,17086.359,1026.253,16060.104,20876.903,31.8,71,0.3,2.9,23,659.0,444.0,39.4
2026-08-12 11:00:00,15532.952,1102.1970000000001,14430.754,19043.885,32.9,65,0.3,4.2,20,720.0,473.0,40.3
2026-08-12 12:00:00,15555.416,1097.399,14458.017,19070.39,33.4,64,0.1,3.7,12,778.0,513.0,41.3
2026-08-12 13:00:00,15491.016,984.184,14506.83,18994.398,33.9,62,0.1,2.5,10,808.0,559.0,42.3
2026-08-12 14:00:00,15547.158,906.583,14640.573,19060.647,34.2,61,0.1,0.8,12,755.0,530.0,42.5
2026-08-12 15:00:00,15641.219000000001,759.747,14881.47,19171.637,34.4,60,0.0,0.8,9,646.0,449.0,41.8
2026-08-12 16:00:00,15192.12,544.478,14647.644,18641.701,34.2,61,0.0,1.5,20,485.0,317.0,41.1
2026-08-12 17:00:00,15271.132,283.178,14987.955,18734.937,33.5,67,0.3,1.9,38,277.0,149.0,40.9
2026-08-12 18:00:00,19804.04,0.0,19804.04,24083.765,29.6,88,0.7,11.1,70,91.0,27.0,36.4
2026-08-12 19:00:00,20333.72,0.0,20333.72,24708.789,28.4,93,0.0,10.1,66,7.0,0.0,35.1
2026-08-12 20:00:00,20446.283,0.0,20446.283,24841.613,27.9,92,0.0,2.2,95,0.0,0.0,35.3
2026-08-12 21:00:00,20402.48,0.0,20402.48,24789.929,28.0,93,0.0,5.6,99,0.0,0.0,35.0
2026-08-12 22:00:00,20292.162,0.0,20292.162,24659.751,27.9,94,0.0,6.5,94,0.0,0.0,34.9
2026-08-12 23:00:00,9325.629,0.0,9325.629,11719.24,29.5,87,0.0,5.7,50,0.0,0.0,36.8
2026-08-13 00:00:00,9141.661,0.0,9141.661,11502.162,28.9,89,0.0,4.0,43,0.0,0.0,36.4
2026-08-13 01:00:00,9216.728000000001,0.0,9216.728000000001,11590.739,28.7,89,0.0,3.8,44,0.0,0.0,36.0
2026-08-13 02:00:00,9372.55,0.0,9372.55,11774.61,28.4,89,0.0,6.0,24,0.0,0.0,35.3
2026-08-13 03:00:00,9241.224,0.0,9241.224,11619.645999999999,28.1,91,0.0,6.3,46,0.0,0.0,34.9
2026-08-13 04:00:00,9397.234,0.0,9397.234,11803.736,27.7,94,0.0,4.0,73,0.0,0.0,34.9
2026-08-13 05:00:00,15296.746,0.0,15296.746,18765.161,26.7,97,0.0,5.0,67,0.0,0.0,33.4
2026-08-13 06:00:00,17346.209,0.0,17346.209,21183.527,26.4,98,0.6,9.2,41,14.0,1.0,32.5
2026-08-13 07:00:00,17206.561,316.897,16889.662,21018.742,27.8,95,0.0,6.7,23,113.0,33.0,34.8
2026-08-13 08:00:00,17206.352,638.731,16567.621,21018.496,29.9,83,0.0,3.6,8,311.0,172.0,37.2
2026-08-13 09:00:00,17353.995,850.717,16503.278,21192.713,31.6,76,0.0,3.1,8,499.0,324.0,39.0
2026-08-13 10:00:00,17218.438,1084.519,16133.918,21032.756,32.7,70,0.0,1.3,9,668.0,459.0,41.1
2026-08-13 11:00:00,15368.46,1118.385,14250.076,18849.783,33.2,66,0.2,2.5,13,780.0,558.0,41.7
2026-08-13 12:00:00,15319.748,1126.856,14192.893,18792.302,33.6,65,0.0,2.2,50,804.0,557.0,42.4
2026-08-13 13:00:00,15558.146999999999,1012.389,14545.76,19073.614999999998,31.5,73,1.1,7.8,66,714.0,413.0,38.8
2026-08-13 14:00:00,15589.875,951.171,14638.702,19111.052,32.6,71,0.3,2.1,20,665.0,405.0,41.0
2026-08-13 15:00:00,15720.282,799.831,14920.448,19264.931,33.3,67,0.2,6.0,34,621.0,403.0,40.4
2026-08-13 16:00:00,15555.27,560.218,14995.054,19070.22,33.2,67,0.0,5.4,18,445.0,271.0,40.0
2026-08-13 17:00:00,15376.419,281.471,15094.947,18859.174,30.9,86,0.2,6.7,92,271.0,141.0,38.8
2026-08-13 18:00:00,20331.154,0.0,20331.154,24705.763,30.8,84,0.0,1.3,70,80.0,10.0,39.2
2026-08-13 19:00:00,20169.25,0.0,20169.25,24514.714,30.2,88,0.0,3.0,44,8.0,1.0,38.5
2026-08-13 20:00:00,20490.113,0.0,20490.113,24893.334,30.0,90,0.0,3.1,49,0.0,0.0,38.5
2026-08-13 21:00:00,20486.395,0.0,20486.395,24888.946,30.1,88,0.0,3.0,52,0.0,0.0,38.4
2026-08-13 22:00:00,20186.886000000002,0.0,20186.886000000002,24535.524,29.9,86,0.0,4.2,98,0.0,0.0,37.7
2026-08-13 23:00:00,9249.073,0.0,9249.073,11628.904,30.2,88,0.0,2.7,99,0.0,0.0,38.6
2026-08-14 00:00:00,9244.121,0.0,9244.121,11623.061,29.7,89,0.0,3.6,96,0.0,0.0,37.6
2026-08-14 01:00:00,9348.046,0.0,9348.046,11745.696,29.3,89,0.0,3.4,66,0.0,0.0,37.1
2026-08-14 02:00:00,9301.991,0.0,9301.991,11691.348,28.9,90,0.0,4.4,27,0.0,0.0,36.4
2026-08-14 03:00:00,9200.361,0.0,9200.361,11571.426,28.7,90,0.0,4.7,74,0.0,0.0,35.9
2026-08-14 04:00:00,9208.448,0.0,9208.448,11580.969,28.4,91,0.0,4.8,57,0.0,0.0,35.6
2026-08-14 05:00:00,15469.630000000001,0.0,15469.630000000001,18969.165,27.1,97,0.0,2.0,98,0.0,0.0,34.6
2026-08-14 06:00:00,17222.683,0.0,17222.683,21037.769,27.0,97,1.6,3.5,99,8.0,0.0,34.1
2026-08-14 07:00:00,17341.052,319.76,17021.292,21177.442,27.6,94,1.1,3.8,100,64.0,3.0,34.8
2026-08-14 08:00:00,17239.759000000002,601.191,16638.57,21057.916,28.4,90,0.3,1.9,100,202.0,24.0,36.0
2026-08-14 09:00:00,17284.624,894.781,16389.843,21110.858,28.7,88,0.1,3.9,100,228.0,19.0,35.8
2026-08-14 10:00:00,17221.736,1062.467,16159.271,21036.648,30.0,80,0.0,2.4,99,339.0,53.0,37.1
2026-08-14 11:00:00,15410.715,1031.686,14379.028,18899.642,30.2,80,0.1,4.7,100,503.0,123.0,37.2
2026-08-14 12:00:00,15398.382000000001,1068.83,14329.554,18885.088,30.6,81,1.0,2.4,100,506.0,107.0,38.2
2026-08-14 13:00:00,15505.459,1048.829,14456.631000000001,19011.441,30.9,80,0.4,1.7,100,447.0,85.0,38.8
2026-08-14 14:00:00,15254.703,938.242,14316.462,18715.55,30.3,81,0.4,3.8,100,379.0,42.0,37.6
2026-08-14 15:00:00,15392.23,749.388,14642.842,18877.83,27.6,92,5.4,1.8,100,160.0,0.0,34.7
2026-08-14 16:00:00,15546.912,544.028,15002.884,19060.358,28.0,91,1.0,2.3,100,209.0,32.0,35.3
2026-08-14 17:00:00,15491.263,283.005,15208.255,18994.686999999998,30.1,79,0.2,4.0,100,140.0,7.0,36.9
2026-08-14 18:00:00,20181.207,0.0,20181.207,24528.826,29.5,82,0.0,3.5,100,79.0,9.0,36.5
2026-08-14 19:00:00,20394.602,0.0,20394.602,24780.628,28.8,87,0.0,4.3,99,7.0,0.0,35.9
2026-08-14 20:00:00,20253.538,0.0,20253.538,24614.175,28.4,89,0.0,6.0,92,0.0,0.0,35.2
2026-08-14 21:00:00,20116.394,0.0,20116.394,24452.346,28.0,91,0.0,3.0,96,0.0,0.0,35.3
2026-08-14 22:00:00,20571.807,0.0,20571.807,24989.732,27.8,92,0.0,3.8,99,0.0,0.0,34.8
2026-08-14 23:00:00,9282.067000000001,0.0,9282.067000000001,11667.837,28.0,89,0.0,3.8,96,0.0,0.0,34.8
2026-08-15 00:00:00,8052.872,0.0,8052.872,10217.389,27.7,92,0.0,2.1,95,0.0,0.0,34.9
2026-08-15 01:00:00,8001.399,0.0,8001.399,10156.649,27.4,93,0.0,1.8,79,0.0,0.0,34.6
2026-08-15 02:00:00,8077.2609999999995,0.0,8077.2609999999995,10246.165,27.2,95,0.0,2.2,63,0.0,0.0,34.4
2026-08-15 03:00:00,8123.062,0.0,8123.062,10300.212,27.1,95,0.0,3.8,41,0.0,0.0,34.0
2026-08-15 04:00:00,8048.532999999999,0.0,8048.532999999999,10212.269,27.0,95,0.0,1.9,84,0.0,0.0,34.2
2026-08-15 05:00:00,13461.673999999999,0.0,13461.673999999999,16599.774,26.5,97,0.0,6.6,97,0.0,0.0,32.9
2026-08-15 06:00:00,15173.961,0.0,15173.961,18620.273,26.6,97,1.0,2.8,100,5.0,0.0,33.7
2026-08-15 07:00:00,15167.237000000001,293.105,14874.131,18612.339,26.8,98,1.0,2.8,100,55.0,5.0,34.1
2026-08-15 08:00:00,14993.155,531.149,14462.005,18406.921,27.5,95,0.5,3.1,100,147.0,28.0,34.9
2026-08-15 09:00:00,15122.509,757.561,14364.949,18559.562,28.3,90,0.1,3.2,100,212.0,30.0,35.6
2026-08-15 10:00:00,14985.711000000001,923.986,14061.723,18398.138,29.7,84,0.0,0.4,97,396.0,113.0,37.6
2026-08-15 11:00:00,13389.24,882.896,12506.342,16514.304,31.8,73,0.1,6.0,95,599.0,273.0,38.9
2026-08-15 12:00:00,13374.28,902.731,12471.551,16496.652,31.9,74,0.6,8.5,88,766.0,451.0,39.9
2026-08-15 13:00:00,13272.677,890.6229999999999,12382.059,16376.761,31.1,81,0.9,7.6,87,697.0,411.0,39.2
2026-08-15 14:00:00,13414.813,850.187,12564.629,16544.479,32.2,73,0.2,4.1,18,686.0,426.0,40.3
2026-08-15 15:00:00,13306.939,673.607,12633.332,16417.189,32.5,68,0.1,7.5,38,629.0,419.0,39.2
2026-08-15 16:00:00,13384.919,445.09,12939.828,16509.203,32.4,67,0.0,6.4,62,435.0,254.0,38.4
2026-08-15 17:00:00,13329.686,233.794,13095.894,16444.03,31.6,74,0.0,8.2,86,272.0,137.0,38.2
2026-08-15 18:00:00,17579.266,0.0,17579.266,21458.537,31.2,79,0.0,4.2,89,102.0,33.0,38.8
2026-08-15 19:00:00,17674.357,0.0,17674.357,21570.74,30.5,84,0.0,4.6,87,7.0,1.0,38.3
2026-08-15 20:00:00,17762.756,0.0,17762.756,21675.053,30.0,87,0.0,4.1,94,0.0,0.0,37.9
2026-08-15 21:00:00,17791.24,0.0,17791.24,21708.661,29.7,87,0.0,4.5,90,0.0,0.0,37.3
2026-08-15 22:00:00,17290.803,0.0,17290.803,21118.148,29.2,88,0.0,3.6,91,0.0,0.0,36.8
2026-08-15 23:00:00,7945.752,0.0,7945.752,10090.988,29.0,86,0.0,8.3,98,0.0,0.0,35.5
2026-08-16 00:00:00,8125.906,0.0,8125.906,10303.566,28.7,89,0.0,7.6,88,0.0,0.0,35.5
2026-08-16 01:00:00,8007.513,0.0,8007.513,10163.861,28.6,89,0.0,7.0,86,0.0,0.0,35.3
2026-08-16 02:00:00,8113.809,0.0,8113.809,10289.295,28.4,88,0.1,5.5,98,0.0,0.0,35.1
2026-08-16 03:00:00,8059.877,0.0,8059.877,10225.655999999999,26.2,94,2.9,4.0,98,0.0,0.0,32.4
2026-08-16 04:00:00,8025.048,0.0,8025.048,10184.556,26.4,95,0.3,7.9,99,0.0,0.0,32.3
2026-08-16 05:00:00,13352.384,0.0,13352.384,16470.814,27.9,87,0.0,10.4,77,0.0,0.0,33.4
2026-08-16 06:00:00,14994.055,0.0,14994.055,18407.983,27.9,85,0.1,8.8,98,13.0,1.0,33.5
2026-08-16 07:00:00,15053.287,278.287,14775.002,18477.88,28.3,84,0.2,8.6,100,103.0,27.0,33.9
2026-08-16 08:00:00,15012.907000000001,534.876,14478.032,18430.23,29.4,79,0.1,8.3,99,224.0,83.0,35.2
2026-08-16 09:00:00,15030.045,751.776,14278.267,18450.453,30.5,74,0.0,8.6,98,360.0,146.0,36.1
2026-08-16 10:00:00,15053.128,950.4970000000001,14102.633,18477.692,31.9,69,0.0,8.2,99,575.0,305.0,37.9
2026-08-16 11:00:00,13433.309,935.547,12497.765,16566.305,32.8,64,0.0,8.4,89,712.0,412.0,39.2
2026-08-16 12:00:00,13488.249,967.994,12520.257,16631.135,33.1,64,0.2,7.5,98,740.0,416.0,40.1
2026-08-16 13:00:00,13314.476,914.346,12400.128999999999,16426.083,33.3,64,0.0,6.4,98,685.0,348.0,40.2
2026-08-16 14:00:00,13458.57,849.636,12608.934,16596.114,33.1,65,0.0,7.7,98,613.0,254.0,39.4
2026-08-16 15:00:00,13335.874,659.479,12676.392,16451.331,33.3,64,0.1,9.0,99,527.0,237.0,39.1
2026-08-16 16:00:00,13324.92,456.205,12868.716,16438.406,33.1,64,0.1,9.4,99,383.0,157.0,38.8
2026-08-16 17:00:00,13398.511,242.508,13156.001,16525.245,31.9,74,0.1,4.9,99,224.0,63.0,39.0
2026-08-16 18:00:00,17609.881,0.0,17609.881,21494.657,31.0,79,0.0,3.1,98,79.0,6.0,38.6
2026-08-16 19:00:00,17697.511,0.0,17697.511,21598.061999999998,30.3,83,0.4,4.3,100,6.0,0.0,37.7
2026-08-16 20:00:00,17645.170000000002,0.0,17645.170000000002,21536.302,29.6,87,0.3,4.3,99,0.0,0.0,37.2
2026-08-16 21:00:00,17608.276,0.0,17608.276,21492.768,29.2,88,0.0,6.7,100,0.0,0.0,36.3
2026-08-16 22:00:00,17829.929,0.0,17829.929,21754.317,29.0,88,0.0,5.6,99,0.0,0.0,36.1
2026-08-16 23:00:00,8083.4890000000005,0.0,8083.4890000000005,10253.518,29.1,86,0.0,6.1,97,0.0,0.0,36.0
2026-08-17 00:00:00,9295.623,0.0,9295.623,11683.837,28.5,86,0.0,8.0,96,0.0,0.0,34.6
2026-08-17 01:00:00,9302.924,0.0,9302.924,11692.454,28.3,86,0.0,6.7,91,0.0,0.0,34.5
2026-08-17 02:00:00,9314.836,0.0,9314.836,11706.506,27.9,88,0.0,6.2,69,0.0,0.0,34.2
2026-08-17 03:00:00,9274.277,0.0,9274.277,11658.646,27.8,86,0.0,8.0,52,0.0,0.0,33.4
2026-08-17 04:00:00,9360.989,0.0,9360.989,11760.966,27.5,83,0.0,8.5,71,0.0,0.0,32.6
2026-08-17 05:00:00,15460.803,0.0,15460.803,18958.747,28.4,79,0.0,11.6,63,0.0,0.0,33.0
2026-08-17 06:00:00,17441.719,0.0,17441.719,21296.232,28.0,80,0.0,10.1,47,13.0,2.0,32.7
2026-08-17 07:00:00,17175.18,311.565,16863.614,20981.711,28.6,79,0.0,10.1,53,130.0,51.0,33.5
2026-08-17 08:00:00,17271.076,618.94,16652.138,21094.868,29.5,76,0.0,10.3,49,312.0,168.0,34.6
2026-08-17 09:00:00,17117.723,820.461,16297.264,20913.916,30.3,74,0.0,8.6,13,473.0,290.0,35.8
2026-08-17 10:00:00,17090.826,1031.818,16059.008,20882.175,31.3,71,0.0,8.8,20,664.0,453.0,37.6
2026-08-17 11:00:00,15391.432,1052.309,14339.124,18876.889,32.5,65,0.0,11.0,18,744.0,490.0,38.8
2026-08-17 12:00:00,15343.213,1048.293,14294.922,18819.992,33.0,64,0.0,9.3,13,843.0,604.0,40.3
2026-08-17 13:00:00,15421.221,1054.027,14367.194,18912.041,31.6,68,0.1,8.3,41,845.0,622.0,38.8
2026-08-17 14:00:00,15311.916000000001,948.859,14363.058,18783.062,30.3,75,1.8,2.3,14,689.0,447.0,37.8
2026-08-17 15:00:00,15483.132,759.221,14723.912,18985.094,31.0,75,0.1,3.3,59,569.0,385.0,38.0
2026-08-17 16:00:00,15433.028,543.97,14889.058,18925.975,30.7,78,0.2,6.7,59,455.0,270.0,37.3
2026-08-17 17:00:00,15201.888,278.821,14923.07,18653.229,27.4,94,0.6,11.7,96,218.0,89.0,33.3
2026-08-17 18:00:00,20101.969,0.0,20101.969,24435.324,27.3,93,1.7,3.3,59,63.0,11.0,34.2
2026-08-17 19:00:00,20244.829999999998,0.0,20244.829999999998,24603.899,27.5,92,0.0,3.9,53,6.0,0.0,34.3
2026-08-17 20:00:00,20370.218,0.0,20370.218,24751.857,27.7,91,0.0,1.9,34,0.0,0.0,34.9
2026-08-17 21:00:00,20588.153,0.0,20588.153,25009.023,27.9,90,0.0,3.1,35,0.0,0.0,34.9
2026-08-17 22:00:00,20345.238,0.0,20345.238,24722.381,28.1,87,0.0,3.9,27,0.0,0.0,34.8
2026-08-17 23:00:00,9319.38,0.0,9319.38,11711.869,28.7,87,0.0,2.7,20,0.0,0.0,36.0
2026-08-18 00:00:00,9366.942000000001,0.0,9366.942000000001,11767.991,28.2,88,0.0,2.9,6,0.0,0.0,35.2
2026-08-18 01:00:00,9330.898,0.0,9330.898,11725.457,28.0,86,0.0,5.3,7,0.0,0.0,34.2
2026-08-18 02:00:00,9295.563,0.0,9295.563,11683.76,27.8,83,0.0,4.7,6,0.0,0.0,33.6
2026-08-18 03:00:00,9216.039,0.0,9216.039,11589.927,27.5,83,0.0,4.7,12,0.0,0.0,33.2
2026-08-18 04:00:00,9281.517,0.0,9281.517,11667.189,27.2,84,0.0,5.9,5,0.0,0.0,32.6
2026-08-18 05:00:00,15291.949,0.0,15291.949,18759.501,28.0,79,0.0,8.5,88,0.0,0.0,32.8
2026-08-18 06:00:00,17332.116,0.0,17332.116,21166.896,27.7,81,0.0,5.3,95,12.0,1.0,33.1
2026-08-18 07:00:00,17512.207,312.266,17199.944,21379.408,28.5,77,0.0,3.8,66,109.0,21.0,34.1
2026-08-18 08:00:00,17135.569,587.668,16547.9,20934.974000000002,29.3,75,0.0,8.5,91,292.0,144.0,34.4
2026-08-18 09:00:00,17224.322,887.574,16336.746,21039.698,30.4,72,0.0,7.1,89,498.0,288.0,35.9
2026-08-18 10:00:00,17399.216,1034.43,16364.786,21246.074,31.3,68,0.0,7.3,46,634.0,365.0,37.3
2026-08-18 11:00:00,15338.516,1037.268,14301.247000000001,18814.449,32.3,63,0.0,7.3,68,738.0,451.0,38.7
2026-08-18 12:00:00,15469.128999999999,1096.433,14372.702,18968.575,32.9,61,0.0,5.7,86,784.0,524.0,39.8
2026-08-18 13:00:00,15352.116,1008.324,14343.794,18830.497,33.1,60,0.1,6.0,69,783.0,492.0,39.9
2026-08-18 14:00:00,15307.338,932.633,14374.705,18777.661,33.0,62,0.1,5.0,46,727.0,482.0,39.9
2026-08-18 15:00:00,15522.012,748.237,14773.773000000001,19030.974000000002,33.0,62,0.0,4.2,23,593.0,367.0,39.3
2026-08-18 16:00:00,15518.26,524.728,14993.533,19026.543999999998,32.5,64,0.1,5.4,25,374.0,155.0,38.3
2026-08-18 17:00:00,15370.091,287.784,15082.307,18851.707,32.3,65,0.5,4.7,35,222.0,94.0,38.3
2026-08-18 18:00:00,20534.949,0.0,20534.949,24946.241,31.7,68,0.1,0.9,38,97.0,33.0,38.3
2026-08-18 19:00:00,20136.939,0.0,20136.939,24476.587,29.9,78,0.0,4.9,46,6.0,0.0,36.3
2026-08-18 20:00:00,20335.055,0.0,20335.055,24710.364,28.1,82,1.0,1.2,84,0.0,0.0,34.4
2026-08-18 21:00:00,20487.986,0.0,20487.986,24890.821,25.5,94,0.9,9.6,52,0.0,0.0,30.4
2026-08-18 22:00:00,20417.164,0.0,20417.164,24807.255,25.9,91,0.2,4.6,39,0.0,0.0,31.5
2026-08-18 23:00:00,9319.479,0.0,9319.479,11711.985,27.3,91,0.0,4.2,40,0.0,0.0,33.8
2026-08-19 00:00:00,9273.061,0.0,9273.061,11657.212,27.4,89,0.0,0.6,42,0.0,0.0,34.3
2026-08-19 01:00:00,9293.489,0.0,9293.489,11681.317000000001,27.1,91,0.0,1.6,77,0.0,0.0,33.9
2026-08-19 02:00:00,9177.594,0.0,9177.594,11544.561,27.0,90,0.0,1.5,42,0.0,0.0,33.7
2026-08-19 03:00:00,9317.957,0.0,9317.957,11710.187,27.0,90,0.0,0.6,41,0.0,0.0,33.8
2026-08-19 04:00:00,9330.908,0.0,9330.908,11725.473,26.9,91,0.0,0.6,50,0.0,0.0,33.6
2026-08-19 05:00:00,15463.118,0.0,15463.118,18961.48,27.8,88,0.0,4.0,80,0.0,0.0,34.3
2026-08-19 06:00:00,17394.992,0.0,17394.992,21241.09,27.8,85,0.0,6.7,90,13.0,1.0,33.6
2026-08-19 07:00:00,17189.071,323.226,16865.844,20998.104,28.5,82,0.0,4.6,92,112.0,32.0,34.6
2026-08-19 08:00:00,17151.287,566.877,16584.41,20953.517,29.5,77,0.0,4.6,88,278.0,121.0,35.5
2026-08-19 09:00:00,17293.061999999998,905.9780000000001,16387.081,21120.813000000002,30.5,73,0.0,5.0,94,468.0,262.0,36.5
2026-08-19 10:00:00,17292.924,1078.359,16214.568,21120.650999999998,31.4,68,0.0,3.6,69,572.0,322.0,37.6
2026-08-19 11:00:00,15492.144,1029.623,14462.520999999999,18995.73,32.5,61,0.0,7.5,91,770.0,527.0,38.7
2026-08-19 12:00:00,15291.762999999999,1051.377,14240.385,18759.281,32.5,60,0.1,5.2,87,769.0,492.0,39.0
2026-08-19 13:00:00,15378.551,1072.718,14305.836000000001,18861.693,32.8,59,0.2,4.0,95,765.0,471.0,39.4
2026-08-19 14:00:00,15408.443,888.889,14519.551,18896.962,33.0,58,0.2,3.1,86,718.0,451.0,39.5
2026-08-19 15:00:00,15610.158,791.917,14818.241,19134.987,33.2,58,0.1,1.8,88,608.0,374.0,39.2
2026-08-19 16:00:00,15268.915,539.011,14729.906,18732.32,33.0,57,0.0,2.5,87,449.0,262.0,38.4
2026-08-19 17:00:00,15360.725,270.622,15090.101,18840.654,28.9,87,0.0,3.2,100,267.0,135.0,36.2
2026-08-19 18:00:00,20472.659,0.0,20472.659,24872.735,28.3,93,3.2,5.0,93,19.0,0.0,35.6
2026-08-19 19:00:00,20381.81,0.0,20381.81,24765.538,28.0,94,1.2,4.3,94,3.0,0.0,35.4
2026-08-19 20:00:00,20484.74,0.0,20484.74,24886.993,27.8,96,0.2,3.9,98,0.0,0.0,35.3
2026-08-19 21:00:00,20267.412,0.0,20267.412,24630.545,27.6,95,0.0,5.2,95,0.0,0.0,34.8
2026-08-19 22:00:00,20272.594,0.0,20272.594,24636.659,27.7,94,0.0,3.3,95,0.0,0.0,35.0
2026-08-19 23:00:00,9250.822,0.0,9250.822,11630.971,28.8,95,0.0,5.8,100,0.0,0.0,36.7
2026-08-20 00:00:00,9349.072,0.0,9349.072,11746.907,28.1,94,0.1,4.3,100,0.0,0.0,35.6
2026-08-20 01:00:00,9279.144,0.0,9279.144,11664.387,27.7,94,0.1,6.7,100,0.0,0.0,34.5
2026-08-20 02:00:00,9319.655999999999,0.0,9319.655999999999,11712.195,26.9,97,0.3,2.9,100,0.0,0.0,34.0
2026-08-20 03:00:00,9206.71,0.0,9206.71,11578.919,27.0,97,0.1,5.7,99,0.0,0.0,33.8
2026-08-20 04:00:00,9279.114,0.0,9279.114,11664.356,27.0,96,0.0,1.3,100,0.0,0.0,34.4
2026-08-20 05:00:00,15475.821,0.0,15475.821,18976.47,26.9,96,0.0,6.0,100,0.0,0.0,33.6
2026-08-20 06:00:00,17195.774,0.0,17195.774,21006.012,26.8,95,1.3,7.5,100,2.0,0.0,33.0
2026-08-20 07:00:00,17127.837,307.983,16819.855,20925.851,27.2,92,0.3,7.2,100,58.0,3.0,33.4
2026-08-20 08:00:00,17221.417,577.981,16643.434,21036.271,27.3,89,0.1,7.2,100,102.0,12.0,33.1
2026-08-20 09:00:00,17151.123,851.97,16299.153,20953.325,27.9,84,0.0,7.2,100,212.0,27.0,33.6
2026-08-20 10:00:00,17030.765,1035.85,15994.914,20811.302,28.6,81,0.0,5.1,100,311.0,73.0,34.5
2026-08-20 11:00:00,15443.899,1048.418,14395.484,18938.8,30.9,71,0.0,2.4,95,455.0,168.0,37.3
2026-08-20 12:00:00,15296.459,1118.921,14177.538,18764.822,31.8,67,0.0,4.0,91,535.0,195.0,37.9
2026-08-20 13:00:00,15364.783,1060.346,14304.438,18845.445,32.7,63,0.0,4.6,93,708.0,367.0,39.6
2026-08-20 14:00:00,15336.928,947.895,14389.033,18812.574,33.0,61,0.0,3.9,100,642.0,345.0,39.5
2026-08-20 15:00:00,15635.133,767.7379999999999,14867.398000000001,19164.459,33.2,61,0.0,4.1,99,577.0,332.0,39.2
2026-08-20 16:00:00,15564.168,532.471,15031.696,19080.718,33.0,61,0.0,3.6,95,423.0,216.0,38.8
2026-08-20 17:00:00,15381.743999999999,261.443,15120.305,18865.461,28.8,93,0.1,6.7,98,255.0,106.0,36.3
2026-08-20 18:00:00,20337.383,0.0,20337.383,24713.109,28.4,94,1.3,5.1,98,29.0,2.0,36.0
2026-08-20 19:00:00,20439.302,0.0,20439.302,24833.377,28.0,95,0.6,4.8,98,3.0,0.0,35.5
2026-08-20 20:00:00,20488.913,0.0,20488.913,24891.920000000002,27.9,95,0.2,3.7,94,0.0,0.0,35.5
2026-08-20 21:00:00,20183.833,0.0,20183.833,24531.923,27.8,92,0.0,4.2,92,0.0,0.0,34.9
2026-08-20 22:00:00,20374.254,0.0,20374.254,24756.621,27.5,92,0.0,6.1,83,0.0,0.0,34.0
2026-08-20 23:00:00,9210.343,0.0,9210.343,11583.205,29.3,94,0.0,3.1,73,0.0,0.0,37.7
2026-08-21 00:00:00,9174.96,0.0,9174.96,11541.453,28.6,94,0.0,6.2,91,0.0,0.0,36.1
2026-08-21 01:00:00,9299.257,0.0,9299.257,11688.123,28.4,92,0.2,4.0,84,0.0,0.0,35.8
2026-08-21 02:00:00,9280.404,0.0,9280.404,11665.876,28.1,90,0.0,5.6,82,0.0,0.0,34.9
2026-08-21 03:00:00,9329.576,0.0,9329.576,11723.899,27.9,91,0.0,5.9,52,0.0,0.0,34.6
2026-08-21 04:00:00,9367.304,0.0,9367.304,11768.417,27.6,94,0.0,4.6,55,0.0,0.0,34.7
2026-08-21 05:00:00,15427.995,0.0,15427.995,18920.034,27.2,97,0.0,10.2,73,0.0,0.0,33.5
2026-08-21 06:00:00,17280.527,0.0,17280.527,21106.022,27.1,92,0.0,6.0,65,10.0,0.0,33.4
2026-08-21 07:00:00,17331.915,316.523,17015.393,21166.656,27.7,86,0.0,5.4,48,110.0,32.0,33.7
2026-08-21 08:00:00,17311.259,624.457,16686.803,21142.285,29.1,80,0.0,7.3,33,288.0,137.0,34.9
2026-08-21 09:00:00,17285.418,842.509,16442.906,21111.793,30.5,71,0.0,10.7,13,475.0,293.0,35.5
2026-08-21 10:00:00,17392.835,1048.121,16344.713,21238.545000000002,31.8,67,0.0,10.2,9,671.0,474.0,37.6
2026-08-21 11:00:00,15470.523,1014.148,14456.373,18970.217,33.1,61,0.0,11.1,33,798.0,589.0,39.3
2026-08-21 12:00:00,15516.781,1105.533,14411.251,19024.802,33.6,59,0.0,11.1,89,842.0,594.0,40.0
2026-08-21 13:00:00,15508.358,1073.365,14434.991,19014.86,33.6,59,0.0,9.7,100,779.0,494.0,39.9
2026-08-21 14:00:00,15324.321,960.746,14363.578,18797.7,33.6,58,0.0,9.6,100,705.0,454.0,39.4
2026-08-21 15:00:00,15403.16,750.632,14652.528,18890.725,33.5,57,0.1,10.2,93,616.0,399.0,38.4
2026-08-21 16:00:00,15441.709,541.869,14899.839,18936.215,32.5,62,0.6,11.1,31,422.0,238.0,37.2
2026-08-21 17:00:00,15430.817,259.938,15170.88,18923.364,32.5,67,0.0,6.7,27,242.0,118.0,38.6
2026-08-21 18:00:00,20399.019,0.0,20399.019,24785.844,31.6,74,0.0,5.9,34,93.0,28.0,38.3
2026-08-21 19:00:00,20228.726,0.0,20228.726,24584.895999999997,30.5,78,0.0,5.8,18,4.0,0.0,37.2
2026-08-21 20:00:00,20188.725,0.0,20188.725,24537.693,30.0,80,0.0,5.0,5,0.0,0.0,36.8
2026-08-21 21:00:00,20428.364,0.0,20428.364,24820.467,29.6,83,0.0,3.7,13,0.0,0.0,36.7
2026-08-21 22:00:00,20587.339,0.0,20587.339,25008.061,29.3,84,0.0,4.3,13,0.0,0.0,36.2
2026-08-21 23:00:00,9286.87,0.0,9286.87,11673.505,27.8,90,0.0,4.1,65,0.0,0.0,34.7
2026-08-22 00:00:00,8036.883,0.0,8036.883,10198.523,27.7,92,0.1,8.0,52,0.0,0.0,34.0
2026-08-22 01:00:00,8030.28,0.0,8030.28,10190.73,27.1,92,0.0,9.4,100,0.0,0.0,32.8
2026-08-22 02:00:00,8005.397,0.0,8005.397,10161.367,25.5,94,2.8,2.8,98,0.0,0.0,31.5
2026-08-22 03:00:00,7998.5830000000005,0.0,7998.5830000000005,10153.326000000001,25.0,99,2.8,6.1,32,0.0,0.0,30.6
2026-08-22 04:00:00,7964.03,0.0,7964.03,10112.555,25.2,98,0.2,7.2,44,0.0,0.0,30.7
2026-08-22 05:00:00,13385.187,0.0,13385.187,16509.519,26.0,94,0.1,2.4,91,0.0,0.0,32.3
2026-08-22 06:00:00,15172.628,0.0,15172.628,18618.703,26.7,93,0.2,5.8,80,8.0,0.0,32.9
2026-08-22 07:00:00,15111.858,277.40999999999997,14834.451,18546.992,27.7,92,0.0,3.6,52,106.0,25.0,34.7
2026-08-22 08:00:00,15281.828,521.152,14760.676,18747.557,29.1,82,0.0,6.6,34,285.0,133.0,35.4
2026-08-22 09:00:00,14888.257,758.427,14129.83,18283.141,30.5,72,0.0,9.3,14,506.0,321.0,35.8
2026-08-22 10:00:00,15154.649,890.515,14264.134,18597.482,31.6,67,0.0,9.2,19,661.0,449.0,37.4
2026-08-22 11:00:00,13391.737000000001,899.398,12492.339,16517.247,32.0,65,0.0,9.1,87,784.0,558.0,38.5
2026-08-22 12:00:00,13505.689,945.776,12559.914,16651.714,32.6,62,0.0,8.4,95,527.0,280.0,37.6
2026-08-22 13:00:00,13479.554,922.4839999999999,12557.07,16620.876,33.0,62,0.1,7.7,48,598.0,330.0,38.8
2026-08-22 14:00:00,13448.901,785.357,12663.544,16584.701,33.3,61,0.0,8.0,30,625.0,364.0,39.2
2026-08-22 15:00:00,13420.438,690.429,12730.01,16551.115,32.8,63,0.2,8.9,34,512.0,278.0,38.0
2026-08-22 16:00:00,13500.45,491.657,13008.793,16645.531,31.0,68,0.1,10.0,52,388.0,200.0,35.8
2026-08-22 17:00:00,13554.573,255.66400000000002,13298.908,16709.396,29.8,80,1.1,4.1,81,216.0,88.0,36.5
2026-08-22 18:00:00,17929.761,0.0,17929.761,21872.118,30.1,83,0.2,2.2,22,85.0,26.0,37.8
2026-08-22 19:00:00,17794.146,0.0,17794.146,21712.092,28.5,89,0.1,8.9,31,4.0,0.0,35.0
2026-08-22 20:00:00,17572.334,0.0,17572.334,21450.356,27.9,89,0.0,4.7,22,0.0,0.0,34.5
2026-08-22 21:00:00,17729.173,0.0,17729.173,21635.423,27.6,89,0.0,4.8,47,0.0,0.0,34.1
2026-08-22 22:00:00,17837.595,0.0,17837.595,21763.361,27.3,87,0.0,7.3,17,0.0,0.0,33.0
2026-08-22 23:00:00,8021.767,0.0,8021.767,10180.684,28.5,85,0.0,7.3,3,0.0,0.0,34.6
2026-08-23 00:00:00,8036.292,0.0,8036.292,10197.823,28.0,85,0.0,7.3,33,0.0,0.0,33.8
2026-08-23 01:00:00,8067.936,0.0,8067.936,10235.164,27.7,89,0.1,7.2,46,0.0,0.0,33.9
2026-08-23 02:00:00,8100.808,0.0,8100.808,10273.954,27.3,92,0.0,8.6,34,0.0,0.0,33.4
2026-08-23 03:00:00,8036.146,0.0,8036.146,10197.651,27.0,92,0.0,6.9,20,0.0,0.0,33.1
2026-08-23 04:00:00,8062.034,0.0,8062.034,10228.199,26.8,91,0.0,4.1,23,0.0,0.0,33.1
2026-08-23 05:00:00,13475.662,0.0,13475.662,16616.279,26.8,86,0.7,7.7,64,0.0,0.0,31.9
2026-08-23 06:00:00,15150.539,0.0,15150.539,18592.636,24.7,98,4.5,8.0,34,9.0,1.0,29.8
2026-08-23 07:00:00,14911.789,272.832,14638.956,18310.911,26.2,97,0.7,4.8,65,99.0,26.0,32.7
2026-08-23 08:00:00,15227.037,529.717,14697.321,18682.904,28.2,85,0.1,2.0,41,297.0,156.0,34.9
2026-08-23 09:00:00,14979.492,748.265,14231.225,18390.798,29.6,77,0.0,5.1,54,486.0,288.0,35.7
2026-08-23 10:00:00,14942.768,916.481,14026.288,18347.466,29.5,78,1.6,6.8,75,593.0,321.0,35.6
2026-08-23 11:00:00,13344.759,871.784,12472.976,16461.815,29.8,77,0.2,8.5,100,632.0,368.0,36.0
2026-08-23 12:00:00,13386.02,917.655,12468.365,16510.506999999998,30.8,73,0.0,9.6,100,571.0,222.0,36.6
2026-08-23 13:00:00,13374.806,883.309,12491.497,16497.272,31.7,69,0.1,10.2,56,683.0,377.0,37.8
2026-08-23 14:00:00,13409.759,827.194,12582.562,16538.514,32.2,66,0.1,10.4,28,754.0,514.0,38.6
2026-08-23 15:00:00,13315.618,641.056,12674.559,16427.432,32.7,64,0.1,9.0,13,631.0,428.0,38.6
2026-08-23 16:00:00,13474.534,448.336,13026.197,16614.951,32.5,65,0.0,7.5,10,456.0,288.0,38.1
2026-08-23 17:00:00,13531.804,243.679,13288.124,16682.528,32.4,68,0.0,7.7,26,264.0,144.0,38.5
2026-08-23 18:00:00,17893.851,0.0,17893.851,21829.745,31.4,77,0.0,3.3,14,86.0,28.0,38.8
2026-08-23 19:00:00,17550.436999999998,0.0,17550.436999999998,21424.518,30.5,80,0.0,3.6,23,4.0,0.0,37.9
2026-08-23 20:00:00,17821.395,0.0,17821.395,21744.249,30.2,82,0.0,2.7,14,0.0,0.0,37.8
2026-08-23 21:00:00,17695.329,0.0,17695.329,21595.487999999998,30.1,84,0.0,1.1,19,0.0,0.0,38.0
2026-08-23 22:00:00,17665.111,0.0,17665.111,21559.832,29.7,85,0.0,1.5,2,0.0,0.0,37.4
2026-08-23 23:00:00,8134.285,0.0,8134.285,10313.456,28.3,89,0.0,1.0,23,0.0,0.0,35.7
2026-08-24 00:00:00,9249.271,0.0,9249.271,11629.137,27.7,93,0.1,3.1,69,0.0,0.0,34.9
2026-08-24 01:00:00,9212.502,0.0,9212.502,11585.75,27.4,93,0.0,6.0,79,0.0,0.0,34.0
2026-08-24 02:00:00,9115.886,0.0,9115.886,11471.745,27.4,92,0.0,1.4,94,0.0,0.0,34.5
2026-08-24 03:00:00,9353.925,0.0,9353.925,11752.634,25.9,93,0.5,8.9,100,0.0,0.0,31.2
2026-08-24 04:00:00,9376.629,0.0,9376.629,11779.423,24.6,98,3.3,2.5,100,0.0,0.0,30.5
2026-08-24 05:00:00,15559.238000000001,0.0,15559.238000000001,19074.901,26.0,97,1.3,10.8,93,0.0,0.0,31.4
2026-08-24 06:00:00,17196.566,0.0,17196.566,21006.947,25.7,98,1.2,5.4,96,5.0,0.0,31.9
2026-08-24 07:00:00,17277.437,314.938,16962.497,21102.377,26.5,93,0.3,1.7,99,82.0,9.0,33.2
2026-08-24 08:00:00,17097.839,611.16,16486.679,20890.451,27.6,89,0.0,2.3,97,199.0,46.0,34.4
2026-08-24 09:00:00,17124.009,846.46,16277.548999999999,20921.329999999998,29.1,82,0.0,1.8,94,369.0,135.0,36.0
2026-08-24 10:00:00,17347.760000000002,1031.574,16316.184000000001,21185.355,30.8,74,0.0,3.0,76,567.0,277.0,37.5
2026-08-24 11:00:00,15766.455,1142.186,14624.269,19319.415,29.5,77,0.1,4.8,100,690.0,393.0,36.5
2026-08-24 12:00:00,15533.244999999999,1096.891,14436.355,19044.23,29.3,77,0.1,3.5,100,159.0,8.0,35.3
2026-08-24 13:00:00,15277.999,1045.357,14232.64,18743.038,30.2,72,0.0,3.8,100,255.0,6.0,36.1
2026-08-24 14:00:00,15498.647,933.268,14565.380000000001,19003.401,31.5,65,0.0,3.9,97,462.0,158.0,37.0
2026-08-24 15:00:00,15338.198,744.374,14593.823,18814.074,31.7,65,0.0,5.0,89,472.0,202.0,37.2
2026-08-24 16:00:00,15483.08,545.04,14938.041000000001,18985.033,31.4,67,0.0,3.6,67,241.0,53.0,37.2
2026-08-24 17:00:00,15471.864,280.943,15190.921,18971.801,31.1,73,0.0,5.3,99,164.0,44.0,37.5
2026-08-24 18:00:00,20407.258,0.0,20407.258,24795.566,30.6,80,0.0,0.9,98,42.0,4.0,38.3
2026-08-24 19:00:00,20159.838,0.0,20159.838,24503.609,30.3,81,0.0,1.2,100,2.0,0.0,38.0
2026-08-24 20:00:00,20574.136,0.0,20574.136,24992.481,29.8,83,0.0,3.9,100,0.0,0.0,37.1
2026-08-24 21:00:00,20278.898,0.0,20278.898,24644.102,29.2,85,0.0,6.1,100,0.0,0.0,36.1
2026-08-24 22:00:00,20372.261000000002,0.0,20372.261000000002,24754.269,28.7,88,0.0,5.8,100,0.0,0.0,35.5
2026-08-24 23:00:00,9255.867,0.0,9255.867,11636.92,28.5,89,0.0,4.2,98,0.0,0.0,35.6
2026-08-25 00:00:00,9299.98,0.0,9299.98,11688.973,28.2,91,0.0,2.4,96,0.0,0.0,35.6
2026-08-25 01:00:00,9270.105,0.0,9270.105,11653.724,28.0,92,0.0,1.9,99,0.0,0.0,35.4
2026-08-25 02:00:00,9238.273,0.0,9238.273,11616.161,27.9,92,0.0,2.9,100,0.0,0.0,35.1
2026-08-25 03:00:00,9214.651,0.0,9214.651,11588.289,27.8,92,0.0,2.1,100,0.0,0.0,35.1
2026-08-25 04:00:00,9320.423,0.0,9320.423,11713.099,27.6,93,0.0,1.9,100,0.0,0.0,35.0
2026-08-25 05:00:00,15324.811,0.0,15324.811,18798.278,26.2,97,0.0,2.1,100,0.0,0.0,33.1
2026-08-25 06:00:00,17299.229,0.0,17299.229,21128.092,26.5,97,1.2,1.6,100,2.0,0.0,33.6
2026-08-25 07:00:00,17095.854,305.435,16790.416,20888.106,26.6,97,0.9,4.5,99,26.0,0.0,33.3
2026-08-25 08:00:00,17208.789,597.117,16611.671000000002,21021.374,27.2,93,0.5,3.3,99,130.0,9.0,34.1
2026-08-25 09:00:00,17174.171000000002,859.732,16314.438,20980.524,28.5,88,0.1,1.6,98,311.0,74.0,35.9
2026-08-25 10:00:00,17439.29,1116.678,16322.609,21293.36,29.6,82,0.0,3.5,99,373.0,67.0,36.7
2026-08-25 11:00:00,15311.08,964.125,14346.953,18782.076,30.9,70,0.0,2.9,73,442.0,62.0,36.9
2026-08-25 12:00:00,15543.012,1074.061,14468.948,19055.751,31.3,67,0.0,4.4,52,447.0,147.0,37.0
2026-08-25 13:00:00,15429.733,1036.434,14393.297,18922.082,32.2,63,0.0,3.2,88,666.0,361.0,38.7
2026-08-25 14:00:00,15339.494999999999,944.212,14395.28,18815.601,32.3,63,0.0,2.7,36,579.0,272.0,38.4
2026-08-25 15:00:00,15321.512,760.296,14561.211,18794.382,32.6,62,0.0,2.8,59,596.0,378.0,38.7
2026-08-25 16:00:00,15488.278,573.313,14914.965,18991.168999999998,32.4,63,0.0,1.5,45,437.0,263.0,38.5
2026-08-25 17:00:00,15479.612,277.469,15202.144,18980.944,29.0,89,0.0,7.3,95,254.0,127.0,36.1
2026-08-25 18:00:00,20536.033,0.0,20536.033,24947.52,28.9,89,0.5,3.9,98,41.0,2.0,36.4
2026-08-25 19:00:00,20320.933,0.0,20320.933,24693.699,28.4,94,0.2,4.5,100,2.0,0.0,36.0
2026-08-25 20:00:00,20103.487,0.0,20103.487,24437.117,28.3,93,0.0,4.0,100,0.0,0.0,35.8
2026-08-25 21:00:00,20560.727,0.0,20560.727,24976.655,27.9,94,0.0,5.0,77,0.0,0.0,35.2
2026-08-25 22:00:00,20205.456000000002,0.0,20205.456000000002,24557.44,27.6,92,0.0,6.7,95,0.0,0.0,34.1
2026-08-25 23:00:00,9267.669,0.0,9267.669,11650.848,27.9,91,0.0,4.6,98,0.0,0.0,34.8
2026-08-26 00:00:00,9237.312,0.0,9237.312,11615.027,27.5,92,0.0,3.6,93,0.0,0.0,34.5
2026-08-26 01:00:00,9230.001,0.0,9230.001,11606.399,27.2,93,0.0,4.5,91,0.0,0.0,34.0
2026-08-26 02:00:00,9386.52,0.0,9386.52,11791.096,27.1,94,0.0,3.5,83,0.0,0.0,33.9
2026-08-26 03:00:00,9114.782,0.0,9114.782,11470.445,27.0,94,0.0,3.5,69,0.0,0.0,33.8
2026-08-26 04:00:00,9245.725,0.0,9245.725,11624.956,26.9,94,0.0,2.9,51,0.0,0.0,33.7
2026-08-26 05:00:00,15474.291000000001,0.0,15474.291000000001,18974.662,27.4,96,0.0,3.1,93,0.0,0.0,34.8
2026-08-26 06:00:00,17309.037,0.0,17309.037,21139.661,26.5,94,1.2,6.3,98,7.0,0.0,32.6
2026-08-26 07:00:00,17421.912,325.645,17096.266,21272.856,26.1,98,9.0,2.7,98,53.0,7.0,32.9
2026-08-26 08:00:00,17325.384000000002,605.6610000000001,16719.721,21158.95,26.6,96,1.7,1.5,98,78.0,13.0,33.7
2026-08-26 09:00:00,17139.754,823.61,16316.142,20939.911,28.4,89,0.4,4.4,95,404.0,154.0,35.4
2026-08-26 10:00:00,17268.89,1076.589,16192.302,21092.29,29.5,84,0.2,3.9,77,473.0,188.0,36.6
2026-08-26 11:00:00,15351.244,1049.519,14301.727,18829.469,29.5,82,0.1,1.5,84,518.0,172.0,36.7
2026-08-26 12:00:00,15377.297,1069.319,14307.977,18860.209,30.5,80,0.1,5.4,84,590.0,237.0,37.8
2026-08-26 13:00:00,15541.867,1096.05,14445.815,19054.401,31.2,78,0.0,2.7,97,620.0,325.0,39.3
2026-08-26 14:00:00,15474.243,939.375,14534.869,18974.607,32.1,71,0.0,2.3,99,598.0,291.0,39.5
2026-08-26 15:00:00,15484.635,779.604,14705.03,18986.869,32.3,66,0.1,4.0,100,486.0,212.0,38.6
2026-08-26 16:00:00,15249.098,529.077,14720.019,18708.936,31.8,69,0.2,4.6,99,358.0,140.0,38.0
2026-08-26 17:00:00,15435.404999999999,277.001,15158.401,18928.78,28.7,92,0.3,5.4,99,221.0,79.0,36.2
2026-08-26 18:00:00,20196.636,0.0,20196.636,24547.033,28.8,91,0.1,2.8,97,20.0,0.0,36.5
2026-08-26 19:00:00,20498.649,0.0,20498.649,24903.402000000002,28.4,93,0.1,6.0,98,1.0,0.0,35.8
2026-08-26 20:00:00,20071.623,0.0,20071.623,24399.514,28.2,93,0.0,7.8,95,0.0,0.0,35.2
2026-08-26 21:00:00,20380.73,0.0,20380.73,24764.264,28.0,94,0.0,8.2,98,0.0,0.0,34.8
2026-08-26 22:00:00,20429.721,0.0,20429.721,24822.074,27.8,93,0.0,6.8,98,0.0,0.0,34.5
2026-08-26 23:00:00,9259.384,0.0,9259.384,11641.072,28.9,92,0.0,6.7,100,0.0,0.0,36.2
2026-08-27 00:00:00,9229.007,0.0,9229.007,11605.229,28.4,92,0.0,6.9,95,0.0,0.0,35.5
2026-08-27 01:00:00,9245.696,0.0,9245.696,11624.923999999999,28.1,92,0.0,7.4,84,0.0,0.0,35.0
2026-08-27 02:00:00,9307.913,0.0,9307.913,11698.338,27.9,92,0.0,6.8,95,0.0,0.0,34.5
2026-08-27 03:00:00,9288.016,0.0,9288.016,11674.859999999999,27.6,92,0.0,5.5,98,0.0,0.0,34.3
2026-08-27 04:00:00,9296.234,0.0,9296.234,11684.559,27.4,91,0.0,5.3,96,0.0,0.0,33.9
2026-08-27 05:00:00,15487.447,0.0,15487.447,18990.188,28.3,90,0.0,5.7,88,0.0,0.0,35.1
2026-08-27 06:00:00,16881.506,0.0,16881.506,20635.176,28.1,90,0.0,6.0,63,10.0,1.0,34.8
2026-08-27 07:00:00,17206.171,319.721,16886.451,21018.283,29.0,88,0.0,6.7,99,109.0,29.0,35.9
2026-08-27 08:00:00,17408.721,613.692,16795.028,21257.29,30.0,83,0.0,3.1,99,209.0,75.0,37.6
2026-08-27 09:00:00,17199.64,852.617,16347.026,21010.575,30.6,81,0.0,2.2,88,273.0,88.0,38.4
2026-08-27 10:00:00,17308.484,1091.218,16217.267,21139.013,31.9,76,0.0,0.4,82,575.0,287.0,40.3
2026-08-27 11:00:00,15277.403999999999,1034.105,14243.298,18742.337,33.8,52,0.0,2.9,89,663.0,398.0,39.2
2026-08-27 12:00:00,15315.256,1055.89,14259.364,18787.0,34.4,50,0.0,4.6,94,653.0,314.0,39.5
2026-08-27 13:00:00,15651.673999999999,1031.21,14620.465,19183.975,32.3,61,0.0,9.0,100,407.0,77.0,36.9
2026-08-27 14:00:00,15640.311,917.886,14722.427,19170.567,31.8,70,0.0,7.1,94,474.0,138.0,37.8
2026-08-27 15:00:00,15411.604000000001,777.539,14634.065,18900.694,31.8,71,0.0,6.2,88,422.0,165.0,38.3
2026-08-27 16:00:00,15246.179,542.241,14703.938,18705.491,32.3,71,0.0,2.5,89,406.0,208.0,39.6
2026-08-27 17:00:00,15488.216,269.122,15219.093,18991.097,30.4,77,0.0,5.6,95,228.0,94.0,36.8
2026-08-27 18:00:00,20431.914,0.0,20431.914,24824.659,30.0,80,0.0,2.0,98,72.0,15.0,37.2
2026-08-27 19:00:00,20590.265,0.0,20590.265,25011.513,29.4,85,0.0,4.8,98,2.0,0.0,36.5
2026-08-27 20:00:00,20382.335,0.0,20382.335,24766.157,29.1,87,0.0,4.9,80,0.0,0.0,36.2
2026-08-27 21:00:00,20634.978,0.0,20634.978,25064.272,28.9,85,0.0,5.4,95,0.0,0.0,35.7
2026-08-27 22:00:00,20475.282,0.0,20475.282,24875.834,28.8,84,0.0,6.7,75,0.0,0.0,35.1
2026-08-27 23:00:00,9303.956,0.0,9303.956,11693.667,29.1,86,0.0,7.2,43,0.0,0.0,35.8
2026-08-28 00:00:00,9279.982,0.0,9279.982,11665.383,28.4,88,0.0,7.6,37,0.0,0.0,34.9
2026-08-28 01:00:00,9295.226,0.0,9295.226,11683.368,28.0,89,0.0,6.3,41,0.0,0.0,34.5
2026-08-28 02:00:00,9238.465,0.0,9238.465,11616.385,27.8,89,0.0,5.0,71,0.0,0.0,34.3
2026-08-28 03:00:00,9312.735,0.0,9312.735,11704.026,27.9,86,0.0,6.8,80,0.0,0.0,33.9
2026-08-28 04:00:00,9301.377,0.0,9301.377,11690.624,28.3,77,0.0,9.4,32,0.0,0.0,32.9
2026-08-28 05:00:00,15265.377,0.0,15265.377,18728.144,26.2,94,0.0,13.9,84,0.0,0.0,30.9
2026-08-28 06:00:00,17497.229,0.0,17497.229,21361.73,27.0,89,0.5,9.8,47,5.0,0.0,32.3
2026-08-28 07:00:00,17198.906,321.218,16877.688,21009.709,28.1,88,0.0,7.4,95,100.0,25.0,34.3
2026-08-28 08:00:00,17330.906,618.7520000000001,16712.155,21165.467,29.5,80,0.0,6.2,64,259.0,105.0,35.6
2026-08-28 09:00:00,17207.464,862.783,16344.682,21019.809,30.8,70,0.0,11.2,45,469.0,273.0,35.7
2026-08-28 10:00:00,17299.654,1052.226,16247.426,21128.593,31.9,65,0.0,10.2,70,648.0,432.0,37.4
2026-08-28 11:00:00,15595.476,1066.298,14529.177,19117.661,32.6,60,0.0,10.9,70,774.0,535.0,38.3
2026-08-28 12:00:00,15332.619,1125.515,14207.104,18807.489,33.4,57,0.0,10.8,38,744.0,479.0,38.8
2026-08-28 13:00:00,15601.756,1042.766,14558.988,19125.071,33.9,54,0.0,10.7,21,775.0,501.0,39.3
2026-08-28 14:00:00,15694.544,981.268,14713.279999999999,19234.561999999998,34.2,52,0.0,11.0,20,725.0,493.0,39.0
2026-08-28 15:00:00,15460.047,748.297,14711.749,18957.855,34.1,52,0.0,11.5,36,605.0,413.0,38.2
2026-08-28 16:00:00,15323.188,579.832,14743.358,18796.362,33.8,54,0.0,10.9,11,449.0,292.0,37.7
2026-08-28 17:00:00,15365.374,270.71999999999997,15094.655999999999,18846.145,33.5,58,0.0,9.5,2,258.0,142.0,38.2
2026-08-28 18:00:00,20274.185,0.0,20274.185,24638.54,31.9,67,0.0,4.6,11,81.0,29.0,37.9
2026-08-28 19:00:00,20442.82,0.0,20442.82,24837.527000000002,31.2,71,0.0,3.4,5,2.0,0.0,37.5
2026-08-28 20:00:00,20292.245,0.0,20292.245,24659.849000000002,30.6,73,0.0,3.1,12,0.0,0.0,37.0
2026-08-28 21:00:00,20367.015,0.0,20367.015,24748.076,29.8,77,0.0,4.2,38,0.0,0.0,36.0
2026-08-28 22:00:00,20328.034,0.0,20328.034,24702.078999999998,29.3,78,0.0,4.0,65,0.0,0.0,35.6
2026-08-28 23:00:00,9247.582,0.0,9247.582,11627.148,29.4,79,0.0,3.9,43,0.0,0.0,35.7
2026-08-29 00:00:00,7995.048,0.0,7995.048,10149.159,28.7,79,0.0,4.3,38,0.0,0.0,34.6
2026-08-29 01:00:00,8056.685,0.0,8056.685,10221.888,28.4,80,0.0,5.6,59,0.0,0.0,33.9
2026-08-29 02:00:00,7997.618,0.0,7997.618,10152.19,28.2,79,0.0,7.5,95,0.0,0.0,33.3
2026-08-29 03:00:00,8064.917,0.0,8064.917,10231.605,27.9,79,0.0,8.2,63,0.0,0.0,32.8
2026-08-29 04:00:00,7975.7300000000005,0.0,7975.7300000000005,10126.361,27.8,79,0.0,9.8,48,0.0,0.0,32.2
2026-08-29 05:00:00,13448.654,0.0,13448.654,16584.412,28.2,78,0.0,12.3,97,0.0,0.0,32.5
2026-08-29 06:00:00,15052.034,0.0,15052.034,18476.4,27.9,78,0.0,11.9,99,9.0,1.0,32.1
2026-08-29 07:00:00,15005.039,269.856,14735.184,18420.943,28.5,75,0.0,11.7,98,113.0,34.0,32.7
2026-08-29 08:00:00,15076.859,524.966,14551.895,18505.695,29.5,71,0.0,12.6,78,289.0,136.0,33.5
2026-08-29 09:00:00,14984.177,771.1080000000001,14213.069,18396.33,30.6,67,0.0,12.4,85,488.0,299.0,34.7
2026-08-29 10:00:00,15252.504,956.179,14296.322,18712.953,31.8,63,0.0,12.3,59,664.0,456.0,36.7
2026-08-29 11:00:00,13500.65,911.783,12588.867,16645.768,33.3,57,0.0,10.9,29,784.0,560.0,38.9
2026-08-29 12:00:00,13481.291,974.331,12506.958999999999,16622.923,34.1,55,0.0,10.5,0,849.0,621.0,40.1
2026-08-29 13:00:00,13700.08,916.703,12783.374,16881.091,34.7,52,0.0,10.2,4,849.0,642.0,40.6
2026-08-29 14:00:00,13417.146,775.63,12641.514,16547.229,34.9,50,0.0,10.5,69,771.0,569.0,40.1
2026-08-29 15:00:00,13467.638,635.812,12831.83,16606.814,34.8,50,0.0,10.3,59,612.0,427.0,39.0
2026-08-29 16:00:00,13388.564,487.415,12901.148,16513.505,34.5,51,0.0,10.4,86,451.0,290.0,38.2
2026-08-29 17:00:00,13598.694,254.94,13343.756,16761.457,33.8,54,0.0,8.6,47,237.0,111.0,38.1
2026-08-29 18:00:00,17559.258,0.0,17559.258,21434.925,32.5,65,0.0,3.2,87,77.0,25.0,38.8
2026-08-29 19:00:00,17641.457000000002,0.0,17641.457000000002,21531.918999999998,31.9,70,0.0,1.3,98,2.0,0.0,38.8
2026-08-29 20:00:00,17942.884,0.0,17942.884,21887.603,31.0,74,0.0,3.6,100,0.0,0.0,37.7
2026-08-29 21:00:00,17899.94,0.0,17899.94,21836.929,30.6,74,0.0,5.1,100,0.0,0.0,36.7
2026-08-29 22:00:00,17723.313000000002,0.0,17723.313000000002,21628.509,30.0,75,0.0,3.8,96,0.0,0.0,36.3
2026-08-29 23:00:00,7979.024,0.0,7979.024,10130.248,30.2,74,0.0,5.5,94,0.0,0.0,36.0
2026-08-30 00:00:00,8020.376,0.0,8020.376,10179.044,29.4,77,0.0,5.6,96,0.0,0.0,35.3
2026-08-30 01:00:00,8078.249,0.0,8078.249,10247.335,29.1,77,0.0,7.1,38,0.0,0.0,34.6
2026-08-30 02:00:00,8149.758,0.0,8149.758,10331.715,28.8,76,0.0,7.5,10,0.0,0.0,33.8
2026-08-30 03:00:00,8062.003,0.0,8062.003,10228.164,28.4,74,0.0,8.4,5,0.0,0.0,32.8
2026-08-30 04:00:00,8097.149,0.0,8097.149,10269.636,27.9,75,0.0,8.4,26,0.0,0.0,32.1
2026-08-30 05:00:00,13544.386,0.0,13544.386,16697.376,28.4,72,0.0,10.6,1,0.0,0.0,32.3
2026-08-30 06:00:00,15164.895999999999,0.0,15164.895999999999,18609.576,28.1,73,0.0,9.9,26,8.0,1.0,32.0
2026-08-30 07:00:00,15222.017,259.532,14962.484,18676.979,28.9,71,0.0,9.0,66,106.0,35.0,33.1
2026-08-30 08:00:00,15029.247,547.962,14481.285,18449.515,29.8,68,0.0,10.8,79,257.0,115.0,33.8
2026-08-30 09:00:00,15281.189,768.508,14512.677,18746.802,30.8,65,0.0,9.9,99,394.0,211.0,35.1
2026-08-30 10:00:00,15005.814,885.058,14120.757,18421.862,32.3,61,0.0,9.7,95,583.0,373.0,36.9
2026-08-30 11:00:00,13496.238,924.981,12571.255000000001,16640.559,33.2,56,0.0,10.0,100,716.0,464.0,38.3
2026-08-30 12:00:00,13315.562,969.051,12346.512999999999,16427.364999999998,33.7,53,0.0,9.0,100,600.0,279.0,38.1
2026-08-30 13:00:00,13449.088,940.533,12508.554,16584.921,33.4,54,0.0,7.4,100,403.0,59.0,37.7
2026-08-30 14:00:00,13453.064,819.987,12633.078000000001,16589.617,33.3,54,0.0,6.6,100,300.0,11.0,37.7
2026-08-30 15:00:00,13506.298999999999,669.983,12836.317,16652.433,34.0,51,0.0,5.7,97,429.0,165.0,38.3
2026-08-30 16:00:00,13363.782000000001,469.326,12894.459,16484.264,33.7,51,0.1,8.2,98,350.0,151.0,37.5
2026-08-30 17:00:00,13368.939,246.882,13122.059,16490.35,33.6,54,0.1,8.6,98,195.0,46.0,37.8
2026-08-30 18:00:00,17657.4,0.0,17657.4,21550.732,32.3,63,0.0,6.3,98,69.0,16.0,37.6
2026-08-30 19:00:00,17638.686,0.0,17638.686,21528.65,31.4,69,0.0,5.3,100,1.0,0.0,37.3
2026-08-30 20:00:00,17699.14,0.0,17699.14,21599.985,31.0,70,0.0,6.0,99,0.0,0.0,36.7
2026-08-30 21:00:00,17738.436,0.0,17738.436,21646.352,30.5,71,0.0,6.2,96,0.0,0.0,36.0
2026-08-30 22:00:00,17872.082,0.0,17872.082,21804.057,30.0,72,0.0,5.2,95,0.0,0.0,35.6
2026-08-30 23:00:00,7998.289,0.0,7998.289,10152.986,30.0,74,0.0,6.0,91,0.0,0.0,35.7
2026-08-31 00:00:00,9232.581,0.0,9232.581,11609.444,29.4,75,0.0,6.7,78,0.0,0.0,34.8
2026-08-31 01:00:00,9285.051,0.0,9285.051,11671.358,29.1,73,0.0,7.9,73,0.0,0.0,33.9
2026-08-31 02:00:00,9416.057,0.0,9416.057,11825.95,28.8,70,0.0,8.6,41,0.0,0.0,32.9
2026-08-31 03:00:00,9229.007,0.0,9229.007,11605.228,28.3,70,0.0,9.0,14,0.0,0.0,31.9
2026-08-31 04:00:00,9443.676,0.0,9443.676,11858.538,27.8,71,0.0,9.0,28,0.0,0.0,31.4
2026-08-31 05:00:00,15560.164,0.0,15560.164,19075.995,28.2,70,0.0,12.6,95,0.0,0.0,31.3
2026-08-31 06:00:00,17282.19,0.0,17282.19,21107.986,27.8,70,0.0,11.7,86,6.0,1.0,31.0
2026-08-31 07:00:00,17180.397,332.393,16848.004,20987.865999999998,28.3,69,0.0,10.8,95,89.0,24.0,31.6
2026-08-31 08:00:00,17265.538,617.969,16647.57,21088.337,29.3,65,0.0,12.1,84,236.0,105.0,32.4
2026-08-31 09:00:00,17491.716,870.582,16621.133,21355.222999999998,30.0,63,0.0,11.6,95,290.0,103.0,33.3
2026-08-31 10:00:00,17281.845,981.035,16300.806,21107.575,31.9,57,0.0,10.8,89,543.0,324.0,35.4
2026-08-31 11:00:00,15454.052,1019.821,14434.231,18950.782,33.4,51,0.0,12.0,80,653.0,368.0,37.1
2026-08-31 12:00:00,15561.795,1157.821,14403.973,19077.919,33.7,50,0.2,9.6,89,707.0,410.0,38.0
2026-08-31 13:00:00,15451.796,1053.995,14397.802,18948.121,34.4,48,0.2,8.2,96,729.0,442.0,39.0
2026-08-31 14:00:00,15445.331,935.539,14509.79,18940.49,34.3,48,0.2,8.8,85,585.0,322.0,37.9
2026-08-31 15:00:00,15326.85,761.12,14565.731,18800.684,34.3,48,0.1,9.6,98,491.0,267.0,37.6
2026-08-31 16:00:00,15494.803,529.87,14964.933,18998.869,34.0,48,0.0,10.8,92,359.0,169.0,37.0
2026-08-31 17:00:00,15340.648,272.805,15067.841,18816.965,33.2,53,0.0,9.4,95,197.0,77.0,37.0
2026-08-31 18:00:00,20299.462,0.0,20299.462,24668.364,32.4,57,0.0,7.0,95,61.0,15.0,36.8
2026-08-31 19:00:00,20459.229,0.0,20459.229,24856.89,31.7,64,0.0,3.4,97,1.0,0.0,37.3
2026-08-31 20:00:00,20221.57,0.0,20221.57,24576.452,31.6,68,0.0,1.1,61,0.0,0.0,38.1
2026-08-31 21:00:00,20381.86,0.0,20381.86,24765.596999999998,31.2,71,0.0,0.8,73,0.0,0.0,37.9
2026-08-31 22:00:00,20216.83,0.0,20216.83,24570.856,30.6,73,0.0,2.4,100,0.0,0.0,37.1
2026-08-31 23:00:00,9213.652,0.0,9213.652,11587.109,30.6,71,0.0,5.4,99,0.0,0.0,36.3
2026-09-01 00:00:00,9374.144,0.0,9374.144,11776.491,29.4,77,0.1,5.6,67,0.0,0.0,35.3
2026-09-01 01:00:00,9204.163999999999,0.0,9204.163999999999,11575.911,28.9,78,0.0,5.4,13,0.0,0.0,34.6
2026-09-01 02:00:00,9279.89,0.0,9279.89,11665.27,28.4,77,0.0,5.1,21,0.0,0.0,33.8
2026-09-01 03:00:00,9314.95,0.0,9314.95,11706.641,28.1,75,0.0,6.3,24,0.0,0.0,32.8
2026-09-01 04:00:00,9200.322,0.0,9200.322,11571.38,27.8,74,0.0,5.4,77,0.0,0.0,32.4
2026-09-01 05:00:00,15476.74,0.0,15476.74,18977.554,28.2,72,0.0,10.4,73,0.0,0.0,31.9
2026-09-01 06:00:00,17443.54,0.0,17443.54,21298.378,27.7,74,0.0,8.5,91,8.0,1.0,31.7
2026-09-01 07:00:00,17238.696,295.109,16943.588,21056.663,28.5,73,0.0,8.6,82,110.0,37.0,32.7
2026-09-01 08:00:00,17106.795,596.5120000000001,16510.284,20901.018,29.5,69,0.0,10.1,65,283.0,139.0,33.6
2026-09-01 09:00:00,17264.735,871.723,16393.013,21087.391,30.8,65,0.0,9.7,13,472.0,286.0,35.0
2026-09-01 10:00:00,17219.761,1020.49,16199.271,21034.319,32.1,60,0.0,8.7,20,628.0,408.0,36.9
2026-09-01 11:00:00,15433.969000000001,1047.479,14386.491,18927.086,32.6,55,0.1,7.7,98,725.0,478.0,37.6
2026-09-01 12:00:00,15429.417,1086.59,14342.826000000001,18921.713,33.4,52,0.0,4.7,63,572.0,224.0,37.8
2026-09-01 13:00:00,15199.466,987.349,14212.115,18650.37,34.3,49,0.2,3.9,70,716.0,434.0,39.6
2026-09-01 14:00:00,15544.518,901.578,14642.935,19057.531,33.6,52,0.3,5.9,38,616.0,359.0,38.2
2026-09-01 15:00:00,15648.61,733.96,14914.649,19180.362,31.7,61,1.4,9.3,64,521.0,292.0,35.9
2026-09-01 16:00:00,15433.836,539.174,14894.662,18926.928,32.1,59,0.2,4.1,29,366.0,189.0,37.1
2026-09-01 17:00:00,15488.777,296.924,15191.857,18991.759000000002,31.7,64,1.5,3.4,29,162.0,50.0,37.4
2026-09-01 18:00:00,20325.011,0.0,20325.011,24698.512,31.6,62,0.1,4.1,44,58.0,13.0,36.7
2026-09-01 19:00:00,20580.57,0.0,20580.57,25000.077,30.7,67,0.0,4.2,27,1.0,0.0,36.1
2026-09-01 20:00:00,20270.951,0.0,20270.951,24634.724000000002,29.9,73,0.0,4.4,23,0.0,0.0,35.6
2026-09-01 21:00:00,20197.316,0.0,20197.316,24547.834,29.5,76,0.0,2.9,27,0.0,0.0,35.7
2026-09-01 22:00:00,20450.09,0.0,20450.09,24846.107,29.2,80,0.0,1.8,24,0.0,0.0,35.9
2026-09-01 23:00:00,9333.43,0.0,9333.43,11728.449,27.3,82,0.0,5.2,35,0.0,0.0,32.6
2026-09-02 00:00:00,9323.45,0.0,9323.45,11716.67,27.2,84,0.1,5.6,19,0.0,0.0,32.6
2026-09-02 01:00:00,9294.912,0.0,9294.912,11682.996,26.5,88,0.0,6.6,23,0.0,0.0,31.8
2026-09-02 02:00:00,9310.966,0.0,9310.966,11701.939,26.1,91,0.0,3.3,10,0.0,0.0,32.0
2026-09-02 03:00:00,9246.774,0.0,9246.774,11626.192,26.1,91,0.0,2.3,5,0.0,0.0,32.1
2026-09-02 04:00:00,9262.474,0.0,9262.474,11644.722,26.2,91,0.0,1.3,6,0.0,0.0,32.4
2026-09-02 05:00:00,15596.073,0.0,15596.073,19118.368,26.1,91,0.0,3.1,71,0.0,0.0,32.0
2026-09-02 06:00:00,17324.359,0.0,17324.359,21157.747,26.2,90,0.1,3.0,68,5.0,0.0,32.0
2026-09-02 07:00:00,17555.604,314.486,17241.116,21430.612,26.5,86,0.0,2.7,43,85.0,19.0,32.1
2026-09-02 08:00:00,17296.885,586.71,16710.178,21125.328,28.4,76,0.0,3.6,91,253.0,103.0,33.8
2026-09-02 09:00:00,17294.726,889.92,16404.808,21122.777000000002,30.1,69,0.0,3.2,32,416.0,207.0,35.5
2026-09-02 10:00:00,17287.552,1104.306,16183.248,21114.313,31.7,62,0.0,2.2,37,598.0,367.0,37.5
2026-09-02 11:00:00,15331.364,1096.123,14235.241,18806.008,32.5,60,0.3,5.5,100,719.0,457.0,38.7
2026-09-02 12:00:00,15368.881,1107.933,14260.946,18850.279,26.5,91,10.2,5.6,99,336.0,99.0,32.3
2026-09-02 13:00:00,15493.95,1036.479,14457.471,18997.86,26.5,95,2.1,6.1,90,209.0,0.0,32.7
2026-09-02 14:00:00,15201.915,924.855,14277.061,18653.258,28.7,83,0.6,3.4,82,463.0,189.0,35.2
2026-09-02 15:00:00,15613.479,768.848,14844.632,19138.908,29.0,77,0.1,5.7,83,354.0,151.0,34.6
2026-09-02 16:00:00,15389.805,548.689,14841.114,18874.97,29.3,76,0.0,5.9,80,240.0,92.0,35.0
2026-09-02 17:00:00,15495.708,270.363,15225.343,18999.936,30.5,66,0.0,9.3,37,177.0,64.0,34.9
2026-09-02 18:00:00,20029.336,0.0,20029.336,24349.615,29.1,72,0.1,8.8,53,61.0,16.0,33.5
2026-09-02 19:00:00,20326.525999999998,0.0,20326.525999999998,24700.301,28.6,74,0.0,5.4,51,0.0,0.0,33.5
2026-09-02 20:00:00,20417.599,0.0,20417.599,24807.766,28.1,76,0.0,5.6,16,0.0,0.0,33.0
2026-09-02 21:00:00,20187.274,0.0,20187.274,24535.985,27.6,82,0.0,4.7,27,0.0,0.0,33.0
2026-09-02 22:00:00,20385.136,0.0,20385.136,24769.458,27.2,86,0.0,3.9,16,0.0,0.0,33.0
2026-09-02 23:00:00,9270.642,0.0,9270.642,11654.36,27.4,89,0.0,5.0,21,0.0,0.0,33.6
2026-09-03 00:00:00,9309.557,0.0,9309.557,11700.28,26.9,90,0.0,6.5,26,0.0,0.0,32.7
