datetime,temperature,humidity,precipitation,wind_speed,cloud_cover,solar_radiation,direct_radiation,feels_like
2025-01-13 00:00:00,9.9,96,0.0,4.2,0,0.0,0.0,9.1
2025-01-13 01:00:00,9.8,96,0.0,4.9,0,0.0,0.0,8.9
2025-01-13 02:00:00,9.7,97,0.0,5.2,11,0.0,0.0,8.7
2025-01-13 03:00:00,9.5,97,0.0,5.4,20,0.0,0.0,8.5
2025-01-13 04:00:00,9.4,98,0.0,6.8,41,0.0,0.0,8.1
2025-01-13 05:00:00,9.2,99,0.0,7.1,100,0.0,0.0,7.8
2025-01-13 06:00:00,9.9,98,0.0,7.2,48,0.0,0.0,8.7
2025-01-13 07:00:00,9.8,97,0.0,7.2,21,1.0,0.0,8.6
2025-01-13 08:00:00,10.8,94,0.0,8.2,3,68.0,24.0,9.5
2025-01-13 09:00:00,12.2,92,0.0,6.7,0,220.0,119.0,11.5
2025-01-13 10:00:00,14.1,83,0.0,6.7,0,390.0,262.0,13.5
2025-01-13 11:00:00,15.7,77,0.0,6.8,0,520.0,385.0,15.2
2025-01-13 12:00:00,17.2,73,0.0,6.4,0,587.0,447.0,17.2
2025-01-13 13:00:00,18.3,68,0.0,6.2,0,588.0,449.0,18.3
2025-01-13 14:00:00,18.9,65,0.0,6.6,0,522.0,391.0,18.6
2025-01-13 15:00:00,19.0,65,0.0,7.0,0,400.0,284.0,18.6
2025-01-13 16:00:00,18.5,69,0.0,6.7,0,238.0,148.0,18.3
2025-01-13 17:00:00,16.8,77,0.0,5.8,0,77.0,33.0,16.8
2025-01-13 18:00:00,15.5,82,0.0,7.0,0,1.0,0.0,15.2
2025-01-13 19:00:00,14.8,83,0.0,7.7,0,0.0,0.0,14.3
2025-01-13 20:00:00,14.1,85,0.0,8.6,0,0.0,0.0,13.3
2025-01-13 21:00:00,13.4,86,0.0,8.6,0,0.0,0.0,12.4
2025-01-13 22:00:00,12.8,88,0.0,8.5,0,0.0,0.0,11.8
2025-01-13 23:00:00,12.2,90,0.0,8.0,0,0.0,0.0,11.1
2025-01-14 00:00:00,11.6,91,0.0,7.5,0,0.0,0.0,10.6
2025-01-14 01:00:00,11.1,93,0.0,8.0,0,0.0,0.0,9.9
2025-01-14 02:00:00,10.7,94,0.0,8.1,0,0.0,0.0,9.4
2025-01-14 03:00:00,9.9,95,0.0,7.2,0,0.0,0.0,8.6
2025-01-14 04:00:00,9.5,95,0.0,7.3,0,0.0,0.0,8.1
2025-01-14 05:00:00,9.0,95,0.0,6.6,0,0.0,0.0,7.5
2025-01-14 06:00:00,9.1,96,0.0,6.3,0,0.0,0.0,7.7
2025-01-14 07:00:00,8.7,97,0.0,6.2,0,1.0,0.0,7.3
2025-01-14 08:00:00,10.0,95,0.0,8.1,1,78.0,34.0,8.6
2025-01-14 09:00:00,11.9,90,0.0,5.4,0,239.0,143.0,11.2
2025-01-14 10:00:00,13.7,83,0.0,4.3,0,406.0,284.0,13.3
2025-01-14 11:00:00,15.4,75,0.0,4.0,0,533.0,402.0,15.1
2025-01-14 12:00:00,16.7,70,0.0,3.3,0,599.0,462.0,16.9
2025-01-14 13:00:00,17.6,67,0.0,3.2,0,599.0,461.0,17.9
2025-01-14 14:00:00,18.1,64,0.0,3.4,0,532.0,402.0,18.0
2025-01-14 15:00:00,18.2,64,0.0,3.9,0,409.0,293.0,18.0
2025-01-14 16:00:00,17.8,66,0.0,3.6,0,245.0,154.0,17.7
2025-01-14 17:00:00,16.2,74,0.0,2.1,0,80.0,35.0,16.4
2025-01-14 18:00:00,15.4,76,0.0,2.1,0,1.0,0.0,15.4
2025-01-14 19:00:00,14.4,80,0.0,2.2,0,0.0,0.0,14.4
2025-01-14 20:00:00,14.1,80,0.0,1.5,0,0.0,0.0,14.1
2025-01-14 21:00:00,13.3,82,0.0,4.5,0,0.0,0.0,12.8
2025-01-14 22:00:00,13.3,82,0.0,1.4,0,0.0,0.0,13.1
2025-01-14 23:00:00,12.4,85,0.0,2.4,0,0.0,0.0,12.1
2025-01-15 00:00:00,11.9,88,0.0,0.7,0,0.0,0.0,11.8
2025-01-15 01:00:00,11.4,90,0.0,0.2,100,0.0,0.0,11.3
2025-01-15 02:00:00,10.6,93,0.0,0.6,39,0.0,0.0,10.4
2025-01-15 03:00:00,9.5,99,0.0,0.5,17,0.0,0.0,9.3
2025-01-15 04:00:00,9.3,99,0.0,0.4,100,0.0,0.0,9.0
2025-01-15 05:00:00,9.1,99,0.0,1.1,100,0.0,0.0,8.6
2025-01-15 06:00:00,9.1,99,0.0,1.8,100,0.0,0.0,8.5
2025-01-15 07:00:00,9.2,98,0.0,2.4,100,1.0,0.0,8.5
2025-01-15 08:00:00,9.7,98,0.0,2.8,100,42.0,3.0,9.1
2025-01-15 09:00:00,11.0,93,0.0,4.2,100,137.0,16.0,10.4
2025-01-15 10:00:00,12.6,94,0.0,4.2,98,264.0,52.0,12.4
2025-01-15 11:00:00,15.2,87,0.0,3.8,65,472.0,249.0,15.6
2025-01-15 12:00:00,17.1,79,0.0,5.6,24,575.0,400.0,17.5
2025-01-15 13:00:00,18.0,69,0.0,5.9,10,566.0,390.0,17.9
2025-01-15 14:00:00,18.3,67,0.0,5.3,11,519.0,370.0,18.1
2025-01-15 15:00:00,18.4,66,0.0,5.4,13,406.0,282.0,18.1
2025-01-15 16:00:00,18.0,67,0.0,5.1,26,237.0,139.0,17.7
2025-01-15 17:00:00,16.3,78,0.0,3.9,44,75.0,25.0,16.4
2025-01-15 18:00:00,14.2,82,0.0,5.8,92,2.0,0.0,13.7
2025-01-15 19:00:00,13.6,86,0.0,4.8,56,0.0,0.0,13.3
2025-01-15 20:00:00,12.9,89,0.9,4.5,79,0.0,0.0,12.5
2025-01-15 21:00:00,13.0,89,1.6,3.6,86,0.0,0.0,12.8
2025-01-15 22:00:00,12.9,90,0.4,6.3,49,0.0,0.0,12.3
2025-01-15 23:00:00,12.2,93,0.0,2.2,60,0.0,0.0,12.2
2025-01-16 00:00:00,12.0,92,0.0,2.6,67,0.0,0.0,11.8
2025-01-16 01:00:00,11.6,93,0.0,2.7,55,0.0,0.0,11.3
2025-01-16 02:00:00,11.1,95,0.0,4.5,91,0.0,0.0,10.5
2025-01-16 03:00:00,11.7,95,0.0,4.0,100,0.0,0.0,11.3
2025-01-16 04:00:00,11.6,95,0.0,3.2,100,0.0,0.0,11.3
2025-01-16 05:00:00,11.8,94,0.0,4.0,83,0.0,0.0,11.4
2025-01-16 06:00:00,12.2,94,0.1,6.2,100,0.0,0.0,11.6
2025-01-16 07:00:00,12.3,94,0.1,5.6,100,0.0,0.0,11.8
2025-01-16 08:00:00,12.6,93,0.2,4.3,100,17.0,0.0,12.4
2025-01-16 09:00:00,13.1,93,0.3,5.8,100,64.0,0.0,12.9
2025-01-16 10:00:00,14.5,87,0.0,5.7,16,269.0,128.0,14.3
2025-01-16 11:00:00,16.2,75,0.0,5.6,32,515.0,355.0,15.9
2025-01-16 12:00:00,17.0,70,0.0,3.8,30,495.0,289.0,16.8
2025-01-16 13:00:00,17.4,67,0.0,3.7,39,423.0,174.0,17.2
2025-01-16 14:00:00,18.0,63,0.0,3.1,7,429.0,215.0,17.8
2025-01-16 15:00:00,18.0,62,0.0,3.3,3,342.0,190.0,17.7
2025-01-16 16:00:00,17.8,63,0.0,4.1,15,194.0,83.0,17.4
2025-01-16 17:00:00,17.0,73,0.0,2.1,7,67.0,19.0,17.3
2025-01-16 18:00:00,14.7,80,0.0,3.3,1,2.0,0.0,14.6
2025-01-16 19:00:00,13.8,83,0.0,4.5,0,0.0,0.0,13.5
2025-01-16 20:00:00,13.3,85,0.0,5.0,1,0.0,0.0,12.8
2025-01-16 21:00:00,12.6,86,0.0,5.2,1,0.0,0.0,12.0
2025-01-16 22:00:00,12.1,88,0.0,5.1,0,0.0,0.0,11.3
2025-01-16 23:00:00,11.5,89,0.0,4.8,0,0.0,0.0,10.8
2025-01-17 00:00:00,11.1,91,0.0,5.2,0,0.0,0.0,10.2
2025-01-17 01:00:00,11.0,90,0.0,5.6,0,0.0,0.0,10.0
2025-01-17 02:00:00,11.0,89,0.0,6.5,0,0.0,0.0,9.8
2025-01-17 03:00:00,10.7,90,0.0,7.5,0,0.0,0.0,9.4
2025-01-17 04:00:00,10.3,89,0.0,7.5,0,0.0,0.0,8.8
2025-01-17 05:00:00,9.8,89,0.0,7.1,0,0.0,0.0,8.3
2025-01-17 06:00:00,9.3,94,0.0,5.9,0,0.0,0.0,8.0
2025-01-17 07:00:00,9.2,94,0.0,6.1,0,1.0,0.0,7.9
2025-01-17 08:00:00,10.7,91,0.0,7.8,0,80.0,35.0,9.4
2025-01-17 09:00:00,12.4,87,0.0,5.7,0,249.0,156.0,11.6
2025-01-17 10:00:00,14.3,81,0.0,5.0,0,418.0,300.0,13.9
2025-01-17 11:00:00,16.2,74,0.0,5.8,0,545.0,413.0,15.8
2025-01-17 12:00:00,17.6,67,0.0,6.8,0,614.0,477.0,17.4
2025-01-17 13:00:00,18.5,62,0.0,7.2,0,617.0,479.0,18.1
2025-01-17 14:00:00,18.9,58,0.0,8.5,0,552.0,422.0,17.8
2025-01-17 15:00:00,18.8,58,0.0,9.3,0,427.0,311.0,17.5
2025-01-17 16:00:00,18.0,61,0.0,8.4,0,260.0,168.0,16.9
2025-01-17 17:00:00,16.2,69,0.0,7.6,0,88.0,41.0,15.2
2025-01-17 18:00:00,14.2,76,0.0,7.8,0,2.0,0.0,13.0
2025-01-17 19:00:00,13.3,79,0.0,7.9,0,0.0,0.0,12.0
2025-01-17 20:00:00,12.6,82,0.0,7.9,0,0.0,0.0,11.4
2025-01-17 21:00:00,11.8,85,0.0,6.6,14,0.0,0.0,10.7
2025-01-17 22:00:00,10.7,89,0.0,5.1,3,0.0,0.0,9.6
2025-01-17 23:00:00,10.2,91,0.0,5.2,7,0.0,0.0,9.1
2025-01-18 00:00:00,9.7,93,0.0,5.7,23,0.0,0.0,8.5
2025-01-18 01:00:00,8.8,96,0.0,4.3,12,0.0,0.0,7.6
2025-01-18 02:00:00,8.4,97,0.0,4.9,7,0.0,0.0,7.1
2025-01-18 03:00:00,8.2,99,0.0,6.9,30,0.0,0.0,6.6
2025-01-18 04:00:00,7.9,100,0.0,8.6,100,0.0,0.0,6.0
2025-01-18 05:00:00,7.8,99,0.0,7.7,100,0.0,0.0,6.0
2025-01-18 06:00:00,9.5,99,0.0,6.7,100,0.0,0.0,8.3
2025-01-18 07:00:00,9.7,97,0.0,6.6,100,1.0,0.0,8.5
2025-01-18 08:00:00,10.0,98,0.0,7.5,100,41.0,3.0,8.8
2025-01-18 09:00:00,10.7,96,0.0,6.5,100,116.0,8.0,9.7
2025-01-18 10:00:00,12.7,89,0.0,3.5,100,274.0,56.0,12.4
2025-01-18 11:00:00,14.0,84,0.0,2.1,79,350.0,95.0,14.1
2025-01-18 12:00:00,15.6,77,0.0,3.3,3,515.0,275.0,15.6
2025-01-18 13:00:00,17.1,69,0.0,3.0,1,633.0,490.0,17.6
2025-01-18 14:00:00,17.8,65,0.0,4.6,93,554.0,422.0,17.4
2025-01-18 15:00:00,17.8,62,0.0,3.4,4,350.0,174.0,17.4
2025-01-18 16:00:00,17.6,63,0.0,2.7,7,263.0,171.0,17.4
2025-01-18 17:00:00,16.0,72,0.0,1.0,45,91.0,42.0,16.1
2025-01-18 18:00:00,15.1,79,0.0,1.1,45,2.0,0.0,15.4
2025-01-18 19:00:00,14.1,81,0.0,0.6,34,0.0,0.0,14.2
2025-01-18 20:00:00,13.2,84,0.0,0.3,35,0.0,0.0,13.3
2025-01-18 21:00:00,12.3,87,0.0,1.7,17,0.0,0.0,12.1
2025-01-18 22:00:00,11.1,92,0.0,3.7,57,0.0,0.0,10.5
2025-01-18 23:00:00,10.1,96,0.0,3.8,58,0.0,0.0,9.4
2025-01-19 00:00:00,9.7,98,0.0,4.5,96,0.0,0.0,8.9
2025-01-19 01:00:00,9.4,100,0.0,3.6,100,0.0,0.0,8.7
2025-01-19 02:00:00,9.2,100,0.0,3.1,100,0.0,0.0,8.5
2025-01-19 03:00:00,8.9,100,0.0,1.6,100,0.0,0.0,8.4
2025-01-19 04:00:00,9.1,98,0.0,1.9,100,0.0,0.0,8.5
2025-01-19 05:00:00,9.0,99,0.0,1.5,100,0.0,0.0,8.5
2025-01-19 06:00:00,10.4,95,0.0,2.2,100,0.0,0.0,10.0
2025-01-19 07:00:00,10.4,96,0.0,2.9,100,1.0,0.0,9.9
2025-01-19 08:00:00,10.9,95,0.0,2.0,100,50.0,7.0,10.6
2025-01-19 09:00:00,12.3,96,0.0,1.5,100,158.0,30.0,12.5
2025-01-19 10:00:00,14.3,90,0.0,2.1,43,286.0,112.0,14.9
2025-01-19 11:00:00,16.5,84,0.0,3.0,6,431.0,218.0,17.3
2025-01-19 12:00:00,18.7,73,0.0,3.4,22,577.0,405.0,19.6
2025-01-19 13:00:00,20.2,67,0.0,3.7,6,597.0,455.0,21.2
2025-01-19 14:00:00,21.1,65,0.0,4.6,33,534.0,400.0,21.8
2025-01-19 15:00:00,21.3,65,0.0,4.9,51,412.0,292.0,22.0
2025-01-19 16:00:00,20.8,68,0.0,4.1,71,250.0,153.0,21.8
2025-01-19 17:00:00,19.0,78,0.0,3.2,58,84.0,35.0,20.2
2025-01-19 18:00:00,18.1,81,0.0,4.6,95,3.0,0.0,19.0
2025-01-19 19:00:00,17.7,80,0.0,3.2,89,0.0,0.0,18.6
2025-01-19 20:00:00,17.2,80,0.0,2.8,36,0.0,0.0,18.0
2025-01-19 21:00:00,16.6,80,0.0,2.4,8,0.0,0.0,17.2
2025-01-19 22:00:00,15.6,84,0.0,3.6,0,0.0,0.0,16.0
2025-01-19 23:00:00,14.7,88,0.0,5.5,0,0.0,0.0,14.7
2025-01-20 00:00:00,14.3,89,0.0,5.5,4,0.0,0.0,14.3
2025-01-20 01:00:00,13.7,91,0.0,5.6,2,0.0,0.0,13.6
2025-01-20 02:00:00,13.3,91,0.0,5.9,13,0.0,0.0,12.9
2025-01-20 03:00:00,13.0,91,0.0,6.4,23,0.0,0.0,12.5
2025-01-20 04:00:00,12.8,91,0.0,7.5,33,0.0,0.0,12.1
2025-01-20 05:00:00,12.5,91,0.0,7.5,45,0.0,0.0,11.8
2025-01-20 06:00:00,12.0,93,0.0,8.2,40,0.0,0.0,11.1
2025-01-20 07:00:00,11.7,94,0.0,7.8,46,1.0,0.0,10.8
2025-01-20 08:00:00,12.6,93,0.0,8.0,23,73.0,28.0,11.9
2025-01-20 09:00:00,14.4,90,0.0,6.1,16,232.0,128.0,14.4
2025-01-20 10:00:00,16.5,84,0.0,6.5,0,395.0,256.0,16.8
2025-01-20 11:00:00,18.5,77,0.0,7.7,0,539.0,405.0,18.8
2025-01-20 12:00:00,20.1,72,0.0,8.3,0,607.0,469.0,20.8
2025-01-20 13:00:00,21.2,70,0.0,9.1,0,610.0,472.0,22.1
2025-01-20 14:00:00,21.9,66,0.0,10.2,0,548.0,416.0,22.1
2025-01-20 15:00:00,21.9,65,0.0,10.2,0,426.0,310.0,22.1
2025-01-20 16:00:00,21.4,68,0.0,8.8,0,263.0,170.0,21.8
2025-01-20 17:00:00,19.6,75,0.0,6.5,0,92.0,43.0,20.3
2025-01-20 18:00:00,18.5,79,0.0,6.7,0,3.0,0.0,19.1
2025-01-20 19:00:00,17.9,81,0.0,7.2,0,0.0,0.0,18.3
2025-01-20 20:00:00,17.1,84,0.0,7.1,0,0.0,0.0,17.5
2025-01-20 21:00:00,16.4,86,0.0,7.3,0,0.0,0.0,16.7
2025-01-20 22:00:00,15.9,87,0.0,7.4,0,0.0,0.0,16.0
2025-01-20 23:00:00,15.3,88,0.0,7.5,0,0.0,0.0,15.2
2025-01-21 00:00:00,14.6,88,0.0,6.9,0,0.0,0.0,14.4
2025-01-21 01:00:00,14.1,89,0.0,7.3,0,0.0,0.0,13.8
2025-01-21 02:00:00,13.6,90,0.0,6.9,0,0.0,0.0,13.1
2025-01-21 03:00:00,12.7,91,0.0,6.7,0,0.0,0.0,12.1
2025-01-21 04:00:00,12.3,91,0.0,6.8,0,0.0,0.0,11.5
2025-01-21 05:00:00,11.8,92,0.0,6.7,0,0.0,0.0,11.0
2025-01-21 06:00:00,11.3,90,0.0,7.3,0,0.0,0.0,10.2
2025-01-21 07:00:00,11.1,91,0.0,7.9,0,2.0,0.0,9.8
2025-01-21 08:00:00,12.4,87,0.0,10.0,0,82.0,37.0,11.0
2025-01-21 09:00:00,14.2,84,0.0,7.8,0,252.0,162.0,13.6
2025-01-21 10:00:00,16.6,75,0.0,7.0,0,421.0,306.0,16.2
2025-01-21 11:00:00,18.7,68,0.0,7.0,1,549.0,420.0,18.5
2025-01-21 12:00:00,20.3,62,0.0,7.2,3,617.0,481.0,20.5
2025-01-21 13:00:00,21.4,58,0.0,8.1,0,620.0,484.0,21.5
2025-01-21 14:00:00,21.9,55,0.0,8.7,0,556.0,427.0,21.4
2025-01-21 15:00:00,21.7,55,0.0,9.0,0,432.0,317.0,21.1
2025-01-21 16:00:00,20.9,60,0.0,8.4,0,267.0,175.0,20.5
2025-01-21 17:00:00,19.0,69,0.0,6.9,0,95.0,45.0,19.0
2025-01-21 18:00:00,17.7,74,0.0,6.7,0,3.0,0.0,17.7
2025-01-21 19:00:00,17.0,77,0.0,7.1,0,0.0,0.0,16.8
2025-01-21 20:00:00,16.1,79,0.0,7.1,0,0.0,0.0,15.9
2025-01-21 21:00:00,15.4,81,0.0,7.0,0,0.0,0.0,15.0
2025-01-21 22:00:00,14.7,82,0.0,6.8,0,0.0,0.0,14.1
2025-01-21 23:00:00,14.2,83,0.0,6.9,0,0.0,0.0,13.5
2025-01-22 00:00:00,13.6,84,0.0,6.6,0,0.0,0.0,12.9
2025-01-22 01:00:00,13.1,86,0.0,6.4,0,0.0,0.0,12.4
2025-01-22 02:00:00,12.4,89,0.0,5.7,0,0.0,0.0,11.8
2025-01-22 03:00:00,11.9,90,0.0,5.4,0,0.0,0.0,11.2
2025-01-22 04:00:00,11.3,91,0.0,5.0,0,0.0,0.0,10.5
2025-01-22 05:00:00,10.8,92,0.0,4.8,0,0.0,0.0,10.0
2025-01-22 06:00:00,10.5,94,0.0,4.9,0,0.0,0.0,9.6
2025-01-22 07:00:00,10.4,94,0.0,5.1,0,2.0,0.0,9.5
2025-01-22 08:00:00,11.9,91,0.0,6.6,0,83.0,36.0,11.0
2025-01-22 09:00:00,14.3,85,0.0,4.4,0,252.0,157.0,14.2
2025-01-22 10:00:00,16.9,76,0.0,3.1,0,423.0,307.0,17.3
2025-01-22 11:00:00,19.3,68,0.0,2.7,0,549.0,419.0,19.9
2025-01-22 12:00:00,21.2,58,0.0,2.4,0,616.0,479.0,22.1
2025-01-22 13:00:00,22.3,49,0.0,2.6,1,617.0,480.0,22.7
2025-01-22 14:00:00,22.8,45,0.0,2.8,6,543.0,405.0,22.5
2025-01-22 15:00:00,22.8,45,0.0,3.4,8,417.0,289.0,22.3
2025-01-22 16:00:00,22.0,53,0.0,3.9,20,255.0,157.0,22.0
2025-01-22 17:00:00,20.0,65,0.0,5.3,22,85.0,36.0,20.2
2025-01-22 18:00:00,18.6,67,0.0,5.4,12,4.0,0.0,18.6
2025-01-22 19:00:00,17.8,73,0.0,4.8,2,0.0,0.0,17.9
2025-01-22 20:00:00,17.0,76,0.0,5.6,30,0.0,0.0,17.0
2025-01-22 21:00:00,16.6,77,0.0,4.6,14,0.0,0.0,16.7
2025-01-22 22:00:00,15.9,78,0.0,4.9,19,0.0,0.0,15.8
2025-01-22 23:00:00,15.1,80,0.0,5.6,18,0.0,0.0,14.8
2025-01-23 00:00:00,14.8,81,0.2,4.7,40,0.0,0.0,14.5
2025-01-23 01:00:00,14.9,81,0.0,7.2,37,0.0,0.0,14.3
2025-01-23 02:00:00,14.2,80,0.0,5.1,63,0.0,0.0,13.6
2025-01-23 03:00:00,13.5,89,1.4,3.3,85,0.0,0.0,13.5
2025-01-23 04:00:00,13.5,89,0.0,2.0,45,0.0,0.0,13.7
2025-01-23 05:00:00,12.7,91,0.0,4.3,39,0.0,0.0,12.4
2025-01-23 06:00:00,13.0,90,0.0,4.9,5,0.0,0.0,12.7
2025-01-23 07:00:00,11.7,93,0.0,4.7,4,2.0,0.0,11.2
2025-01-23 08:00:00,13.5,91,0.0,6.6,10,82.0,35.0,13.2
2025-01-23 09:00:00,15.3,87,0.0,5.4,7,248.0,152.0,15.4
2025-01-23 10:00:00,17.4,77,0.0,6.1,0,423.0,305.0,17.6
2025-01-23 11:00:00,19.3,67,0.0,6.7,0,552.0,418.0,19.3
2025-01-23 12:00:00,20.8,55,0.0,7.7,0,627.0,489.0,20.6
2025-01-23 13:00:00,21.7,45,0.0,9.7,0,633.0,495.0,20.6
2025-01-23 14:00:00,21.9,40,0.0,10.6,0,572.0,441.0,19.9
2025-01-23 15:00:00,21.6,40,0.0,11.1,2,449.0,331.0,19.3
2025-01-23 16:00:00,20.7,47,0.0,10.1,3,275.0,179.0,18.9
2025-01-23 17:00:00,18.8,57,0.0,8.4,0,102.0,48.0,17.6
2025-01-23 18:00:00,17.4,60,0.0,9.2,0,4.0,1.0,15.9
2025-01-23 19:00:00,16.3,61,0.0,9.1,0,0.0,0.0,14.7
2025-01-23 20:00:00,15.5,63,0.0,8.7,0,0.0,0.0,13.8
2025-01-23 21:00:00,14.8,68,0.0,8.7,0,0.0,0.0,13.2
2025-01-23 22:00:00,14.3,70,0.0,8.7,0,0.0,0.0,12.7
2025-01-23 23:00:00,13.8,71,0.0,7.8,0,0.0,0.0,12.3
2025-01-24 00:00:00,13.1,73,0.0,7.2,0,0.0,0.0,11.6
2025-01-24 01:00:00,12.5,74,0.0,6.8,0,0.0,0.0,10.9
2025-01-24 02:00:00,11.9,75,0.0,6.7,0,0.0,0.0,10.3
2025-01-24 03:00:00,11.4,77,0.0,6.7,0,0.0,0.0,9.8
2025-01-24 04:00:00,11.1,78,0.0,7.2,0,0.0,0.0,9.3
2025-01-24 05:00:00,10.6,80,0.0,8.1,0,0.0,0.0,8.6
2025-01-24 06:00:00,10.8,85,0.0,8.3,0,0.0,0.0,9.1
2025-01-24 07:00:00,10.4,85,0.0,9.5,0,2.0,0.0,8.5
2025-01-24 08:00:00,11.3,83,0.0,10.3,0,88.0,40.0,9.4
2025-01-24 09:00:00,13.2,77,0.0,8.7,0,265.0,172.0,11.7
2025-01-24 10:00:00,15.5,69,0.0,8.4,0,440.0,322.0,14.2
2025-01-24 11:00:00,17.8,61,0.0,8.6,0,573.0,441.0,16.8
2025-01-24 12:00:00,19.6,53,0.0,9.9,0,645.0,507.0,18.6
2025-01-24 13:00:00,20.6,45,0.0,11.6,0,648.0,510.0,18.9
2025-01-24 14:00:00,20.9,42,0.0,12.6,0,583.0,451.0,18.5
2025-01-24 15:00:00,20.7,42,0.0,12.9,0,457.0,338.0,18.1
2025-01-24 16:00:00,19.9,47,0.0,11.5,0,287.0,191.0,17.7
2025-01-24 17:00:00,18.1,56,0.0,9.2,0,107.0,52.0,16.5
2025-01-24 18:00:00,17.1,61,0.0,9.0,0,5.0,1.0,15.6
2025-01-24 19:00:00,16.1,65,0.0,9.1,0,0.0,0.0,14.7
2025-01-24 20:00:00,15.2,68,0.0,9.2,0,0.0,0.0,13.7
2025-01-24 21:00:00,14.4,70,0.0,8.9,0,0.0,0.0,12.8
2025-01-24 22:00:00,13.6,71,0.0,8.9,0,0.0,0.0,11.9
2025-01-24 23:00:00,12.9,72,0.0,8.8,0,0.0,0.0,11.1
2025-01-25 00:00:00,12.3,73,0.0,8.9,0,0.0,0.0,10.3
2025-01-25 01:00:00,11.6,73,0.0,8.8,0,0.0,0.0,9.6
2025-01-25 02:00:00,11.1,74,0.0,9.3,0,0.0,0.0,8.9
2025-01-25 03:00:00,10.6,74,0.0,9.7,0,0.0,0.0,8.2
2025-01-25 04:00:00,10.2,74,0.0,10.5,0,0.0,0.0,7.5
2025-01-25 05:00:00,9.7,73,0.0,10.6,0,0.0,0.0,7.0
2025-01-25 06:00:00,9.4,78,0.0,10.3,0,0.0,0.0,6.8
2025-01-25 07:00:00,9.0,78,0.0,10.3,0,2.0,0.0,6.3
2025-01-25 08:00:00,10.1,74,0.0,11.6,0,92.0,43.0,7.3
2025-01-25 09:00:00,12.1,68,0.0,9.6,0,273.0,179.0,9.8
2025-01-25 10:00:00,14.6,60,0.0,9.4,0,452.0,333.0,12.4
2025-01-25 11:00:00,16.8,54,0.0,9.5,0,586.0,454.0,14.9
2025-01-25 12:00:00,18.7,48,0.0,9.6,0,660.0,520.0,17.2
2025-01-25 13:00:00,20.1,43,0.0,10.1,0,664.0,525.0,18.5
2025-01-25 14:00:00,20.8,40,0.0,10.8,0,599.0,466.0,18.6
2025-01-25 15:00:00,20.7,40,0.0,10.7,0,472.0,352.0,18.2
2025-01-25 16:00:00,19.8,46,0.0,9.2,0,297.0,200.0,17.9
2025-01-25 17:00:00,17.7,56,0.0,6.9,0,112.0,56.0,16.3
2025-01-25 18:00:00,16.6,59,0.0,6.8,0,5.0,1.0,15.2
2025-01-25 19:00:00,15.6,61,0.0,7.0,0,0.0,0.0,14.0
2025-01-25 20:00:00,14.5,63,0.0,7.2,0,0.0,0.0,12.8
2025-01-25 21:00:00,13.7,64,0.0,7.4,0,0.0,0.0,11.9
2025-01-25 22:00:00,13.0,65,0.0,7.2,0,0.0,0.0,11.1
2025-01-25 23:00:00,12.3,66,0.0,7.2,0,0.0,0.0,10.3
2025-01-26 00:00:00,11.6,67,0.0,7.0,0,0.0,0.0,9.5
2025-01-26 01:00:00,10.9,69,0.0,7.0,0,0.0,0.0,8.7
2025-01-26 02:00:00,10.4,70,0.0,7.0,0,0.0,0.0,8.2
2025-01-26 03:00:00,10.0,72,0.0,7.4,0,0.0,0.0,7.7
2025-01-26 04:00:00,9.6,74,0.0,7.7,0,0.0,0.0,7.3
2025-01-26 05:00:00,9.1,76,0.0,7.6,0,0.0,0.0,6.7
2025-01-26 06:00:00,8.5,82,0.0,7.4,0,0.0,0.0,6.3
2025-01-26 07:00:00,8.2,82,0.0,7.8,0,2.0,0.0,5.8
2025-01-26 08:00:00,9.5,76,0.0,10.1,0,94.0,44.0,6.8
2025-01-26 09:00:00,11.9,67,0.0,7.2,0,278.0,183.0,9.8
2025-01-26 10:00:00,14.8,56,0.0,6.7,0,458.0,338.0,12.8
2025-01-26 11:00:00,17.3,49,0.0,7.7,0,593.0,460.0,15.4
2025-01-26 12:00:00,19.1,42,0.0,8.1,0,667.0,527.0,17.6
2025-01-26 13:00:00,20.4,39,0.0,8.5,0,671.0,531.0,18.9
2025-01-26 14:00:00,21.0,38,0.0,8.4,0,604.0,471.0,19.1
2025-01-26 15:00:00,21.0,37,0.0,8.3,0,476.0,355.0,18.8
2025-01-26 16:00:00,20.2,42,0.0,8.0,0,301.0,203.0,18.2
2025-01-26 17:00:00,18.0,56,0.0,5.4,0,115.0,58.0,17.0
2025-01-26 18:00:00,16.9,60,0.0,5.9,0,6.0,1.0,15.7
2025-01-26 19:00:00,15.9,62,0.0,6.5,0,0.0,0.0,14.6
2025-01-26 20:00:00,14.8,64,0.0,5.8,0,0.0,0.0,13.4
2025-01-26 21:00:00,13.7,68,0.0,5.3,0,0.0,0.0,12.3
2025-01-26 22:00:00,12.9,70,0.0,5.4,0,0.0,0.0,11.4
2025-01-26 23:00:00,12.3,71,0.0,5.6,0,0.0,0.0,10.7
2025-01-27 00:00:00,11.4,73,0.0,5.8,0,0.0,0.0,9.7
2025-01-27 01:00:00,10.7,74,0.0,5.8,0,0.0,0.0,8.9
2025-01-27 02:00:00,10.0,76,0.0,5.6,0,0.0,0.0,8.2
2025-01-27 03:00:00,9.4,78,0.0,5.8,0,0.0,0.0,7.5
2025-01-27 04:00:00,8.8,80,0.0,6.1,0,0.0,0.0,6.8
2025-01-27 05:00:00,8.4,80,0.0,6.5,0,0.0,0.0,6.3
2025-01-27 06:00:00,8.1,90,0.0,6.2,0,0.0,0.0,6.3
2025-01-27 07:00:00,7.8,90,0.0,6.5,0,2.0,0.0,5.9
2025-01-27 08:00:00,9.4,82,0.0,8.1,0,95.0,45.0,7.3
2025-01-27 09:00:00,12.3,69,0.0,5.8,0,279.0,183.0,10.6
2025-01-27 10:00:00,15.4,56,0.0,5.8,0,458.0,338.0,13.7
2025-01-27 11:00:00,17.9,47,0.0,6.6,0,593.0,459.0,16.2
2025-01-27 12:00:00,19.7,38,0.0,7.6,0,667.0,526.0,18.1
2025-01-27 13:00:00,20.9,34,0.0,8.8,0,672.0,531.0,19.0
2025-01-27 14:00:00,21.5,31,0.0,9.4,0,607.0,473.0,19.0
2025-01-27 15:00:00,21.4,32,0.0,9.5,0,480.0,359.0,18.6
2025-01-27 16:00:00,20.7,37,0.0,9.3,0,305.0,206.0,18.1
2025-01-27 17:00:00,19.0,46,0.0,6.8,0,118.0,60.0,17.3
2025-01-27 18:00:00,17.8,53,0.0,6.0,0,6.0,1.0,16.4
2025-01-27 19:00:00,16.7,59,0.0,6.9,0,0.0,0.0,15.3
2025-01-27 20:00:00,15.7,64,0.0,7.1,0,0.0,0.0,14.3
2025-01-27 21:00:00,14.7,68,0.0,7.5,0,0.0,0.0,13.2
2025-01-27 22:00:00,14.1,67,0.0,7.8,0,0.0,0.0,12.4
2025-01-27 23:00:00,13.6,64,0.0,8.1,0,0.0,0.0,11.6
2025-01-28 00:00:00,12.9,64,0.0,8.3,0,0.0,0.0,10.8
2025-01-28 01:00:00,12.2,66,0.0,8.1,0,0.0,0.0,10.0
2025-01-28 02:00:00,11.5,69,0.0,8.3,0,0.0,0.0,9.2
2025-01-28 03:00:00,10.8,71,0.0,8.3,0,0.0,0.0,8.5
2025-01-28 04:00:00,10.1,72,0.0,7.9,0,0.0,0.0,7.8
2025-01-28 05:00:00,9.4,74,0.0,7.2,0,0.0,0.0,7.1
2025-01-28 06:00:00,8.5,82,0.0,5.2,0,0.0,0.0,6.6
2025-01-28 07:00:00,8.0,84,0.0,4.7,0,3.0,0.0,6.1
2025-01-28 08:00:00,9.9,74,0.0,5.8,0,97.0,46.0,7.9
2025-01-28 09:00:00,12.9,61,0.0,3.6,0,282.0,185.0,11.2
2025-01-28 10:00:00,16.0,51,0.0,3.8,0,461.0,341.0,14.3
2025-01-28 11:00:00,18.7,42,0.0,4.2,0,598.0,463.0,17.3
2025-01-28 12:00:00,20.8,34,0.0,5.0,0,673.0,531.0,19.5
2025-01-28 13:00:00,22.2,28,0.0,5.9,0,677.0,536.0,20.5
2025-01-28 14:00:00,22.9,26,0.0,6.4,0,611.0,477.0,20.6
2025-01-28 15:00:00,22.8,26,0.0,5.9,0,482.0,361.0,20.2
2025-01-28 16:00:00,22.0,31,0.0,5.8,0,307.0,208.0,19.8
2025-01-28 17:00:00,20.3,42,0.0,5.2,0,120.0,61.0,18.7
2025-01-28 18:00:00,19.0,53,0.0,4.3,0,7.0,1.0,18.1
2025-01-28 19:00:00,17.5,61,0.0,3.8,0,0.0,0.0,16.9
2025-01-28 20:00:00,16.3,67,0.0,2.8,0,0.0,0.0,15.9
2025-01-28 21:00:00,15.1,72,0.0,2.0,0,0.0,0.0,14.8
2025-01-28 22:00:00,14.1,75,0.0,3.7,0,0.0,0.0,13.4
2025-01-28 23:00:00,13.4,74,0.0,4.9,0,0.0,0.0,12.4
2025-01-29 00:00:00,12.7,75,0.0,5.2,0,0.0,0.0,11.5
2025-01-29 01:00:00,11.9,79,0.0,5.3,0,0.0,0.0,10.7
2025-01-29 02:00:00,11.5,82,0.0,5.6,0,0.0,0.0,10.2
2025-01-29 03:00:00,11.2,84,0.0,5.8,0,0.0,0.0,9.9
2025-01-29 04:00:00,11.2,85,0.0,6.1,0,0.0,0.0,9.9
2025-01-29 05:00:00,10.7,87,0.0,6.2,0,0.0,0.0,9.3
2025-01-29 06:00:00,10.4,87,0.0,6.0,8,0.0,0.0,9.1
2025-01-29 07:00:00,10.2,89,0.0,6.2,4,3.0,0.0,8.9
2025-01-29 08:00:00,11.9,83,0.0,8.4,4,92.0,40.0,10.4
2025-01-29 09:00:00,14.8,70,0.0,5.9,13,271.0,171.0,13.7
2025-01-29 10:00:00,18.1,56,0.0,7.3,2,441.0,310.0,16.8
2025-01-29 11:00:00,20.7,45,0.0,9.1,0,582.0,443.0,19.0
2025-01-29 12:00:00,22.5,36,0.0,9.5,0,658.0,517.0,20.8
2025-01-29 13:00:00,23.6,32,0.0,9.7,0,663.0,522.0,21.8
2025-01-29 14:00:00,24.0,31,0.0,9.6,0,599.0,464.0,21.8
2025-01-29 15:00:00,23.8,33,0.0,9.4,0,473.0,351.0,21.5
2025-01-29 16:00:00,23.0,36,0.0,9.6,0,301.0,202.0,20.8
2025-01-29 17:00:00,21.5,43,0.0,8.4,0,119.0,59.0,19.8
2025-01-29 18:00:00,20.1,52,0.0,7.0,0,7.0,1.0,19.0
2025-01-29 19:00:00,18.9,59,0.0,6.7,0,0.0,0.0,18.1
2025-01-29 20:00:00,18.0,64,0.0,6.7,0,0.0,0.0,17.3
2025-01-29 21:00:00,17.2,66,0.0,6.5,0,0.0,0.0,16.5
2025-01-29 22:00:00,16.4,68,0.0,6.4,0,0.0,0.0,15.6
2025-01-29 23:00:00,15.7,71,0.0,6.4,0,0.0,0.0,14.8
2025-01-30 00:00:00,14.8,74,0.0,6.3,1,0.0,0.0,14.0
2025-01-30 01:00:00,14.1,78,0.0,6.4,0,0.0,0.0,13.2
2025-01-30 02:00:00,13.4,82,0.0,6.0,0,0.0,0.0,12.6
2025-01-30 03:00:00,12.7,85,0.0,6.1,0,0.0,0.0,11.8
2025-01-30 04:00:00,12.1,88,0.0,6.3,0,0.0,0.0,11.2
2025-01-30 05:00:00,11.7,90,0.0,6.1,0,0.0,0.0,10.8
2025-01-30 06:00:00,11.4,92,0.0,6.0,0,0.0,0.0,10.5
2025-01-30 07:00:00,11.3,91,0.0,5.9,0,3.0,0.0,10.4
2025-01-30 08:00:00,13.0,83,0.0,7.6,0,94.0,42.0,11.9
2025-01-30 09:00:00,15.8,70,0.0,5.2,0,270.0,174.0,15.2
2025-01-30 10:00:00,19.0,57,0.0,6.0,0,444.0,323.0,18.1
2025-01-30 11:00:00,21.4,46,0.0,6.9,0,576.0,440.0,20.4
2025-01-30 12:00:00,23.0,40,0.0,6.8,0,649.0,507.0,22.2
2025-01-30 13:00:00,24.1,37,0.0,6.2,0,655.0,513.0,23.4
2025-01-30 14:00:00,24.7,35,0.0,5.7,0,593.0,457.0,23.7
2025-01-30 15:00:00,24.8,36,0.0,5.8,0,470.0,348.0,23.5
2025-01-30 16:00:00,24.2,38,0.0,6.1,0,301.0,201.0,23.0
2025-01-30 17:00:00,22.9,43,0.0,6.4,0,119.0,59.0,21.9
2025-01-30 18:00:00,21.3,54,0.0,5.8,0,8.0,1.0,21.0
2025-01-30 19:00:00,19.9,63,0.0,4.1,0,0.0,0.0,20.1
2025-01-30 20:00:00,18.7,71,0.0,4.4,0,0.0,0.0,19.1
2025-01-30 21:00:00,17.8,77,0.0,4.7,0,0.0,0.0,18.3
2025-01-30 22:00:00,17.2,80,0.0,4.7,0,0.0,0.0,17.6
2025-01-30 23:00:00,16.6,82,0.0,4.3,0,0.0,0.0,17.0
2025-01-31 00:00:00,16.1,83,0.0,3.2,0,0.0,0.0,16.6
2025-01-31 01:00:00,15.5,85,0.0,2.8,0,0.0,0.0,16.0
2025-01-31 02:00:00,14.6,89,0.0,3.2,0,0.0,0.0,15.0
2025-01-31 03:00:00,14.1,91,0.0,3.1,1,0.0,0.0,14.4
2025-01-31 04:00:00,13.5,92,0.0,3.1,3,0.0,0.0,13.8
2025-01-31 05:00:00,12.9,94,0.0,4.8,7,0.0,0.0,12.7
2025-01-31 06:00:00,12.5,99,0.0,4.6,100,0.0,0.0,12.5
2025-01-31 07:00:00,12.1,99,0.0,4.6,100,2.0,0.0,12.0
2025-01-31 08:00:00,13.0,97,0.0,5.0,100,68.0,10.0,13.1
2025-01-31 09:00:00,14.8,90,0.0,3.6,100,193.0,41.0,15.2
2025-01-31 10:00:00,18.4,72,0.0,2.0,0,369.0,140.0,19.2
2025-01-31 11:00:00,22.1,57,0.0,3.1,0,588.0,445.0,22.9
2025-01-31 12:00:00,24.4,43,0.0,3.1,0,660.0,521.0,24.9
2025-01-31 13:00:00,25.8,29,0.0,4.5,0,664.0,523.0,24.9
2025-01-31 14:00:00,26.3,25,0.0,6.5,5,600.0,464.0,24.3
2025-01-31 15:00:00,26.1,25,0.0,7.7,4,474.0,350.0,23.6
2025-01-31 16:00:00,25.5,26,0.0,8.1,2,305.0,204.0,22.9
2025-01-31 17:00:00,24.2,30,0.0,8.1,1,122.0,61.0,21.9
2025-01-31 18:00:00,22.2,46,0.0,4.3,6,8.0,2.0,21.5
2025-01-31 19:00:00,21.0,57,0.0,0.7,0,0.0,0.0,21.6
2025-01-31 20:00:00,20.2,58,0.0,1.9,0,0.0,0.0,20.4
2025-01-31 21:00:00,19.3,58,0.0,4.3,0,0.0,0.0,18.9
2025-01-31 22:00:00,18.7,59,0.0,2.9,0,0.0,0.0,18.4
2025-01-31 23:00:00,17.6,64,0.0,4.3,0,0.0,0.0,17.2
2025-02-01 00:00:00,16.8,72,0.0,5.2,0,0.0,0.0,16.5
2025-02-01 01:00:00,16.5,75,0.0,5.9,0,0.0,0.0,16.3
2025-02-01 02:00:00,16.0,75,0.0,7.1,0,0.0,0.0,15.5
2025-02-01 03:00:00,15.4,74,0.0,7.2,0,0.0,0.0,14.5
2025-02-01 04:00:00,14.8,76,0.0,6.6,6,0.0,0.0,14.0
2025-02-01 05:00:00,14.5,77,0.0,6.8,12,0.0,0.0,13.7
2025-02-01 06:00:00,12.7,91,0.0,4.7,0,0.0,0.0,12.4
2025-02-01 07:00:00,12.9,91,0.0,4.8,0,3.0,0.0,12.6
2025-02-01 08:00:00,14.7,82,0.0,6.1,0,96.0,43.0,14.4
2025-02-01 09:00:00,17.6,70,0.0,4.2,0,272.0,175.0,17.5
2025-02-01 10:00:00,20.6,58,0.0,4.8,0,444.0,320.0,20.4
2025-02-01 11:00:00,23.0,46,0.0,6.9,0,576.0,437.0,22.3
2025-02-01 12:00:00,24.4,38,0.0,7.7,0,649.0,503.0,23.7
2025-02-01 13:00:00,25.3,34,0.0,7.4,23,652.0,505.0,24.3
2025-02-01 14:00:00,25.5,32,0.0,7.2,16,539.0,394.0,23.8
2025-02-01 15:00:00,25.5,32,0.0,7.1,26,439.0,306.0,23.8
2025-02-01 16:00:00,25.1,33,0.0,7.9,42,276.0,174.0,23.3
2025-02-01 17:00:00,24.1,36,0.0,7.2,40,104.0,46.0,22.5
2025-02-01 18:00:00,21.3,60,0.0,2.5,16,8.0,1.0,21.9
2025-02-01 19:00:00,20.8,61,0.0,0.4,53,0.0,0.0,21.7
2025-02-01 20:00:00,19.6,64,0.0,4.3,97,0.0,0.0,19.8
2025-02-01 21:00:00,17.7,77,0.0,15.6,86,0.0,0.0,16.6
2025-02-01 22:00:00,17.3,80,0.0,10.6,95,0.0,0.0,16.9
2025-02-01 23:00:00,17.1,79,0.0,8.8,2,0.0,0.0,16.9
2025-02-02 00:00:00,16.4,81,0.0,8.4,10,0.0,0.0,16.1
2025-02-02 01:00:00,15.5,84,0.0,7.7,18,0.0,0.0,15.2
2025-02-02 02:00:00,15.0,85,0.0,6.5,51,0.0,0.0,14.8
2025-02-02 03:00:00,14.7,86,0.0,4.9,26,0.0,0.0,14.7
2025-02-02 04:00:00,14.8,84,0.0,4.6,28,0.0,0.0,14.8
2025-02-02 05:00:00,14.2,85,0.0,4.5,6,0.0,0.0,14.0
2025-02-02 06:00:00,13.7,91,0.0,4.3,3,0.0,0.0,13.8
2025-02-02 07:00:00,13.7,91,0.0,6.0,0,3.0,0.0,13.5
2025-02-02 08:00:00,14.9,86,0.0,6.5,0,96.0,43.0,14.7
2025-02-02 09:00:00,17.1,75,0.0,5.0,0,274.0,175.0,17.2
2025-02-02 10:00:00,19.6,64,0.0,5.4,0,448.0,323.0,19.6
2025-02-02 11:00:00,21.7,51,0.0,6.6,0,581.0,441.0,21.2
2025-02-02 12:00:00,22.8,45,0.0,8.3,0,656.0,508.0,22.3
2025-02-02 13:00:00,23.5,40,0.0,10.4,0,665.0,518.0,22.4
2025-02-02 14:00:00,23.6,38,0.0,11.3,0,604.0,464.0,21.8
2025-02-02 15:00:00,23.3,39,0.0,11.0,0,482.0,355.0,21.4
2025-02-02 16:00:00,22.6,42,0.0,11.0,0,312.0,208.0,20.7
2025-02-02 17:00:00,21.3,48,0.0,9.1,0,128.0,64.0,19.8
2025-02-02 18:00:00,19.0,68,0.0,6.9,0,10.0,2.0,18.9
2025-02-02 19:00:00,18.1,74,0.0,6.7,0,0.0,0.0,18.2
2025-02-02 20:00:00,17.2,79,0.0,6.5,0,0.0,0.0,17.3
2025-02-02 21:00:00,16.3,81,0.0,6.3,0,0.0,0.0,16.3
2025-02-02 22:00:00,15.5,83,0.0,6.7,0,0.0,0.0,15.3
2025-02-02 23:00:00,14.8,83,0.0,6.5,0,0.0,0.0,14.4
2025-02-03 00:00:00,14.1,82,0.0,6.5,0,0.0,0.0,13.4
2025-02-03 01:00:00,13.3,82,0.0,6.1,0,0.0,0.0,12.5
2025-02-03 02:00:00,12.6,83,0.0,5.6,0,0.0,0.0,11.8
2025-02-03 03:00:00,11.9,86,0.0,5.0,0,0.0,0.0,11.0
2025-02-03 04:00:00,11.3,86,0.0,4.7,0,0.0,0.0,10.4
2025-02-03 05:00:00,10.8,87,0.0,4.8,0,0.0,0.0,9.8
2025-02-03 06:00:00,11.0,91,0.0,4.8,0,0.0,0.0,10.2
2025-02-03 07:00:00,10.9,91,0.0,4.7,0,4.0,0.0,10.0
2025-02-03 08:00:00,12.7,84,0.0,6.0,0,105.0,50.0,11.8
2025-02-03 09:00:00,15.1,73,0.0,4.4,0,294.0,193.0,14.5
2025-02-03 10:00:00,17.8,60,0.0,4.5,0,476.0,352.0,17.2
2025-02-03 11:00:00,20.0,46,0.0,5.7,0,612.0,474.0,19.0
2025-02-03 12:00:00,21.4,37,0.0,6.4,0,683.0,538.0,20.3
2025-02-03 13:00:00,22.4,34,0.0,6.5,0,684.0,540.0,21.2
2025-02-03 14:00:00,22.7,34,0.0,6.3,0,616.0,478.0,21.2
2025-02-03 15:00:00,22.8,35,0.0,5.4,0,489.0,364.0,21.0
2025-02-03 16:00:00,22.3,37,0.0,4.6,2,316.0,213.0,20.8
2025-02-03 17:00:00,20.7,57,0.0,2.3,1,130.0,66.0,20.9
2025-02-03 18:00:00,18.8,59,0.0,2.9,0,10.0,2.0,18.5
2025-02-03 19:00:00,17.5,64,0.0,4.9,1,0.0,0.0,16.9
2025-02-03 20:00:00,16.5,68,0.0,4.8,18,0.0,0.0,16.0
2025-02-03 21:00:00,16.2,70,0.0,4.1,79,0.0,0.0,15.7
2025-02-03 22:00:00,15.6,69,1.7,5.9,63,0.0,0.0,14.8
2025-02-03 23:00:00,14.8,72,0.0,4.3,24,0.0,0.0,14.2
2025-02-04 00:00:00,14.3,73,0.0,4.9,37,0.0,0.0,13.5
2025-02-04 01:00:00,14.3,73,0.5,4.6,37,0.0,0.0,13.5
2025-02-04 02:00:00,13.9,73,0.0,2.5,19,0.0,0.0,13.3
2025-02-04 03:00:00,13.6,74,0.0,2.7,32,0.0,0.0,12.9
2025-02-04 04:00:00,13.2,75,0.0,3.1,60,0.0,0.0,12.5
2025-02-04 05:00:00,13.0,76,0.0,3.6,100,0.0,0.0,12.1
2025-02-04 06:00:00,15.1,75,0.0,2.0,100,0.0,0.0,15.0
2025-02-04 07:00:00,14.9,71,0.0,3.1,99,1.0,0.0,14.4
2025-02-04 08:00:00,15.2,70,0.0,5.6,61,61.0,16.0,14.3
2025-02-04 09:00:00,16.4,68,0.0,3.5,97,170.0,63.0,16.0
2025-02-04 10:00:00,18.0,63,0.0,6.4,34,256.0,96.0,17.3
2025-02-04 11:00:00,20.2,53,0.0,5.4,42,445.0,251.0,19.5
2025-02-04 12:00:00,21.8,51,0.0,2.8,51,554.0,361.0,21.8
2025-02-04 13:00:00,22.4,52,0.0,1.0,41,487.0,253.0,22.9
2025-02-04 14:00:00,22.9,51,0.0,1.1,84,441.0,254.0,23.4
2025-02-04 15:00:00,22.8,51,0.0,1.8,100,272.0,86.0,23.2
2025-02-04 16:00:00,22.7,52,0.0,1.6,35,219.0,92.0,23.2
2025-02-04 17:00:00,21.5,67,0.0,2.7,19,101.0,41.0,22.8
2025-02-04 18:00:00,19.2,79,0.0,4.9,14,10.0,1.0,20.3
2025-02-04 19:00:00,18.4,84,0.0,3.1,21,0.0,0.0,19.8
2025-02-04 20:00:00,17.8,86,0.0,4.3,31,0.0,0.0,18.9
2025-02-04 21:00:00,17.1,88,0.0,3.7,15,0.0,0.0,18.2
2025-02-04 22:00:00,16.7,90,0.0,4.4,10,0.0,0.0,17.7
2025-02-04 23:00:00,16.9,86,0.2,8.9,40,0.0,0.0,17.1
2025-02-05 00:00:00,15.7,87,0.1,5.6,35,0.0,0.0,16.0
2025-02-05 01:00:00,14.9,89,0.1,5.6,48,0.0,0.0,15.1
2025-02-05 02:00:00,14.4,91,0.1,5.4,20,0.0,0.0,14.6
2025-02-05 03:00:00,13.6,95,0.0,4.6,14,0.0,0.0,13.8
2025-02-05 04:00:00,13.4,96,0.0,5.7,6,0.0,0.0,13.4
2025-02-05 05:00:00,12.8,96,0.0,5.2,0,0.0,0.0,12.7
2025-02-05 06:00:00,12.2,95,0.0,8.0,0,0.0,0.0,11.4
2025-02-05 07:00:00,11.9,95,0.0,8.0,0,4.0,1.0,11.0
2025-02-05 08:00:00,13.0,88,0.0,7.4,0,108.0,50.0,12.3
2025-02-05 09:00:00,15.1,78,0.0,6.0,0,295.0,193.0,14.6
2025-02-05 10:00:00,17.4,65,0.0,7.0,0,477.0,350.0,16.6
2025-02-05 11:00:00,19.2,54,0.0,8.6,0,616.0,475.0,18.3
2025-02-05 12:00:00,20.5,42,0.0,10.4,0,694.0,547.0,19.0
2025-02-05 13:00:00,21.2,37,0.0,11.1,0,701.0,553.0,19.4
2025-02-05 14:00:00,21.4,34,0.0,12.0,0,636.0,495.0,18.9
2025-02-05 15:00:00,21.1,33,0.0,11.7,0,510.0,382.0,18.0
2025-02-05 16:00:00,20.3,36,0.0,10.6,0,333.0,228.0,17.5
2025-02-05 17:00:00,19.1,43,0.0,7.2,0,140.0,73.0,17.1
2025-02-05 18:00:00,17.8,50,0.0,5.5,0,12.0,3.0,16.3
2025-02-05 19:00:00,16.8,58,0.0,5.8,0,0.0,0.0,15.5
2025-02-05 20:00:00,15.5,65,0.0,4.9,0,0.0,0.0,14.5
2025-02-05 21:00:00,14.5,69,0.0,4.5,0,0.0,0.0,13.5
2025-02-05 22:00:00,13.8,70,0.0,4.8,0,0.0,0.0,12.7
2025-02-05 23:00:00,13.2,68,0.0,4.9,0,0.0,0.0,11.8
2025-02-06 00:00:00,13.0,62,0.0,6.1,0,0.0,0.0,11.1
2025-02-06 01:00:00,13.4,56,0.0,8.7,0,0.0,0.0,10.9
2025-02-06 02:00:00,13.1,57,0.0,9.6,0,0.0,0.0,10.4
2025-02-06 03:00:00,13.0,56,0.0,10.9,0,0.0,0.0,10.1
2025-02-06 04:00:00,13.0,56,0.0,12.2,0,0.0,0.0,9.9
2025-02-06 05:00:00,12.8,56,0.0,11.9,0,0.0,0.0,9.7
2025-02-06 06:00:00,11.7,75,0.0,8.8,0,0.0,0.0,9.7
2025-02-06 07:00:00,11.4,75,0.0,8.3,0,5.0,1.0,9.4
2025-02-06 08:00:00,12.8,69,0.0,10.2,0,112.0,54.0,10.6
2025-02-06 09:00:00,15.2,62,0.0,7.9,0,305.0,203.0,13.5
2025-02-06 10:00:00,17.7,53,0.0,9.3,0,491.0,364.0,15.8
2025-02-06 11:00:00,19.6,39,0.0,13.0,0,630.0,490.0,17.0
2025-02-06 12:00:00,20.7,31,0.0,15.3,0,708.0,560.0,17.6
2025-02-06 13:00:00,21.1,28,0.0,16.4,0,715.0,568.0,17.7
2025-02-06 14:00:00,21.1,29,0.0,16.8,0,650.0,509.0,17.4
2025-02-06 15:00:00,20.6,33,0.0,16.7,0,520.0,391.0,16.7
2025-02-06 16:00:00,19.8,38,0.0,16.7,0,341.0,234.0,16.1
2025-02-06 17:00:00,18.6,43,0.0,13.3,0,145.0,76.0,15.6
2025-02-06 18:00:00,17.8,47,0.0,11.6,0,13.0,3.0,15.1
2025-02-06 19:00:00,16.6,51,0.0,12.6,0,0.0,0.0,13.8
2025-02-06 20:00:00,15.6,52,0.0,12.4,3,0.0,0.0,12.7
2025-02-06 21:00:00,14.8,54,0.0,11.6,71,0.0,0.0,12.0
2025-02-06 22:00:00,14.2,55,0.0,12.0,0,0.0,0.0,11.3
2025-02-06 23:00:00,13.5,57,0.0,13.2,0,0.0,0.0,10.4
2025-02-07 00:00:00,13.1,59,0.0,13.4,0,0.0,0.0,9.9
2025-02-07 01:00:00,12.6,60,0.0,12.4,8,0.0,0.0,9.6
2025-02-07 02:00:00,12.2,60,0.0,11.8,0,0.0,0.0,9.1
2025-02-07 03:00:00,11.7,61,0.0,10.8,0,0.0,0.0,8.7
2025-02-07 04:00:00,11.2,62,0.0,10.6,0,0.0,0.0,8.3
2025-02-07 05:00:00,10.8,64,0.0,11.4,0,0.0,0.0,7.7
2025-02-07 06:00:00,10.7,73,0.0,11.8,0,0.0,0.0,8.0
2025-02-07 07:00:00,10.6,71,0.0,13.0,41,5.0,1.0,7.5
2025-02-07 08:00:00,11.9,66,0.0,12.8,22,114.0,55.0,8.9
2025-02-07 09:00:00,14.1,58,0.0,11.4,5,306.0,203.0,11.3
2025-02-07 10:00:00,16.2,51,0.0,11.4,2,491.0,364.0,13.5
2025-02-07 11:00:00,18.2,45,0.0,12.2,0,630.0,488.0,15.9
2025-02-07 12:00:00,19.7,39,0.0,14.4,0,706.0,558.0,17.3
2025-02-07 13:00:00,20.6,35,0.0,16.2,0,712.0,564.0,17.7
2025-02-07 14:00:00,20.8,32,0.0,17.3,0,648.0,506.0,17.3
2025-02-07 15:00:00,20.7,31,0.0,17.2,0,519.0,390.0,16.6
2025-02-07 16:00:00,20.0,36,0.0,16.0,0,341.0,234.0,16.3
2025-02-07 17:00:00,18.7,41,0.0,12.9,13,146.0,78.0,15.6
2025-02-07 18:00:00,17.9,45,0.0,11.7,1,14.0,3.0,15.1
2025-02-07 19:00:00,16.8,50,0.0,11.4,21,0.0,0.0,14.1
2025-02-07 20:00:00,15.9,52,0.0,11.5,3,0.0,0.0,13.2
2025-02-07 21:00:00,15.1,53,0.0,11.7,9,0.0,0.0,12.3
2025-02-07 22:00:00,14.5,54,0.0,11.6,11,0.0,0.0,11.6
2025-02-07 23:00:00,13.9,54,0.0,11.7,62,0.0,0.0,10.9
2025-02-08 00:00:00,13.5,54,0.0,11.4,22,0.0,0.0,10.5
2025-02-08 01:00:00,13.1,55,0.0,11.3,99,0.0,0.0,10.1
2025-02-08 02:00:00,12.8,55,0.0,11.4,95,0.0,0.0,9.7
2025-02-08 03:00:00,12.5,55,0.0,11.4,100,0.0,0.0,9.4
2025-02-08 04:00:00,12.3,55,0.0,11.1,35,0.0,0.0,9.2
2025-02-08 05:00:00,12.0,56,0.0,11.1,58,0.0,0.0,8.9
2025-02-08 06:00:00,11.2,66,0.0,11.7,0,0.0,0.0,8.3
2025-02-08 07:00:00,11.1,66,0.0,11.8,0,5.0,1.0,8.1
2025-02-08 08:00:00,12.3,63,0.0,11.8,1,112.0,54.0,9.4
2025-02-08 09:00:00,14.5,56,0.0,10.7,2,301.0,199.0,11.8
2025-02-08 10:00:00,17.2,48,0.0,11.0,12,482.0,355.0,14.6
2025-02-08 11:00:00,19.6,42,0.0,11.4,16,620.0,479.0,17.4
2025-02-08 12:00:00,21.5,36,0.0,11.6,22,697.0,549.0,19.6
2025-02-08 13:00:00,22.8,32,0.0,12.4,25,705.0,556.0,20.7
2025-02-08 14:00:00,23.3,30,0.0,12.6,30,642.0,497.0,20.7
2025-02-08 15:00:00,23.2,31,0.0,11.8,41,513.0,380.0,20.3
2025-02-08 16:00:00,22.4,35,0.0,10.3,99,336.0,224.0,19.9
2025-02-08 17:00:00,20.8,45,0.0,7.2,16,134.0,51.0,19.3
2025-02-08 18:00:00,19.8,47,0.0,4.9,85,14.0,3.0,18.6
2025-02-08 19:00:00,18.8,54,0.0,5.9,3,0.0,0.0,17.8
2025-02-08 20:00:00,17.7,61,0.0,6.2,2,0.0,0.0,16.8
2025-02-08 21:00:00,16.7,65,0.0,6.7,15,0.0,0.0,15.8
2025-02-08 22:00:00,16.2,66,0.0,7.2,8,0.0,0.0,15.1
2025-02-08 23:00:00,15.5,67,0.0,7.0,0,0.0,0.0,14.3
2025-02-09 00:00:00,14.9,68,0.0,6.9,0,0.0,0.0,13.6
2025-02-09 01:00:00,14.5,69,0.0,7.1,0,0.0,0.0,13.2
2025-02-09 02:00:00,14.0,71,0.0,6.6,0,0.0,0.0,12.7
2025-02-09 03:00:00,13.2,75,0.0,5.8,0,0.0,0.0,12.0
2025-02-09 04:00:00,12.5,78,0.0,5.4,0,0.0,0.0,11.3
2025-02-09 05:00:00,11.9,80,0.0,5.2,0,0.0,0.0,10.7
2025-02-09 06:00:00,10.9,86,0.0,4.6,23,0.0,0.0,9.9
2025-02-09 07:00:00,10.8,86,0.0,4.3,7,6.0,1.0,9.7
2025-02-09 08:00:00,12.9,76,0.0,5.8,25,116.0,56.0,11.7
2025-02-09 09:00:00,15.9,63,0.0,3.4,3,283.0,151.0,15.1
2025-02-09 10:00:00,19.0,50,0.0,3.5,1,457.0,296.0,18.1
2025-02-09 11:00:00,21.8,38,0.0,4.2,11,622.0,469.0,20.8
2025-02-09 12:00:00,23.8,29,0.0,5.8,3,706.0,559.0,22.6
2025-02-09 13:00:00,24.8,25,0.0,6.4,5,713.0,565.0,23.3
2025-02-09 14:00:00,25.2,26,0.0,7.3,5,649.0,507.0,23.3
2025-02-09 15:00:00,24.9,28,0.0,7.9,0,522.0,392.0,22.6
2025-02-09 16:00:00,24.1,32,0.0,8.1,0,345.0,238.0,22.0
2025-02-09 17:00:00,22.5,41,0.0,6.6,0,151.0,81.0,21.1
2025-02-09 18:00:00,20.9,50,0.0,4.8,0,15.0,4.0,20.2
2025-02-09 19:00:00,19.5,59,0.0,4.4,0,0.0,0.0,19.2
2025-02-09 20:00:00,18.6,65,0.0,3.4,0,0.0,0.0,18.7
2025-02-09 21:00:00,17.9,68,0.0,2.8,0,0.0,0.0,18.1
2025-02-09 22:00:00,17.3,71,0.0,2.3,0,0.0,0.0,17.5
2025-02-09 23:00:00,16.8,73,0.0,1.3,0,0.0,0.0,17.2
2025-02-10 00:00:00,15.9,76,0.0,1.8,0,0.0,0.0,16.1
2025-02-10 01:00:00,14.7,81,0.0,3.9,0,0.0,0.0,14.6
2025-02-10 02:00:00,13.7,84,0.0,4.8,4,0.0,0.0,13.2
2025-02-10 03:00:00,12.9,86,0.0,4.6,8,0.0,0.0,12.4
2025-02-10 04:00:00,12.3,87,0.0,3.5,1,0.0,0.0,11.9
2025-02-10 05:00:00,11.8,89,0.0,3.2,1,0.0,0.0,11.3
2025-02-10 06:00:00,11.7,92,0.0,4.1,5,0.0,0.0,11.2
2025-02-10 07:00:00,11.8,91,0.0,4.2,2,6.0,1.0,11.3
2025-02-10 08:00:00,13.9,81,0.0,4.8,4,118.0,58.0,13.4
2025-02-10 09:00:00,17.5,65,0.0,3.4,40,306.0,202.0,17.2
2025-02-10 10:00:00,21.4,48,0.0,3.1,28,488.0,361.0,20.9
2025-02-10 11:00:00,24.4,31,0.0,4.3,36,624.0,480.0,23.3
2025-02-10 12:00:00,26.2,24,0.0,5.6,86,700.0,553.0,24.9
2025-02-10 13:00:00,26.8,22,0.0,6.5,7,629.0,400.0,24.8
2025-02-10 14:00:00,27.2,21,0.0,6.9,6,586.0,403.0,24.8
2025-02-10 15:00:00,27.2,22,0.0,7.1,0,525.0,400.0,24.6
2025-02-10 16:00:00,26.6,23,0.0,6.8,0,342.0,235.0,24.1
2025-02-10 17:00:00,25.1,29,0.0,6.0,0,150.0,80.0,23.1
2025-02-10 18:00:00,22.3,47,0.0,4.9,0,16.0,4.0,21.7
2025-02-10 19:00:00,21.1,57,0.0,3.9,0,0.0,0.0,21.2
2025-02-10 20:00:00,20.5,60,0.0,2.9,0,0.0,0.0,20.9
2025-02-10 21:00:00,19.6,64,0.0,3.4,0,0.0,0.0,19.9
2025-02-10 22:00:00,18.7,69,0.0,3.9,0,0.0,0.0,19.0
2025-02-10 23:00:00,17.9,74,0.0,3.1,0,0.0,0.0,18.4
2025-02-11 00:00:00,17.3,77,0.0,2.6,0,0.0,0.0,17.9
2025-02-11 01:00:00,16.6,79,0.0,3.2,0,0.0,0.0,17.1
2025-02-11 02:00:00,16.4,80,0.0,1.7,0,0.0,0.0,17.1
2025-02-11 03:00:00,16.4,78,0.0,1.0,0,0.0,0.0,17.0
2025-02-11 04:00:00,15.3,82,0.0,2.9,0,0.0,0.0,15.6
2025-02-11 05:00:00,14.4,86,0.0,5.0,3,0.0,0.0,14.2
2025-02-11 06:00:00,12.8,90,0.0,4.7,0,0.0,0.0,12.4
2025-02-11 07:00:00,12.3,93,0.0,4.1,20,7.0,1.0,12.0
2025-02-11 08:00:00,14.3,83,0.0,4.9,73,111.0,46.0,14.1
2025-02-11 09:00:00,18.2,68,0.0,2.8,57,292.0,171.0,18.4
2025-02-11 10:00:00,22.0,51,0.0,2.4,22,486.0,353.0,22.0
2025-02-11 11:00:00,24.6,41,0.0,3.1,0,625.0,481.0,24.8
2025-02-11 12:00:00,26.2,37,0.0,4.2,0,702.0,553.0,26.6
2025-02-11 13:00:00,27.3,32,0.0,5.5,2,709.0,560.0,27.3
2025-02-11 14:00:00,27.9,25,0.0,7.3,1,639.0,494.0,26.4
2025-02-11 15:00:00,27.7,25,0.0,8.8,11,509.0,377.0,25.4
2025-02-11 16:00:00,26.5,32,0.0,9.5,15,329.0,216.0,24.7
2025-02-11 17:00:00,24.9,40,0.0,6.6,7,144.0,73.0,24.0
2025-02-11 18:00:00,23.5,44,0.0,4.3,11,16.0,4.0,23.1
2025-02-11 19:00:00,22.5,52,0.0,2.4,2,0.0,0.0,22.8
2025-02-11 20:00:00,21.4,56,0.0,3.2,22,0.0,0.0,21.6
2025-02-11 21:00:00,20.5,58,0.0,5.7,7,0.0,0.0,20.2
2025-02-11 22:00:00,19.3,66,0.0,5.6,18,0.0,0.0,19.3
2025-02-11 23:00:00,18.4,69,0.0,2.9,3,0.0,0.0,18.8
2025-02-12 00:00:00,18.3,67,0.0,0.9,1,0.0,0.0,18.8
2025-02-12 01:00:00,17.1,70,0.0,4.4,0,0.0,0.0,16.9
2025-02-12 02:00:00,15.9,71,0.0,5.4,0,0.0,0.0,15.3
2025-02-12 03:00:00,15.3,72,0.0,3.6,0,0.0,0.0,14.8
2025-02-12 04:00:00,14.6,72,0.0,4.7,0,0.0,0.0,13.8
2025-02-12 05:00:00,14.1,71,0.0,5.5,0,0.0,0.0,13.0
2025-02-12 06:00:00,13.8,81,0.0,7.4,0,0.0,0.0,12.9
2025-02-12 07:00:00,13.6,79,0.0,8.3,0,7.0,1.0,12.4
2025-02-12 08:00:00,15.2,70,0.0,8.6,0,123.0,60.0,13.9
2025-02-12 09:00:00,17.8,59,0.0,7.9,0,318.0,213.0,16.5
2025-02-12 10:00:00,20.6,47,0.0,7.6,0,505.0,376.0,19.2
2025-02-12 11:00:00,23.3,36,0.0,10.0,0,644.0,501.0,21.6
2025-02-12 12:00:00,24.9,27,0.0,15.8,0,721.0,571.0,22.1
2025-02-12 13:00:00,25.3,25,0.0,15.9,0,730.0,579.0,22.4
2025-02-12 14:00:00,25.3,24,0.0,14.7,0,667.0,522.0,22.2
2025-02-12 15:00:00,24.8,24,0.0,16.2,0,540.0,408.0,20.8
2025-02-12 16:00:00,23.8,29,0.0,15.9,0,361.0,251.0,20.1
2025-02-12 17:00:00,22.5,36,0.0,13.8,0,162.0,88.0,19.6
2025-02-12 18:00:00,21.3,44,0.0,12.9,0,18.0,5.0,19.0
2025-02-12 19:00:00,20.3,49,0.0,13.8,0,0.0,0.0,18.0
2025-02-12 20:00:00,19.7,46,0.0,14.1,0,0.0,0.0,17.1
2025-02-12 21:00:00,19.0,46,0.0,13.3,0,0.0,0.0,16.3
2025-02-12 22:00:00,18.3,45,0.0,12.1,3,0.0,0.0,15.6
2025-02-12 23:00:00,17.8,43,0.0,12.2,2,0.0,0.0,14.8
2025-02-13 00:00:00,17.2,43,0.0,12.3,0,0.0,0.0,14.0
2025-02-13 01:00:00,16.6,45,0.0,12.5,2,0.0,0.0,13.5
2025-02-13 02:00:00,16.0,46,0.0,12.8,1,0.0,0.0,12.8
2025-02-13 03:00:00,15.3,51,0.0,11.2,0,0.0,0.0,12.4
2025-02-13 04:00:00,14.7,55,0.0,10.3,0,0.0,0.0,12.1
2025-02-13 05:00:00,14.3,57,0.0,10.2,0,0.0,0.0,11.7
2025-02-13 06:00:00,13.9,66,0.0,12.2,0,0.0,0.0,11.5
2025-02-13 07:00:00,13.7,66,0.0,12.2,0,8.0,1.0,11.3
2025-02-13 08:00:00,14.6,66,0.0,10.8,0,130.0,65.0,12.6
2025-02-13 09:00:00,16.6,60,0.0,11.3,0,329.0,222.0,14.6
2025-02-13 10:00:00,19.0,52,0.0,12.1,0,517.0,386.0,16.9
2025-02-13 11:00:00,21.0,42,0.0,14.0,4,658.0,513.0,18.9
2025-02-13 12:00:00,22.3,37,0.0,14.5,0,736.0,584.0,20.3
2025-02-13 13:00:00,23.2,32,0.0,15.2,0,742.0,590.0,20.8
2025-02-13 14:00:00,23.6,28,0.0,16.1,0,675.0,530.0,20.5
2025-02-13 15:00:00,23.4,28,0.0,15.7,0,543.0,410.0,19.6
2025-02-13 16:00:00,22.6,33,0.0,14.7,0,363.0,252.0,19.3
2025-02-13 17:00:00,21.3,39,0.0,13.7,0,163.0,89.0,18.5
2025-02-13 18:00:00,20.5,46,0.0,11.9,0,19.0,5.0,18.3
2025-02-13 19:00:00,19.4,49,0.0,12.0,0,0.0,0.0,17.2
2025-02-13 20:00:00,18.6,48,0.0,12.7,0,0.0,0.0,16.1
2025-02-13 21:00:00,17.9,46,0.0,11.8,0,0.0,0.0,15.2
2025-02-13 22:00:00,17.3,45,0.0,11.3,0,0.0,0.0,14.5
2025-02-13 23:00:00,16.8,43,0.0,9.8,0,0.0,0.0,13.9
2025-02-14 00:00:00,16.2,42,0.0,8.7,0,0.0,0.0,13.4
2025-02-14 01:00:00,15.5,43,0.0,8.3,0,0.0,0.0,12.7
2025-02-14 02:00:00,14.8,45,0.0,8.5,0,0.0,0.0,11.9
2025-02-14 03:00:00,14.1,47,0.0,8.6,0,0.0,0.0,11.2
2025-02-14 04:00:00,13.4,50,0.0,8.4,0,0.0,0.0,10.6
2025-02-14 05:00:00,12.9,52,0.0,8.7,0,0.0,0.0,10.0
2025-02-14 06:00:00,12.4,61,0.0,10.8,0,0.0,0.0,9.5
2025-02-14 07:00:00,12.3,60,0.0,10.9,2,9.0,2.0,9.5
2025-02-14 08:00:00,13.8,55,0.0,11.6,8,129.0,65.0,10.9
2025-02-14 09:00:00,16.3,48,0.0,11.1,0,324.0,218.0,13.5
2025-02-14 10:00:00,19.0,41,0.0,11.9,0,507.0,377.0,16.2
2025-02-14 11:00:00,21.4,34,0.0,12.2,0,645.0,501.0,18.9
2025-02-14 12:00:00,23.2,27,0.0,13.5,0,722.0,571.0,20.6
2025-02-14 13:00:00,24.2,27,0.0,14.1,4,729.0,578.0,21.7
2025-02-14 14:00:00,24.6,27,0.0,13.9,51,664.0,519.0,21.8
2025-02-14 15:00:00,24.5,28,0.0,13.3,0,532.0,397.0,21.3
2025-02-14 16:00:00,24.0,30,0.0,12.5,0,357.0,247.0,21.0
2025-02-14 17:00:00,22.7,36,0.0,10.3,0,162.0,88.0,20.4
2025-02-14 18:00:00,21.7,41,0.0,8.6,0,20.0,5.0,19.9
2025-02-14 19:00:00,20.9,44,0.0,8.5,15,0.0,0.0,19.1
2025-02-14 20:00:00,20.2,44,0.0,8.3,86,0.0,0.0,18.4
2025-02-14 21:00:00,19.6,43,0.0,7.8,49,0.0,0.0,17.7
2025-02-14 22:00:00,18.8,44,0.0,6.0,89,0.0,0.0,17.0
2025-02-14 23:00:00,17.8,48,0.0,5.1,100,0.0,0.0,16.2
2025-02-15 00:00:00,16.9,52,0.0,4.8,54,0.0,0.0,15.4
2025-02-15 01:00:00,16.1,56,0.0,4.7,97,0.0,0.0,14.7
2025-02-15 02:00:00,15.6,60,0.0,3.8,85,0.0,0.0,14.5
2025-02-15 03:00:00,15.0,60,0.0,4.7,66,0.0,0.0,13.6
2025-02-15 04:00:00,14.2,66,0.0,4.2,79,0.0,0.0,13.0
2025-02-15 05:00:00,14.0,68,0.0,3.3,13,0.0,0.0,13.0
2025-02-15 06:00:00,13.0,74,0.0,4.1,15,0.0,0.0,12.0
2025-02-15 07:00:00,13.3,73,0.0,3.5,37,9.0,2.0,12.4
2025-02-15 08:00:00,15.8,61,0.0,2.8,11,123.0,55.0,14.9
2025-02-15 09:00:00,19.6,46,0.0,1.3,35,319.0,211.0,18.8
2025-02-15 10:00:00,22.9,35,0.0,0.7,23,477.0,318.0,21.9
2025-02-15 11:00:00,25.1,27,0.0,4.7,2,627.0,464.0,23.6
2025-02-15 12:00:00,25.6,27,0.0,8.2,0,719.0,568.0,24.2
2025-02-15 13:00:00,25.6,27,0.0,9.8,0,722.0,569.0,24.0
2025-02-15 14:00:00,25.6,26,0.0,9.1,0,661.0,515.0,23.7
2025-02-15 15:00:00,25.6,26,0.0,9.3,0,534.0,401.0,22.9
2025-02-15 16:00:00,24.9,28,0.0,10.3,0,359.0,247.0,22.1
2025-02-15 17:00:00,23.7,31,0.0,9.6,0,164.0,89.0,21.2
2025-02-15 18:00:00,24.1,31,0.0,6.9,0,20.0,5.0,22.0
2025-02-15 19:00:00,22.6,36,0.0,4.9,0,0.0,0.0,21.0
2025-02-15 20:00:00,21.3,43,0.0,4.6,5,0.0,0.0,20.1
2025-02-15 21:00:00,20.2,49,0.0,5.1,45,0.0,0.0,19.2
2025-02-15 22:00:00,19.1,50,0.0,5.6,76,0.0,0.0,17.9
2025-02-15 23:00:00,18.1,53,0.0,5.1,14,0.0,0.0,16.9
2025-02-16 00:00:00,17.5,57,0.0,1.9,0,0.0,0.0,17.0
2025-02-16 01:00:00,17.2,59,0.0,1.6,0,0.0,0.0,16.7
2025-02-16 02:00:00,17.3,59,0.0,0.0,0,0.0,0.0,17.1
2025-02-16 03:00:00,15.8,63,0.0,3.7,1,0.0,0.0,14.9
2025-02-16 04:00:00,15.4,65,0.0,2.1,9,0.0,0.0,14.7
2025-02-16 05:00:00,14.8,68,0.0,2.4,0,0.0,0.0,14.1
2025-02-16 06:00:00,13.5,79,0.0,3.1,0,0.0,0.0,13.0
2025-02-16 07:00:00,13.6,81,0.0,3.2,17,10.0,2.0,13.2
2025-02-16 08:00:00,16.1,69,0.0,3.6,0,135.0,68.0,15.7
2025-02-16 09:00:00,19.5,56,0.0,1.6,2,332.0,224.0,19.4
2025-02-16 10:00:00,22.5,44,0.0,2.8,37,516.0,384.0,22.0
2025-02-16 11:00:00,24.6,34,0.0,2.4,94,653.0,504.0,24.3
2025-02-16 12:00:00,25.8,30,0.0,1.9,100,692.0,473.0,25.7
2025-02-16 13:00:00,26.4,29,0.0,4.5,100,656.0,380.0,25.7
2025-02-16 14:00:00,26.6,30,0.0,5.9,100,573.0,300.0,25.3
2025-02-16 15:00:00,26.5,30,0.0,6.5,100,474.0,256.0,24.9
2025-02-16 16:00:00,26.0,32,0.0,6.8,100,320.0,161.0,24.4
2025-02-16 17:00:00,24.9,36,0.0,8.4,85,97.0,3.0,23.3
2025-02-16 18:00:00,23.8,40,0.0,7.8,19,21.0,5.0,22.5
2025-02-16 19:00:00,22.5,48,0.0,6.8,23,0.0,0.0,21.7
2025-02-16 20:00:00,21.5,53,0.0,6.1,39,0.0,0.0,21.1
2025-02-16 21:00:00,20.2,59,0.0,4.4,4,0.0,0.0,20.2
2025-02-16 22:00:00,19.0,64,0.0,4.9,41,0.0,0.0,18.9
2025-02-16 23:00:00,18.1,69,0.0,4.6,1,0.0,0.0,18.1
2025-02-17 00:00:00,17.4,71,0.0,4.3,2,0.0,0.0,17.4
2025-02-17 01:00:00,17.0,73,0.0,3.1,4,0.0,0.0,17.2
2025-02-17 02:00:00,16.7,75,0.0,1.8,67,0.0,0.0,17.0
2025-02-17 03:00:00,16.9,74,0.0,2.1,90,0.0,0.0,17.3
2025-02-17 04:00:00,16.5,76,0.0,3.5,100,0.0,0.0,16.6
2025-02-17 05:00:00,16.7,76,0.0,1.9,100,0.0,0.0,17.2
2025-02-17 06:00:00,16.4,79,0.0,1.4,81,0.0,0.0,17.1
2025-02-17 07:00:00,16.2,81,0.0,1.0,0,8.0,1.0,17.0
2025-02-17 08:00:00,18.1,70,0.0,2.4,0,137.0,69.0,18.5
2025-02-17 09:00:00,20.6,57,0.0,1.8,0,328.0,219.0,20.9
2025-02-17 10:00:00,23.4,41,0.0,2.8,1,510.0,377.0,22.8
2025-02-17 11:00:00,25.6,31,0.0,1.1,29,652.0,507.0,25.5
2025-02-17 12:00:00,27.0,26,0.0,0.7,20,714.0,553.0,26.9
2025-02-17 13:00:00,28.1,21,0.0,1.0,7,721.0,557.0,27.7
2025-02-17 14:00:00,28.7,19,0.0,2.0,0,640.0,474.0,27.3
2025-02-17 15:00:00,28.8,19,0.0,3.3,12,540.0,405.0,26.7
2025-02-17 16:00:00,28.0,23,0.0,6.7,41,361.0,246.0,25.7
2025-02-17 17:00:00,26.4,29,0.0,7.9,8,166.0,88.0,24.4
2025-02-17 18:00:00,24.5,31,0.0,3.6,2,22.0,6.0,23.1
2025-02-17 19:00:00,23.3,42,0.0,1.0,37,0.0,0.0,23.0
2025-02-17 20:00:00,22.4,49,0.0,0.4,0,0.0,0.0,22.7
2025-02-17 21:00:00,21.4,52,0.0,1.5,54,0.0,0.0,21.5
2025-02-17 22:00:00,20.6,59,0.0,3.0,38,0.0,0.0,20.9
2025-02-17 23:00:00,19.4,65,0.0,4.6,100,0.0,0.0,19.5
2025-02-18 00:00:00,19.8,64,0.0,4.4,100,0.0,0.0,20.0
2025-02-18 01:00:00,19.3,65,0.0,4.4,5,0.0,0.0,19.4
2025-02-18 02:00:00,18.1,67,0.0,5.1,61,0.0,0.0,17.9
2025-02-18 03:00:00,18.2,63,0.0,6.9,49,0.0,0.0,17.5
2025-02-18 04:00:00,17.1,69,0.0,4.6,91,0.0,0.0,16.8
2025-02-18 05:00:00,17.3,70,0.0,1.8,57,0.0,0.0,17.5
2025-02-18 06:00:00,17.0,74,0.0,1.1,26,0.0,0.0,17.6
2025-02-18 07:00:00,16.8,75,0.0,3.2,98,11.0,1.0,17.0
2025-02-18 08:00:00,18.9,65,0.0,5.1,100,89.0,16.0,18.8
2025-02-18 09:00:00,19.8,62,0.0,5.9,100,120.0,0.0,19.7
2025-02-18 10:00:00,21.0,58,0.0,7.1,100,197.0,0.0,20.7
2025-02-18 11:00:00,22.0,53,0.0,9.6,100,354.0,89.0,21.1
2025-02-18 12:00:00,23.3,45,0.0,6.7,94,422.0,164.0,22.6
2025-02-18 13:00:00,24.8,35,0.0,6.4,1,485.0,192.0,23.5
2025-02-18 14:00:00,26.3,29,0.0,7.8,1,676.0,529.0,25.1
2025-02-18 15:00:00,26.4,27,0.0,9.0,0,547.0,411.0,24.0
2025-02-18 16:00:00,25.9,26,0.0,8.6,0,370.0,256.0,23.4
2025-02-18 17:00:00,24.8,30,0.0,7.1,0,172.0,95.0,22.8
2025-02-18 18:00:00,23.4,36,0.0,5.1,2,23.0,7.0,21.9
2025-02-18 19:00:00,22.0,46,0.0,4.2,1,0.0,0.0,21.4
2025-02-18 20:00:00,21.3,52,0.0,3.9,0,0.0,0.0,21.0
2025-02-18 21:00:00,20.8,55,0.0,3.1,0,0.0,0.0,20.7
2025-02-18 22:00:00,19.9,56,0.0,5.0,0,0.0,0.0,19.4
2025-02-18 23:00:00,18.9,59,0.0,4.9,0,0.0,0.0,18.4
2025-02-19 00:00:00,17.9,61,0.0,4.9,0,0.0,0.0,17.2
2025-02-19 01:00:00,17.0,63,0.0,5.1,0,0.0,0.0,16.3
2025-02-19 02:00:00,16.2,66,0.0,4.8,0,0.0,0.0,15.4
2025-02-19 03:00:00,15.6,68,0.0,5.1,8,0.0,0.0,14.7
2025-02-19 04:00:00,15.1,69,0.0,5.1,8,0.0,0.0,14.2
2025-02-19 05:00:00,14.7,69,0.0,5.2,97,0.0,0.0,13.7
2025-02-19 06:00:00,14.2,76,0.0,5.1,93,0.0,0.0,13.4
2025-02-19 07:00:00,14.3,75,0.0,6.1,100,12.0,1.0,13.4
2025-02-19 08:00:00,16.1,68,0.0,5.9,90,134.0,56.0,15.3
2025-02-19 09:00:00,19.2,56,0.0,4.1,100,328.0,203.0,18.7
2025-02-19 10:00:00,21.9,45,0.0,4.5,88,480.0,287.0,21.1
2025-02-19 11:00:00,24.3,36,0.0,5.8,100,637.0,448.0,23.4
2025-02-19 12:00:00,25.7,29,0.0,6.7,100,677.0,430.0,24.6
2025-02-19 13:00:00,26.6,26,0.0,6.9,81,660.0,385.0,25.0
2025-02-19 14:00:00,27.0,25,0.0,7.3,76,608.0,369.0,25.1
2025-02-19 15:00:00,27.0,26,0.0,8.5,99,534.0,369.0,24.7
2025-02-19 16:00:00,26.5,28,0.0,8.5,100,342.0,187.0,24.3
2025-02-19 17:00:00,25.5,31,0.0,6.5,100,147.0,44.0,23.9
2025-02-19 18:00:00,24.1,38,0.0,4.1,100,17.0,2.0,23.2
2025-02-19 19:00:00,23.7,42,0.0,4.0,100,0.0,0.0,23.1
2025-02-19 20:00:00,22.8,49,0.0,3.7,100,0.0,0.0,22.6
2025-02-19 21:00:00,21.8,49,0.3,7.3,100,0.0,0.0,20.9
2025-02-19 22:00:00,20.0,61,0.5,5.8,92,0.0,0.0,19.8
2025-02-19 23:00:00,18.2,72,0.2,3.2,99,0.0,0.0,18.7
2025-02-20 00:00:00,18.2,73,0.0,8.3,99,0.0,0.0,18.0
2025-02-20 01:00:00,17.0,78,0.5,2.3,99,0.0,0.0,17.6
2025-02-20 02:00:00,16.9,75,0.1,10.3,75,0.0,0.0,16.2
2025-02-20 03:00:00,16.4,79,0.7,9.7,100,0.0,0.0,15.8
2025-02-20 04:00:00,15.9,86,1.3,11.8,62,0.0,0.0,15.3
2025-02-20 05:00:00,15.1,83,0.0,12.1,99,0.0,0.0,14.0
2025-02-20 06:00:00,16.3,87,0.1,10.0,27,0.0,0.0,16.1
2025-02-20 07:00:00,16.4,82,0.0,10.1,35,11.0,2.0,16.0
2025-02-20 08:00:00,17.9,73,0.0,10.3,35,124.0,57.0,17.3
2025-02-20 09:00:00,19.8,64,0.0,10.8,72,278.0,164.0,19.1
2025-02-20 10:00:00,20.3,62,0.2,12.8,97,391.0,233.0,19.3
2025-02-20 11:00:00,20.8,59,0.0,12.2,62,325.0,98.0,19.8
2025-02-20 12:00:00,21.6,57,0.5,13.5,19,526.0,284.0,20.5
2025-02-20 13:00:00,22.9,53,0.0,15.8,7,680.0,492.0,22.1
2025-02-20 14:00:00,23.5,48,0.0,16.6,2,651.0,485.0,22.1
2025-02-20 15:00:00,23.7,46,0.0,16.5,33,533.0,393.0,21.7
2025-02-20 16:00:00,23.1,49,0.0,14.3,21,342.0,217.0,21.5
2025-02-20 17:00:00,21.9,54,0.0,13.9,32,159.0,78.0,20.5
2025-02-20 18:00:00,21.0,61,0.0,14.4,8,23.0,6.0,19.8
2025-02-20 19:00:00,20.0,67,0.0,14.9,17,0.0,0.0,19.0
2025-02-20 20:00:00,19.6,67,0.2,9.7,63,0.0,0.0,19.2
2025-02-20 21:00:00,15.9,89,2.3,13.1,54,0.0,0.0,15.3
2025-02-20 22:00:00,16.2,87,1.0,7.6,19,0.0,0.0,16.3
2025-02-20 23:00:00,16.1,87,0.2,9.0,37,0.0,0.0,16.1
2025-02-21 00:00:00,15.6,88,0.2,9.2,36,0.0,0.0,15.4
2025-02-21 01:00:00,15.3,90,0.1,6.9,14,0.0,0.0,15.4
2025-02-21 02:00:00,14.8,91,0.1,5.4,15,0.0,0.0,15.1
2025-02-21 03:00:00,14.4,93,0.0,5.3,9,0.0,0.0,14.6
2025-02-21 04:00:00,14.2,93,0.0,6.3,0,0.0,0.0,14.3
2025-02-21 05:00:00,13.7,93,0.0,5.5,0,0.0,0.0,13.7
2025-02-21 06:00:00,14.3,90,0.0,4.4,0,0.0,0.0,14.5
2025-02-21 07:00:00,14.5,89,0.0,3.3,0,14.0,3.0,14.9
2025-02-21 08:00:00,16.1,82,0.0,2.4,0,146.0,73.0,16.6
2025-02-21 09:00:00,18.2,71,0.0,1.5,2,340.0,224.0,18.9
2025-02-21 10:00:00,20.5,62,0.0,0.8,2,521.0,378.0,21.2
2025-02-21 11:00:00,22.5,53,0.0,1.5,3,663.0,506.0,23.7
2025-02-21 12:00:00,23.7,49,0.0,2.0,4,740.0,577.0,25.5
2025-02-21 13:00:00,24.6,47,0.0,2.6,4,746.0,582.0,26.3
2025-02-21 14:00:00,25.1,44,0.0,5.0,99,663.0,497.0,25.6
2025-02-21 15:00:00,24.9,44,0.0,7.7,100,510.0,335.0,24.3
2025-02-21 16:00:00,24.1,46,0.0,10.1,100,333.0,184.0,23.1
2025-02-21 17:00:00,22.7,52,0.0,11.2,100,105.0,8.0,21.8
2025-02-21 18:00:00,21.7,58,0.0,9.8,95,24.0,4.0,21.2
2025-02-21 19:00:00,20.8,65,0.0,8.8,99,0.0,0.0,20.7
2025-02-21 20:00:00,19.9,70,0.0,8.0,5,0.0,0.0,20.2
2025-02-21 21:00:00,18.9,75,0.0,7.3,79,0.0,0.0,19.3
2025-02-21 22:00:00,18.0,80,0.0,7.0,2,0.0,0.0,18.4
2025-02-21 23:00:00,17.1,84,0.0,7.1,0,0.0,0.0,17.4
2025-02-22 00:00:00,16.3,86,0.0,8.2,0,0.0,0.0,16.4
2025-02-22 01:00:00,15.8,85,0.0,8.6,0,0.0,0.0,15.5
2025-02-22 02:00:00,15.1,86,0.0,7.7,0,0.0,0.0,14.8
2025-02-22 03:00:00,14.6,87,0.0,8.1,12,0.0,0.0,14.1
2025-02-22 04:00:00,14.1,89,0.0,8.6,7,0.0,0.0,13.5
2025-02-22 05:00:00,13.6,89,0.0,8.4,48,0.0,0.0,13.0
2025-02-22 06:00:00,13.5,92,0.0,8.0,0,0.0,0.0,13.0
2025-02-22 07:00:00,13.5,90,0.0,8.8,20,15.0,3.0,12.8
2025-02-22 08:00:00,15.1,81,0.0,7.1,40,149.0,76.0,14.6
2025-02-22 09:00:00,17.3,69,0.0,7.4,20,347.0,231.0,16.7
2025-02-22 10:00:00,19.7,58,0.0,7.5,46,524.0,375.0,19.0
2025-02-22 11:00:00,21.7,48,0.0,8.6,57,672.0,522.0,21.2
2025-02-22 12:00:00,23.0,43,0.0,10.2,100,744.0,579.0,22.5
2025-02-22 13:00:00,23.6,40,0.0,11.4,73,680.0,429.0,22.4
2025-02-22 14:00:00,23.9,36,0.0,11.5,29,611.0,369.0,22.0
2025-02-22 15:00:00,23.8,37,0.0,11.8,7,545.0,390.0,21.6
2025-02-22 16:00:00,23.2,38,0.0,11.9,0,378.0,260.0,21.0
2025-02-22 17:00:00,22.1,42,0.0,11.8,1,179.0,99.0,20.0
2025-02-22 18:00:00,20.4,53,0.0,7.0,0,27.0,8.0,19.5
2025-02-22 19:00:00,19.4,60,0.0,5.8,0,0.0,0.0,19.0
2025-02-22 20:00:00,18.7,64,0.0,6.4,0,0.0,0.0,18.3
2025-02-22 21:00:00,18.0,68,0.0,5.2,0,0.0,0.0,17.8
2025-02-22 22:00:00,17.2,73,0.0,4.8,0,0.0,0.0,17.2
2025-02-22 23:00:00,16.5,76,0.0,4.7,0,0.0,0.0,16.5
2025-02-23 00:00:00,15.9,78,0.0,4.3,0,0.0,0.0,15.8
2025-02-23 01:00:00,15.3,78,0.0,4.5,0,0.0,0.0,15.1
2025-02-23 02:00:00,14.9,78,0.0,4.7,0,0.0,0.0,14.6
2025-02-23 03:00:00,14.5,80,0.0,5.1,0,0.0,0.0,14.0
2025-02-23 04:00:00,14.0,81,0.0,5.2,0,0.0,0.0,13.5
2025-02-23 05:00:00,13.6,83,0.0,5.1,0,0.0,0.0,13.0
2025-02-23 06:00:00,13.3,87,0.0,4.5,0,0.0,0.0,12.9
2025-02-23 07:00:00,13.8,84,0.0,5.0,0,16.0,4.0,13.4
2025-02-23 08:00:00,15.5,77,0.0,5.6,0,154.0,80.0,15.1
2025-02-23 09:00:00,18.0,66,0.0,5.4,0,356.0,242.0,17.7
2025-02-23 10:00:00,20.5,56,0.0,6.0,0,542.0,404.0,20.1
2025-02-23 11:00:00,22.5,47,0.0,6.7,0,682.0,530.0,22.5
2025-02-23 12:00:00,23.8,41,0.0,7.2,0,759.0,600.0,23.9
2025-02-23 13:00:00,24.6,39,0.0,7.3,0,765.0,606.0,24.7
2025-02-23 14:00:00,25.1,37,0.0,7.6,0,700.0,547.0,24.7
2025-02-23 15:00:00,24.9,37,0.0,8.7,0,569.0,430.0,23.5
2025-02-23 16:00:00,24.4,37,0.0,9.1,0,389.0,270.0,22.7
2025-02-23 17:00:00,23.3,40,0.0,8.4,0,186.0,104.0,21.7
2025-02-23 18:00:00,21.9,47,0.0,5.4,0,29.0,9.0,21.1
2025-02-23 19:00:00,20.5,54,0.0,4.0,0,0.0,0.0,20.2
2025-02-23 20:00:00,19.5,59,0.0,3.7,0,0.0,0.0,19.4
2025-02-23 21:00:00,18.9,63,0.0,3.7,0,0.0,0.0,18.9
2025-02-23 22:00:00,18.3,65,0.0,3.6,0,0.0,0.0,18.3
2025-02-23 23:00:00,17.8,66,0.0,2.7,0,0.0,0.0,17.8
2025-02-24 00:00:00,17.1,68,0.0,3.1,0,0.0,0.0,17.0
2025-02-24 01:00:00,16.5,70,0.0,3.1,0,0.0,0.0,16.3
2025-02-24 02:00:00,15.9,73,0.0,2.9,0,0.0,0.0,15.8
2025-02-24 03:00:00,15.3,75,0.0,3.1,1,0.0,0.0,15.1
2025-02-24 04:00:00,14.2,80,0.0,3.8,0,0.0,0.0,13.8
2025-02-24 05:00:00,13.3,83,0.0,4.7,0,0.0,0.0,12.8
2025-02-24 06:00:00,13.5,89,0.0,4.9,0,0.0,0.0,13.2
2025-02-24 07:00:00,13.7,87,0.0,5.2,0,17.0,4.0,13.4
2025-02-24 08:00:00,16.1,75,0.0,4.5,0,159.0,84.0,15.9
2025-02-24 09:00:00,19.4,59,0.0,4.0,2,363.0,248.0,19.2
2025-02-24 10:00:00,22.2,49,0.0,4.2,0,550.0,411.0,21.9
2025-02-24 11:00:00,24.3,38,0.0,4.8,0,690.0,537.0,24.2
2025-02-24 12:00:00,25.7,30,0.0,6.2,1,767.0,607.0,25.3
2025-02-24 13:00:00,26.5,27,0.0,8.6,9,773.0,613.0,25.5
2025-02-24 14:00:00,26.9,24,0.0,9.4,17,707.0,554.0,25.0
2025-02-24 15:00:00,26.8,23,0.0,10.2,3,578.0,438.0,23.9
2025-02-24 16:00:00,26.1,24,0.0,10.3,0,396.0,278.0,23.1
2025-02-24 17:00:00,24.9,30,0.0,9.4,3,191.0,109.0,22.4
2025-02-24 18:00:00,23.0,44,0.0,7.2,90,30.0,9.0,22.0
2025-02-24 19:00:00,21.6,54,0.0,4.4,100,0.0,0.0,21.6
2025-02-24 20:00:00,20.7,60,0.0,3.9,88,0.0,0.0,21.0
2025-02-24 21:00:00,20.1,65,0.0,3.2,88,0.0,0.0,20.6
2025-02-24 22:00:00,19.6,65,0.0,2.1,100,0.0,0.0,20.2
2025-02-24 23:00:00,19.0,67,0.0,2.7,29,0.0,0.0,19.4
2025-02-25 00:00:00,18.3,68,0.0,2.3,3,0.0,0.0,18.7
2025-02-25 01:00:00,18.0,68,0.0,2.7,6,0.0,0.0,18.2
2025-02-25 02:00:00,16.8,73,0.0,3.2,10,0.0,0.0,16.9
2025-02-25 03:00:00,15.9,77,0.0,4.7,28,0.0,0.0,15.7
2025-02-25 04:00:00,15.0,82,0.0,4.4,85,0.0,0.0,15.0
2025-02-25 05:00:00,14.5,85,0.0,4.4,90,0.0,0.0,14.5
2025-02-25 06:00:00,14.4,89,0.0,3.6,26,0.0,0.0,14.7
2025-02-25 07:00:00,15.1,85,0.0,6.2,39,18.0,4.0,15.0
2025-02-25 08:00:00,17.6,73,0.0,4.8,1,158.0,81.0,17.7
2025-02-25 09:00:00,21.0,58,0.0,4.0,43,358.0,244.0,21.1
2025-02-25 10:00:00,23.9,43,0.0,3.2,44,538.0,392.0,23.6
2025-02-25 11:00:00,25.7,32,0.0,3.7,14,667.0,510.0,25.4
2025-02-25 12:00:00,27.1,27,0.0,3.8,91,748.0,585.0,26.9
2025-02-25 13:00:00,27.9,25,0.0,5.4,100,752.0,588.0,27.4
2025-02-25 14:00:00,28.1,25,0.0,5.6,100,635.0,398.0,26.8
2025-02-25 15:00:00,27.6,26,0.0,5.5,94,388.0,114.0,25.8
2025-02-25 16:00:00,27.1,28,0.0,7.4,2,325.0,166.0,25.2
2025-02-25 17:00:00,26.0,30,0.0,6.1,2,186.0,104.0,24.4
2025-02-25 18:00:00,24.2,43,0.0,3.1,4,30.0,9.0,24.0
2025-02-25 19:00:00,23.3,48,0.0,2.0,18,0.0,0.0,23.5
2025-02-25 20:00:00,22.3,48,0.0,3.8,19,0.0,0.0,22.0
2025-02-25 21:00:00,21.7,51,0.0,2.1,99,0.0,0.0,21.7
2025-02-25 22:00:00,20.8,51,0.0,3.5,100,0.0,0.0,20.4
2025-02-25 23:00:00,20.7,51,0.0,5.5,99,0.0,0.0,19.9
2025-02-26 00:00:00,19.9,58,0.0,4.9,44,0.0,0.0,19.5
2025-02-26 01:00:00,18.7,64,0.0,4.8,50,0.0,0.0,18.6
2025-02-26 02:00:00,18.3,68,0.0,4.0,96,0.0,0.0,18.4
2025-02-26 03:00:00,18.2,69,0.0,2.4,100,0.0,0.0,18.6
2025-02-26 04:00:00,17.9,70,0.0,4.3,99,0.0,0.0,18.0
2025-02-26 05:00:00,18.2,67,0.0,4.0,100,0.0,0.0,18.2
2025-02-26 06:00:00,18.7,73,0.0,2.6,100,0.0,0.0,19.5
2025-02-26 07:00:00,19.0,75,0.0,1.7,100,12.0,1.0,20.1
2025-02-26 08:00:00,19.9,67,0.0,6.2,100,78.0,9.0,20.2
2025-02-26 09:00:00,22.8,56,0.0,4.9,95,270.0,103.0,23.2
2025-02-26 10:00:00,26.0,46,0.0,5.7,30,510.0,331.0,26.2
2025-02-26 11:00:00,27.8,40,0.0,5.8,19,672.0,516.0,28.5
2025-02-26 12:00:00,29.0,36,0.0,6.5,46,746.0,583.0,29.9
2025-02-26 13:00:00,29.8,33,0.0,5.8,100,741.0,557.0,30.6
2025-02-26 14:00:00,30.1,32,0.0,6.7,99,643.0,428.0,30.1
2025-02-26 15:00:00,29.8,31,0.0,6.8,89,483.0,252.0,29.0
2025-02-26 16:00:00,29.4,33,0.0,8.2,98,350.0,210.0,28.6
2025-02-26 17:00:00,28.2,39,0.0,8.9,98,167.0,69.0,27.8
2025-02-26 18:00:00,26.6,48,0.0,3.0,100,29.0,7.0,27.7
2025-02-26 19:00:00,25.7,58,0.0,1.9,100,0.0,0.0,27.8
2025-02-26 20:00:00,25.3,60,0.0,1.0,100,0.0,0.0,27.5
2025-02-26 21:00:00,24.5,62,0.0,2.3,100,0.0,0.0,26.5
2025-02-26 22:00:00,23.5,62,0.0,4.5,90,0.0,0.0,24.8
2025-02-26 23:00:00,22.6,66,0.0,5.0,74,0.0,0.0,23.9
2025-02-27 00:00:00,21.9,69,0.0,4.3,72,0.0,0.0,23.2
2025-02-27 01:00:00,21.7,70,0.0,1.8,100,0.0,0.0,23.4
2025-02-27 02:00:00,22.2,68,0.0,1.4,100,0.0,0.0,24.1
2025-02-27 03:00:00,21.6,70,0.0,2.4,92,0.0,0.0,23.3
2025-02-27 04:00:00,20.6,72,0.0,3.8,100,0.0,0.0,21.9
2025-02-27 05:00:00,20.6,69,0.0,4.0,100,0.0,0.0,21.5
2025-02-27 06:00:00,21.1,75,0.0,4.1,100,0.0,0.0,22.8
2025-02-27 07:00:00,21.0,72,0.0,17.1,100,9.0,0.0,20.5
2025-02-27 08:00:00,19.1,73,0.5,8.6,100,23.0,0.0,19.2
2025-02-27 09:00:00,19.7,78,0.2,10.0,100,71.0,1.0,20.1
2025-02-27 10:00:00,20.4,82,0.3,11.5,100,97.0,3.0,21.3
2025-02-27 11:00:00,20.2,84,0.0,14.4,100,106.0,2.0,20.7
2025-02-27 12:00:00,20.7,76,0.0,10.9,100,208.0,4.0,21.2
2025-02-27 13:00:00,22.1,67,0.0,12.8,100,415.0,75.0,22.1
2025-02-27 14:00:00,23.4,62,0.0,12.0,100,522.0,237.0,23.6
2025-02-27 15:00:00,23.0,63,0.0,9.2,100,247.0,17.0,23.6
2025-02-27 16:00:00,22.4,64,0.0,8.7,100,82.0,0.0,22.8
2025-02-27 17:00:00,22.1,60,0.0,10.1,100,68.0,3.0,22.0
2025-02-27 18:00:00,21.7,62,0.0,6.1,100,13.0,0.0,22.1
2025-02-27 19:00:00,21.2,64,0.0,8.9,96,0.0,0.0,21.2
2025-02-27 20:00:00,20.2,69,0.0,9.0,100,0.0,0.0,20.3
2025-02-27 21:00:00,20.1,70,0.0,9.6,100,0.0,0.0,20.1
2025-02-27 22:00:00,20.0,68,0.0,10.8,100,0.0,0.0,19.7
2025-02-27 23:00:00,19.8,65,0.0,12.4,100,0.0,0.0,18.9
2025-02-28 00:00:00,19.5,63,0.0,11.9,100,0.0,0.0,18.4
2025-02-28 01:00:00,19.3,62,0.0,9.5,100,0.0,0.0,18.5
2025-02-28 02:00:00,19.3,64,0.0,8.1,100,0.0,0.0,18.8
2025-02-28 03:00:00,19.2,66,0.0,10.0,100,0.0,0.0,18.5
2025-02-28 04:00:00,19.1,69,0.0,11.2,100,0.0,0.0,18.4
2025-02-28 05:00:00,18.9,70,0.0,12.2,100,0.0,0.0,18.1
2025-02-28 06:00:00,19.4,68,0.0,10.0,100,0.0,0.0,18.9
2025-02-28 07:00:00,19.1,69,0.0,6.8,100,6.0,0.0,19.2
2025-02-28 08:00:00,18.8,70,0.0,7.0,100,26.0,0.0,18.8
2025-02-28 09:00:00,18.2,76,0.5,9.4,100,79.0,4.0,18.1
2025-02-28 10:00:00,18.3,82,0.9,11.3,100,140.0,4.0,18.3
2025-02-28 11:00:00,19.6,77,0.2,11.9,100,328.0,45.0,19.6
2025-02-28 12:00:00,20.0,74,0.0,12.9,96,272.0,16.0,19.9
2025-02-28 13:00:00,21.1,71,0.0,11.4,96,425.0,93.0,21.3
2025-02-28 14:00:00,22.1,69,0.0,10.7,12,499.0,304.0,22.6
2025-02-28 15:00:00,23.3,65,0.0,10.2,19,555.0,398.0,24.1
2025-02-28 16:00:00,23.4,65,0.0,9.1,54,372.0,241.0,24.4
2025-02-28 17:00:00,22.9,69,0.0,6.4,32,158.0,70.0,24.3
2025-02-28 18:00:00,22.3,74,0.0,7.6,83,26.0,7.0,23.8
2025-02-28 19:00:00,21.4,83,0.0,9.5,18,0.0,0.0,23.1
2025-02-28 20:00:00,20.9,85,0.0,6.1,8,0.0,0.0,23.0
2025-02-28 21:00:00,18.5,90,1.7,9.1,18,0.0,0.0,19.6
2025-02-28 22:00:00,18.5,90,0.0,5.8,64,0.0,0.0,20.0
2025-02-28 23:00:00,18.4,91,0.0,10.3,54,0.0,0.0,19.3
2025-03-01 00:00:00,17.4,87,0.0,9.8,77,0.0,0.0,17.6
2025-03-01 01:00:00,16.8,87,0.0,9.0,19,0.0,0.0,17.0
2025-03-01 02:00:00,16.3,89,0.0,9.1,32,0.0,0.0,16.4
2025-03-01 03:00:00,15.9,90,0.0,8.5,53,0.0,0.0,16.1
2025-03-01 04:00:00,15.7,90,0.0,9.0,66,0.0,0.0,15.7
2025-03-01 05:00:00,15.5,89,0.2,10.6,100,0.0,0.0,15.1
2025-03-01 06:00:00,16.8,93,6.3,14.3,49,0.0,0.0,16.6
2025-03-01 07:00:00,16.6,91,0.3,15.8,82,12.0,2.0,16.0
2025-03-01 08:00:00,17.4,90,0.0,11.5,94,138.0,53.0,17.6
2025-03-01 09:00:00,18.5,83,0.0,8.4,100,257.0,116.0,19.2
2025-03-01 10:00:00,19.5,79,0.0,8.5,99,293.0,81.0,20.1
2025-03-01 11:00:00,21.1,75,0.0,3.7,51,476.0,224.0,22.8
2025-03-01 12:00:00,22.6,71,0.0,3.3,78,665.0,446.0,25.4
2025-03-01 13:00:00,23.7,67,0.0,4.4,58,695.0,498.0,26.5
2025-03-01 14:00:00,24.0,65,0.0,3.7,97,644.0,462.0,26.6
2025-03-01 15:00:00,24.1,66,0.1,3.0,54,514.0,353.0,26.2
2025-03-01 16:00:00,23.3,67,0.8,2.9,58,329.0,191.0,25.2
2025-03-01 17:00:00,22.6,70,0.0,3.4,9,175.0,90.0,24.6
2025-03-01 18:00:00,21.9,77,0.0,4.7,18,32.0,10.0,23.9
2025-03-01 19:00:00,21.0,81,0.0,5.2,13,0.0,0.0,22.9
2025-03-01 20:00:00,20.3,83,0.0,5.1,33,0.0,0.0,22.1
2025-03-01 21:00:00,20.0,84,0.0,7.6,4,0.0,0.0,21.4
2025-03-01 22:00:00,19.2,85,0.0,9.0,0,0.0,0.0,20.2
2025-03-01 23:00:00,18.4,86,0.0,7.8,0,0.0,0.0,19.4
2025-03-02 00:00:00,17.7,88,0.0,6.1,0,0.0,0.0,18.8
2025-03-02 01:00:00,17.2,89,0.0,5.3,0,0.0,0.0,18.2
2025-03-02 02:00:00,16.8,89,0.0,5.5,0,0.0,0.0,17.6
2025-03-02 03:00:00,16.5,88,0.0,6.8,0,0.0,0.0,17.0
2025-03-02 04:00:00,16.0,88,0.0,6.6,0,0.0,0.0,16.4
2025-03-02 05:00:00,15.4,89,0.0,5.6,0,0.0,0.0,15.7
2025-03-02 06:00:00,16.0,88,0.0,6.3,0,0.0,0.0,16.4
2025-03-02 07:00:00,16.1,87,0.0,6.5,0,25.0,7.0,16.4
2025-03-02 08:00:00,17.5,82,0.0,5.5,0,182.0,100.0,18.0
2025-03-02 09:00:00,19.3,74,0.0,6.2,0,392.0,272.0,19.8
2025-03-02 10:00:00,21.3,63,0.0,6.3,0,584.0,442.0,21.9
2025-03-02 11:00:00,23.3,44,0.0,8.7,0,727.0,571.0,23.2
2025-03-02 12:00:00,24.2,37,0.0,11.2,0,805.0,643.0,23.6
2025-03-02 13:00:00,24.6,35,0.0,12.5,0,810.0,648.0,23.7
2025-03-02 14:00:00,24.5,35,0.0,13.2,0,741.0,586.0,23.1
2025-03-02 15:00:00,24.0,37,0.0,12.7,0,608.0,465.0,22.1
2025-03-02 16:00:00,23.2,41,0.0,11.0,0,424.0,302.0,21.4
2025-03-02 17:00:00,21.9,48,0.0,7.9,0,212.0,124.0,20.8
2025-03-02 18:00:00,19.6,59,0.0,6.2,0,38.0,13.0,19.0
2025-03-02 19:00:00,18.3,65,0.0,5.9,0,0.0,0.0,18.0
2025-03-02 20:00:00,17.1,71,0.0,5.5,0,0.0,0.0,16.9
2025-03-02 21:00:00,16.4,73,0.0,5.4,0,0.0,0.0,16.0
2025-03-02 22:00:00,15.9,71,0.0,5.4,0,0.0,0.0,15.3
2025-03-02 23:00:00,15.5,69,0.0,5.9,0,0.0,0.0,14.6
2025-03-03 00:00:00,14.9,69,0.0,5.9,0,0.0,0.0,13.8
2025-03-03 01:00:00,14.3,70,0.0,5.5,0,0.0,0.0,13.2
2025-03-03 02:00:00,13.6,73,0.0,6.0,0,0.0,0.0,12.4
2025-03-03 03:00:00,13.3,73,0.0,6.1,0,0.0,0.0,12.0
2025-03-03 04:00:00,13.0,74,0.0,4.3,0,0.0,0.0,11.9
2025-03-03 05:00:00,12.8,75,0.0,4.0,0,0.0,0.0,11.7
2025-03-03 06:00:00,13.1,77,0.0,4.6,0,0.0,0.0,12.2
2025-03-03 07:00:00,13.8,78,0.0,4.1,0,27.0,8.0,13.2
2025-03-03 08:00:00,16.4,69,0.0,2.4,0,185.0,104.0,16.2
2025-03-03 09:00:00,19.4,60,0.0,0.9,0,393.0,274.0,19.7
2025-03-03 10:00:00,22.1,44,0.0,2.0,0,578.0,437.0,21.8
2025-03-03 11:00:00,24.2,34,0.0,2.7,0,715.0,560.0,24.2
2025-03-03 12:00:00,25.7,31,0.0,3.4,0,789.0,627.0,26.0
2025-03-03 13:00:00,26.6,34,0.0,5.4,2,789.0,624.0,27.1
2025-03-03 14:00:00,26.9,37,0.0,7.1,29,727.0,572.0,27.2
2025-03-03 15:00:00,26.3,40,0.0,7.6,19,484.0,326.0,25.7
2025-03-03 16:00:00,25.6,45,0.0,7.4,11,356.0,233.0,25.4
2025-03-03 17:00:00,24.3,54,0.0,5.9,14,186.0,103.0,24.8
2025-03-03 18:00:00,23.2,57,0.0,7.7,11,33.0,11.0,23.4
2025-03-03 19:00:00,22.2,60,0.0,7.3,8,0.0,0.0,22.5
2025-03-03 20:00:00,21.5,64,0.0,6.9,52,0.0,0.0,21.9
2025-03-03 21:00:00,21.3,63,0.0,7.8,40,0.0,0.0,21.4
2025-03-03 22:00:00,20.4,67,0.0,6.2,17,0.0,0.0,20.7
2025-03-03 23:00:00,19.7,69,0.0,5.7,9,0.0,0.0,20.1
2025-03-04 00:00:00,19.0,71,0.0,5.8,0,0.0,0.0,19.2
2025-03-04 01:00:00,18.6,72,0.0,6.5,1,0.0,0.0,18.7
2025-03-04 02:00:00,18.3,72,0.0,8.7,1,0.0,0.0,18.0
2025-03-04 03:00:00,17.1,78,0.0,4.9,1,0.0,0.0,17.3
2025-03-04 04:00:00,15.9,83,0.0,4.0,0,0.0,0.0,16.2
2025-03-04 05:00:00,15.6,83,0.0,6.1,0,0.0,0.0,15.5
2025-03-04 06:00:00,16.5,82,0.0,7.1,0,0.0,0.0,16.5
2025-03-04 07:00:00,16.9,80,0.0,9.5,0,29.0,9.0,16.5
2025-03-04 08:00:00,18.2,76,0.0,9.9,0,191.0,107.0,18.0
2025-03-04 09:00:00,19.8,67,0.0,10.9,0,398.0,277.0,19.4
2025-03-04 10:00:00,21.5,57,0.0,11.1,0,589.0,445.0,20.9
2025-03-04 11:00:00,22.9,53,0.0,10.6,0,725.0,567.0,23.2
2025-03-04 12:00:00,24.0,47,0.0,11.3,50,776.0,601.0,24.3
2025-03-04 13:00:00,24.4,42,0.0,12.3,41,683.0,464.0,23.5
2025-03-04 14:00:00,24.4,40,0.0,13.9,50,614.0,408.0,22.7
2025-03-04 15:00:00,24.4,41,0.0,14.4,22,501.0,331.0,22.4
2025-03-04 16:00:00,23.8,41,0.0,14.9,18,370.0,241.0,21.6
2025-03-04 17:00:00,22.5,45,0.0,17.0,19,193.0,104.0,19.9
2025-03-04 18:00:00,21.0,51,0.0,15.4,1,38.0,12.0,18.9
2025-03-04 19:00:00,20.1,52,0.0,13.1,0,0.0,0.0,18.1
2025-03-04 20:00:00,19.2,50,0.0,14.2,0,0.0,0.0,16.7
2025-03-04 21:00:00,18.1,51,0.0,13.5,0,0.0,0.0,15.5
2025-03-04 22:00:00,17.3,53,0.0,13.4,0,0.0,0.0,14.7
2025-03-04 23:00:00,16.6,55,0.0,13.4,0,0.0,0.0,13.9
2025-03-05 00:00:00,15.8,57,0.0,13.8,0,0.0,0.0,13.1
2025-03-05 01:00:00,15.2,60,0.0,14.4,0,0.0,0.0,12.5
2025-03-05 02:00:00,14.6,62,0.0,14.7,0,0.0,0.0,11.7
2025-03-05 03:00:00,13.9,63,0.0,14.3,0,0.0,0.0,11.0
2025-03-05 04:00:00,13.3,61,0.0,14.6,0,0.0,0.0,10.1
2025-03-05 05:00:00,13.0,56,0.0,15.6,0,0.0,0.0,9.4
2025-03-05 06:00:00,12.6,63,0.0,15.8,0,0.0,0.0,9.3
2025-03-05 07:00:00,12.7,63,0.0,16.4,0,31.0,10.0,9.3
2025-03-05 08:00:00,13.9,60,0.0,14.6,0,201.0,115.0,10.8
2025-03-05 09:00:00,15.9,53,0.0,17.4,0,418.0,294.0,12.4
2025-03-05 10:00:00,18.1,46,0.0,18.9,0,610.0,465.0,14.7
2025-03-05 11:00:00,19.8,40,0.0,20.9,0,754.0,594.0,16.7
2025-03-05 12:00:00,21.3,34,0.0,22.2,0,831.0,665.0,18.1
2025-03-05 13:00:00,22.2,30,0.0,22.7,0,836.0,670.0,18.7
2025-03-05 14:00:00,22.8,27,0.0,22.7,0,766.0,607.0,18.8
2025-03-05 15:00:00,22.8,28,0.0,21.9,0,629.0,483.0,18.4
2025-03-05 16:00:00,22.3,31,0.0,20.7,0,439.0,314.0,17.9
2025-03-05 17:00:00,21.6,30,0.0,18.9,0,222.0,132.0,17.3
2025-03-05 18:00:00,20.9,34,0.0,17.8,0,42.0,15.0,16.9
2025-03-05 19:00:00,20.2,35,0.0,16.8,0,0.0,0.0,16.3
2025-03-05 20:00:00,19.3,36,0.0,16.8,0,0.0,0.0,15.4
2025-03-05 21:00:00,18.6,38,0.0,17.4,0,0.0,0.0,14.6
2025-03-05 22:00:00,18.3,38,0.0,17.6,0,0.0,0.0,14.2
2025-03-05 23:00:00,17.7,39,0.0,15.9,0,0.0,0.0,13.9
2025-03-06 00:00:00,16.9,42,0.0,14.2,0,0.0,0.0,13.4
2025-03-06 01:00:00,15.8,45,0.0,13.2,0,0.0,0.0,12.4
2025-03-06 02:00:00,15.1,46,0.0,13.5,0,0.0,0.0,11.6
2025-03-06 03:00:00,14.7,46,0.0,13.1,0,0.0,0.0,11.2
2025-03-06 04:00:00,14.3,47,0.0,12.8,0,0.0,0.0,10.8
2025-03-06 05:00:00,13.8,48,0.0,12.3,0,0.0,0.0,10.3
2025-03-06 06:00:00,12.8,58,0.0,12.1,0,0.0,0.0,9.7
2025-03-06 07:00:00,13.2,56,0.0,13.2,0,32.0,10.0,9.9
2025-03-06 08:00:00,15.0,54,0.0,13.4,0,202.0,116.0,11.9
2025-03-06 09:00:00,17.5,47,0.0,12.5,0,419.0,296.0,14.7
2025-03-06 10:00:00,20.2,41,0.0,12.8,0,611.0,466.0,17.7
2025-03-06 11:00:00,22.5,34,0.0,13.5,0,753.0,595.0,20.6
2025-03-06 12:00:00,24.2,29,0.0,13.6,0,831.0,666.0,22.5
2025-03-06 13:00:00,25.5,25,0.0,13.4,0,836.0,671.0,23.7
2025-03-06 14:00:00,26.3,24,0.0,13.0,0,766.0,607.0,24.2
2025-03-06 15:00:00,26.6,23,0.0,12.2,0,628.0,482.0,23.8
2025-03-06 16:00:00,26.2,23,0.0,10.5,0,438.0,314.0,23.1
2025-03-06 17:00:00,24.9,30,0.0,7.0,0,224.0,133.0,22.9
2025-03-06 18:00:00,22.8,42,0.0,3.3,0,43.0,15.0,22.1
2025-03-06 19:00:00,22.2,43,0.0,1.3,0,0.0,0.0,21.7
2025-03-06 20:00:00,21.6,43,0.0,1.8,0,0.0,0.0,20.8
2025-03-06 21:00:00,20.5,46,0.0,2.0,0,0.0,0.0,19.8
2025-03-06 22:00:00,19.6,49,0.0,2.7,0,0.0,0.0,18.8
2025-03-06 23:00:00,18.6,52,0.0,3.6,0,0.0,0.0,17.7
2025-03-07 00:00:00,17.7,55,0.0,4.1,0,0.0,0.0,16.6
2025-03-07 01:00:00,16.7,59,0.0,3.6,0,0.0,0.0,15.8
2025-03-07 02:00:00,15.5,62,0.0,3.5,0,0.0,0.0,14.5
2025-03-07 03:00:00,15.2,61,0.0,2.5,0,0.0,0.0,14.2
2025-03-07 04:00:00,15.1,60,0.0,1.0,0,0.0,0.0,14.3
2025-03-07 05:00:00,13.8,66,0.0,3.0,0,0.0,0.0,12.7
2025-03-07 06:00:00,12.5,75,0.0,5.0,0,0.0,0.0,11.3
2025-03-07 07:00:00,13.2,72,0.0,5.8,0,34.0,11.0,11.9
2025-03-07 08:00:00,16.0,61,0.0,5.2,0,206.0,119.0,14.9
2025-03-07 09:00:00,19.8,47,0.0,3.8,0,421.0,298.0,18.8
2025-03-07 10:00:00,23.4,33,0.0,4.8,3,613.0,467.0,22.1
2025-03-07 11:00:00,25.7,24,0.0,5.4,0,753.0,595.0,24.7
2025-03-07 12:00:00,27.2,20,0.0,5.8,0,826.0,661.0,26.3
2025-03-07 13:00:00,28.1,19,0.0,7.1,0,824.0,660.0,27.0
2025-03-07 14:00:00,28.4,21,0.0,8.9,0,751.0,593.0,26.8
2025-03-07 15:00:00,28.3,22,0.0,9.5,0,614.0,470.0,25.9
2025-03-07 16:00:00,27.8,23,0.0,9.4,0,428.0,304.0,25.1
2025-03-07 17:00:00,26.6,25,0.0,8.4,0,217.0,128.0,24.2
2025-03-07 18:00:00,24.2,33,0.0,4.4,0,42.0,15.0,22.7
2025-03-07 19:00:00,22.9,39,0.0,4.3,0,0.0,0.0,21.8
2025-03-07 20:00:00,22.3,38,0.0,5.4,0,0.0,0.0,20.8
2025-03-07 21:00:00,21.4,45,0.0,4.0,0,0.0,0.0,20.5
2025-03-07 22:00:00,20.2,46,0.0,4.5,0,0.0,0.0,19.0
2025-03-07 23:00:00,19.2,49,0.0,5.5,0,0.0,0.0,17.8
2025-03-08 00:00:00,18.4,51,0.0,5.6,0,0.0,0.0,17.0
2025-03-08 01:00:00,17.4,54,0.0,5.5,0,0.0,0.0,16.1
2025-03-08 02:00:00,16.6,56,0.0,4.9,0,0.0,0.0,15.3
2025-03-08 03:00:00,15.7,59,0.0,5.2,0,0.0,0.0,14.4
2025-03-08 04:00:00,15.2,61,0.0,6.0,0,0.0,0.0,13.7
2025-03-08 05:00:00,14.6,62,0.0,6.3,0,0.0,0.0,13.0
2025-03-08 06:00:00,14.7,66,0.0,6.6,0,0.0,0.0,13.3
2025-03-08 07:00:00,15.5,62,0.0,6.6,0,36.0,12.0,14.1
2025-03-08 08:00:00,18.0,54,0.0,6.5,0,210.0,122.0,16.6
2025-03-08 09:00:00,21.4,43,0.0,6.7,0,425.0,301.0,19.9
2025-03-08 10:00:00,24.6,36,0.0,8.4,0,616.0,471.0,23.3
2025-03-08 11:00:00,27.4,27,0.0,9.4,0,758.0,599.0,26.5
2025-03-08 12:00:00,29.1,21,0.0,12.0,0,835.0,670.0,27.6
2025-03-08 13:00:00,29.8,20,0.0,12.0,1,835.0,670.0,28.3
2025-03-08 14:00:00,30.1,20,0.0,11.9,3,762.0,604.0,28.3
2025-03-08 15:00:00,29.9,21,0.0,11.6,0,624.0,479.0,27.5
2025-03-08 16:00:00,29.3,23,0.0,10.3,0,434.0,310.0,26.8
2025-03-08 17:00:00,28.3,25,0.0,8.9,5,222.0,132.0,26.0
2025-03-08 18:00:00,26.2,35,0.0,7.1,4,44.0,16.0,24.9
2025-03-08 19:00:00,24.7,42,0.0,4.4,2,0.0,0.0,24.2
2025-03-08 20:00:00,23.3,50,0.0,2.5,0,0.0,0.0,23.6
2025-03-08 21:00:00,22.6,51,0.0,2.3,0,0.0,0.0,22.8
2025-03-08 22:00:00,22.5,50,0.0,1.5,0,0.0,0.0,22.7
2025-03-08 23:00:00,21.9,51,0.0,2.2,0,0.0,0.0,21.9
2025-03-09 00:00:00,20.9,53,0.0,2.5,4,0.0,0.0,20.8
2025-03-09 01:00:00,21.3,54,0.0,0.2,0,0.0,0.0,21.8
2025-03-09 02:00:00,20.5,55,0.0,0.8,0,0.0,0.0,20.7
2025-03-09 03:00:00,18.8,60,0.0,2.9,16,0.0,0.0,18.7
2025-03-09 04:00:00,17.6,65,0.0,3.8,0,0.0,0.0,17.3
2025-03-09 05:00:00,17.2,64,0.0,5.7,0,0.0,0.0,16.5
2025-03-09 06:00:00,16.8,73,0.0,5.0,5,0.0,0.0,16.6
2025-03-09 07:00:00,18.2,66,0.0,6.1,0,37.0,12.0,17.8
2025-03-09 08:00:00,21.1,56,0.0,6.2,0,206.0,119.0,20.8
2025-03-09 09:00:00,24.6,45,0.0,5.4,0,416.0,293.0,24.3
2025-03-09 10:00:00,27.5,33,0.0,8.3,0,605.0,460.0,26.6
2025-03-09 11:00:00,29.3,27,0.0,8.1,0,744.0,585.0,28.8
2025-03-09 12:00:00,30.6,24,0.0,7.6,0,817.0,653.0,30.4
2025-03-09 13:00:00,31.4,22,0.0,7.9,0,818.0,654.0,31.1
2025-03-09 14:00:00,31.8,21,0.0,7.7,6,747.0,589.0,31.1
2025-03-09 15:00:00,31.8,22,0.0,8.3,4,611.0,466.0,30.2
2025-03-09 16:00:00,31.3,23,0.0,10.1,0,426.0,302.0,29.2
2025-03-09 17:00:00,30.2,26,0.0,11.9,0,217.0,127.0,28.1
2025-03-09 18:00:00,28.5,31,0.0,7.4,0,44.0,15.0,27.2
2025-03-09 19:00:00,26.8,36,0.0,6.6,0,0.0,0.0,26.0
2025-03-09 20:00:00,25.8,40,0.0,6.7,0,0.0,0.0,25.1
2025-03-09 21:00:00,25.1,43,0.0,7.2,0,0.0,0.0,24.5
2025-03-09 22:00:00,24.0,47,0.0,8.0,12,0.0,0.0,23.4
2025-03-09 23:00:00,22.7,51,0.0,5.6,8,0.0,0.0,22.5
2025-03-10 00:00:00,21.9,53,0.0,7.4,1,0.0,0.0,21.3
2025-03-10 01:00:00,21.0,55,0.0,8.4,54,0.0,0.0,20.3
2025-03-10 02:00:00,20.4,58,0.0,9.6,90,0.0,0.0,19.6
2025-03-10 03:00:00,19.9,61,0.0,9.0,100,0.0,0.0,19.2
2025-03-10 04:00:00,19.4,62,0.0,9.0,12,0.0,0.0,18.7
2025-03-10 05:00:00,19.0,64,0.0,8.1,2,0.0,0.0,18.3
2025-03-10 06:00:00,19.3,66,0.0,8.3,1,0.0,0.0,18.9
2025-03-10 07:00:00,19.7,64,0.0,9.4,22,37.0,12.0,19.2
2025-03-10 08:00:00,21.4,58,0.0,8.2,34,203.0,115.0,21.1
2025-03-10 09:00:00,24.1,50,0.0,9.2,8,409.0,283.0,23.7
2025-03-10 10:00:00,26.8,42,0.0,10.4,11,593.0,446.0,26.5
2025-03-10 11:00:00,29.0,35,0.0,13.2,83,731.0,571.0,28.7
2025-03-10 12:00:00,30.3,31,0.0,13.5,7,782.0,577.0,29.9
2025-03-10 13:00:00,31.1,29,0.0,12.1,0,806.0,639.0,31.1
2025-03-10 14:00:00,31.6,28,0.0,10.5,0,738.0,578.0,31.4
2025-03-10 15:00:00,31.7,27,0.0,10.1,8,605.0,459.0,30.6
2025-03-10 16:00:00,31.2,28,0.0,9.8,98,424.0,300.0,29.9
2025-03-10 17:00:00,30.3,30,0.0,9.1,99,192.0,77.0,29.1
2025-03-10 18:00:00,29.3,31,0.0,6.5,96,40.0,7.0,28.5
2025-03-10 19:00:00,27.4,39,0.0,3.8,73,0.0,0.0,27.5
2025-03-10 20:00:00,26.2,44,0.0,3.8,82,0.0,0.0,26.5
2025-03-10 21:00:00,25.3,46,0.0,4.6,98,0.0,0.0,25.5
2025-03-10 22:00:00,24.9,47,0.0,5.1,100,0.0,0.0,25.0
2025-03-10 23:00:00,24.1,50,0.0,4.7,100,0.0,0.0,24.3
2025-03-11 00:00:00,23.2,53,0.0,4.3,79,0.0,0.0,23.6
2025-03-11 01:00:00,22.2,57,0.0,4.7,22,0.0,0.0,22.5
2025-03-11 02:00:00,21.3,62,0.0,4.0,12,0.0,0.0,21.9
2025-03-11 03:00:00,20.6,64,0.0,4.3,72,0.0,0.0,21.2
2025-03-11 04:00:00,19.9,67,0.0,4.2,41,0.0,0.0,20.5
2025-03-11 05:00:00,19.5,70,0.0,2.0,16,0.0,0.0,20.4
2025-03-11 06:00:00,19.7,75,0.0,0.7,2,0.0,0.0,21.2
2025-03-11 07:00:00,20.8,70,0.0,2.1,0,40.0,13.0,22.1
2025-03-11 08:00:00,23.7,56,0.0,3.2,3,209.0,120.0,24.7
2025-03-11 09:00:00,27.2,42,0.0,2.7,31,416.0,291.0,27.8
2025-03-11 10:00:00,30.1,32,0.0,2.9,31,600.0,453.0,30.4
2025-03-11 11:00:00,32.2,26,0.0,1.3,42,734.0,572.0,33.4
2025-03-11 12:00:00,33.6,23,0.0,1.3,98,808.0,642.0,35.1
2025-03-11 13:00:00,34.3,22,0.0,3.2,100,769.0,532.0,35.0
2025-03-11 14:00:00,34.3,22,0.0,4.8,99,600.0,278.0,33.7
2025-03-11 15:00:00,34.4,21,0.0,5.4,84,477.0,196.0,33.3
2025-03-11 16:00:00,34.0,21,0.0,5.7,100,333.0,139.0,32.8
2025-03-11 17:00:00,32.6,24,0.0,6.4,96,136.0,36.0,31.5
2025-03-11 18:00:00,29.8,35,0.0,6.0,100,43.0,11.0,29.8
2025-03-11 19:00:00,28.8,39,0.0,5.4,99,0.0,0.0,29.0
2025-03-11 20:00:00,27.5,49,0.0,7.1,100,0.0,0.0,28.4
2025-03-11 21:00:00,26.3,54,0.0,4.8,94,0.0,0.0,27.8
2025-03-11 22:00:00,25.3,59,0.0,3.6,28,0.0,0.0,27.1
2025-03-11 23:00:00,24.4,60,0.0,3.7,7,0.0,0.0,26.0
2025-03-12 00:00:00,23.7,62,0.0,4.6,100,0.0,0.0,25.1
2025-03-12 01:00:00,22.9,64,0.0,6.5,2,0.0,0.0,24.0
2025-03-12 02:00:00,22.0,68,0.0,6.1,3,0.0,0.0,23.1
2025-03-12 03:00:00,21.3,72,0.0,5.8,16,0.0,0.0,22.4
2025-03-12 04:00:00,20.7,74,0.0,5.8,3,0.0,0.0,21.8
2025-03-12 05:00:00,20.4,73,0.0,5.6,0,0.0,0.0,21.3
2025-03-12 06:00:00,19.8,79,0.0,6.5,27,0.0,0.0,20.9
2025-03-12 07:00:00,20.7,75,0.0,8.0,7,42.0,14.0,21.6
2025-03-12 08:00:00,22.9,66,0.0,6.8,36,216.0,124.0,24.1
2025-03-12 09:00:00,26.0,52,0.0,7.6,36,425.0,300.0,26.7
2025-03-12 10:00:00,28.8,39,0.0,10.8,95,604.0,443.0,28.6
2025-03-12 11:00:00,30.5,32,0.0,11.1,96,731.0,539.0,30.4
2025-03-12 12:00:00,31.8,28,0.0,10.4,51,788.0,562.0,31.9
2025-03-12 13:00:00,32.8,25,0.0,11.1,57,810.0,623.0,32.7
2025-03-12 14:00:00,32.9,25,0.0,12.0,60,738.0,556.0,32.3
2025-03-12 15:00:00,32.7,25,0.0,12.2,99,603.0,432.0,31.2
2025-03-12 16:00:00,31.8,27,0.0,11.7,92,386.0,209.0,30.2
2025-03-12 17:00:00,30.7,30,0.0,10.2,100,207.0,101.0,29.5
2025-03-12 18:00:00,29.3,37,0.0,7.5,99,41.0,7.0,29.2
2025-03-12 19:00:00,28.4,42,0.0,6.0,100,0.0,0.0,28.9
2025-03-12 20:00:00,27.1,47,0.0,3.7,62,0.0,0.0,28.2
2025-03-12 21:00:00,26.2,50,0.0,3.5,100,0.0,0.0,27.3
2025-03-12 22:00:00,25.5,51,0.0,4.4,94,0.0,0.0,26.3
2025-03-12 23:00:00,25.0,52,0.0,5.0,100,0.0,0.0,25.6
2025-03-13 00:00:00,23.9,54,0.0,4.4,83,0.0,0.0,24.6
2025-03-13 01:00:00,23.1,56,0.0,4.7,89,0.0,0.0,23.6
2025-03-13 02:00:00,22.6,57,0.0,4.5,95,0.0,0.0,23.1
2025-03-13 03:00:00,22.5,58,0.0,1.9,68,0.0,0.0,23.3
2025-03-13 04:00:00,21.8,58,0.0,3.9,100,0.0,0.0,22.2
2025-03-13 05:00:00,21.5,58,0.0,4.6,56,0.0,0.0,21.8
2025-03-13 06:00:00,21.0,71,0.0,4.9,77,0.0,0.0,22.2
2025-03-13 07:00:00,21.4,69,0.0,6.0,14,44.0,14.0,22.4
2025-03-13 08:00:00,23.4,63,0.0,4.3,6,216.0,125.0,24.7
2025-03-13 09:00:00,26.2,53,0.0,3.8,58,423.0,297.0,27.5
2025-03-13 10:00:00,28.3,44,0.0,3.9,10,511.0,291.0,29.3
2025-03-13 11:00:00,26.4,51,0.0,14.8,0,610.0,412.0,26.3
2025-03-13 12:00:00,29.6,36,0.0,4.9,0,812.0,650.0,31.4
2025-03-13 13:00:00,31.2,32,0.0,3.3,17,833.0,669.0,33.3
2025-03-13 14:00:00,32.0,31,0.0,6.3,4,743.0,577.0,33.1
2025-03-13 15:00:00,31.0,33,0.3,11.2,43,596.0,445.0,30.6
2025-03-13 16:00:00,30.5,33,0.0,5.6,59,350.0,204.0,30.4
2025-03-13 17:00:00,22.5,72,5.6,12.9,96,159.0,63.0,23.1
2025-03-13 18:00:00,26.3,54,0.0,4.0,6,46.0,16.0,27.9
2025-03-13 19:00:00,25.5,54,0.0,5.4,5,0.0,0.0,26.6
2025-03-13 20:00:00,24.4,58,0.0,4.8,0,0.0,0.0,25.6
2025-03-13 21:00:00,23.9,58,0.0,5.1,1,0.0,0.0,24.8
2025-03-13 22:00:00,23.3,62,0.0,4.1,0,0.0,0.0,24.6
2025-03-13 23:00:00,22.8,62,0.0,4.0,0,0.0,0.0,23.9
2025-03-14 00:00:00,22.1,65,0.0,4.7,13,0.0,0.0,23.1
2025-03-14 01:00:00,21.9,64,0.0,3.9,90,0.0,0.0,22.8
2025-03-14 02:00:00,21.1,66,0.0,3.7,99,0.0,0.0,22.1
2025-03-14 03:00:00,20.5,68,0.0,3.0,96,0.0,0.0,21.5
2025-03-14 04:00:00,19.6,71,0.0,4.2,86,0.0,0.0,20.3
2025-03-14 05:00:00,19.0,75,0.0,3.5,78,0.0,0.0,19.9
2025-03-14 06:00:00,19.5,83,0.0,3.3,12,0.0,0.0,21.2
2025-03-14 07:00:00,20.4,79,0.0,4.8,0,47.0,17.0,22.0
2025-03-14 08:00:00,23.3,70,0.0,2.3,0,226.0,134.0,25.6
2025-03-14 09:00:00,26.5,55,0.0,3.2,0,438.0,312.0,28.4
2025-03-14 10:00:00,28.9,44,0.0,5.5,0,626.0,478.0,30.4
2025-03-14 11:00:00,30.7,37,0.0,5.8,2,763.0,602.0,32.6
2025-03-14 12:00:00,32.1,26,0.0,5.2,25,828.0,659.0,33.2
2025-03-14 13:00:00,32.8,22,0.0,6.3,31,812.0,634.0,33.1
2025-03-14 14:00:00,33.0,20,0.0,7.1,24,714.0,511.0,32.2
2025-03-14 15:00:00,33.2,19,0.0,9.4,98,576.0,398.0,30.9
2025-03-14 16:00:00,31.7,21,0.0,13.6,95,321.0,167.0,28.8
2025-03-14 17:00:00,30.4,26,0.0,7.7,82,184.0,75.0,29.0
2025-03-14 18:00:00,28.0,41,0.0,4.6,54,34.0,10.0,28.5
2025-03-14 19:00:00,27.3,49,0.0,3.4,50,0.0,0.0,28.6
2025-03-14 20:00:00,26.3,42,0.0,11.1,76,0.0,0.0,25.4
2025-03-14 21:00:00,24.2,58,0.0,7.5,57,0.0,0.0,24.9
2025-03-14 22:00:00,22.9,61,0.0,10.8,3,0.0,0.0,22.9
2025-03-14 23:00:00,22.6,59,0.0,8.8,55,0.0,0.0,22.7
2025-03-15 00:00:00,21.7,64,0.1,10.2,57,0.0,0.0,21.7
2025-03-15 01:00:00,20.9,66,0.0,10.2,6,0.0,0.0,20.7
2025-03-15 02:00:00,20.3,66,0.0,8.0,13,0.0,0.0,20.3
2025-03-15 03:00:00,19.9,66,0.0,5.7,4,0.0,0.0,20.2
2025-03-15 04:00:00,19.6,65,0.0,7.2,3,0.0,0.0,19.4
2025-03-15 05:00:00,19.0,66,0.0,5.7,2,0.0,0.0,18.9
2025-03-15 06:00:00,19.1,71,0.0,15.0,1,0.0,0.0,18.0
2025-03-15 07:00:00,19.5,68,0.0,12.5,18,48.0,17.0,18.8
2025-03-15 08:00:00,20.9,63,0.0,10.1,27,226.0,132.0,20.6
2025-03-15 09:00:00,23.0,55,0.0,10.7,97,433.0,295.0,22.5
2025-03-15 10:00:00,25.4,46,0.0,10.9,97,595.0,399.0,25.0
2025-03-15 11:00:00,27.2,42,0.0,10.3,100,694.0,432.0,27.6
2025-03-15 12:00:00,28.8,40,0.0,10.1,100,745.0,441.0,29.6
2025-03-15 13:00:00,30.2,36,0.0,10.1,100,751.0,461.0,31.0
2025-03-15 14:00:00,30.3,38,0.4,8.6,95,696.0,435.0,31.3
2025-03-15 15:00:00,30.3,38,0.0,6.8,92,539.0,340.0,30.7
2025-03-15 16:00:00,29.6,36,0.0,8.3,20,323.0,150.0,29.3
2025-03-15 17:00:00,28.9,38,0.0,4.5,3,219.0,124.0,29.2
2025-03-15 18:00:00,26.6,52,0.0,3.8,1,49.0,18.0,28.1
2025-03-15 19:00:00,25.9,51,0.0,4.8,0,0.0,0.0,26.8
2025-03-15 20:00:00,24.6,57,0.0,12.3,0,0.0,0.0,24.6
2025-03-15 21:00:00,23.2,62,0.0,11.2,1,0.0,0.0,23.4
2025-03-15 22:00:00,22.4,63,0.0,10.4,1,0.0,0.0,22.4
2025-03-15 23:00:00,21.6,64,0.0,10.3,0,0.0,0.0,21.5
2025-03-16 00:00:00,20.8,66,0.0,9.0,0,0.0,0.0,20.8
2025-03-16 01:00:00,20.2,67,0.0,9.0,0,0.0,0.0,20.2
2025-03-16 02:00:00,19.4,70,0.0,8.3,1,0.0,0.0,19.4
2025-03-16 03:00:00,18.9,72,0.0,6.6,3,0.0,0.0,19.1
2025-03-16 04:00:00,18.3,74,0.0,4.7,4,0.0,0.0,18.8
2025-03-16 05:00:00,18.0,73,0.1,7.1,15,0.0,0.0,17.9
2025-03-16 06:00:00,19.2,73,0.0,5.9,9,0.0,0.0,19.7
2025-03-16 07:00:00,19.7,70,0.0,7.0,0,51.0,18.0,19.9
2025-03-16 08:00:00,21.5,63,0.0,4.9,1,231.0,136.0,22.1
2025-03-16 09:00:00,23.0,57,0.0,6.1,0,423.0,292.0,23.3
2025-03-16 10:00:00,25.5,49,0.0,4.1,0,629.0,478.0,26.7
2025-03-16 11:00:00,27.4,42,0.0,4.1,1,766.0,601.0,29.2
2025-03-16 12:00:00,29.0,32,0.0,2.9,16,835.0,664.0,30.7
2025-03-16 13:00:00,29.9,24,0.0,6.8,26,806.0,617.0,29.8
2025-03-16 14:00:00,29.7,23,0.0,12.2,5,642.0,451.0,27.6
2025-03-16 15:00:00,29.4,24,0.0,12.9,5,597.0,442.0,26.9
2025-03-16 16:00:00,28.5,25,0.0,12.4,2,433.0,302.0,25.8
2025-03-16 17:00:00,27.3,28,0.0,11.7,1,235.0,140.0,24.9
2025-03-16 18:00:00,26.5,30,0.0,9.1,0,52.0,19.0,24.5
2025-03-16 19:00:00,25.3,35,0.0,8.2,0,0.0,0.0,23.7
2025-03-16 20:00:00,24.2,38,0.0,7.1,0,0.0,0.0,22.9
2025-03-16 21:00:00,23.4,40,0.0,6.6,0,0.0,0.0,22.2
2025-03-16 22:00:00,22.5,41,0.0,5.7,0,0.0,0.0,21.3
2025-03-16 23:00:00,21.4,43,0.0,5.2,0,0.0,0.0,20.2
2025-03-17 00:00:00,20.8,44,0.0,6.1,0,0.0,0.0,19.4
2025-03-17 01:00:00,20.0,46,0.0,6.0,0,0.0,0.0,18.6
2025-03-17 02:00:00,19.2,49,0.0,5.4,0,0.0,0.0,17.9
2025-03-17 03:00:00,18.6,51,0.0,5.2,0,0.0,0.0,17.4
2025-03-17 04:00:00,17.7,57,0.0,4.5,36,0.0,0.0,16.8
2025-03-17 05:00:00,17.6,56,0.0,4.7,91,0.0,0.0,16.5
2025-03-17 06:00:00,18.6,76,0.0,3.3,0,0.0,0.0,19.5
2025-03-17 07:00:00,19.3,72,0.0,6.3,0,54.0,20.0,19.7
2025-03-17 08:00:00,21.0,64,0.0,6.0,0,235.0,139.0,21.4
2025-03-17 09:00:00,23.5,54,0.0,6.6,0,446.0,315.0,23.7
2025-03-17 10:00:00,25.9,42,0.0,8.2,3,633.0,480.0,25.7
2025-03-17 11:00:00,27.3,32,0.0,11.3,15,743.0,568.0,26.5
2025-03-17 12:00:00,27.9,28,0.0,13.2,14,766.0,571.0,26.6
2025-03-17 13:00:00,28.2,28,0.0,14.0,4,777.0,574.0,26.8
2025-03-17 14:00:00,28.3,29,0.0,14.0,18,745.0,572.0,26.8
2025-03-17 15:00:00,27.9,29,0.0,14.0,4,598.0,438.0,25.7
2025-03-17 16:00:00,27.4,30,0.0,13.4,4,438.0,306.0,25.0
2025-03-17 17:00:00,26.4,32,0.0,12.5,0,232.0,136.0,24.2
2025-03-17 18:00:00,25.6,33,0.0,10.1,1,54.0,20.0,23.6
2025-03-17 19:00:00,24.5,38,0.0,7.3,2,0.0,0.0,23.2
2025-03-17 20:00:00,23.6,41,0.0,6.2,0,0.0,0.0,22.5
2025-03-17 21:00:00,22.7,43,0.0,4.9,0,0.0,0.0,21.8
2025-03-17 22:00:00,22.3,44,0.0,5.9,0,0.0,0.0,21.2
2025-03-17 23:00:00,21.2,47,0.0,5.2,0,0.0,0.0,20.3
2025-03-18 00:00:00,20.2,51,0.0,4.8,0,0.0,0.0,19.3
2025-03-18 01:00:00,19.7,52,0.0,5.6,0,0.0,0.0,18.7
2025-03-18 02:00:00,18.7,55,0.0,5.5,0,0.0,0.0,17.8
2025-03-18 03:00:00,18.1,57,0.0,6.4,0,0.0,0.0,17.0
2025-03-18 04:00:00,17.6,59,0.0,7.4,0,0.0,0.0,16.3
2025-03-18 05:00:00,17.1,60,0.0,7.2,8,0.0,0.0,15.8
2025-03-18 06:00:00,17.6,73,0.0,4.8,0,0.0,0.0,17.7
2025-03-18 07:00:00,18.6,68,0.0,6.4,0,59.0,22.0,18.5
2025-03-18 08:00:00,20.8,59,0.0,5.9,0,248.0,149.0,20.6
2025-03-18 09:00:00,23.5,47,0.0,7.4,0,466.0,333.0,22.9
2025-03-18 10:00:00,26.2,35,0.0,10.8,0,656.0,502.0,25.0
2025-03-18 11:00:00,27.8,29,0.0,11.3,0,791.0,624.0,27.0
2025-03-18 12:00:00,28.9,26,0.0,11.2,0,861.0,688.0,28.3
2025-03-18 13:00:00,29.6,24,0.0,11.3,0,860.0,686.0,28.9
2025-03-18 14:00:00,29.9,23,0.0,11.4,0,786.0,619.0,28.6
2025-03-18 15:00:00,29.7,23,0.0,11.8,0,647.0,495.0,27.5
2025-03-18 16:00:00,29.0,25,0.0,11.5,0,458.0,326.0,26.5
2025-03-18 17:00:00,27.9,28,0.0,11.0,0,243.0,145.0,25.7
2025-03-18 18:00:00,26.8,33,0.0,8.8,0,56.0,21.0,25.3
2025-03-18 19:00:00,25.5,39,0.0,7.9,0,0.0,0.0,24.5
2025-03-18 20:00:00,24.3,43,0.0,7.1,0,0.0,0.0,23.5
2025-03-18 21:00:00,23.4,44,0.0,5.5,0,0.0,0.0,22.7
2025-03-18 22:00:00,22.6,44,0.0,4.8,10,0.0,0.0,21.8
2025-03-18 23:00:00,22.3,43,0.0,5.3,42,0.0,0.0,21.3
2025-03-19 00:00:00,22.1,42,0.0,5.8,7,0.0,0.0,20.8
2025-03-19 01:00:00,21.0,46,0.0,5.6,4,0.0,0.0,19.9
2025-03-19 02:00:00,19.7,52,0.0,4.8,34,0.0,0.0,18.9
2025-03-19 03:00:00,18.9,55,0.0,4.3,95,0.0,0.0,18.2
2025-03-19 04:00:00,18.3,58,0.0,3.8,97,0.0,0.0,17.7
2025-03-19 05:00:00,17.8,61,0.0,3.6,69,0.0,0.0,17.3
2025-03-19 06:00:00,17.7,68,0.0,4.1,0,0.0,0.0,17.7
2025-03-19 07:00:00,19.0,63,0.0,6.7,0,61.0,23.0,18.5
2025-03-19 08:00:00,22.1,51,0.0,5.0,0,250.0,151.0,21.8
2025-03-19 09:00:00,25.7,39,0.0,5.2,0,466.0,333.0,25.1
2025-03-19 10:00:00,28.4,28,0.0,6.5,0,655.0,500.0,27.6
2025-03-19 11:00:00,30.2,22,0.0,7.5,0,793.0,625.0,29.6
2025-03-19 12:00:00,31.5,19,0.0,8.7,0,865.0,690.0,30.8
2025-03-19 13:00:00,32.1,18,0.0,9.4,2,863.0,689.0,31.3
2025-03-19 14:00:00,32.3,17,0.0,10.6,23,785.0,614.0,30.7
2025-03-19 15:00:00,31.8,18,0.0,11.1,15,605.0,432.0,29.1
2025-03-19 16:00:00,30.8,22,0.0,11.9,17,425.0,285.0,28.1
2025-03-19 17:00:00,29.6,26,0.0,10.7,3,231.0,134.0,27.6
2025-03-19 18:00:00,28.9,23,0.0,8.1,0,55.0,20.0,26.7
2025-03-19 19:00:00,27.5,29,0.0,5.1,0,0.0,0.0,26.1
2025-03-19 20:00:00,25.9,34,0.0,4.5,1,0.0,0.0,25.0
2025-03-19 21:00:00,24.9,36,0.0,2.9,0,0.0,0.0,24.1
2025-03-19 22:00:00,24.6,35,0.0,1.8,0,0.0,0.0,23.8
2025-03-19 23:00:00,24.0,35,0.0,2.3,0,0.0,0.0,23.0
2025-03-20 00:00:00,23.1,37,0.0,3.6,0,0.0,0.0,21.9
2025-03-20 01:00:00,22.3,38,0.0,4.4,0,0.0,0.0,21.0
2025-03-20 02:00:00,21.0,41,0.0,4.6,0,0.0,0.0,19.7
2025-03-20 03:00:00,20.2,44,0.0,3.5,0,0.0,0.0,19.1
2025-03-20 04:00:00,19.6,45,0.0,3.6,0,0.0,0.0,18.4
2025-03-20 05:00:00,19.1,46,0.0,3.4,0,0.0,0.0,17.8
2025-03-20 06:00:00,20.6,62,0.0,0.4,0,0.0,0.0,21.4
2025-03-20 07:00:00,21.6,55,0.0,2.2,0,62.0,24.0,21.9
2025-03-20 08:00:00,24.0,47,0.0,1.9,0,251.0,151.0,24.3
2025-03-20 09:00:00,27.5,35,0.0,1.4,0,465.0,331.0,27.5
2025-03-20 10:00:00,30.3,22,0.0,4.2,0,654.0,497.0,29.3
2025-03-20 11:00:00,31.8,17,0.0,6.6,0,790.0,621.0,30.9
2025-03-20 12:00:00,32.9,15,0.0,9.8,6,861.0,685.0,31.5
2025-03-20 13:00:00,33.0,14,0.0,11.9,11,825.0,634.0,31.0
2025-03-20 14:00:00,32.6,15,0.0,11.4,10,720.0,532.0,30.2
2025-03-20 15:00:00,32.1,17,0.0,11.3,14,583.0,407.0,29.2
2025-03-20 16:00:00,31.4,18,0.0,13.9,7,429.0,287.0,27.9
2025-03-20 17:00:00,30.1,21,0.0,13.7,0,232.0,133.0,26.9
2025-03-20 18:00:00,29.1,19,0.0,8.0,0,58.0,22.0,26.3
2025-03-20 19:00:00,27.3,23,0.0,4.0,0,0.0,0.0,25.3
2025-03-20 20:00:00,26.4,29,0.0,5.8,0,0.0,0.0,24.7
2025-03-20 21:00:00,25.2,39,0.0,6.7,0,0.0,0.0,24.3
2025-03-20 22:00:00,24.6,41,0.0,8.7,4,0.0,0.0,23.4
2025-03-20 23:00:00,23.6,37,0.0,8.2,0,0.0,0.0,21.9
2025-03-21 00:00:00,22.7,35,0.0,6.3,0,0.0,0.0,20.8
2025-03-21 01:00:00,21.8,36,0.0,5.5,0,0.0,0.0,19.9
2025-03-21 02:00:00,21.3,37,0.0,5.6,0,0.0,0.0,19.4
2025-03-21 03:00:00,20.6,39,0.0,5.6,0,0.0,0.0,18.8
2025-03-21 04:00:00,20.2,40,0.0,6.0,0,0.0,0.0,18.4
2025-03-21 05:00:00,19.9,41,0.0,6.5,0,0.0,0.0,17.9
2025-03-21 06:00:00,19.4,60,0.0,6.0,0,0.0,0.0,18.9
2025-03-21 07:00:00,20.4,57,0.0,7.0,0,65.0,25.0,19.9
2025-03-21 08:00:00,22.5,50,0.0,5.6,0,255.0,153.0,22.1
2025-03-21 09:00:00,25.1,42,0.0,6.1,0,469.0,333.0,24.6
2025-03-21 10:00:00,27.7,34,0.0,7.4,0,657.0,499.0,27.4
2025-03-21 11:00:00,30.0,24,0.0,10.2,0,794.0,622.0,29.3
2025-03-21 12:00:00,31.5,18,0.0,12.6,14,865.0,687.0,30.0
2025-03-21 13:00:00,31.9,16,0.0,13.8,19,812.0,617.0,29.6
2025-03-21 14:00:00,32.0,15,0.0,15.1,16,724.0,538.0,28.9
2025-03-21 15:00:00,31.6,15,0.0,15.5,1,633.0,469.0,27.9
2025-03-21 16:00:00,30.9,17,0.0,15.4,1,459.0,324.0,27.0
2025-03-21 17:00:00,29.7,20,0.0,14.1,5,244.0,145.0,26.2
2025-03-21 18:00:00,28.4,23,0.0,10.4,0,60.0,22.0,25.6
2025-03-21 19:00:00,26.9,27,0.0,9.2,0,0.0,0.0,24.7
2025-03-21 20:00:00,25.7,30,0.0,7.1,0,0.0,0.0,23.9
2025-03-21 21:00:00,24.6,32,0.0,7.8,0,0.0,0.0,22.6
2025-03-21 22:00:00,23.5,33,0.0,7.0,0,0.0,0.0,21.5
2025-03-21 23:00:00,22.8,34,0.0,6.9,0,0.0,0.0,20.8
2025-03-22 00:00:00,21.7,36,0.0,5.3,0,0.0,0.0,19.9
2025-03-22 01:00:00,21.0,37,0.0,4.7,0,0.0,0.0,19.2
2025-03-22 02:00:00,20.6,39,0.0,3.9,0,0.0,0.0,19.0
2025-03-22 03:00:00,20.1,38,0.0,7.1,0,0.0,0.0,17.9
2025-03-22 04:00:00,18.6,44,0.0,6.1,0,0.0,0.0,16.7
2025-03-22 05:00:00,18.0,46,0.0,6.9,0,0.0,0.0,16.0
2025-03-22 06:00:00,19.4,52,0.0,6.3,0,0.0,0.0,18.3
2025-03-22 07:00:00,20.7,48,0.0,8.0,0,68.0,26.0,19.3
2025-03-22 08:00:00,23.1,41,0.0,5.6,1,256.0,154.0,22.0
2025-03-22 09:00:00,26.2,33,0.0,6.1,0,467.0,331.0,25.0
2025-03-22 10:00:00,28.9,27,0.0,7.9,1,644.0,482.0,27.8
2025-03-22 11:00:00,30.5,23,0.0,10.5,3,786.0,613.0,29.5
2025-03-22 12:00:00,31.3,20,0.0,16.1,42,821.0,621.0,29.3
2025-03-22 13:00:00,30.8,20,0.0,13.1,39,774.0,539.0,28.9
2025-03-22 14:00:00,31.2,19,0.0,14.5,11,693.0,476.0,28.7
2025-03-22 15:00:00,31.2,19,0.0,14.2,20,583.0,407.0,28.1
2025-03-22 16:00:00,30.9,19,0.0,14.2,18,418.0,265.0,27.5
2025-03-22 17:00:00,29.6,20,0.0,13.4,5,217.0,121.0,26.2
2025-03-22 18:00:00,28.5,22,0.0,10.7,0,60.0,22.0,25.7
2025-03-22 19:00:00,26.9,27,0.0,5.5,0,0.0,0.0,25.2
2025-03-22 20:00:00,25.4,34,0.0,4.3,0,0.0,0.0,24.3
2025-03-22 21:00:00,24.5,39,0.0,3.5,0,0.0,0.0,23.9
2025-03-22 22:00:00,23.6,40,0.0,4.7,0,0.0,0.0,22.7
2025-03-22 23:00:00,22.9,43,0.0,4.6,0,0.0,0.0,22.1
2025-03-23 00:00:00,22.3,44,0.0,4.3,0,0.0,0.0,21.5
2025-03-23 01:00:00,21.5,46,0.0,3.0,0,0.0,0.0,20.9
2025-03-23 02:00:00,20.5,49,0.0,2.2,0,0.0,0.0,20.0
2025-03-23 03:00:00,19.8,51,0.0,2.2,0,0.0,0.0,19.2
2025-03-23 04:00:00,18.9,53,0.0,3.2,0,0.0,0.0,18.2
2025-03-23 05:00:00,18.5,54,0.0,3.4,0,0.0,0.0,17.7
2025-03-23 06:00:00,18.6,62,0.0,3.4,0,0.0,0.0,18.4
2025-03-23 07:00:00,20.8,52,0.0,4.7,0,72.0,28.0,20.3
2025-03-23 08:00:00,24.1,41,0.0,1.9,0,267.0,161.0,23.9
2025-03-23 09:00:00,27.3,31,0.0,3.8,0,483.0,344.0,26.4
2025-03-23 10:00:00,29.3,25,0.0,6.5,0,671.0,510.0,28.3
2025-03-23 11:00:00,30.4,23,0.0,7.4,0,806.0,632.0,30.0
2025-03-23 12:00:00,31.3,21,0.0,7.5,0,874.0,693.0,31.2
2025-03-23 13:00:00,32.1,19,0.0,6.5,0,870.0,689.0,32.0
2025-03-23 14:00:00,32.6,18,0.0,6.5,0,795.0,622.0,31.9
2025-03-23 15:00:00,32.7,17,0.0,7.8,0,656.0,497.0,30.8
2025-03-23 16:00:00,32.3,17,0.0,9.3,0,467.0,330.0,29.4
2025-03-23 17:00:00,31.1,17,0.0,10.3,0,252.0,150.0,28.1
2025-03-23 18:00:00,29.7,21,0.0,8.3,0,62.0,23.0,27.2
2025-03-23 19:00:00,28.3,23,0.0,5.6,0,0.0,0.0,26.3
2025-03-23 20:00:00,27.0,27,0.0,4.2,0,0.0,0.0,25.5
2025-03-23 21:00:00,25.8,30,0.0,3.4,0,0.0,0.0,24.5
2025-03-23 22:00:00,25.2,32,0.0,5.2,0,0.0,0.0,23.7
2025-03-23 23:00:00,24.1,37,0.0,2.7,0,0.0,0.0,23.3
2025-03-24 00:00:00,23.3,39,0.0,2.2,0,0.0,0.0,22.7
2025-03-24 01:00:00,22.5,42,0.0,3.1,0,0.0,0.0,21.7
2025-03-24 02:00:00,22.2,42,0.0,2.1,0,0.0,0.0,21.5
2025-03-24 03:00:00,22.2,43,0.0,0.5,0,0.0,0.0,21.9
2025-03-24 04:00:00,21.5,44,0.0,0.9,0,0.0,0.0,21.0
2025-03-24 05:00:00,20.0,49,0.0,2.6,0,0.0,0.0,19.3
2025-03-24 06:00:00,20.1,55,0.0,5.7,0,0.0,0.0,19.5
2025-03-24 07:00:00,21.1,52,0.0,7.5,0,74.0,28.0,20.2
2025-03-24 08:00:00,24.0,43,0.0,5.4,0,267.0,162.0,23.4
2025-03-24 09:00:00,27.5,34,0.0,6.2,0,482.0,342.0,26.6
2025-03-24 10:00:00,30.1,26,0.0,8.5,0,669.0,508.0,29.1
2025-03-24 11:00:00,31.6,21,0.0,7.9,0,804.0,629.0,31.2
2025-03-24 12:00:00,32.7,19,0.0,6.7,0,873.0,691.0,32.6
2025-03-24 13:00:00,33.5,17,0.0,5.7,0,870.0,688.0,33.4
2025-03-24 14:00:00,33.9,16,0.0,5.7,0,794.0,620.0,33.3
2025-03-24 15:00:00,33.9,16,0.0,5.8,0,653.0,494.0,32.4
2025-03-24 16:00:00,33.5,16,0.0,6.6,0,464.0,327.0,31.2
2025-03-24 17:00:00,32.7,17,0.0,6.5,0,250.0,148.0,30.3
2025-03-24 18:00:00,31.1,19,0.0,2.7,0,62.0,23.0,29.5
2025-03-24 19:00:00,29.4,21,0.0,3.8,0,0.0,0.0,27.6
2025-03-24 20:00:00,28.3,26,0.0,4.5,0,0.0,0.0,26.8
2025-03-24 21:00:00,27.3,30,0.0,6.0,0,0.0,0.0,25.9
2025-03-24 22:00:00,26.4,34,0.0,6.7,0,0.0,0.0,25.1
2025-03-24 23:00:00,25.0,39,0.0,5.4,0,0.0,0.0,24.2
2025-03-25 00:00:00,24.2,41,0.0,5.1,0,0.0,0.0,23.5
2025-03-25 01:00:00,23.5,43,0.0,5.8,0,0.0,0.0,22.7
2025-03-25 02:00:00,22.6,47,0.0,5.8,0,0.0,0.0,22.0
2025-03-25 03:00:00,21.8,51,0.0,5.5,0,0.0,0.0,21.3
2025-03-25 04:00:00,21.2,53,0.0,5.3,0,0.0,0.0,20.8
2025-03-25 05:00:00,20.9,53,0.0,6.3,0,0.0,0.0,20.3
2025-03-25 06:00:00,21.0,55,0.0,8.1,0,0.0,0.0,20.3
2025-03-25 07:00:00,22.2,49,0.0,8.5,0,76.0,29.0,21.3
2025-03-25 08:00:00,25.2,41,0.0,4.1,0,269.0,163.0,24.8
2025-03-25 09:00:00,29.0,30,0.0,4.3,0,483.0,344.0,28.2
2025-03-25 10:00:00,31.8,22,0.0,5.5,0,670.0,508.0,31.1
2025-03-25 11:00:00,33.6,19,0.0,4.9,0,804.0,630.0,33.6
2025-03-25 12:00:00,34.9,17,0.0,4.2,0,874.0,693.0,35.3
2025-03-25 13:00:00,35.8,15,0.0,3.9,0,871.0,690.0,36.2
2025-03-25 14:00:00,36.4,14,0.0,5.5,0,796.0,622.0,35.8
2025-03-25 15:00:00,36.4,13,0.0,8.7,0,656.0,497.0,34.3
2025-03-25 16:00:00,35.9,12,0.0,9.7,1,468.0,331.0,32.8
2025-03-25 17:00:00,35.2,12,0.0,7.6,2,249.0,146.0,32.2
2025-03-25 18:00:00,33.1,16,0.0,7.2,0,64.0,24.0,30.7
2025-03-25 19:00:00,31.3,23,0.0,7.6,0,0.0,0.0,29.6
2025-03-25 20:00:00,29.9,26,0.0,7.1,0,0.0,0.0,28.4
2025-03-25 21:00:00,28.8,31,0.0,5.6,0,0.0,0.0,27.9
2025-03-25 22:00:00,27.2,37,0.0,4.4,0,0.0,0.0,26.9
2025-03-25 23:00:00,26.5,39,0.0,5.6,0,0.0,0.0,26.0
2025-03-26 00:00:00,25.1,43,0.0,4.1,0,0.0,0.0,24.9
2025-03-26 01:00:00,24.1,45,0.0,3.9,0,0.0,0.0,23.9
2025-03-26 02:00:00,23.6,45,0.0,4.5,0,0.0,0.0,23.2
2025-03-26 03:00:00,22.7,47,0.0,4.0,0,0.0,0.0,22.4
2025-03-26 04:00:00,22.6,48,0.0,1.5,0,0.0,0.0,22.7
2025-03-26 05:00:00,22.3,49,0.0,1.5,0,0.0,0.0,22.4
2025-03-26 06:00:00,21.8,56,0.0,1.5,0,1.0,0.0,22.4
2025-03-26 07:00:00,23.4,50,0.0,4.3,0,79.0,31.0,23.5
2025-03-26 08:00:00,27.6,38,0.0,3.6,0,274.0,167.0,27.7
2025-03-26 09:00:00,31.2,29,0.0,4.5,0,488.0,347.0,30.8
2025-03-26 10:00:00,34.0,20,0.0,6.8,0,673.0,511.0,33.2
2025-03-26 11:00:00,35.7,16,0.0,7.0,0,807.0,631.0,35.2
2025-03-26 12:00:00,36.8,14,0.0,5.6,0,876.0,694.0,36.7
2025-03-26 13:00:00,37.6,12,0.0,5.4,0,874.0,692.0,37.3
2025-03-26 14:00:00,37.9,12,0.0,7.1,0,799.0,624.0,36.8
2025-03-26 15:00:00,37.8,11,0.0,9.8,0,660.0,500.0,35.3
2025-03-26 16:00:00,37.0,11,0.0,12.2,0,469.0,331.0,33.5
2025-03-26 17:00:00,36.0,13,0.0,10.7,0,253.0,150.0,32.7
2025-03-26 18:00:00,34.2,16,0.0,2.8,0,64.0,24.0,32.5
2025-03-26 19:00:00,32.8,16,0.0,4.9,0,0.0,0.0,30.5
2025-03-26 20:00:00,31.3,18,0.0,4.4,0,0.0,0.0,29.3
2025-03-26 21:00:00,30.2,24,0.0,6.8,0,0.0,0.0,28.4
2025-03-26 22:00:00,28.5,29,0.0,5.4,0,0.0,0.0,27.4
2025-03-26 23:00:00,27.2,32,0.0,5.1,0,0.0,0.0,26.3
2025-03-27 00:00:00,26.5,34,0.0,4.5,1,0.0,0.0,25.7
2025-03-27 01:00:00,26.0,35,0.0,4.3,33,0.0,0.0,25.3
2025-03-27 02:00:00,25.6,36,0.0,4.8,48,0.0,0.0,24.7
2025-03-27 03:00:00,25.2,37,0.0,2.5,42,0.0,0.0,24.7
2025-03-27 04:00:00,25.0,36,0.0,5.5,70,0.0,0.0,23.9
2025-03-27 05:00:00,24.2,37,0.0,5.0,14,0.0,0.0,23.0
2025-03-27 06:00:00,24.1,41,0.0,5.7,13,1.0,0.0,23.3
2025-03-27 07:00:00,24.7,39,0.0,6.7,3,80.0,31.0,23.7
2025-03-27 08:00:00,27.2,33,0.0,5.9,0,273.0,165.0,26.3
2025-03-27 09:00:00,30.4,27,0.0,7.3,16,485.0,344.0,29.0
2025-03-27 10:00:00,32.6,23,0.0,10.1,10,668.0,503.0,31.5
2025-03-27 11:00:00,34.3,21,0.0,11.0,0,802.0,624.0,33.8
2025-03-27 12:00:00,35.6,19,0.0,11.8,0,873.0,690.0,35.2
2025-03-27 13:00:00,36.2,17,0.0,12.2,13,869.0,687.0,35.5
2025-03-27 14:00:00,36.2,16,0.0,12.8,34,794.0,618.0,34.7
2025-03-27 15:00:00,35.9,16,0.0,10.5,48,651.0,485.0,34.0
2025-03-27 16:00:00,35.7,17,0.0,6.5,34,460.0,314.0,33.8
2025-03-27 17:00:00,34.9,18,0.0,5.2,11,236.0,126.0,33.3
2025-03-27 18:00:00,33.4,20,0.0,3.9,15,61.0,17.0,32.1
2025-03-27 19:00:00,31.9,22,0.0,5.0,0,0.0,0.0,30.5
2025-03-27 20:00:00,30.4,26,0.0,4.3,0,0.0,0.0,29.3
2025-03-27 21:00:00,29.3,28,0.0,4.7,0,0.0,0.0,28.3
2025-03-27 22:00:00,29.1,30,0.0,1.8,0,0.0,0.0,28.8
2025-03-27 23:00:00,28.1,31,0.0,1.6,0,0.0,0.0,27.7
2025-03-28 00:00:00,26.7,33,0.0,5.2,0,0.0,0.0,25.6
2025-03-28 01:00:00,25.1,38,0.0,7.0,0,0.0,0.0,24.1
2025-03-28 02:00:00,24.0,44,0.0,10.1,0,0.0,0.0,22.8
2025-03-28 03:00:00,23.6,39,0.0,13.3,0,0.0,0.0,21.3
2025-03-28 04:00:00,22.7,29,0.0,13.4,0,0.0,0.0,19.3
2025-03-28 05:00:00,22.0,31,0.0,11.3,0,0.0,0.0,18.9
2025-03-28 06:00:00,21.8,37,0.0,9.3,0,1.0,0.0,19.6
2025-03-28 07:00:00,22.8,34,0.0,8.4,0,87.0,34.0,20.5
2025-03-28 08:00:00,24.6,30,0.0,10.0,0,288.0,176.0,22.1
2025-03-28 09:00:00,26.3,28,0.0,12.3,0,507.0,361.0,23.5
2025-03-28 10:00:00,27.9,25,0.0,13.3,0,697.0,529.0,25.7
2025-03-28 11:00:00,29.7,19,0.0,11.6,0,836.0,654.0,28.1
2025-03-28 12:00:00,30.7,14,0.0,12.0,0,911.0,721.0,28.8
2025-03-28 13:00:00,31.0,12,0.0,12.8,0,912.0,722.0,28.8
2025-03-28 14:00:00,31.0,12,0.0,13.2,0,835.0,652.0,28.2
2025-03-28 15:00:00,30.5,12,0.0,13.5,0,690.0,522.0,26.9
2025-03-28 16:00:00,29.8,12,0.0,13.8,0,493.0,349.0,25.3
2025-03-28 17:00:00,28.7,13,0.0,13.5,0,270.0,161.0,24.2
2025-03-28 18:00:00,27.7,19,0.0,12.8,0,70.0,26.0,24.0
2025-03-28 19:00:00,26.3,23,0.0,14.6,0,0.0,0.0,22.6
2025-03-28 20:00:00,25.2,24,0.0,14.8,0,0.0,0.0,21.4
2025-03-28 21:00:00,24.0,22,0.0,15.5,2,0.0,0.0,19.8
2025-03-28 22:00:00,23.0,20,0.0,14.7,16,0.0,0.0,18.5
2025-03-28 23:00:00,22.1,19,0.0,14.0,15,0.0,0.0,17.5
2025-03-29 00:00:00,21.2,18,0.0,13.8,0,0.0,0.0,16.5
2025-03-29 01:00:00,20.3,18,0.0,13.6,0,0.0,0.0,15.6
2025-03-29 02:00:00,19.5,19,0.0,13.1,4,0.0,0.0,14.8
2025-03-29 03:00:00,18.6,21,0.0,13.1,83,0.0,0.0,14.0
2025-03-29 04:00:00,17.9,23,0.0,12.9,59,0.0,0.0,13.4
2025-03-29 05:00:00,17.4,24,0.0,12.7,6,0.0,0.0,12.9
2025-03-29 06:00:00,16.2,32,0.0,12.3,61,2.0,0.0,12.1
2025-03-29 07:00:00,16.8,32,0.0,10.8,95,92.0,34.0,13.1
2025-03-29 08:00:00,18.9,29,0.0,12.0,88,296.0,172.0,15.1
2025-03-29 09:00:00,21.4,26,0.0,13.6,97,510.0,336.0,17.4
2025-03-29 10:00:00,23.9,22,0.0,14.8,85,684.0,460.0,20.5
2025-03-29 11:00:00,25.9,19,0.0,14.9,100,811.0,561.0,23.0
2025-03-29 12:00:00,27.3,17,0.0,14.0,100,810.0,491.0,24.5
2025-03-29 13:00:00,28.5,16,0.0,14.3,100,815.0,487.0,25.7
2025-03-29 14:00:00,28.8,17,0.0,14.7,100,699.0,339.0,25.5
2025-03-29 15:00:00,28.9,19,0.0,14.7,100,605.0,324.0,25.4
2025-03-29 16:00:00,28.5,20,0.0,14.9,100,371.0,134.0,24.7
2025-03-29 17:00:00,27.5,19,0.0,15.2,100,191.0,38.0,23.5
2025-03-29 18:00:00,26.0,21,0.0,11.0,100,61.0,11.0,22.6
2025-03-29 19:00:00,25.3,23,0.0,11.4,98,0.0,0.0,21.9
2025-03-29 20:00:00,24.7,22,0.0,12.7,97,0.0,0.0,21.0
2025-03-29 21:00:00,24.0,20,0.0,12.1,64,0.0,0.0,20.0
2025-03-29 22:00:00,23.1,21,0.0,11.8,100,0.0,0.0,19.2
2025-03-29 23:00:00,22.6,21,0.0,10.4,100,0.0,0.0,18.9
2025-03-30 00:00:00,22.0,22,0.0,11.1,88,0.0,0.0,18.2
2025-03-30 01:00:00,21.1,23,0.0,10.9,100,0.0,0.0,17.2
2025-03-30 02:00:00,20.2,25,0.0,9.9,73,0.0,0.0,16.5
2025-03-30 03:00:00,19.4,26,0.0,8.9,0,0.0,0.0,15.9
2025-03-30 04:00:00,18.6,27,0.0,8.6,0,0.0,0.0,15.1
2025-03-30 05:00:00,18.0,28,0.0,8.9,0,0.0,0.0,14.5
2025-03-30 06:00:00,17.5,33,0.0,10.0,0,2.0,0.0,14.1
2025-03-30 07:00:00,18.7,31,0.0,10.3,0,94.0,38.0,15.3
2025-03-30 08:00:00,21.1,28,0.0,7.5,0,301.0,185.0,18.1
2025-03-30 09:00:00,24.1,23,0.0,8.8,0,522.0,372.0,21.0
2025-03-30 10:00:00,27.0,18,0.0,10.8,7,711.0,539.0,24.4
2025-03-30 11:00:00,29.1,14,0.0,12.3,25,846.0,658.0,26.7
2025-03-30 12:00:00,30.4,13,0.0,12.4,32,912.0,714.0,28.3
2025-03-30 13:00:00,31.1,14,0.0,12.6,34,880.0,645.0,29.0
2025-03-30 14:00:00,31.5,14,0.0,12.3,57,829.0,643.0,29.2
2025-03-30 15:00:00,31.4,14,0.0,12.2,32,667.0,477.0,28.2
2025-03-30 16:00:00,30.7,16,0.0,11.9,0,480.0,324.0,27.1
2025-03-30 17:00:00,29.7,17,0.0,11.6,0,267.0,157.0,26.2
2025-03-30 18:00:00,28.2,19,0.0,9.4,0,72.0,26.0,25.0
2025-03-30 19:00:00,27.0,21,0.0,8.9,0,0.0,0.0,24.1
2025-03-30 20:00:00,25.9,23,0.0,6.6,0,0.0,0.0,23.3
2025-03-30 21:00:00,25.0,24,0.0,6.6,0,0.0,0.0,22.4
2025-03-30 22:00:00,24.3,24,0.0,7.1,0,0.0,0.0,21.5
2025-03-30 23:00:00,23.7,24,0.0,8.2,0,0.0,0.0,20.6
2025-03-31 00:00:00,22.4,25,0.0,7.4,0,0.0,0.0,19.4
2025-03-31 01:00:00,21.3,26,0.0,6.7,0,0.0,0.0,18.3
2025-03-31 02:00:00,20.6,27,0.0,6.9,0,0.0,0.0,17.5
2025-03-31 03:00:00,19.8,27,0.0,6.3,0,0.0,0.0,16.8
2025-03-31 04:00:00,19.1,28,0.0,6.4,0,0.0,0.0,16.1
2025-03-31 05:00:00,18.3,30,0.0,5.9,0,0.0,0.0,15.3
2025-03-31 06:00:00,17.6,37,0.0,5.2,0,2.0,0.0,15.1
2025-03-31 07:00:00,19.2,34,0.0,7.2,0,97.0,39.0,16.6
2025-03-31 08:00:00,22.0,30,0.0,5.4,0,304.0,186.0,19.7
2025-03-31 09:00:00,25.5,25,0.0,6.3,0,524.0,373.0,23.2
2025-03-31 10:00:00,28.8,20,0.0,8.3,0,712.0,539.0,27.0
2025-03-31 11:00:00,31.1,15,0.0,9.7,0,848.0,660.0,29.6
2025-03-31 12:00:00,32.7,13,0.0,9.9,0,916.0,722.0,31.4
2025-03-31 13:00:00,33.6,12,0.0,10.6,0,908.0,715.0,32.0
2025-03-31 14:00:00,33.9,12,0.0,11.4,0,826.0,642.0,31.7
2025-03-31 15:00:00,33.7,11,0.0,12.5,0,682.0,512.0,30.4
2025-03-31 16:00:00,33.0,11,0.0,13.4,0,487.0,341.0,28.7
2025-03-31 17:00:00,31.8,13,0.0,13.5,0,267.0,157.0,27.6
2025-03-31 18:00:00,30.6,14,0.0,10.5,0,72.0,26.0,26.9
2025-03-31 19:00:00,28.5,19,0.0,8.1,0,0.0,0.0,25.6
2025-03-31 20:00:00,27.3,21,0.0,7.8,0,0.0,0.0,24.5
2025-03-31 21:00:00,26.5,20,0.0,7.0,0,0.0,0.0,23.6
2025-03-31 22:00:00,26.4,18,0.0,10.6,0,0.0,0.0,22.7
2025-03-31 23:00:00,25.0,20,0.0,7.8,0,0.0,0.0,21.7
2025-04-01 00:00:00,23.4,23,0.0,6.0,0,0.0,0.0,20.5
2025-04-01 01:00:00,22.4,25,0.0,5.9,0,0.0,0.0,19.5
2025-04-01 02:00:00,21.5,26,0.0,5.9,0,0.0,0.0,18.6
2025-04-01 03:00:00,20.7,27,0.0,6.0,0,0.0,0.0,17.9
2025-04-01 04:00:00,20.2,28,0.0,5.6,0,0.0,0.0,17.4
2025-04-01 05:00:00,19.7,31,0.0,4.4,0,0.0,0.0,17.2
2025-04-01 06:00:00,19.0,37,0.0,5.1,0,3.0,0.0,16.8
2025-04-01 07:00:00,21.3,31,0.0,6.3,0,100.0,40.0,18.8
2025-04-01 08:00:00,23.8,27,0.0,5.4,0,307.0,189.0,21.5
2025-04-01 09:00:00,26.7,22,0.0,6.8,0,528.0,375.0,24.1
2025-04-01 10:00:00,29.6,17,0.0,8.4,0,718.0,543.0,27.6
2025-04-01 11:00:00,31.7,12,0.0,11.8,0,854.0,665.0,29.4
2025-04-01 12:00:00,32.7,11,0.0,13.1,0,921.0,725.0,30.5
2025-04-01 13:00:00,33.1,12,0.0,13.4,0,913.0,718.0,31.0
2025-04-01 14:00:00,33.3,11,0.0,13.4,0,831.0,644.0,30.7
2025-04-01 15:00:00,33.2,11,0.0,13.6,0,685.0,515.0,29.6
2025-04-01 16:00:00,32.7,11,0.0,13.4,0,490.0,343.0,28.3
2025-04-01 17:00:00,31.7,11,0.0,12.5,0,271.0,160.0,27.4
2025-04-01 18:00:00,30.2,14,0.0,9.6,0,74.0,27.0,26.7
2025-04-01 19:00:00,28.2,18,0.0,5.5,0,0.0,0.0,25.5
2025-04-01 20:00:00,26.8,20,0.0,5.2,0,0.0,0.0,24.2
2025-04-01 21:00:00,25.8,21,0.0,5.7,0,0.0,0.0,23.1
2025-04-01 22:00:00,24.8,22,0.0,5.4,0,0.0,0.0,22.1
2025-04-01 23:00:00,23.7,24,0.0,5.4,0,0.0,0.0,21.1
2025-04-02 00:00:00,22.9,26,0.0,5.3,0,0.0,0.0,20.3
2025-04-02 01:00:00,21.9,28,0.0,5.2,0,0.0,0.0,19.4
2025-04-02 02:00:00,21.2,30,0.0,4.7,0,0.0,0.0,18.8
2025-04-02 03:00:00,20.9,31,0.0,2.4,0,0.0,0.0,18.9
2025-04-02 04:00:00,21.2,37,0.0,0.9,0,0.0,0.0,20.1
2025-04-02 05:00:00,20.2,32,0.0,2.5,0,0.0,0.0,18.1
2025-04-02 06:00:00,18.6,39,0.0,4.5,0,3.0,0.0,16.6
2025-04-02 07:00:00,20.4,35,0.0,6.0,0,102.0,41.0,18.2
2025-04-02 08:00:00,24.4,28,0.0,4.6,0,306.0,188.0,22.4
2025-04-02 09:00:00,28.4,20,0.0,4.0,0,525.0,372.0,26.3
2025-04-02 10:00:00,31.5,14,0.0,4.2,0,712.0,537.0,29.9
2025-04-02 11:00:00,33.4,12,0.0,5.4,0,846.0,657.0,32.3
2025-04-02 12:00:00,34.6,11,0.0,7.5,0,912.0,717.0,33.5
2025-04-02 13:00:00,35.4,10,0.0,8.8,0,905.0,710.0,33.9
2025-04-02 14:00:00,35.7,9,0.0,9.9,0,825.0,639.0,33.5
2025-04-02 15:00:00,35.4,10,0.0,10.9,0,681.0,510.0,32.3
2025-04-02 16:00:00,34.8,11,0.0,11.8,0,486.0,339.0,30.8
2025-04-02 17:00:00,33.7,12,0.0,11.3,0,267.0,157.0,30.0
2025-04-02 18:00:00,32.0,13,0.0,5.2,0,74.0,27.0,29.1
2025-04-02 19:00:00,29.6,17,0.0,4.9,0,0.0,0.0,27.1
2025-04-02 20:00:00,29.1,23,0.0,1.4,0,0.0,0.0,27.8
2025-04-02 21:00:00,27.5,21,0.0,3.9,0,0.0,0.0,25.3
2025-04-02 22:00:00,26.9,23,0.0,1.9,0,0.0,0.0,25.2
2025-04-02 23:00:00,26.1,25,0.0,1.6,0,0.0,0.0,24.5
2025-04-03 00:00:00,25.1,27,0.0,3.1,0,0.0,0.0,23.3
2025-04-03 01:00:00,24.7,29,0.0,1.2,0,0.0,0.0,23.3
2025-04-03 02:00:00,23.9,32,0.0,0.4,0,0.0,0.0,22.9
2025-04-03 03:00:00,22.9,31,0.0,4.0,0,0.0,0.0,21.1
2025-04-03 04:00:00,22.7,32,0.0,3.7,0,0.0,0.0,20.9
2025-04-03 05:00:00,21.9,34,0.0,3.6,0,0.0,0.0,20.2
2025-04-03 06:00:00,20.4,41,0.0,2.9,0,4.0,0.0,19.1
2025-04-03 07:00:00,22.5,34,0.0,6.7,0,103.0,41.0,20.4
2025-04-03 08:00:00,26.5,26,0.0,4.1,0,306.0,187.0,24.7
2025-04-03 09:00:00,30.7,19,0.0,4.4,0,523.0,369.0,28.7
2025-04-03 10:00:00,33.5,14,0.0,5.6,0,710.0,534.0,31.8
2025-04-03 11:00:00,35.2,10,0.0,4.2,0,843.0,653.0,34.2
2025-04-03 12:00:00,36.3,9,0.0,3.9,47,909.0,712.0,35.5
2025-04-03 13:00:00,36.7,7,0.0,4.1,32,769.0,511.0,34.7
2025-04-03 14:00:00,37.4,6,0.0,4.3,52,809.0,602.0,35.5
2025-04-03 15:00:00,37.4,6,0.0,7.0,92,614.0,395.0,33.9
2025-04-03 16:00:00,36.6,7,0.0,6.5,94,371.0,170.0,32.8
2025-04-03 17:00:00,35.6,8,0.0,3.3,100,149.0,30.0,32.4
2025-04-03 18:00:00,34.2,8,0.0,9.4,33,55.0,13.0,30.0
2025-04-03 19:00:00,32.1,10,0.0,6.4,9,0.0,0.0,28.6
2025-04-03 20:00:00,31.1,12,0.0,8.6,1,0.0,0.0,27.4
2025-04-03 21:00:00,29.2,15,0.0,5.2,1,0.0,0.0,26.3
2025-04-03 22:00:00,27.9,17,0.0,5.4,0,0.0,0.0,25.0
2025-04-03 23:00:00,27.1,19,0.0,2.4,0,0.0,0.0,24.8
2025-04-04 00:00:00,26.3,20,0.0,2.8,14,0.0,0.0,24.1
2025-04-04 01:00:00,25.8,21,0.0,1.9,0,0.0,0.0,23.6
2025-04-04 02:00:00,24.3,22,0.0,5.1,0,0.0,0.0,21.6
2025-04-04 03:00:00,23.6,25,0.0,1.7,1,0.0,0.0,21.6
2025-04-04 04:00:00,22.2,27,0.0,3.4,1,0.0,0.0,20.0
2025-04-04 05:00:00,21.7,29,0.0,1.9,0,0.0,0.0,19.7
2025-04-04 06:00:00,22.8,33,0.0,3.3,2,4.0,0.0,21.2
2025-04-04 07:00:00,25.1,27,0.0,6.2,0,104.0,41.0,22.9
2025-04-04 08:00:00,28.4,22,0.0,3.9,0,305.0,186.0,26.5
2025-04-04 09:00:00,31.6,17,0.0,5.1,0,520.0,366.0,29.3
2025-04-04 10:00:00,34.4,12,0.0,5.2,0,705.0,528.0,32.6
2025-04-04 11:00:00,35.6,10,0.0,6.6,0,836.0,645.0,34.3
2025-04-04 12:00:00,36.4,10,0.0,7.6,0,900.0,703.0,35.3
2025-04-04 13:00:00,36.9,10,0.0,9.2,0,894.0,698.0,35.5
2025-04-04 14:00:00,37.0,10,0.0,11.4,0,816.0,628.0,34.6
2025-04-04 15:00:00,36.6,10,0.0,13.2,0,673.0,501.0,33.2
2025-04-04 16:00:00,35.8,11,0.0,14.2,0,481.0,334.0,31.7
2025-04-04 17:00:00,35.0,11,0.0,13.4,0,265.0,155.0,31.0
2025-04-04 18:00:00,34.0,12,0.0,11.3,0,74.0,26.0,30.2
2025-04-04 19:00:00,32.3,14,0.0,10.2,0,1.0,0.0,28.8
2025-04-04 20:00:00,31.1,15,0.0,7.5,0,0.0,0.0,28.1
2025-04-04 21:00:00,30.0,17,0.0,8.4,0,0.0,0.0,27.0
2025-04-04 22:00:00,29.0,18,0.0,9.4,0,0.0,0.0,25.9
2025-04-04 23:00:00,28.0,19,0.0,9.2,0,0.0,0.0,24.9
2025-04-05 00:00:00,26.2,22,0.0,5.2,0,0.0,0.0,23.7
2025-04-05 01:00:00,25.3,23,0.0,5.0,0,0.0,0.0,22.9
2025-04-05 02:00:00,24.5,25,0.0,4.5,0,0.0,0.0,22.2
2025-04-05 03:00:00,23.6,26,0.0,4.7,0,0.0,0.0,21.3
2025-04-05 04:00:00,22.9,27,0.0,5.4,0,0.0,0.0,20.4
2025-04-05 05:00:00,22.2,28,0.0,6.3,0,0.0,0.0,19.6
2025-04-05 06:00:00,22.0,32,0.0,5.9,0,4.0,0.0,19.9
2025-04-05 07:00:00,23.5,30,0.0,7.3,0,108.0,43.0,21.2
2025-04-05 08:00:00,26.0,27,0.0,6.5,0,310.0,189.0,24.0
2025-04-05 09:00:00,28.9,24,0.0,7.8,0,525.0,370.0,26.7
2025-04-05 10:00:00,31.4,20,0.0,9.5,0,709.0,532.0,29.9
2025-04-05 11:00:00,33.2,17,0.0,12.3,0,842.0,650.0,31.8
2025-04-05 12:00:00,34.3,16,0.0,13.8,0,907.0,709.0,32.9
2025-04-05 13:00:00,34.8,16,0.0,13.6,0,899.0,702.0,33.5
2025-04-05 14:00:00,35.2,15,0.0,13.1,0,820.0,631.0,33.5
2025-04-05 15:00:00,35.1,15,0.0,13.8,0,677.0,504.0,32.5
2025-04-05 16:00:00,34.6,16,0.0,13.6,0,485.0,336.0,31.3
2025-04-05 17:00:00,33.8,16,0.0,12.5,0,268.0,156.0,30.7
2025-04-05 18:00:00,32.8,15,0.0,9.7,0,77.0,27.0,29.7
2025-04-05 19:00:00,31.3,18,0.0,8.5,0,1.0,0.0,28.5
2025-04-05 20:00:00,29.9,20,0.0,5.4,0,0.0,0.0,27.7
2025-04-05 21:00:00,29.1,22,0.0,5.8,1,0.0,0.0,27.0
2025-04-05 22:00:00,28.7,22,0.0,7.2,0,0.0,0.0,26.4
2025-04-05 23:00:00,27.4,25,0.0,6.2,31,0.0,0.0,25.3
2025-04-06 00:00:00,25.7,28,0.0,5.2,97,0.0,0.0,23.9
2025-04-06 01:00:00,25.0,29,0.0,4.2,80,0.0,0.0,23.2
2025-04-06 02:00:00,24.4,28,0.0,3.6,72,0.0,0.0,22.6
2025-04-06 03:00:00,23.7,28,0.0,4.8,3,0.0,0.0,21.6
2025-04-06 04:00:00,22.9,30,0.0,6.2,0,0.0,0.0,20.7
2025-04-06 05:00:00,22.2,32,0.0,5.8,0,0.0,0.0,20.0
2025-04-06 06:00:00,22.0,35,0.0,6.1,0,5.0,0.0,20.0
2025-04-06 07:00:00,23.5,32,0.0,7.2,0,110.0,44.0,21.5
2025-04-06 08:00:00,26.8,27,0.0,4.4,0,312.0,191.0,25.3
2025-04-06 09:00:00,30.7,21,0.0,5.4,0,526.0,371.0,28.9
2025-04-06 10:00:00,33.6,17,0.0,6.9,0,711.0,533.0,32.3
2025-04-06 11:00:00,35.4,14,0.0,7.4,0,842.0,650.0,34.7
2025-04-06 12:00:00,36.7,13,0.0,7.0,0,907.0,709.0,36.3
2025-04-06 13:00:00,37.6,12,0.0,7.2,0,900.0,702.0,37.0
2025-04-06 14:00:00,38.1,11,0.0,8.2,0,820.0,631.0,36.8
2025-04-06 15:00:00,38.0,12,0.0,9.7,0,676.0,503.0,35.7
2025-04-06 16:00:00,37.3,13,0.0,10.3,0,484.0,335.0,34.3
2025-04-06 17:00:00,36.4,14,0.0,8.1,0,268.0,156.0,33.8
2025-04-06 18:00:00,35.0,15,0.0,6.1,0,77.0,27.0,32.7
2025-04-06 19:00:00,33.3,17,0.0,5.2,0,1.0,0.0,31.3
2025-04-06 20:00:00,31.9,21,0.0,4.0,0,0.0,0.0,30.4
2025-04-06 21:00:00,31.7,23,0.0,1.2,0,0.0,0.0,31.0
2025-04-06 22:00:00,30.9,24,0.0,0.7,0,0.0,0.0,30.3
2025-04-06 23:00:00,30.0,22,0.0,4.6,0,0.0,0.0,28.4
2025-04-07 00:00:00,28.5,24,0.0,5.4,0,0.0,0.0,26.6
2025-04-07 01:00:00,27.6,27,0.0,2.9,0,0.0,0.0,26.3
2025-04-07 02:00:00,26.7,29,0.0,3.3,0,0.0,0.0,25.4
2025-04-07 03:00:00,25.6,31,0.0,4.6,0,0.0,0.0,24.2
2025-04-07 04:00:00,24.9,31,0.0,5.1,0,0.0,0.0,23.3
2025-04-07 05:00:00,24.4,31,0.0,5.2,0,0.0,0.0,22.7
2025-04-07 06:00:00,24.6,38,0.0,6.6,0,6.0,0.0,23.4
2025-04-07 07:00:00,26.2,35,0.0,7.5,0,110.0,44.0,24.9
2025-04-07 08:00:00,29.2,29,0.0,4.2,0,309.0,188.0,28.5
2025-04-07 09:00:00,32.9,24,0.0,4.0,0,519.0,364.0,32.2
2025-04-07 10:00:00,35.8,18,0.0,4.6,74,699.0,522.0,35.5
2025-04-07 11:00:00,37.5,15,0.0,4.7,59,828.0,635.0,37.6
2025-04-07 12:00:00,38.6,14,0.0,4.5,0,892.0,691.0,39.1
2025-04-07 13:00:00,39.3,13,0.0,4.2,0,885.0,687.0,39.8
2025-04-07 14:00:00,39.7,13,0.0,4.7,0,807.0,618.0,39.6
2025-04-07 15:00:00,39.9,12,0.0,5.0,0,666.0,493.0,38.8
2025-04-07 16:00:00,39.9,12,0.0,4.1,0,476.0,328.0,38.1
2025-04-07 17:00:00,39.3,12,0.0,1.7,0,264.0,152.0,37.8
2025-04-07 18:00:00,37.1,15,0.0,5.4,0,77.0,27.0,35.4
2025-04-07 19:00:00,35.2,17,0.0,6.2,0,1.0,0.0,33.4
2025-04-07 20:00:00,33.8,19,0.0,5.2,0,0.0,0.0,32.2
2025-04-07 21:00:00,33.0,21,0.0,7.6,1,0.0,0.0,31.2
2025-04-07 22:00:00,31.0,25,0.0,4.8,0,0.0,0.0,30.0
2025-04-07 23:00:00,30.3,26,0.0,5.5,0,0.0,0.0,29.2
2025-04-08 00:00:00,29.2,28,0.0,5.3,0,0.0,0.0,28.0
2025-04-08 01:00:00,28.2,30,0.0,4.3,0,0.0,0.0,27.3
2025-04-08 02:00:00,27.4,31,0.0,4.4,0,0.0,0.0,26.4
2025-04-08 03:00:00,26.6,32,0.0,5.4,0,0.0,0.0,25.4
2025-04-08 04:00:00,25.8,33,0.0,7.0,0,0.0,0.0,24.2
2025-04-08 05:00:00,25.2,33,0.0,7.6,0,0.0,0.0,23.5
2025-04-08 06:00:00,25.5,34,0.0,9.4,0,6.0,1.0,23.7
2025-04-08 07:00:00,26.9,32,0.0,9.7,0,112.0,45.0,25.1
2025-04-08 08:00:00,29.3,27,0.0,8.8,0,310.0,187.0,27.6
2025-04-08 09:00:00,32.1,22,0.0,9.6,0,518.0,362.0,30.1
2025-04-08 10:00:00,34.8,18,0.0,9.7,0,698.0,519.0,33.5
2025-04-08 11:00:00,37.0,16,0.0,9.7,0,826.0,632.0,36.4
2025-04-08 12:00:00,38.6,14,0.0,8.5,0,888.0,688.0,38.4
2025-04-08 13:00:00,39.5,13,0.0,6.9,0,881.0,682.0,39.5
2025-04-08 14:00:00,39.9,13,0.0,6.4,0,803.0,612.0,39.5
2025-04-08 15:00:00,39.8,12,0.0,6.4,0,663.0,489.0,38.5
2025-04-08 16:00:00,39.6,12,0.0,6.0,0,477.0,330.0,37.5
2025-04-08 17:00:00,39.0,13,0.0,4.8,47,260.0,147.0,37.2
2025-04-08 18:00:00,37.2,14,0.0,4.0,6,77.0,27.0,35.4
2025-04-08 19:00:00,35.8,15,0.0,5.5,85,1.0,0.0,33.8
2025-04-08 20:00:00,34.0,19,0.0,4.7,66,0.0,0.0,32.4
2025-04-08 21:00:00,33.3,21,0.0,3.1,19,0.0,0.0,32.3
2025-04-08 22:00:00,32.3,22,0.0,3.7,1,0.0,0.0,31.2
2025-04-08 23:00:00,31.1,24,0.0,4.0,0,0.0,0.0,29.9
2025-04-09 00:00:00,30.2,25,0.0,6.5,0,0.0,0.0,28.7
2025-04-09 01:00:00,28.9,27,0.0,6.2,0,0.0,0.0,27.4
2025-04-09 02:00:00,28.3,29,0.0,7.2,0,0.0,0.0,26.8
2025-04-09 03:00:00,27.8,31,0.0,7.0,0,0.0,0.0,26.4
2025-04-09 04:00:00,26.9,33,0.0,7.3,0,0.0,0.0,25.6
2025-04-09 05:00:00,26.1,35,0.0,8.0,0,0.0,0.0,24.8
2025-04-09 06:00:00,27.3,44,0.0,7.6,0,7.0,1.0,27.4
2025-04-09 07:00:00,28.4,41,0.0,7.6,0,113.0,45.0,28.5
2025-04-09 08:00:00,30.4,36,0.0,8.0,0,309.0,187.0,30.5
2025-04-09 09:00:00,33.0,32,0.0,8.3,0,516.0,360.0,33.0
2025-04-09 10:00:00,35.4,28,0.0,8.4,0,694.0,515.0,36.3
2025-04-09 11:00:00,37.6,23,0.0,8.1,0,820.0,627.0,38.9
2025-04-09 12:00:00,39.2,18,0.0,5.7,29,883.0,684.0,40.6
2025-04-09 13:00:00,40.0,16,0.0,3.6,13,840.0,615.0,41.1
2025-04-09 14:00:00,40.7,14,0.0,0.2,38,750.0,542.0,41.6
2025-04-09 15:00:00,40.6,14,0.0,5.9,91,570.0,354.0,39.2
2025-04-09 16:00:00,39.9,14,0.0,5.8,89,367.0,182.0,38.3
2025-04-09 17:00:00,38.6,15,0.0,12.5,47,227.0,98.0,36.0
2025-04-09 18:00:00,38.1,13,0.0,9.7,25,71.0,22.0,35.4
2025-04-09 19:00:00,36.2,18,0.0,10.5,6,1.0,0.0,34.2
2025-04-09 20:00:00,34.2,23,0.0,3.9,2,0.0,0.0,33.7
2025-04-09 21:00:00,33.1,25,0.0,4.1,0,0.0,0.0,32.6
2025-04-09 22:00:00,32.5,26,0.0,3.9,0,0.0,0.0,32.1
2025-04-09 23:00:00,31.9,26,0.0,8.9,0,0.0,0.0,30.5
2025-04-10 00:00:00,30.0,30,0.0,4.7,0,0.0,0.0,29.5
2025-04-10 01:00:00,29.1,34,0.0,3.1,0,0.0,0.0,29.1
2025-04-10 02:00:00,28.9,39,0.0,0.6,15,0.0,0.0,29.9
2025-04-10 03:00:00,27.9,36,0.0,4.3,38,0.0,0.0,27.6
2025-04-10 04:00:00,26.9,39,0.0,1.7,1,0.0,0.0,27.2
2025-04-10 05:00:00,26.6,40,0.0,1.3,25,0.0,0.0,27.0
2025-04-10 06:00:00,27.1,45,0.0,9.9,100,6.0,0.0,26.9
2025-04-10 07:00:00,27.5,45,0.0,6.5,100,72.0,2.0,27.9
2025-04-10 08:00:00,29.0,42,0.0,7.0,78,218.0,45.0,29.4
2025-04-10 09:00:00,31.8,35,0.0,5.1,93,452.0,230.0,32.4
2025-04-10 10:00:00,35.0,27,0.0,4.7,96,680.0,473.0,36.2
2025-04-10 11:00:00,37.4,21,0.0,3.3,93,803.0,574.0,39.0
2025-04-10 12:00:00,38.9,18,0.0,4.3,45,873.0,651.0,40.3
2025-04-10 13:00:00,37.3,19,0.0,16.8,58,825.0,560.0,36.1
2025-04-10 14:00:00,37.1,17,0.0,13.9,92,479.0,198.0,34.6
2025-04-10 15:00:00,37.5,17,0.0,5.4,82,389.0,138.0,36.1
2025-04-10 16:00:00,27.3,58,1.3,23.3,96,349.0,178.0,26.9
2025-04-10 17:00:00,29.6,45,0.1,6.2,100,102.0,22.0,30.9
2025-04-10 18:00:00,34.0,23,0.0,8.7,80,66.0,17.0,32.6
2025-04-10 19:00:00,33.1,31,0.0,1.0,79,1.0,0.0,34.1
2025-04-10 20:00:00,32.5,25,0.0,6.8,85,0.0,0.0,31.4
2025-04-10 21:00:00,32.3,22,0.0,6.6,99,0.0,0.0,30.8
2025-04-10 22:00:00,30.6,29,0.0,13.2,100,0.0,0.0,28.7
2025-04-10 23:00:00,28.6,44,0.0,12.0,0,0.0,0.0,28.5
2025-04-11 00:00:00,27.7,49,0.0,11.9,6,0.0,0.0,28.0
2025-04-11 01:00:00,26.9,52,0.0,10.4,49,0.0,0.0,27.5
2025-04-11 02:00:00,26.4,54,0.0,9.3,91,0.0,0.0,27.2
2025-04-11 03:00:00,25.8,57,0.0,11.5,94,0.0,0.0,26.5
2025-04-11 04:00:00,25.4,61,0.0,13.1,90,0.0,0.0,26.1
2025-04-11 05:00:00,24.9,64,0.0,12.7,4,0.0,0.0,25.8
2025-04-11 06:00:00,23.3,75,0.0,12.4,7,8.0,1.0,24.7
2025-04-11 07:00:00,23.9,72,0.0,13.2,6,110.0,41.0,25.1
2025-04-11 08:00:00,25.4,66,0.0,13.5,1,303.0,172.0,26.5
2025-04-11 09:00:00,27.2,58,0.0,12.1,1,509.0,348.0,28.5
2025-04-11 10:00:00,29.2,50,0.0,12.8,0,692.0,509.0,30.8
2025-04-11 11:00:00,31.2,43,0.0,13.7,0,820.0,626.0,33.1
2025-04-11 12:00:00,33.0,37,0.0,13.5,0,880.0,678.0,35.0
2025-04-11 13:00:00,34.2,33,0.0,11.5,14,874.0,675.0,36.3
2025-04-11 14:00:00,28.0,46,2.0,14.8,100,793.0,570.0,28.9
2025-04-11 15:00:00,27.1,49,0.0,6.0,82,243.0,55.0,28.0
2025-04-11 16:00:00,28.3,48,0.0,10.3,100,350.0,119.0,28.9
2025-04-11 17:00:00,27.9,52,0.0,8.5,80,180.0,42.0,29.1
2025-04-11 18:00:00,22.5,79,4.3,25.8,100,74.0,18.0,21.9
2025-04-11 19:00:00,23.0,81,0.2,2.4,100,0.0,0.0,26.2
2025-04-11 20:00:00,22.9,84,1.4,10.3,100,0.0,0.0,25.3
2025-04-11 21:00:00,22.6,82,0.2,11.8,100,0.0,0.0,24.4
2025-04-11 22:00:00,22.7,79,0.0,8.5,100,0.0,0.0,24.8
2025-04-11 23:00:00,22.8,76,0.0,8.8,99,0.0,0.0,24.6
2025-04-12 00:00:00,22.9,72,0.0,9.9,100,0.0,0.0,24.1
2025-04-12 01:00:00,22.6,73,0.0,6.2,69,0.0,0.0,24.4
2025-04-12 02:00:00,21.5,81,0.0,4.6,22,0.0,0.0,23.8
2025-04-12 03:00:00,21.0,84,0.0,3.8,26,0.0,0.0,23.4
2025-04-12 04:00:00,20.6,86,0.0,5.1,0,0.0,0.0,22.8
2025-04-12 05:00:00,20.5,86,0.0,5.2,0,0.0,0.0,22.6
2025-04-12 06:00:00,21.2,76,0.0,6.4,0,9.0,1.0,22.6
2025-04-12 07:00:00,22.4,71,0.0,4.6,0,122.0,49.0,24.1
2025-04-12 08:00:00,24.5,62,0.0,2.7,0,319.0,192.0,26.5
2025-04-12 09:00:00,27.1,53,0.0,2.9,0,523.0,362.0,28.9
2025-04-12 10:00:00,29.6,43,0.0,3.4,0,699.0,515.0,31.9
2025-04-12 11:00:00,31.6,34,0.0,4.7,0,824.0,625.0,33.8
2025-04-12 12:00:00,33.1,27,0.0,5.1,4,885.0,680.0,35.0
2025-04-12 13:00:00,34.0,25,0.0,5.0,7,871.0,666.0,35.7
2025-04-12 14:00:00,34.8,24,0.0,3.3,38,783.0,581.0,36.2
2025-04-12 15:00:00,32.4,33,0.8,4.9,49,544.0,334.0,33.0
2025-04-12 16:00:00,29.3,40,0.3,7.5,79,378.0,203.0,29.7
2025-04-12 17:00:00,28.8,46,0.0,6.1,61,190.0,75.0,29.9
2025-04-12 18:00:00,26.2,53,0.0,4.9,13,46.0,10.0,27.5
2025-04-12 19:00:00,25.9,67,0.0,1.9,14,1.0,0.0,29.1
2025-04-12 20:00:00,25.9,59,0.0,5.0,0,0.0,0.0,27.8
2025-04-12 21:00:00,25.4,57,0.0,4.9,0,0.0,0.0,26.9
2025-04-12 22:00:00,24.8,60,0.0,4.8,0,0.0,0.0,26.3
2025-04-12 23:00:00,24.4,56,0.0,6.7,0,0.0,0.0,25.1
2025-04-13 00:00:00,23.3,63,0.0,5.3,0,0.0,0.0,24.4
2025-04-13 01:00:00,22.6,67,0.0,4.7,0,0.0,0.0,23.9
2025-04-13 02:00:00,22.2,68,0.0,3.8,0,0.0,0.0,23.7
2025-04-13 03:00:00,21.6,70,0.0,4.3,0,0.0,0.0,23.0
2025-04-13 04:00:00,21.3,71,0.0,3.4,0,0.0,0.0,22.8
2025-04-13 05:00:00,21.1,72,0.0,2.8,0,0.0,0.0,22.6
2025-04-13 06:00:00,22.6,72,0.0,0.9,0,9.0,1.0,25.0
2025-04-13 07:00:00,24.3,63,0.0,1.8,0,124.0,50.0,26.4
2025-04-13 08:00:00,27.0,54,0.0,1.7,0,322.0,194.0,29.2
2025-04-13 09:00:00,29.6,42,0.0,4.0,0,528.0,366.0,30.8
2025-04-13 10:00:00,31.4,35,0.0,5.6,0,704.0,519.0,32.8
2025-04-13 11:00:00,32.6,30,0.0,5.2,10,826.0,625.0,34.4
2025-04-13 12:00:00,33.5,26,0.0,4.5,2,849.0,638.0,35.1
2025-04-13 13:00:00,34.2,24,0.0,3.2,3,877.0,668.0,36.1
2025-04-13 14:00:00,34.7,23,0.0,2.1,5,764.0,563.0,35.9
2025-04-13 15:00:00,35.2,21,0.0,0.9,25,647.0,464.0,35.6
2025-04-13 16:00:00,35.3,20,0.0,1.3,34,462.0,303.0,34.9
2025-04-13 17:00:00,35.2,19,0.0,4.4,56,255.0,139.0,34.0
2025-04-13 18:00:00,31.9,43,0.0,2.7,3,76.0,24.0,34.3
2025-04-13 19:00:00,30.7,44,0.0,2.6,13,2.0,0.0,32.8
2025-04-13 20:00:00,29.2,49,0.0,4.3,0,0.0,0.0,31.2
2025-04-13 21:00:00,28.3,50,0.0,3.4,0,0.0,0.0,30.1
2025-04-13 22:00:00,27.1,52,0.0,4.0,0,0.0,0.0,28.7
2025-04-13 23:00:00,25.7,53,0.0,5.4,0,0.0,0.0,26.7
2025-04-14 00:00:00,24.9,57,0.0,5.4,0,0.0,0.0,26.1
2025-04-14 01:00:00,24.4,59,0.0,5.4,0,0.0,0.0,25.5
2025-04-14 02:00:00,23.8,59,0.0,5.4,0,0.0,0.0,24.8
2025-04-14 03:00:00,23.4,59,0.0,5.4,0,0.0,0.0,24.3
2025-04-14 04:00:00,22.8,61,0.0,5.5,0,0.0,0.0,23.5
2025-04-14 05:00:00,22.3,63,0.0,5.0,0,0.0,0.0,23.2
2025-04-14 06:00:00,23.2,61,0.0,6.0,0,10.0,1.0,24.1
2025-04-14 07:00:00,24.6,57,0.0,5.3,0,127.0,52.0,25.7
2025-04-14 08:00:00,26.7,50,0.0,5.8,0,325.0,196.0,27.7
2025-04-14 09:00:00,28.7,45,0.0,7.2,0,531.0,367.0,29.5
2025-04-14 10:00:00,30.7,40,0.0,7.4,0,707.0,520.0,32.4
2025-04-14 11:00:00,32.5,34,0.0,7.3,0,831.0,629.0,34.6
2025-04-14 12:00:00,33.8,29,0.0,7.0,0,890.0,683.0,35.9
2025-04-14 13:00:00,34.7,27,0.0,5.7,0,880.0,674.0,36.7
2025-04-14 14:00:00,35.3,25,0.0,4.4,0,801.0,604.0,36.9
2025-04-14 15:00:00,35.6,24,0.0,4.0,0,661.0,481.0,36.3
2025-04-14 16:00:00,35.6,23,0.0,2.8,2,467.0,308.0,35.6
2025-04-14 17:00:00,35.0,24,0.0,4.7,0,264.0,147.0,34.7
2025-04-14 18:00:00,34.2,25,0.0,7.7,16,70.0,19.0,33.5
2025-04-14 19:00:00,33.0,28,0.0,8.2,5,2.0,0.0,32.5
2025-04-14 20:00:00,31.6,33,0.0,9.1,1,0.0,0.0,31.3
2025-04-14 21:00:00,30.4,37,0.0,9.1,0,0.0,0.0,30.3
2025-04-14 22:00:00,29.4,39,0.0,8.8,0,0.0,0.0,29.4
2025-04-14 23:00:00,28.5,41,0.0,10.1,0,0.0,0.0,28.3
2025-04-15 00:00:00,27.6,43,0.0,10.0,0,0.0,0.0,27.3
2025-04-15 01:00:00,26.9,43,0.0,9.7,0,0.0,0.0,26.5
2025-04-15 02:00:00,26.2,44,0.0,9.6,0,0.0,0.0,25.8
2025-04-15 03:00:00,25.6,45,0.0,9.4,0,0.0,0.0,25.2
2025-04-15 04:00:00,25.0,47,0.0,8.6,0,0.0,0.0,24.7
2025-04-15 05:00:00,24.7,49,0.0,8.0,0,0.0,0.0,24.5
2025-04-15 06:00:00,25.5,49,0.0,5.7,3,11.0,1.0,25.9
2025-04-15 07:00:00,27.0,46,0.0,6.5,0,127.0,51.0,27.4
2025-04-15 08:00:00,29.2,41,0.0,7.5,2,323.0,193.0,29.6
2025-04-15 09:00:00,31.4,37,0.0,8.6,2,526.0,361.0,31.7
2025-04-15 10:00:00,33.3,33,0.0,9.8,0,699.0,510.0,34.2
2025-04-15 11:00:00,34.8,28,0.0,9.1,20,821.0,618.0,36.1
2025-04-15 12:00:00,35.6,26,0.0,8.3,5,853.0,638.0,37.0
2025-04-15 13:00:00,36.2,25,0.0,7.0,13,806.0,583.0,37.5
2025-04-15 14:00:00,36.5,24,0.0,6.0,10,748.0,546.0,37.6
2025-04-15 15:00:00,36.6,24,0.0,5.3,30,627.0,440.0,37.1
2025-04-15 16:00:00,36.2,24,0.0,6.8,34,401.0,235.0,35.9
2025-04-15 17:00:00,35.8,25,0.0,5.5,59,235.0,113.0,35.7
2025-04-15 18:00:00,33.9,30,0.0,7.5,26,77.0,23.0,34.0
2025-04-15 19:00:00,32.3,36,0.0,5.9,1,2.0,0.0,33.2
2025-04-15 20:00:00,31.1,41,0.0,4.7,1,0.0,0.0,32.6
2025-04-15 21:00:00,30.2,46,0.0,4.1,2,0.0,0.0,32.2
2025-04-15 22:00:00,29.6,41,0.0,5.9,0,0.0,0.0,30.3
2025-04-15 23:00:00,28.8,42,0.0,5.9,0,0.0,0.0,29.5
2025-04-16 00:00:00,28.0,44,0.0,5.8,0,0.0,0.0,28.7
2025-04-16 01:00:00,27.2,48,0.0,5.8,0,0.0,0.0,28.0
2025-04-16 02:00:00,26.6,49,0.0,6.5,0,0.0,0.0,27.3
2025-04-16 03:00:00,26.2,49,0.0,6.9,0,0.0,0.0,26.7
2025-04-16 04:00:00,25.8,50,0.0,7.1,0,0.0,0.0,26.3
2025-04-16 05:00:00,25.6,50,0.0,7.4,0,0.0,0.0,25.9
2025-04-16 06:00:00,26.9,49,0.0,7.3,0,12.0,1.0,27.6
2025-04-16 07:00:00,28.1,46,0.0,6.1,0,129.0,52.0,29.0
2025-04-16 08:00:00,30.4,39,0.0,6.2,0,325.0,194.0,31.1
2025-04-16 09:00:00,32.7,34,0.0,7.6,0,527.0,362.0,33.1
2025-04-16 10:00:00,34.6,28,0.0,9.5,0,701.0,512.0,35.2
2025-04-16 11:00:00,35.9,25,0.0,7.7,0,823.0,620.0,37.4
2025-04-16 12:00:00,37.0,23,0.0,4.8,37,883.0,673.0,39.1
2025-04-16 13:00:00,37.5,22,0.0,2.4,33,799.0,580.0,39.5
2025-04-16 14:00:00,37.8,21,0.0,2.9,21,741.0,520.0,39.2
2025-04-16 15:00:00,38.2,21,0.0,3.5,15,614.0,413.0,38.6
2025-04-16 16:00:00,38.1,21,0.0,2.9,19,422.0,256.0,38.2
2025-04-16 17:00:00,37.4,22,0.0,7.4,17,243.0,124.0,36.9
2025-04-16 18:00:00,36.8,21,0.0,7.1,29,66.0,14.0,36.0
2025-04-16 19:00:00,34.7,25,0.0,8.0,2,2.0,0.0,34.0
2025-04-16 20:00:00,33.7,28,0.0,8.8,1,0.0,0.0,33.2
2025-04-16 21:00:00,32.6,31,0.0,8.8,0,0.0,0.0,32.3
2025-04-16 22:00:00,31.6,32,0.0,6.8,0,0.0,0.0,31.6
2025-04-16 23:00:00,30.6,35,0.0,6.0,0,0.0,0.0,30.8
2025-04-17 00:00:00,29.7,38,0.0,6.4,0,0.0,0.0,29.9
2025-04-17 01:00:00,28.8,40,0.0,6.4,1,0.0,0.0,29.0
2025-04-17 02:00:00,28.0,41,0.0,6.8,0,0.0,0.0,28.1
2025-04-17 03:00:00,27.5,41,0.0,7.6,0,0.0,0.0,27.3
2025-04-17 04:00:00,27.0,41,0.0,6.5,0,0.0,0.0,26.9
2025-04-17 05:00:00,26.5,42,0.0,6.0,0,0.0,0.0,26.5
2025-04-17 06:00:00,26.2,54,0.0,6.5,0,12.0,2.0,27.4
2025-04-17 07:00:00,27.4,51,0.0,6.9,0,131.0,53.0,28.6
2025-04-17 08:00:00,29.9,44,0.0,8.4,0,326.0,195.0,30.8
2025-04-17 09:00:00,33.0,34,0.0,8.7,0,530.0,364.0,33.5
2025-04-17 10:00:00,35.8,27,0.0,9.1,0,693.0,500.0,36.5
2025-04-17 11:00:00,37.7,22,0.0,8.7,0,830.0,627.0,38.7
2025-04-17 12:00:00,39.2,19,0.0,7.8,30,889.0,679.0,40.3
2025-04-17 13:00:00,40.1,17,0.0,9.4,19,852.0,638.0,40.5
2025-04-17 14:00:00,40.4,16,0.0,11.3,20,689.0,485.0,39.3
2025-04-17 15:00:00,40.5,15,0.0,11.2,63,578.0,381.0,38.7
2025-04-17 16:00:00,40.0,14,0.0,15.8,96,352.0,194.0,36.9
2025-04-17 17:00:00,38.6,16,0.0,14.4,54,162.0,38.0,36.0
2025-04-17 18:00:00,37.5,21,0.0,9.9,63,81.0,23.0,36.4
2025-04-17 19:00:00,35.9,26,0.0,5.2,2,2.0,0.0,36.2
2025-04-17 20:00:00,34.5,30,0.0,6.0,0,0.0,0.0,35.1
2025-04-17 21:00:00,32.8,35,0.0,4.0,0,0.0,0.0,34.0
2025-04-17 22:00:00,31.7,38,0.0,5.1,0,0.0,0.0,32.8
2025-04-17 23:00:00,30.7,41,0.0,7.2,0,0.0,0.0,31.7
2025-04-18 00:00:00,29.4,45,0.0,6.9,0,0.0,0.0,30.4
2025-04-18 01:00:00,28.1,48,0.0,5.6,0,0.0,0.0,29.4
2025-04-18 02:00:00,27.5,50,0.0,6.7,0,0.0,0.0,28.6
2025-04-18 03:00:00,27.0,51,0.0,8.0,0,0.0,0.0,27.9
2025-04-18 04:00:00,26.3,55,0.0,7.6,0,0.0,0.0,27.4
2025-04-18 05:00:00,25.7,57,0.0,7.6,0,0.0,0.0,26.9
2025-04-18 06:00:00,26.6,62,0.0,7.3,0,14.0,2.0,28.7
2025-04-18 07:00:00,27.7,59,0.0,7.7,0,136.0,56.0,29.9
2025-04-18 08:00:00,29.6,54,0.0,8.5,0,334.0,200.0,31.9
2025-04-18 09:00:00,32.0,48,0.0,7.6,0,537.0,370.0,34.5
2025-04-18 10:00:00,34.5,40,0.0,6.8,0,709.0,518.0,37.7
2025-04-18 11:00:00,36.7,32,0.0,5.4,0,828.0,623.0,40.2
2025-04-18 12:00:00,38.3,27,0.0,3.9,0,885.0,674.0,41.8
2025-04-18 13:00:00,39.5,24,0.0,3.6,1,874.0,664.0,42.6
2025-04-18 14:00:00,40.2,21,0.0,4.6,3,795.0,594.0,42.3
2025-04-18 15:00:00,40.8,19,0.0,5.8,31,646.0,458.0,41.4
2025-04-18 16:00:00,40.8,17,0.0,5.5,14,462.0,298.0,40.4
2025-04-18 17:00:00,40.6,15,0.0,5.4,49,254.0,139.0,39.5
2025-04-18 18:00:00,37.3,22,0.0,15.4,50,69.0,19.0,35.6
2025-04-18 19:00:00,33.1,39,0.0,15.9,59,2.0,0.0,33.4
2025-04-18 20:00:00,32.9,40,0.0,12.3,31,0.0,0.0,33.8
2025-04-18 21:00:00,32.4,41,0.0,9.6,92,0.0,0.0,33.7
2025-04-18 22:00:00,32.0,42,0.0,11.4,17,0.0,0.0,32.9
2025-04-18 23:00:00,30.9,45,0.0,10.1,26,0.0,0.0,32.1
2025-04-19 00:00:00,30.2,47,0.0,9.6,19,0.0,0.0,31.5
2025-04-19 01:00:00,29.4,49,0.0,8.1,5,0.0,0.0,30.9
2025-04-19 02:00:00,28.9,50,0.0,9.9,0,0.0,0.0,30.1
2025-04-19 03:00:00,28.5,52,0.0,11.0,0,0.0,0.0,29.6
2025-04-19 04:00:00,28.2,54,0.0,11.5,0,0.0,0.0,29.4
2025-04-19 05:00:00,27.7,58,0.0,11.5,0,0.0,0.0,29.2
2025-04-19 06:00:00,27.4,64,0.0,12.9,0,14.0,2.0,29.3
2025-04-19 07:00:00,28.2,62,0.0,10.8,0,136.0,55.0,30.7
2025-04-19 08:00:00,30.0,57,0.0,11.1,0,331.0,196.0,32.5
2025-04-19 09:00:00,32.2,50,0.0,11.1,0,533.0,364.0,34.6
2025-04-19 10:00:00,34.3,43,0.0,12.9,0,706.0,513.0,37.0
2025-04-19 11:00:00,36.3,34,0.0,12.0,5,829.0,621.0,39.0
2025-04-19 12:00:00,38.0,26,0.0,11.1,27,876.0,659.0,40.0
2025-04-19 13:00:00,39.1,20,0.0,10.7,23,821.0,601.0,39.7
2025-04-19 14:00:00,39.6,17,0.0,11.1,10,703.0,469.0,38.8
2025-04-19 15:00:00,39.8,16,0.0,10.5,45,567.0,368.0,38.0
2025-04-19 16:00:00,39.9,15,0.0,10.1,40,372.0,196.0,37.9
2025-04-19 17:00:00,38.6,15,0.0,8.3,29,219.0,108.0,36.7
2025-04-19 18:00:00,32.7,38,0.0,19.7,2,86.0,28.0,32.1
2025-04-19 19:00:00,32.5,39,0.0,16.4,0,3.0,0.0,32.4
2025-04-19 20:00:00,31.4,40,0.0,13.5,0,0.0,0.0,31.4
2025-04-19 21:00:00,30.8,43,0.0,13.5,0,0.0,0.0,31.2
2025-04-19 22:00:00,29.8,48,0.0,14.5,0,0.0,0.0,30.4
2025-04-19 23:00:00,29.3,51,0.0,13.4,0,0.0,0.0,30.2
2025-04-20 00:00:00,28.8,52,0.0,12.8,0,0.0,0.0,29.9
2025-04-20 01:00:00,28.3,54,0.0,12.2,0,0.0,0.0,29.4
2025-04-20 02:00:00,28.1,55,0.0,11.7,0,0.0,0.0,29.3
2025-04-20 03:00:00,27.9,56,0.0,12.0,0,0.0,0.0,29.1
2025-04-20 04:00:00,27.4,58,0.0,12.2,0,0.0,0.0,28.8
2025-04-20 05:00:00,27.0,60,0.0,12.7,0,0.0,0.0,28.4
2025-04-20 06:00:00,27.3,65,0.0,10.0,0,15.0,2.0,29.7
2025-04-20 07:00:00,28.4,61,0.0,10.7,0,140.0,57.0,30.7
2025-04-20 08:00:00,30.5,54,0.0,8.4,0,337.0,201.0,33.1
2025-04-20 09:00:00,33.2,42,0.0,7.2,0,541.0,369.0,35.3
2025-04-20 10:00:00,35.9,32,0.0,7.2,0,714.0,519.0,38.0
2025-04-20 11:00:00,37.9,24,0.0,7.4,30,830.0,618.0,39.8
2025-04-20 12:00:00,38.9,18,0.0,6.4,24,751.0,505.0,39.3
2025-04-20 13:00:00,39.4,17,0.0,7.5,22,765.0,531.0,39.5
2025-04-20 14:00:00,40.0,15,0.0,6.5,16,735.0,514.0,39.9
2025-04-20 15:00:00,39.3,16,0.0,7.7,14,597.0,411.0,38.0
2025-04-20 16:00:00,36.0,30,0.0,17.4,29,415.0,253.0,35.4
2025-04-20 17:00:00,35.6,27,0.0,15.4,10,252.0,135.0,34.4
2025-04-20 18:00:00,38.8,14,0.0,7.2,3,86.0,27.0,36.8
2025-04-20 19:00:00,35.9,17,0.0,3.6,0,3.0,0.0,34.6
2025-04-20 20:00:00,34.4,24,0.0,9.0,0,0.0,0.0,33.2
2025-04-20 21:00:00,33.0,30,0.0,8.0,0,0.0,0.0,32.9
2025-04-20 22:00:00,32.0,35,0.0,9.2,2,0.0,0.0,32.1
2025-04-20 23:00:00,31.2,37,0.0,5.4,7,0.0,0.0,32.0
2025-04-21 00:00:00,30.0,41,0.0,3.1,0,0.0,0.0,31.3
2025-04-21 01:00:00,29.4,41,0.0,3.9,0,0.0,0.0,30.5
2025-04-21 02:00:00,28.8,43,0.0,5.8,0,0.0,0.0,29.6
2025-04-21 03:00:00,28.0,46,0.0,4.9,0,0.0,0.0,29.0
2025-04-21 04:00:00,27.3,48,0.0,4.9,0,0.0,0.0,28.4
2025-04-21 05:00:00,26.3,52,0.0,3.4,0,0.0,0.0,27.8
2025-04-21 06:00:00,29.1,54,0.0,1.3,0,16.0,2.0,32.2
2025-04-21 07:00:00,30.3,46,0.0,4.6,0,141.0,57.0,32.2
2025-04-21 08:00:00,31.9,38,0.0,5.1,0,339.0,200.0,33.0
2025-04-21 09:00:00,34.1,30,0.0,4.2,0,544.0,369.0,34.7
2025-04-21 10:00:00,36.6,20,0.0,5.2,0,720.0,520.0,36.9
2025-04-21 11:00:00,38.5,14,0.0,6.7,0,845.0,629.0,38.3
2025-04-21 12:00:00,39.6,10,0.0,8.6,0,885.0,657.0,38.7
2025-04-21 13:00:00,40.3,8,0.0,9.8,40,912.0,690.0,38.9
2025-04-21 14:00:00,40.4,7,0.0,10.2,98,826.0,605.0,38.0
2025-04-21 15:00:00,40.2,6,0.0,9.6,98,665.0,434.0,36.8
2025-04-21 16:00:00,39.8,6,0.0,8.2,49,467.0,260.0,35.8
2025-04-21 17:00:00,39.3,6,0.0,8.3,68,279.0,145.0,35.2
2025-04-21 18:00:00,37.7,6,0.0,7.3,57,90.0,25.0,33.8
2025-04-21 19:00:00,36.0,5,0.0,11.3,51,3.0,0.0,31.2
2025-04-21 20:00:00,34.4,6,0.0,11.9,8,0.0,0.0,29.5
2025-04-21 21:00:00,32.8,8,0.0,9.4,5,0.0,0.0,28.5
2025-04-21 22:00:00,31.6,9,0.0,8.9,0,0.0,0.0,27.4
2025-04-21 23:00:00,30.3,9,0.0,7.1,0,0.0,0.0,26.3
2025-04-22 00:00:00,29.3,9,0.0,6.2,0,0.0,0.0,25.5
2025-04-22 01:00:00,28.6,10,0.0,7.0,0,0.0,0.0,24.6
2025-04-22 02:00:00,27.4,11,0.0,8.2,0,0.0,0.0,23.3
2025-04-22 03:00:00,26.2,13,0.0,6.8,0,0.0,0.0,22.5
2025-04-22 04:00:00,25.0,14,0.0,5.7,0,0.0,0.0,21.4
2025-04-22 05:00:00,24.6,15,0.0,8.2,0,0.0,0.0,20.7
2025-04-22 06:00:00,25.4,19,0.0,8.3,0,18.0,3.0,22.0
2025-04-22 07:00:00,26.9,17,0.0,9.6,0,152.0,63.0,23.3
2025-04-22 08:00:00,30.1,15,0.0,8.0,0,360.0,214.0,26.8
2025-04-22 09:00:00,33.5,13,0.0,9.0,0,574.0,391.0,30.3
2025-04-22 10:00:00,36.2,11,0.0,9.7,0,757.0,547.0,34.0
2025-04-22 11:00:00,38.1,6,0.0,11.5,0,886.0,660.0,35.5
2025-04-22 12:00:00,38.8,6,0.0,11.4,0,949.0,715.0,36.5
2025-04-22 13:00:00,39.3,5,0.0,11.2,0,936.0,704.0,36.9
2025-04-22 14:00:00,39.5,6,0.0,11.0,0,851.0,630.0,36.8
2025-04-22 15:00:00,39.2,7,0.0,11.7,0,700.0,499.0,35.8
2025-04-22 16:00:00,38.7,7,0.0,12.2,0,503.0,331.0,34.4
2025-04-22 17:00:00,37.8,7,0.0,11.8,0,287.0,157.0,33.4
2025-04-22 18:00:00,36.4,7,0.0,7.0,0,96.0,31.0,32.6
2025-04-22 19:00:00,34.2,9,0.0,4.6,0,3.0,0.0,30.8
2025-04-22 20:00:00,33.3,9,0.0,5.8,0,0.0,0.0,29.8
2025-04-22 21:00:00,32.7,10,0.0,9.6,0,0.0,0.0,28.7
2025-04-22 22:00:00,31.1,10,0.0,9.0,0,0.0,0.0,27.1
2025-04-22 23:00:00,29.6,10,0.0,8.1,0,0.0,0.0,25.5
2025-04-23 00:00:00,28.5,10,0.0,7.0,0,0.0,0.0,24.5
2025-04-23 01:00:00,27.3,11,0.0,6.7,0,0.0,0.0,23.4
2025-04-23 02:00:00,26.2,12,0.0,6.7,0,0.0,0.0,22.4
2025-04-23 03:00:00,25.1,14,0.0,5.9,0,0.0,0.0,21.5
2025-04-23 04:00:00,24.4,15,0.0,5.8,0,0.0,0.0,20.9
2025-04-23 05:00:00,23.8,16,0.0,5.4,0,0.0,0.0,20.4
2025-04-23 06:00:00,24.9,21,0.0,4.5,0,19.0,3.0,22.2
2025-04-23 07:00:00,26.9,20,0.0,6.4,0,155.0,64.0,24.1
2025-04-23 08:00:00,29.7,18,0.0,7.4,0,362.0,214.0,27.0
2025-04-23 09:00:00,32.6,17,0.0,7.9,0,573.0,388.0,30.2
2025-04-23 10:00:00,35.6,15,0.0,8.3,0,752.0,542.0,34.3
2025-04-23 11:00:00,37.6,9,0.0,11.4,0,879.0,652.0,35.5
2025-04-23 12:00:00,38.6,7,0.0,13.1,0,939.0,705.0,36.2
2025-04-23 13:00:00,39.1,6,0.0,13.7,0,927.0,695.0,36.4
2025-04-23 14:00:00,39.2,7,0.0,13.5,0,843.0,621.0,36.2
2025-04-23 15:00:00,39.0,7,0.0,13.0,0,696.0,494.0,35.3
2025-04-23 16:00:00,38.6,7,0.0,12.2,0,503.0,330.0,34.2
2025-04-23 17:00:00,37.8,7,0.0,11.4,0,288.0,157.0,33.4
2025-04-23 18:00:00,36.5,8,0.0,8.6,0,96.0,31.0,32.6
2025-04-23 19:00:00,34.5,9,0.0,5.3,0,4.0,0.0,31.2
2025-04-23 20:00:00,33.6,10,0.0,5.9,0,0.0,0.0,30.2
2025-04-23 21:00:00,32.7,10,0.0,7.8,0,0.0,0.0,29.1
2025-04-23 22:00:00,32.0,10,0.0,8.6,0,0.0,0.0,28.1
2025-04-23 23:00:00,29.9,11,0.0,6.5,0,0.0,0.0,26.3
2025-04-24 00:00:00,29.0,12,0.0,6.5,0,0.0,0.0,25.3
2025-04-24 01:00:00,27.3,13,0.0,4.5,0,0.0,0.0,24.0
2025-04-24 02:00:00,26.6,14,0.0,4.9,0,0.0,0.0,23.3
2025-04-24 03:00:00,26.2,14,0.0,4.9,0,0.0,0.0,22.9
2025-04-24 04:00:00,25.6,14,0.0,6.7,0,0.0,0.0,21.9
2025-04-24 05:00:00,24.4,15,0.0,6.6,0,0.0,0.0,20.8
2025-04-24 06:00:00,25.2,18,0.0,6.1,0,20.0,3.0,22.1
2025-04-24 07:00:00,27.0,17,0.0,7.2,0,156.0,64.0,23.8
2025-04-24 08:00:00,29.9,14,0.0,6.1,0,362.0,214.0,26.8
2025-04-24 09:00:00,33.0,11,0.0,6.0,0,573.0,387.0,30.0
2025-04-24 10:00:00,36.3,10,0.0,5.1,0,751.0,540.0,34.6
2025-04-24 11:00:00,38.4,7,0.0,5.4,0,877.0,649.0,37.1
2025-04-24 12:00:00,39.7,6,0.0,6.8,0,936.0,700.0,38.2
2025-04-24 13:00:00,40.4,5,0.0,11.4,0,922.0,689.0,37.9
2025-04-24 14:00:00,40.3,5,0.0,15.3,0,838.0,616.0,36.6
2025-04-24 15:00:00,39.9,5,0.0,14.1,0,692.0,489.0,35.7
2025-04-24 16:00:00,39.5,5,0.0,11.4,0,500.0,326.0,34.9
2025-04-24 17:00:00,38.7,5,0.0,12.8,0,287.0,156.0,33.9
2025-04-24 18:00:00,37.7,7,0.0,7.6,0,95.0,30.0,33.8
2025-04-24 19:00:00,35.6,10,0.0,2.1,0,4.0,0.0,33.0
2025-04-24 20:00:00,33.9,15,0.0,0.4,0,0.0,0.0,32.4
2025-04-24 21:00:00,32.4,11,0.0,5.4,0,0.0,0.0,29.1
2025-04-24 22:00:00,31.4,16,0.0,1.0,0,0.0,0.0,29.5
2025-04-24 23:00:00,29.8,14,0.0,9.1,0,0.0,0.0,26.2
2025-04-25 00:00:00,29.4,14,0.0,6.7,0,0.0,0.0,26.2
2025-04-25 01:00:00,29.3,13,0.0,6.7,0,0.0,0.0,25.9
2025-04-25 02:00:00,28.1,15,0.0,0.6,0,0.0,0.0,25.7
2025-04-25 03:00:00,27.0,20,0.0,1.1,0,0.0,0.0,25.0
2025-04-25 04:00:00,25.6,20,0.0,3.8,0,0.0,0.0,23.0
2025-04-25 05:00:00,25.3,21,0.0,5.9,0,0.0,0.0,22.5
2025-04-25 06:00:00,26.4,24,0.0,5.6,0,20.0,3.0,24.2
2025-04-25 07:00:00,29.0,20,0.0,7.5,0,155.0,63.0,26.4
2025-04-25 08:00:00,31.4,16,0.0,6.8,0,360.0,211.0,28.7
2025-04-25 09:00:00,34.9,12,0.0,4.6,0,571.0,384.0,32.5
2025-04-25 10:00:00,37.3,10,0.0,5.4,0,751.0,536.0,35.7
2025-04-25 11:00:00,39.7,7,0.0,5.5,0,876.0,645.0,38.3
2025-04-25 12:00:00,41.0,4,0.0,7.9,0,935.0,696.0,39.1
2025-04-25 13:00:00,41.6,5,0.0,10.6,0,918.0,682.0,39.1
2025-04-25 14:00:00,41.4,5,0.0,13.3,2,838.0,616.0,38.1
2025-04-25 15:00:00,41.0,6,0.0,14.3,8,684.0,476.0,36.9
2025-04-25 16:00:00,40.2,6,0.0,13.0,11,448.0,264.0,35.6
2025-04-25 17:00:00,39.8,6,0.0,13.1,4,279.0,145.0,35.1
2025-04-25 18:00:00,38.5,6,0.0,9.9,2,95.0,29.0,34.2
2025-04-25 19:00:00,35.9,11,0.0,8.8,0,4.0,0.0,32.6
2025-04-25 20:00:00,33.9,15,0.0,1.8,0,0.0,0.0,32.2
2025-04-25 21:00:00,32.7,18,0.0,1.0,0,0.0,0.0,31.3
2025-04-25 22:00:00,32.2,23,0.0,0.9,0,0.0,0.0,31.7
2025-04-25 23:00:00,31.0,16,0.0,5.5,0,0.0,0.0,28.4
2025-04-26 00:00:00,31.8,13,0.0,8.1,0,0.0,0.0,28.4
2025-04-26 01:00:00,30.7,12,0.0,6.7,0,0.0,0.0,27.3
2025-04-26 02:00:00,29.6,13,0.0,6.8,51,0.0,0.0,26.2
2025-04-26 03:00:00,29.1,15,0.0,1.9,2,0.0,0.0,26.7
2025-04-26 04:00:00,27.7,15,0.0,6.5,9,0.0,0.0,24.4
2025-04-26 05:00:00,26.0,18,0.0,4.4,55,0.0,0.0,23.2
2025-04-26 06:00:00,26.8,28,0.0,2.2,36,21.0,3.0,25.6
2025-04-26 07:00:00,28.9,23,0.0,5.1,0,155.0,62.0,27.2
2025-04-26 08:00:00,33.2,17,0.0,3.7,20,359.0,209.0,31.4
2025-04-26 09:00:00,37.0,11,0.0,4.4,14,562.0,372.0,34.6
2025-04-26 10:00:00,39.2,7,0.0,5.0,15,736.0,519.0,37.2
2025-04-26 11:00:00,40.4,6,0.0,5.8,79,830.0,591.0,38.7
2025-04-26 12:00:00,41.5,5,0.0,7.7,38,901.0,652.0,39.7
2025-04-26 13:00:00,41.4,7,0.0,13.4,92,867.0,603.0,38.9
2025-04-26 14:00:00,38.6,10,0.0,17.9,100,517.0,197.0,34.0
2025-04-26 15:00:00,39.5,8,0.0,11.4,71,444.0,175.0,35.6
2025-04-26 16:00:00,39.5,8,0.0,15.0,39,412.0,201.0,35.2
2025-04-26 17:00:00,38.6,8,0.0,18.8,20,276.0,138.0,33.6
2025-04-26 18:00:00,37.1,10,0.0,14.3,98,89.0,23.0,32.9
2025-04-26 19:00:00,35.9,11,0.0,11.2,95,4.0,0.0,32.1
2025-04-26 20:00:00,34.7,12,0.0,7.4,97,0.0,0.0,31.6
2025-04-26 21:00:00,33.4,14,0.0,5.5,100,0.0,0.0,30.8
2025-04-26 22:00:00,32.2,16,0.0,6.2,100,0.0,0.0,29.7
2025-04-26 23:00:00,31.5,17,0.0,5.8,100,0.0,0.0,29.1
2025-04-27 00:00:00,31.1,18,0.0,6.8,100,0.0,0.0,28.6
2025-04-27 01:00:00,30.5,19,0.0,6.8,89,0.0,0.0,28.1
2025-04-27 02:00:00,29.7,20,0.0,7.2,54,0.0,0.0,27.3
2025-04-27 03:00:00,29.1,19,0.0,5.9,33,0.0,0.0,26.7
2025-04-27 04:00:00,28.6,19,0.0,5.7,95,0.0,0.0,26.1
2025-04-27 05:00:00,28.3,19,0.0,5.9,98,0.0,0.0,25.7
2025-04-27 06:00:00,29.4,25,0.0,3.7,47,17.0,2.0,28.1
2025-04-27 07:00:00,30.5,24,0.0,4.9,6,126.0,33.0,29.1
2025-04-27 08:00:00,32.9,20,0.0,4.8,9,340.0,185.0,31.4
2025-04-27 09:00:00,35.1,14,0.0,2.8,0,553.0,360.0,33.2
2025-04-27 10:00:00,37.1,11,0.0,2.4,0,713.0,482.0,36.0
2025-04-27 11:00:00,38.5,10,0.0,3.1,6,844.0,607.0,38.1
2025-04-27 12:00:00,39.8,8,0.0,3.6,18,867.0,622.0,39.0
2025-04-27 13:00:00,40.6,7,0.0,5.2,19,882.0,633.0,39.4
2025-04-27 14:00:00,40.8,7,0.0,6.5,2,771.0,515.0,38.7
2025-04-27 15:00:00,40.8,7,0.0,4.0,9,634.0,407.0,38.3
2025-04-27 16:00:00,40.5,7,0.0,4.9,7,462.0,278.0,37.4
2025-04-27 17:00:00,39.2,7,0.0,11.2,12,262.0,125.0,35.1
2025-04-27 18:00:00,38.1,7,0.0,4.0,1,96.0,29.0,34.8
2025-04-27 19:00:00,36.2,13,0.0,0.4,0,4.0,0.0,34.5
2025-04-27 20:00:00,35.0,11,0.0,2.7,0,0.0,0.0,32.4
2025-04-27 21:00:00,34.2,10,0.0,9.2,0,0.0,0.0,30.4
2025-04-27 22:00:00,32.1,13,0.0,5.3,0,0.0,0.0,29.2
2025-04-27 23:00:00,30.9,15,0.0,3.7,0,0.0,0.0,28.4
2025-04-28 00:00:00,30.1,16,0.0,2.4,0,0.0,0.0,27.9
2025-04-28 01:00:00,28.9,17,0.0,4.6,0,0.0,0.0,26.3
2025-04-28 02:00:00,28.5,19,0.0,2.0,0,0.0,0.0,26.4
2025-04-28 03:00:00,27.9,18,0.0,5.5,0,0.0,0.0,25.2
2025-04-28 04:00:00,26.5,21,0.0,3.8,0,0.0,0.0,24.2
2025-04-28 05:00:00,26.5,22,0.0,0.8,0,0.0,0.0,24.8
2025-04-28 06:00:00,27.9,27,0.0,5.4,0,23.0,4.0,26.4
2025-04-28 07:00:00,28.9,26,0.0,8.3,0,156.0,61.0,27.0
2025-04-28 08:00:00,30.6,24,0.0,9.5,0,354.0,203.0,28.5
2025-04-28 09:00:00,33.3,20,0.0,8.5,0,557.0,367.0,31.4
2025-04-28 10:00:00,35.7,17,0.0,7.7,0,729.0,513.0,34.9
2025-04-28 11:00:00,37.6,15,0.0,7.1,0,849.0,617.0,37.5
2025-04-28 12:00:00,39.2,13,0.0,5.3,10,905.0,665.0,39.5
2025-04-28 13:00:00,40.0,11,0.0,4.4,2,840.0,592.0,39.8
2025-04-28 14:00:00,40.7,9,0.0,2.4,32,808.0,579.0,40.2
2025-04-28 15:00:00,41.1,8,0.0,4.4,80,655.0,431.0,39.1
2025-04-28 16:00:00,40.0,9,0.0,13.0,100,388.0,179.0,36.2
2025-04-28 17:00:00,37.2,15,0.0,16.4,38,209.0,61.0,33.8
2025-04-28 18:00:00,35.3,19,0.0,17.3,4,94.0,27.0,32.3
2025-04-28 19:00:00,33.6,23,0.0,13.4,0,5.0,0.0,31.5
2025-04-28 20:00:00,32.3,27,0.0,8.6,0,0.0,0.0,31.4
2025-04-28 21:00:00,31.4,30,0.0,10.3,0,0.0,0.0,30.3
2025-04-28 22:00:00,30.4,32,0.0,13.5,0,0.0,0.0,29.0
2025-04-28 23:00:00,29.6,33,0.0,11.9,0,0.0,0.0,28.2
2025-04-29 00:00:00,28.8,33,0.0,10.8,0,0.0,0.0,27.4
2025-04-29 01:00:00,28.0,34,0.0,11.9,0,0.0,0.0,26.4
2025-04-29 02:00:00,27.4,35,0.0,13.1,0,0.0,0.0,25.7
2025-04-29 03:00:00,26.7,37,0.0,13.9,0,0.0,0.0,24.9
2025-04-29 04:00:00,25.9,40,0.0,13.5,0,0.0,0.0,24.3
2025-04-29 05:00:00,25.0,45,0.0,12.6,0,0.0,0.0,23.9
2025-04-29 06:00:00,25.1,59,0.0,12.3,0,23.0,4.0,25.5
2025-04-29 07:00:00,25.9,58,0.0,14.2,0,153.0,59.0,26.3
2025-04-29 08:00:00,27.5,53,0.0,15.0,0,346.0,195.0,27.8
2025-04-29 09:00:00,29.8,45,0.0,14.9,0,544.0,354.0,29.8
2025-04-29 10:00:00,32.1,38,0.0,14.0,0,712.0,496.0,32.9
2025-04-29 11:00:00,34.0,32,0.0,12.6,0,830.0,597.0,35.4
2025-04-29 12:00:00,35.5,29,0.0,10.7,0,884.0,645.0,37.3
2025-04-29 13:00:00,36.6,26,0.0,8.7,0,871.0,634.0,38.5
2025-04-29 14:00:00,37.2,24,0.0,6.5,9,791.0,565.0,38.7
2025-04-29 15:00:00,37.5,22,0.0,3.9,17,645.0,438.0,38.1
2025-04-29 16:00:00,37.3,20,0.0,5.4,5,408.0,240.0,36.6
2025-04-29 17:00:00,36.9,19,0.0,7.1,17,258.0,129.0,35.7
2025-04-29 18:00:00,35.4,22,0.0,4.8,1,93.0,27.0,34.8
2025-04-29 19:00:00,34.4,25,0.0,8.4,0,5.0,0.0,33.5
2025-04-29 20:00:00,32.8,30,0.0,10.8,0,0.0,0.0,32.0
2025-04-29 21:00:00,31.9,32,0.0,8.1,0,0.0,0.0,31.6
2025-04-29 22:00:00,30.8,35,0.0,9.5,0,0.0,0.0,30.5
2025-04-29 23:00:00,29.9,39,0.0,8.6,0,0.0,0.0,30.1
2025-04-30 00:00:00,29.1,41,0.0,7.7,0,0.0,0.0,29.5
2025-04-30 01:00:00,28.3,43,0.0,7.7,0,0.0,0.0,28.7
2025-04-30 02:00:00,27.8,45,0.0,9.1,0,0.0,0.0,28.0
2025-04-30 03:00:00,27.4,46,0.0,9.0,0,0.0,0.0,27.6
2025-04-30 04:00:00,26.9,48,0.0,9.9,0,0.0,0.0,27.0
2025-04-30 05:00:00,26.3,50,0.0,9.4,0,0.0,0.0,26.5
2025-04-30 06:00:00,26.7,54,0.0,9.0,0,24.0,4.0,27.7
2025-04-30 07:00:00,27.5,53,0.0,9.9,0,153.0,58.0,28.6
2025-04-30 08:00:00,29.1,50,0.0,10.7,0,342.0,191.0,30.3
2025-04-30 09:00:00,31.2,45,0.0,11.8,0,537.0,346.0,32.3
2025-04-30 10:00:00,33.2,38,0.0,11.0,0,702.0,484.0,35.0
2025-04-30 11:00:00,34.8,32,0.0,8.8,23,816.0,580.0,37.1
2025-04-30 12:00:00,35.8,28,0.0,7.4,15,813.0,559.0,37.7
2025-04-30 13:00:00,36.5,26,0.0,6.7,30,803.0,546.0,38.2
2025-04-30 14:00:00,36.8,24,0.0,5.5,50,739.0,492.0,38.0
2025-04-30 15:00:00,36.4,24,0.0,4.1,96,473.0,245.0,36.5
2025-04-30 16:00:00,35.3,26,0.0,8.9,98,266.0,62.0,34.9
2025-04-30 17:00:00,34.7,27,0.0,12.3,92,211.0,63.0,33.9
2025-04-30 18:00:00,34.6,25,0.0,10.6,75,84.0,16.0,33.5
2025-04-30 19:00:00,33.6,26,0.0,10.5,46,5.0,0.0,32.5
2025-04-30 20:00:00,32.6,28,0.0,7.4,4,0.0,0.0,32.0
2025-04-30 21:00:00,31.8,29,0.0,8.3,2,0.0,0.0,31.1
2025-04-30 22:00:00,30.9,33,0.0,11.3,0,0.0,0.0,30.0
2025-04-30 23:00:00,29.6,39,0.0,10.9,0,0.0,0.0,29.3
2025-05-01 00:00:00,28.6,42,0.0,10.8,0,0.0,0.0,28.5
2025-05-01 01:00:00,28.0,44,0.0,10.9,0,0.0,0.0,27.8
2025-05-01 02:00:00,27.4,45,0.0,11.9,0,0.0,0.0,27.2
2025-05-01 03:00:00,26.9,47,0.0,11.9,0,0.0,0.0,26.7
2025-05-01 04:00:00,26.4,49,0.0,12.0,0,0.0,0.0,26.3
2025-05-01 05:00:00,25.9,51,0.0,12.1,0,0.0,0.0,25.8
2025-05-01 06:00:00,27.4,61,0.0,8.2,0,24.0,4.0,29.6
2025-05-01 07:00:00,28.4,58,0.0,10.4,0,153.0,58.0,30.4
2025-05-01 08:00:00,30.0,53,0.0,13.0,0,342.0,189.0,31.5
2025-05-01 09:00:00,32.0,45,0.0,12.7,0,536.0,343.0,33.2
2025-05-01 10:00:00,34.0,36,0.0,12.8,5,702.0,482.0,35.3
2025-05-01 11:00:00,35.4,29,0.0,10.3,47,779.0,531.0,36.8
2025-05-01 12:00:00,36.2,26,0.0,7.9,60,764.0,485.0,37.5
2025-05-01 13:00:00,36.6,25,0.0,6.8,14,689.0,367.0,37.5
2025-05-01 14:00:00,37.6,19,0.0,2.2,100,737.0,471.0,38.5
2025-05-01 15:00:00,36.3,19,0.0,5.4,100,242.0,25.0,35.1
2025-05-01 16:00:00,36.5,20,0.0,8.9,57,331.0,113.0,35.1
2025-05-01 17:00:00,35.4,23,0.0,11.3,77,263.0,125.0,34.0
2025-05-01 18:00:00,35.4,22,0.0,6.6,100,82.0,10.0,34.6
2025-05-01 19:00:00,34.2,24,0.0,8.3,99,3.0,0.0,33.2
2025-05-01 20:00:00,33.0,26,0.0,9.5,98,0.0,0.0,31.9
2025-05-01 21:00:00,32.0,28,0.0,9.9,85,0.0,0.0,30.9
2025-05-01 22:00:00,30.2,37,0.0,13.5,5,0.0,0.0,29.4
2025-05-01 23:00:00,28.9,45,0.0,14.7,20,0.0,0.0,28.6
2025-05-02 00:00:00,28.4,46,0.0,13.3,78,0.0,0.0,28.3
2025-05-02 01:00:00,27.9,47,0.0,12.7,56,0.0,0.0,27.9
2025-05-02 02:00:00,27.5,48,0.0,12.0,20,0.0,0.0,27.6
2025-05-02 03:00:00,26.9,50,0.0,12.1,0,0.0,0.0,27.0
2025-05-02 04:00:00,26.5,50,0.0,12.7,4,0.0,0.0,26.4
2025-05-02 05:00:00,26.0,52,0.0,11.9,40,0.0,0.0,26.1
2025-05-02 06:00:00,22.5,93,3.2,5.3,100,8.0,0.0,26.3
2025-05-02 07:00:00,22.5,94,3.5,4.9,100,20.0,0.0,26.3
2025-05-02 08:00:00,22.2,95,2.2,10.8,100,37.0,0.0,25.2
2025-05-02 09:00:00,21.7,95,2.2,11.3,100,27.0,0.0,24.3
2025-05-02 10:00:00,22.7,90,1.2,10.1,100,142.0,10.0,25.5
2025-05-02 11:00:00,24.0,82,0.1,9.7,100,392.0,70.0,26.8
2025-05-02 12:00:00,25.6,73,0.0,9.4,100,568.0,161.0,28.3
2025-05-02 13:00:00,26.6,68,0.0,10.3,98,608.0,209.0,29.4
2025-05-02 14:00:00,27.7,64,0.0,9.0,38,663.0,343.0,31.0
2025-05-02 15:00:00,28.2,63,0.0,7.8,58,610.0,367.0,31.5
2025-05-02 16:00:00,28.3,61,0.0,5.9,70,419.0,217.0,31.3
2025-05-02 17:00:00,28.2,61,0.0,6.3,72,252.0,109.0,31.0
2025-05-02 18:00:00,28.6,53,0.0,5.7,82,91.0,23.0,30.6
2025-05-02 19:00:00,28.1,55,0.0,3.7,44,5.0,0.0,30.5
2025-05-02 20:00:00,27.9,56,0.0,4.6,65,0.0,0.0,30.2
2025-05-02 21:00:00,27.7,56,0.0,4.9,10,0.0,0.0,30.0
2025-05-02 22:00:00,27.3,58,0.0,3.9,98,0.0,0.0,29.8
2025-05-02 23:00:00,26.8,61,0.0,3.3,68,0.0,0.0,29.4
2025-05-03 00:00:00,26.1,64,0.0,2.5,89,0.0,0.0,28.9
2025-05-03 01:00:00,25.5,66,0.0,5.6,59,0.0,0.0,27.8
2025-05-03 02:00:00,24.9,68,0.0,5.7,79,0.0,0.0,27.2
2025-05-03 03:00:00,24.5,69,0.0,5.9,51,0.0,0.0,26.8
2025-05-03 04:00:00,24.0,72,0.0,2.3,100,0.0,0.0,26.9
2025-05-03 05:00:00,24.0,72,0.0,1.1,69,0.0,0.0,27.0
2025-05-03 06:00:00,24.6,77,0.0,5.4,63,25.0,3.0,27.9
2025-05-03 07:00:00,25.5,73,0.0,8.5,19,105.0,24.0,28.2
2025-05-03 08:00:00,27.9,59,0.0,4.8,58,346.0,183.0,30.7
2025-05-03 09:00:00,29.8,50,0.0,9.1,20,465.0,250.0,31.5
2025-05-03 10:00:00,32.0,40,0.0,3.5,64,690.0,454.0,34.7
2025-05-03 11:00:00,32.3,34,0.0,4.7,44,626.0,339.0,33.6
2025-05-03 12:00:00,33.9,31,0.0,7.4,15,727.0,430.0,35.3
2025-05-03 13:00:00,35.4,29,0.0,4.8,28,842.0,580.0,38.1
2025-05-03 14:00:00,28.4,56,3.4,2.9,98,686.0,425.0,32.1
2025-05-03 15:00:00,29.6,48,0.0,3.1,98,316.0,77.0,31.8
2025-05-03 16:00:00,30.5,45,0.0,6.9,93,382.0,149.0,32.0
2025-05-03 17:00:00,30.3,45,0.0,4.1,100,240.0,88.0,32.1
2025-05-03 18:00:00,28.4,49,0.0,12.3,67,66.0,11.0,29.0
2025-05-03 19:00:00,28.8,49,0.0,7.1,100,5.0,0.0,30.2
2025-05-03 20:00:00,28.9,48,0.0,5.1,80,0.0,0.0,30.5
2025-05-03 21:00:00,28.5,49,0.0,4.0,100,0.0,0.0,30.3
2025-05-03 22:00:00,28.1,50,0.0,3.6,100,0.0,0.0,29.9
2025-05-03 23:00:00,27.6,51,0.0,6.0,100,0.0,0.0,29.0
2025-05-04 00:00:00,27.1,52,0.0,5.5,100,0.0,0.0,28.5
2025-05-04 01:00:00,26.8,53,0.0,3.4,51,0.0,0.0,28.5
2025-05-04 02:00:00,26.2,55,0.0,4.0,65,0.0,0.0,27.9
2025-05-04 03:00:00,25.6,58,0.0,6.0,100,0.0,0.0,27.0
2025-05-04 04:00:00,24.9,62,0.0,6.1,100,0.0,0.0,26.5
2025-05-04 05:00:00,24.4,64,0.0,6.3,100,0.0,0.0,26.0
2025-05-04 06:00:00,27.4,64,0.0,3.1,99,25.0,2.0,30.8
2025-05-04 07:00:00,28.1,65,0.0,3.4,85,137.0,28.0,31.9
2025-05-04 08:00:00,30.0,59,0.0,3.6,98,327.0,159.0,33.9
2025-05-04 09:00:00,32.1,49,0.0,5.4,91,522.0,321.0,35.1
2025-05-04 10:00:00,34.0,39,0.0,4.7,77,678.0,436.0,37.0
2025-05-04 11:00:00,34.8,35,0.0,2.4,74,797.0,538.0,38.5
2025-05-04 12:00:00,32.0,41,0.0,7.8,94,657.0,326.0,33.9
2025-05-04 13:00:00,32.3,40,0.4,11.5,96,602.0,302.0,33.3
2025-05-04 14:00:00,31.1,49,1.6,0.8,99,470.0,146.0,34.4
2025-05-04 15:00:00,31.5,45,0.0,4.9,100,321.0,56.0,33.6
2025-05-04 16:00:00,32.5,41,0.0,4.0,100,353.0,112.0,34.5
2025-05-04 17:00:00,32.3,41,0.0,6.6,100,216.0,52.0,34.0
2025-05-04 18:00:00,32.7,36,0.0,10.3,100,84.0,15.0,33.1
2025-05-04 19:00:00,31.5,40,0.0,5.8,96,6.0,0.0,32.9
2025-05-04 20:00:00,31.0,43,0.0,4.2,100,0.0,0.0,32.7
2025-05-04 21:00:00,30.7,45,0.0,1.0,95,0.0,0.0,33.1
2025-05-04 22:00:00,30.2,46,0.0,3.6,100,0.0,0.0,32.2
2025-05-04 23:00:00,29.1,52,0.0,6.0,91,0.0,0.0,31.3
2025-05-05 00:00:00,27.8,62,0.0,7.4,5,0.0,0.0,30.5
2025-05-05 01:00:00,26.8,68,0.0,7.4,0,0.0,0.0,29.8
2025-05-05 02:00:00,26.1,72,0.0,8.7,87,0.0,0.0,29.0
2025-05-05 03:00:00,25.7,73,0.0,7.9,100,0.0,0.0,28.6
2025-05-05 04:00:00,25.3,74,0.0,6.1,99,0.0,0.0,28.5
2025-05-05 05:00:00,25.0,74,0.0,6.4,65,0.0,0.0,27.9
2025-05-05 06:00:00,24.2,71,0.0,8.0,99,24.0,2.0,26.1
2025-05-05 07:00:00,25.4,65,0.0,9.8,100,151.0,48.0,27.0
2025-05-05 08:00:00,27.0,60,0.0,10.5,100,303.0,110.0,28.5
2025-05-05 09:00:00,29.0,53,0.0,11.1,100,479.0,228.0,30.5
2025-05-05 10:00:00,31.2,45,0.0,9.7,100,627.0,329.0,33.1
2025-05-05 11:00:00,32.8,39,0.0,8.6,99,708.0,396.0,35.0
2025-05-05 12:00:00,33.8,34,0.0,6.9,100,765.0,406.0,36.1
2025-05-05 13:00:00,35.0,30,0.0,4.0,100,696.0,306.0,36.9
2025-05-05 14:00:00,35.6,28,0.0,2.7,100,652.0,308.0,37.3
2025-05-05 15:00:00,33.0,36,0.1,12.7,100,498.0,239.0,33.2
2025-05-05 16:00:00,32.9,37,0.0,10.1,100,370.0,151.0,33.5
2025-05-05 17:00:00,32.0,40,0.0,13.4,100,179.0,50.0,32.3
2025-05-05 18:00:00,28.4,60,0.0,7.8,100,82.0,9.0,31.0
2025-05-05 19:00:00,27.0,66,0.0,10.1,100,6.0,0.0,29.3
2025-05-05 20:00:00,25.9,71,0.0,7.8,100,0.0,0.0,28.8
2025-05-05 21:00:00,25.3,75,0.0,8.4,100,0.0,0.0,28.1
2025-05-05 22:00:00,24.7,77,0.0,6.3,100,0.0,0.0,27.9
2025-05-05 23:00:00,24.2,79,0.0,7.1,100,0.0,0.0,27.1
2025-05-06 00:00:00,23.8,80,0.0,6.6,81,0.0,0.0,26.7
2025-05-06 01:00:00,23.4,82,0.0,4.8,25,0.0,0.0,26.6
2025-05-06 02:00:00,23.1,83,0.0,4.0,0,0.0,0.0,26.4
2025-05-06 03:00:00,22.9,83,0.0,4.1,0,0.0,0.0,26.1
2025-05-06 04:00:00,22.6,85,0.0,5.6,12,0.0,0.0,25.6
2025-05-06 05:00:00,22.2,87,0.0,4.2,90,0.0,0.0,25.4
2025-05-06 06:00:00,23.6,81,0.0,5.3,100,28.0,3.0,26.8
2025-05-06 07:00:00,24.9,75,0.0,4.9,99,151.0,48.0,28.1
2025-05-06 08:00:00,26.7,66,0.0,5.8,100,325.0,154.0,29.7
2025-05-06 09:00:00,28.7,57,0.0,7.7,100,518.0,308.0,31.0
2025-05-06 10:00:00,30.4,49,0.0,7.6,100,661.0,402.0,33.1
2025-05-06 11:00:00,31.6,44,0.0,7.2,100,733.0,402.0,34.6
2025-05-06 12:00:00,32.8,40,0.0,8.2,100,790.0,469.0,35.7
2025-05-06 13:00:00,33.5,38,0.0,8.3,100,726.0,429.0,35.9
2025-05-06 14:00:00,34.4,33,0.0,7.6,100,658.0,399.0,36.0
2025-05-06 15:00:00,28.1,59,0.3,19.3,83,263.0,48.0,28.8
2025-05-06 16:00:00,30.3,48,0.1,7.6,77,299.0,116.0,32.1
2025-05-06 17:00:00,30.6,47,0.0,10.2,27,231.0,90.0,31.9
2025-05-06 18:00:00,29.4,52,0.0,8.8,32,88.0,20.0,31.3
2025-05-06 19:00:00,28.0,58,0.0,8.4,16,6.0,0.0,30.0
2025-05-06 20:00:00,27.4,57,0.0,8.3,57,0.0,0.0,29.2
2025-05-06 21:00:00,26.8,60,0.0,8.5,97,0.0,0.0,28.6
2025-05-06 22:00:00,26.1,62,0.0,8.3,98,0.0,0.0,28.0
2025-05-06 23:00:00,25.6,64,0.0,8.7,100,0.0,0.0,27.4
2025-05-07 00:00:00,25.2,67,0.0,8.2,100,0.0,0.0,27.1
2025-05-07 01:00:00,24.9,69,0.0,7.6,100,0.0,0.0,27.0
2025-05-07 02:00:00,24.6,71,0.0,7.1,100,0.0,0.0,26.9
2025-05-07 03:00:00,24.3,73,0.0,6.7,100,0.0,0.0,26.8
2025-05-07 04:00:00,24.0,75,0.0,7.4,44,0.0,0.0,26.4
2025-05-07 05:00:00,23.7,77,0.0,9.1,78,0.0,0.0,25.8
2025-05-07 06:00:00,24.8,78,0.0,7.9,93,25.0,2.0,27.8
2025-05-07 07:00:00,25.8,74,0.0,7.8,94,133.0,31.0,28.9
2025-05-07 08:00:00,27.6,64,0.0,7.6,63,309.0,137.0,30.3
2025-05-07 09:00:00,29.0,57,0.0,7.5,99,417.0,211.0,31.5
2025-05-07 10:00:00,30.0,52,0.1,10.7,100,607.0,345.0,32.2
2025-05-07 11:00:00,31.0,46,0.0,10.5,99,656.0,345.0,33.0
2025-05-07 12:00:00,32.3,41,0.0,10.0,100,750.0,431.0,34.6
2025-05-07 13:00:00,33.2,38,0.0,10.6,93,742.0,407.0,35.2
2025-05-07 14:00:00,33.3,37,0.3,10.0,86,681.0,418.0,34.9
2025-05-07 15:00:00,32.8,39,0.0,10.0,58,556.0,331.0,33.8
2025-05-07 16:00:00,32.8,39,0.0,9.5,62,393.0,196.0,33.8
2025-05-07 17:00:00,31.4,42,0.0,10.4,73,200.0,63.0,32.3
2025-05-07 18:00:00,27.1,74,0.1,3.3,57,87.0,13.0,31.5
2025-05-07 19:00:00,26.9,74,0.0,1.8,1,7.0,0.0,31.4
2025-05-07 20:00:00,26.7,76,0.0,3.6,1,0.0,0.0,31.1
2025-05-07 21:00:00,26.2,74,0.0,4.1,8,0.0,0.0,30.1
2025-05-07 22:00:00,25.8,77,0.0,3.2,37,0.0,0.0,29.9
2025-05-07 23:00:00,25.3,79,0.0,3.3,19,0.0,0.0,29.4
2025-05-08 00:00:00,25.1,80,0.0,1.8,66,0.0,0.0,29.4
2025-05-08 01:00:00,24.8,81,0.0,2.8,43,0.0,0.0,28.9
2025-05-08 02:00:00,24.6,82,0.0,3.5,55,0.0,0.0,28.6
2025-05-08 03:00:00,24.3,82,0.0,3.9,21,0.0,0.0,28.1
2025-05-08 04:00:00,24.2,81,0.0,4.4,9,0.0,0.0,27.7
2025-05-08 05:00:00,23.9,81,0.0,4.8,5,0.0,0.0,27.2
2025-05-08 06:00:00,24.4,82,2.5,3.2,98,23.0,3.0,28.3
2025-05-08 07:00:00,25.0,81,0.0,9.4,99,92.0,15.0,28.2
2025-05-08 08:00:00,26.7,68,0.0,6.2,14,228.0,90.0,29.8
2025-05-08 09:00:00,29.4,57,0.0,8.2,5,515.0,310.0,32.0
2025-05-08 10:00:00,31.0,51,0.0,9.9,2,655.0,415.0,33.8
2025-05-08 11:00:00,30.7,51,0.0,11.6,30,781.0,523.0,33.9
2025-05-08 12:00:00,31.2,48,0.0,9.9,62,686.0,371.0,33.9
2025-05-08 13:00:00,31.6,47,0.0,9.4,97,721.0,389.0,34.5
2025-05-08 14:00:00,31.3,49,0.0,7.5,100,554.0,238.0,33.7
2025-05-08 15:00:00,31.9,48,0.0,4.6,100,508.0,213.0,34.9
2025-05-08 16:00:00,29.8,54,0.2,6.1,98,336.0,106.0,32.4
2025-05-08 17:00:00,29.8,56,0.0,6.4,91,176.0,42.0,32.7
2025-05-08 18:00:00,32.4,36,0.0,2.9,33,81.0,15.0,33.7
2025-05-08 19:00:00,31.2,43,0.0,3.1,24,6.0,0.0,33.2
2025-05-08 20:00:00,30.3,46,0.0,5.6,21,0.0,0.0,32.1
2025-05-08 21:00:00,29.2,52,0.0,5.3,6,0.0,0.0,31.5
2025-05-08 22:00:00,28.4,56,0.0,5.2,12,0.0,0.0,30.8
2025-05-08 23:00:00,27.9,57,0.0,6.5,25,0.0,0.0,30.2
2025-05-09 00:00:00,26.9,63,0.0,9.8,35,0.0,0.0,28.9
2025-05-09 01:00:00,26.3,65,0.0,8.2,64,0.0,0.0,28.5
2025-05-09 02:00:00,26.0,66,0.0,6.9,78,0.0,0.0,28.4
2025-05-09 03:00:00,25.8,67,0.0,5.4,35,0.0,0.0,28.4
2025-05-09 04:00:00,25.5,69,0.0,4.2,18,0.0,0.0,28.4
2025-05-09 05:00:00,25.1,71,0.0,4.0,13,0.0,0.0,28.0
2025-05-09 06:00:00,26.3,67,0.0,5.4,19,28.0,4.0,29.2
2025-05-09 07:00:00,27.5,62,0.0,5.2,5,137.0,41.0,30.3
2025-05-09 08:00:00,29.6,55,0.0,2.4,23,320.0,157.0,32.9
2025-05-09 09:00:00,31.6,48,0.0,4.0,16,506.0,291.0,34.5
2025-05-09 10:00:00,32.8,44,0.0,5.2,11,665.0,418.0,36.0
2025-05-09 11:00:00,34.0,39,0.0,6.9,12,782.0,520.0,37.3
2025-05-09 12:00:00,35.2,35,0.0,6.8,9,833.0,566.0,38.6
2025-05-09 13:00:00,36.3,31,0.0,6.3,13,817.0,555.0,39.4
2025-05-09 14:00:00,37.0,29,0.0,7.3,27,729.0,471.0,39.0
2025-05-09 15:00:00,37.1,28,0.0,7.6,100,582.0,361.0,38.0
2025-05-09 16:00:00,32.9,43,1.0,9.1,88,309.0,99.0,34.7
2025-05-09 17:00:00,31.9,45,0.1,7.2,92,177.0,53.0,34.0
2025-05-09 18:00:00,34.1,34,0.0,5.0,35,91.0,22.0,35.3
2025-05-09 19:00:00,33.0,37,0.0,5.4,38,7.0,0.0,34.3
2025-05-09 20:00:00,32.1,39,0.0,4.3,19,0.0,0.0,33.6
2025-05-09 21:00:00,31.1,44,0.0,2.4,11,0.0,0.0,33.3
2025-05-09 22:00:00,30.4,46,0.0,2.8,8,0.0,0.0,32.7
2025-05-09 23:00:00,29.9,54,0.0,1.3,9,0.0,0.0,33.2
2025-05-10 00:00:00,29.5,54,0.0,1.2,8,0.0,0.0,32.7
2025-05-10 01:00:00,28.9,55,0.0,2.3,7,0.0,0.0,31.9
2025-05-10 02:00:00,28.7,54,0.0,1.3,9,0.0,0.0,31.5
2025-05-10 03:00:00,28.1,52,0.0,3.4,6,0.0,0.0,30.2
2025-05-10 04:00:00,27.5,54,0.0,4.5,20,0.0,0.0,29.4
2025-05-10 05:00:00,26.6,59,0.0,3.3,30,0.0,0.0,29.0
2025-05-10 06:00:00,28.3,60,0.0,4.4,32,30.0,4.0,31.3
2025-05-10 07:00:00,29.7,55,0.0,2.8,21,153.0,48.0,33.0
2025-05-10 08:00:00,32.0,47,0.0,3.6,6,332.0,166.0,34.9
2025-05-10 09:00:00,33.8,39,0.0,3.6,2,516.0,307.0,36.1
2025-05-10 10:00:00,35.1,35,0.0,4.8,11,671.0,434.0,37.7
2025-05-10 11:00:00,36.2,32,0.0,4.9,16,772.0,511.0,39.3
2025-05-10 12:00:00,37.1,30,0.0,4.8,100,809.0,527.0,40.3
2025-05-10 13:00:00,36.2,30,0.0,5.6,100,375.0,73.0,37.3
2025-05-10 14:00:00,29.1,60,1.5,18.2,45,353.0,108.0,30.6
2025-05-10 15:00:00,32.2,45,0.0,7.2,31,422.0,203.0,34.3
2025-05-10 16:00:00,32.9,45,0.0,8.6,27,424.0,221.0,35.2
2025-05-10 17:00:00,31.5,50,0.0,8.5,84,221.0,80.0,34.0
2025-05-10 18:00:00,31.6,51,0.0,2.7,8,95.0,23.0,35.2
2025-05-10 19:00:00,30.2,57,0.0,5.0,5,7.0,0.0,33.7
2025-05-10 20:00:00,29.4,68,0.0,3.0,63,0.0,0.0,34.3
2025-05-10 21:00:00,29.3,69,0.0,2.0,28,0.0,0.0,34.5
2025-05-10 22:00:00,29.1,67,0.0,0.6,13,0.0,0.0,34.1
2025-05-10 23:00:00,28.6,69,0.0,1.0,0,0.0,0.0,33.5
2025-05-11 00:00:00,28.2,70,0.0,1.4,0,0.0,0.0,32.9
2025-05-11 01:00:00,27.4,73,0.0,2.3,0,0.0,0.0,32.1
2025-05-11 02:00:00,26.7,73,0.0,4.1,0,0.0,0.0,30.7
2025-05-11 03:00:00,26.1,76,0.0,3.7,0,0.0,0.0,30.1
2025-05-11 04:00:00,25.5,78,0.0,3.8,0,0.0,0.0,29.5
2025-05-11 05:00:00,25.1,79,0.0,3.5,0,0.0,0.0,29.1
2025-05-11 06:00:00,26.3,80,0.0,4.5,0,32.0,5.0,30.8
2025-05-11 07:00:00,27.7,71,0.0,2.7,0,160.0,56.0,32.2
2025-05-11 08:00:00,29.7,60,0.0,3.5,0,342.0,178.0,33.6
2025-05-11 09:00:00,31.7,49,0.0,5.4,0,530.0,323.0,34.6
2025-05-11 10:00:00,33.3,43,0.0,5.8,0,690.0,453.0,36.6
2025-05-11 11:00:00,34.8,38,0.0,6.5,8,802.0,547.0,38.3
2025-05-11 12:00:00,36.1,33,0.0,6.8,7,825.0,560.0,39.2
2025-05-11 13:00:00,37.2,29,0.0,7.6,15,825.0,563.0,39.8
2025-05-11 14:00:00,37.8,26,0.0,9.8,18,705.0,451.0,38.8
2025-05-11 15:00:00,38.0,23,0.0,11.1,20,568.0,336.0,37.5
2025-05-11 16:00:00,38.2,22,0.0,8.0,7,421.0,229.0,37.9
2025-05-11 17:00:00,37.9,22,0.0,9.2,11,258.0,118.0,37.2
2025-05-11 18:00:00,35.8,40,0.0,0.6,5,101.0,26.0,39.7
2025-05-11 19:00:00,34.1,43,0.0,0.7,35,8.0,1.0,37.6
2025-05-11 20:00:00,32.8,32,0.0,14.0,22,0.0,0.0,32.0
2025-05-11 21:00:00,31.0,38,0.0,7.4,38,0.0,0.0,31.7
2025-05-11 22:00:00,30.0,44,0.0,5.6,22,0.0,0.0,31.5
2025-05-11 23:00:00,29.7,43,0.0,6.5,3,0.0,0.0,30.7
2025-05-12 00:00:00,28.8,44,0.0,6.5,0,0.0,0.0,29.7
2025-05-12 01:00:00,27.9,50,0.0,5.6,0,0.0,0.0,29.3
2025-05-12 02:00:00,27.8,52,0.0,2.8,0,0.0,0.0,29.9
2025-05-12 03:00:00,27.6,51,0.0,0.7,0,0.0,0.0,29.8
2025-05-12 04:00:00,26.8,54,0.0,2.7,0,0.0,0.0,28.7
2025-05-12 05:00:00,25.5,56,0.0,5.1,0,0.0,0.0,26.9
2025-05-12 06:00:00,26.2,57,0.0,5.6,0,33.0,5.0,27.9
2025-05-12 07:00:00,27.9,52,0.0,5.6,0,162.0,57.0,29.6
2025-05-12 08:00:00,30.7,42,0.0,5.2,1,346.0,182.0,32.1
2025-05-12 09:00:00,33.1,34,0.0,7.6,3,531.0,321.0,33.7
2025-05-12 10:00:00,35.1,28,0.0,9.0,0,691.0,452.0,35.9
2025-05-12 11:00:00,36.9,24,0.0,11.1,0,805.0,548.0,37.6
2025-05-12 12:00:00,38.2,22,0.0,11.3,1,858.0,593.0,39.0
2025-05-12 13:00:00,39.2,19,0.0,11.3,14,838.0,571.0,39.6
2025-05-12 14:00:00,39.6,18,0.0,12.5,11,739.0,487.0,38.9
2025-05-12 15:00:00,39.4,17,0.0,13.5,17,590.0,359.0,37.7
2025-05-12 16:00:00,39.2,17,0.0,12.2,6,424.0,229.0,37.4
2025-05-12 17:00:00,38.6,18,0.0,10.8,23,253.0,113.0,37.0
2025-05-12 18:00:00,36.9,19,0.0,5.7,0,101.0,26.0,36.0
2025-05-12 19:00:00,35.3,28,0.0,1.3,1,9.0,1.0,36.4
2025-05-12 20:00:00,34.7,34,0.0,0.3,0,0.0,0.0,36.9
2025-05-12 21:00:00,33.6,31,0.0,0.8,0,0.0,0.0,34.8
2025-05-12 22:00:00,31.7,31,0.0,4.2,0,0.0,0.0,31.9
2025-05-12 23:00:00,31.1,32,0.0,5.4,0,0.0,0.0,31.1
2025-05-13 00:00:00,30.5,33,0.0,5.7,0,0.0,0.0,30.3
2025-05-13 01:00:00,29.6,34,0.0,5.2,0,0.0,0.0,29.4
2025-05-13 02:00:00,29.5,33,0.0,6.3,0,0.0,0.0,29.0
2025-05-13 03:00:00,28.7,35,0.0,8.3,0,0.0,0.0,28.0
2025-05-13 04:00:00,28.4,35,0.0,10.2,0,0.0,0.0,27.3
2025-05-13 05:00:00,28.1,35,0.0,10.3,0,0.0,0.0,26.9
2025-05-13 06:00:00,30.1,37,0.0,9.4,84,29.0,2.0,29.9
2025-05-13 07:00:00,31.2,35,0.0,8.3,3,156.0,45.0,31.1
2025-05-13 08:00:00,32.9,31,0.0,9.0,6,349.0,183.0,32.7
2025-05-13 09:00:00,34.9,28,0.0,10.7,0,539.0,329.0,34.5
2025-05-13 10:00:00,37.0,24,0.0,12.6,0,701.0,462.0,36.9
2025-05-13 11:00:00,39.0,19,0.0,14.0,1,816.0,557.0,38.7
2025-05-13 12:00:00,40.3,16,0.0,13.9,5,869.0,602.0,39.9
2025-05-13 13:00:00,41.0,15,0.0,13.3,13,827.0,555.0,40.3
2025-05-13 14:00:00,41.3,14,0.0,13.3,58,774.0,512.0,40.1
2025-05-13 15:00:00,40.7,14,0.0,13.8,48,526.0,279.0,38.0
2025-05-13 16:00:00,40.5,14,0.0,13.7,16,393.0,199.0,37.9
2025-05-13 17:00:00,38.9,16,0.0,18.7,1,237.0,101.0,35.7
2025-05-13 18:00:00,38.2,17,0.0,9.2,2,86.0,21.0,36.4
2025-05-13 19:00:00,36.8,18,0.0,11.4,0,9.0,1.0,34.7
2025-05-13 20:00:00,35.2,21,0.0,7.2,1,0.0,0.0,33.9
2025-05-13 21:00:00,33.9,22,0.0,5.1,1,0.0,0.0,32.9
2025-05-13 22:00:00,33.6,22,0.0,5.5,0,0.0,0.0,32.4
2025-05-13 23:00:00,32.9,22,0.0,5.5,0,0.0,0.0,31.7
2025-05-14 00:00:00,32.2,23,0.0,6.3,0,0.0,0.0,30.9
2025-05-14 01:00:00,31.8,23,0.0,7.4,0,0.0,0.0,30.3
2025-05-14 02:00:00,31.2,25,0.0,9.9,0,0.0,0.0,29.3
2025-05-14 03:00:00,30.2,27,0.0,8.6,0,0.0,0.0,28.6
2025-05-14 04:00:00,29.1,28,0.0,10.7,0,0.0,0.0,27.2
2025-05-14 05:00:00,28.5,29,0.0,10.3,0,0.0,0.0,26.6
2025-05-14 06:00:00,28.6,36,0.0,8.0,0,35.0,6.0,28.0
2025-05-14 07:00:00,30.2,33,0.0,6.9,0,168.0,59.0,29.8
2025-05-14 08:00:00,32.6,29,0.0,7.0,0,355.0,185.0,32.2
2025-05-14 09:00:00,35.1,25,0.0,8.6,0,546.0,334.0,34.5
2025-05-14 10:00:00,37.2,23,0.0,10.2,0,708.0,466.0,37.4
2025-05-14 11:00:00,38.9,20,0.0,11.2,5,820.0,559.0,39.4
2025-05-14 12:00:00,40.3,16,0.0,11.9,12,867.0,597.0,40.3
2025-05-14 13:00:00,41.0,13,0.0,13.4,4,832.0,562.0,40.0
2025-05-14 14:00:00,41.2,12,0.0,13.6,4,737.0,480.0,39.4
2025-05-14 15:00:00,41.1,12,0.0,14.0,1,618.0,384.0,38.5
2025-05-14 16:00:00,40.9,12,0.0,13.4,1,468.0,271.0,37.8
2025-05-14 17:00:00,40.2,12,0.0,16.2,2,274.0,127.0,36.7
2025-05-14 18:00:00,39.6,13,0.0,9.6,0,104.0,27.0,37.1
2025-05-14 19:00:00,37.9,15,0.0,5.7,0,9.0,1.0,36.2
2025-05-14 20:00:00,37.0,17,0.0,5.6,0,0.0,0.0,35.5
2025-05-14 21:00:00,35.5,20,0.0,3.3,0,0.0,0.0,34.7
2025-05-14 22:00:00,34.3,23,0.0,3.6,0,0.0,0.0,33.7
2025-05-14 23:00:00,34.0,23,0.0,0.8,0,0.0,0.0,33.9
2025-05-15 00:00:00,33.2,30,0.0,0.7,0,0.0,0.0,34.1
2025-05-15 01:00:00,31.9,27,0.0,1.3,0,0.0,0.0,31.8
2025-05-15 02:00:00,31.2,29,0.0,1.1,0,0.0,0.0,31.3
2025-05-15 03:00:00,30.7,30,0.0,0.6,0,0.0,0.0,30.9
2025-05-15 04:00:00,30.0,32,0.0,1.0,0,0.0,0.0,30.4
2025-05-15 05:00:00,29.7,33,0.0,0.5,0,0.0,0.0,30.1
2025-05-15 06:00:00,30.3,32,0.0,7.3,0,36.0,6.0,29.7
2025-05-15 07:00:00,31.8,30,0.0,6.2,0,168.0,59.0,31.4
2025-05-15 08:00:00,34.1,26,0.0,6.0,0,353.0,183.0,33.9
2025-05-15 09:00:00,36.8,22,0.0,6.2,0,543.0,330.0,36.4
2025-05-15 10:00:00,38.6,19,0.0,8.8,0,706.0,462.0,38.6
2025-05-15 11:00:00,39.8,17,0.0,10.7,0,820.0,557.0,39.9
2025-05-15 12:00:00,40.8,15,0.0,11.7,0,874.0,602.0,40.7
2025-05-15 13:00:00,41.6,13,0.0,11.8,0,861.0,592.0,41.0
2025-05-15 14:00:00,41.9,12,0.0,12.2,0,783.0,526.0,40.6
2025-05-15 15:00:00,41.7,12,0.0,12.2,0,647.0,414.0,39.7
2025-05-15 16:00:00,41.3,13,0.0,11.6,0,469.0,272.0,38.8
2025-05-15 17:00:00,41.0,13,0.0,10.0,0,275.0,128.0,38.6
2025-05-15 18:00:00,40.1,13,0.0,8.6,0,106.0,27.0,37.9
2025-05-15 19:00:00,38.6,14,0.0,7.4,0,10.0,1.0,36.6
2025-05-15 20:00:00,37.8,15,0.0,8.1,0,0.0,0.0,35.8
2025-05-15 21:00:00,36.8,15,0.0,6.8,0,0.0,0.0,34.8
2025-05-15 22:00:00,36.1,15,0.0,5.9,0,0.0,0.0,34.2
2025-05-15 23:00:00,34.6,17,0.0,5.1,0,0.0,0.0,32.8
2025-05-16 00:00:00,33.1,20,0.0,6.1,0,0.0,0.0,31.5
2025-05-16 01:00:00,31.8,23,0.0,5.2,0,0.0,0.0,30.5
2025-05-16 02:00:00,31.3,24,0.0,5.7,0,0.0,0.0,30.0
2025-05-16 03:00:00,30.3,26,0.0,5.1,0,0.0,0.0,29.2
2025-05-16 04:00:00,29.4,28,0.0,6.2,0,0.0,0.0,28.1
2025-05-16 05:00:00,28.8,29,0.0,6.0,0,0.0,0.0,27.6
2025-05-16 06:00:00,31.2,30,0.0,2.7,0,35.0,6.0,31.2
2025-05-16 07:00:00,33.7,25,0.0,7.0,0,168.0,58.0,32.9
2025-05-16 08:00:00,35.9,22,0.0,7.9,1,353.0,182.0,34.9
2025-05-16 09:00:00,37.4,20,0.0,9.6,0,543.0,328.0,36.2
2025-05-16 10:00:00,39.4,18,0.0,12.2,0,705.0,459.0,38.6
2025-05-16 11:00:00,40.7,17,0.0,13.9,8,817.0,552.0,40.3
2025-05-16 12:00:00,41.8,15,0.0,17.2,8,868.0,594.0,40.8
2025-05-16 13:00:00,42.4,13,0.0,17.0,46,797.0,531.0,40.8
2025-05-16 14:00:00,42.4,13,0.0,18.1,22,639.0,369.0,39.6
2025-05-16 15:00:00,42.7,13,0.0,17.2,15,588.0,344.0,39.9
2025-05-16 16:00:00,41.9,13,0.0,10.7,3,424.0,227.0,39.8
2025-05-16 17:00:00,39.8,17,0.0,14.0,6,253.0,112.0,37.8
2025-05-16 18:00:00,36.7,30,0.0,15.5,5,96.0,21.0,36.5
2025-05-16 19:00:00,35.2,35,0.0,8.7,2,10.0,1.0,36.4
2025-05-16 20:00:00,34.6,35,0.0,7.7,3,0.0,0.0,35.8
2025-05-16 21:00:00,33.6,36,0.0,7.9,0,0.0,0.0,34.7
2025-05-16 22:00:00,33.0,36,0.0,8.9,17,0.0,0.0,33.6
2025-05-16 23:00:00,32.4,37,0.0,10.3,13,0.0,0.0,32.8
2025-05-17 00:00:00,31.4,41,0.0,7.8,2,0.0,0.0,32.6
2025-05-17 01:00:00,30.7,44,0.0,7.1,11,0.0,0.0,32.1
2025-05-17 02:00:00,29.7,46,0.0,3.8,29,0.0,0.0,31.6
2025-05-17 03:00:00,29.8,44,0.0,5.6,23,0.0,0.0,31.1
2025-05-17 04:00:00,29.7,41,0.0,6.3,30,0.0,0.0,30.4
2025-05-17 05:00:00,29.2,39,0.0,4.6,21,0.0,0.0,29.8
2025-05-17 06:00:00,32.9,28,0.0,10.5,25,32.0,4.0,31.9
2025-05-17 07:00:00,33.4,28,0.0,3.1,15,131.0,31.0,33.7
2025-05-17 08:00:00,34.8,27,0.0,9.9,4,332.0,162.0,34.3
2025-05-17 09:00:00,36.5,25,0.0,6.0,15,459.0,237.0,36.6
2025-05-17 10:00:00,39.1,22,0.0,9.4,0,665.0,416.0,39.6
2025-05-17 11:00:00,40.6,21,0.0,12.4,0,805.0,543.0,41.4
2025-05-17 12:00:00,41.5,19,0.0,13.9,11,856.0,586.0,42.1
2025-05-17 13:00:00,41.3,17,0.0,15.4,15,758.0,485.0,40.6
2025-05-17 14:00:00,42.8,14,0.0,15.9,29,640.0,361.0,40.9
2025-05-17 15:00:00,42.1,14,0.0,19.7,25,485.0,244.0,39.0
2025-05-17 16:00:00,42.0,14,0.0,17.9,38,388.0,190.0,39.1
2025-05-17 17:00:00,41.4,15,0.0,18.0,14,237.0,96.0,38.6
2025-05-17 18:00:00,38.8,21,0.0,7.4,6,87.0,19.0,38.4
2025-05-17 19:00:00,36.1,26,0.0,14.1,2,10.0,1.0,35.1
2025-05-17 20:00:00,34.8,29,0.0,9.0,0,0.0,0.0,34.9
2025-05-17 21:00:00,33.6,32,0.0,5.7,0,0.0,0.0,34.4
2025-05-17 22:00:00,32.6,35,0.0,6.7,0,0.0,0.0,33.3
2025-05-17 23:00:00,31.7,37,0.0,8.0,0,0.0,0.0,32.1
2025-05-18 00:00:00,30.9,37,0.0,8.5,0,0.0,0.0,31.1
2025-05-18 01:00:00,30.1,39,0.0,8.8,0,0.0,0.0,30.2
2025-05-18 02:00:00,29.5,39,0.0,8.7,0,0.0,0.0,29.6
2025-05-18 03:00:00,29.7,34,0.0,9.6,0,0.0,0.0,28.9
2025-05-18 04:00:00,30.3,27,0.0,11.1,0,0.0,0.0,28.4
2025-05-18 05:00:00,29.9,27,0.0,4.9,0,0.0,0.0,28.8
2025-05-18 06:00:00,31.4,30,0.0,6.6,0,37.0,6.0,30.9
2025-05-18 07:00:00,32.4,30,0.0,1.9,0,166.0,57.0,32.9
2025-05-18 08:00:00,34.2,28,0.0,2.4,0,345.0,176.0,34.9
2025-05-18 09:00:00,36.4,26,0.0,5.0,0,531.0,319.0,36.8
2025-05-18 10:00:00,38.4,24,0.0,9.4,0,691.0,448.0,39.2
2025-05-18 11:00:00,39.6,24,0.0,12.2,0,803.0,542.0,40.9
2025-05-18 12:00:00,40.8,22,0.0,12.6,0,855.0,585.0,42.3
2025-05-18 13:00:00,41.4,21,0.0,13.1,10,841.0,573.0,42.7
2025-05-18 14:00:00,41.8,20,0.0,13.6,47,720.0,457.0,42.1
2025-05-18 15:00:00,41.9,18,0.0,14.4,37,510.0,275.0,40.5
2025-05-18 16:00:00,42.1,16,0.0,13.1,11,403.0,212.0,40.6
2025-05-18 17:00:00,41.8,16,0.0,9.1,11,252.0,112.0,40.7
2025-05-18 18:00:00,36.4,37,0.0,14.0,2,96.0,23.0,37.7
2025-05-18 19:00:00,35.4,38,0.0,9.7,0,10.0,1.0,37.3
2025-05-18 20:00:00,34.3,43,0.0,12.2,0,0.0,0.0,36.3
2025-05-18 21:00:00,33.1,49,0.0,10.5,0,0.0,0.0,36.0
2025-05-18 22:00:00,32.3,52,0.0,10.0,0,0.0,0.0,35.3
2025-05-18 23:00:00,31.9,52,0.0,10.0,0,0.0,0.0,34.6
2025-05-19 00:00:00,31.3,52,0.0,11.0,0,0.0,0.0,33.7
2025-05-19 01:00:00,30.6,54,0.0,10.9,0,0.0,0.0,33.0
2025-05-19 02:00:00,29.9,57,0.0,9.9,0,0.0,0.0,32.6
2025-05-19 03:00:00,29.4,60,0.0,9.1,0,0.0,0.0,32.3
2025-05-19 04:00:00,28.8,63,0.0,8.6,0,0.0,0.0,31.9
2025-05-19 05:00:00,28.2,66,0.0,8.7,0,0.0,0.0,31.4
2025-05-19 06:00:00,29.3,64,0.0,9.2,3,35.0,5.0,32.7
2025-05-19 07:00:00,30.2,61,0.0,9.4,5,163.0,54.0,33.6
2025-05-19 08:00:00,31.8,56,0.0,9.3,10,327.0,157.0,35.3
2025-05-19 09:00:00,34.1,48,0.0,7.2,5,518.0,304.0,37.6
2025-05-19 10:00:00,36.2,41,0.0,4.2,0,647.0,399.0,40.4
2025-05-19 11:00:00,38.3,35,0.0,4.5,0,785.0,522.0,42.9
2025-05-19 12:00:00,39.7,30,0.0,5.8,2,824.0,551.0,43.9
2025-05-19 13:00:00,40.8,27,0.0,3.5,27,825.0,555.0,45.0
2025-05-19 14:00:00,42.0,22,0.0,9.7,32,676.0,398.0,43.3
2025-05-19 15:00:00,41.7,19,0.0,11.3,15,553.0,324.0,41.1
2025-05-19 16:00:00,41.3,21,0.0,8.3,10,416.0,224.0,41.6
2025-05-19 17:00:00,40.2,24,0.0,7.2,0,263.0,119.0,41.1
2025-05-19 18:00:00,37.0,39,0.0,12.8,1,102.0,25.0,39.5
2025-05-19 19:00:00,35.9,42,0.0,11.1,0,11.0,1.0,38.7
2025-05-19 20:00:00,34.1,48,0.0,11.3,0,0.0,0.0,37.1
2025-05-19 21:00:00,33.3,51,0.0,9.5,0,0.0,0.0,36.7
2025-05-19 22:00:00,32.6,54,0.0,7.6,0,0.0,0.0,36.3
2025-05-19 23:00:00,32.1,55,0.0,7.5,0,0.0,0.0,35.8
2025-05-20 00:00:00,31.6,56,0.0,8.3,1,0.0,0.0,35.1
2025-05-20 01:00:00,31.2,57,0.0,6.9,1,0.0,0.0,34.8
2025-05-20 02:00:00,30.6,59,0.0,7.2,0,0.0,0.0,34.2
2025-05-20 03:00:00,29.9,62,0.0,8.4,0,0.0,0.0,33.4
2025-05-20 04:00:00,29.0,67,0.0,9.2,0,0.0,0.0,32.7
2025-05-20 05:00:00,28.0,71,0.0,9.5,0,0.0,0.0,31.7
2025-05-20 06:00:00,29.6,66,0.0,10.0,0,37.0,6.0,33.3
2025-05-20 07:00:00,30.5,61,0.0,9.3,0,166.0,57.0,34.1
2025-05-20 08:00:00,32.3,55,0.0,7.4,0,346.0,176.0,36.0
2025-05-20 09:00:00,34.5,47,0.0,6.6,0,531.0,319.0,38.1
2025-05-20 10:00:00,36.8,38,0.0,3.6,0,690.0,447.0,41.1
2025-05-20 11:00:00,39.0,31,0.0,2.4,0,801.0,539.0,43.5
2025-05-20 12:00:00,41.1,24,0.0,7.3,1,855.0,585.0,44.0
2025-05-20 13:00:00,42.2,21,0.0,14.2,18,827.0,560.0,43.3
2025-05-20 14:00:00,42.4,19,0.0,15.2,28,731.0,474.0,42.4
2025-05-20 15:00:00,42.6,17,0.0,16.6,57,573.0,336.0,41.0
2025-05-20 16:00:00,39.0,24,0.0,20.6,89,339.0,157.0,37.5
2025-05-20 17:00:00,39.0,24,0.0,11.7,86,185.0,43.0,38.9
2025-05-20 18:00:00,39.8,23,0.0,10.0,0,91.0,15.0,39.8
2025-05-20 19:00:00,35.9,47,0.0,11.4,0,11.0,1.0,39.6
2025-05-20 20:00:00,34.4,52,0.0,9.0,0,0.0,0.0,38.5
2025-05-20 21:00:00,33.8,54,0.0,7.8,0,0.0,0.0,38.2
2025-05-20 22:00:00,33.0,56,0.0,8.3,0,0.0,0.0,37.2
2025-05-20 23:00:00,32.3,58,0.0,8.7,0,0.0,0.0,36.4
2025-05-21 00:00:00,32.0,56,0.0,10.6,0,0.0,0.0,35.5
2025-05-21 01:00:00,31.8,55,0.0,10.6,0,0.0,0.0,35.0
2025-05-21 02:00:00,31.5,55,0.0,9.4,0,0.0,0.0,34.7
2025-05-21 03:00:00,30.8,57,0.0,7.8,0,0.0,0.0,34.2
2025-05-21 04:00:00,30.3,59,0.0,8.2,0,0.0,0.0,33.6
2025-05-21 05:00:00,29.8,60,0.0,7.9,0,0.0,0.0,33.1
2025-05-21 06:00:00,31.9,59,0.0,6.6,38,38.0,6.0,36.2
2025-05-21 07:00:00,31.0,61,0.0,14.4,1,146.0,44.0,34.2
2025-05-21 08:00:00,32.4,52,0.0,12.2,0,343.0,174.0,35.1
2025-05-21 09:00:00,34.6,43,0.0,9.9,0,530.0,317.0,37.0
2025-05-21 10:00:00,36.9,36,0.0,6.5,0,690.0,447.0,40.2
2025-05-21 11:00:00,38.8,30,0.0,4.2,0,800.0,538.0,42.8
2025-05-21 12:00:00,40.3,26,0.0,4.6,0,851.0,581.0,44.1
2025-05-21 13:00:00,41.3,24,0.0,4.8,17,839.0,571.0,44.6
2025-05-21 14:00:00,42.2,21,0.0,3.4,20,748.0,491.0,44.6
2025-05-21 15:00:00,43.0,18,0.0,2.5,32,576.0,340.0,43.9
2025-05-21 16:00:00,41.3,17,0.0,22.6,100,347.0,148.0,38.3
2025-05-21 17:00:00,37.7,26,0.0,14.0,95,109.0,0.0,37.3
2025-05-21 18:00:00,35.0,48,0.0,13.7,2,99.0,19.0,38.2
2025-05-21 19:00:00,34.4,48,0.0,14.9,4,12.0,1.0,37.0
2025-05-21 20:00:00,33.2,53,0.0,13.6,13,0.0,0.0,36.3
2025-05-21 21:00:00,32.4,57,0.0,12.8,33,0.0,0.0,35.8
2025-05-21 22:00:00,31.7,60,0.0,11.0,0,0.0,0.0,35.5
2025-05-21 23:00:00,31.2,61,0.0,12.7,1,0.0,0.0,34.7
2025-05-22 00:00:00,30.9,61,0.0,11.6,0,0.0,0.0,34.4
2025-05-22 01:00:00,30.5,62,0.0,10.6,0,0.0,0.0,34.0
2025-05-22 02:00:00,30.1,63,0.0,10.6,0,0.0,0.0,33.5
2025-05-22 03:00:00,29.7,64,0.0,10.1,0,0.0,0.0,33.1
2025-05-22 04:00:00,29.2,66,0.0,9.9,5,0.0,0.0,32.7
2025-05-22 05:00:00,28.4,70,0.0,12.4,0,0.0,0.0,31.6
2025-05-22 06:00:00,25.0,78,0.0,7.5,0,38.0,6.0,28.2
2025-05-22 07:00:00,26.3,71,0.0,9.2,0,166.0,56.0,29.2
2025-05-22 08:00:00,28.2,64,0.0,12.0,12,342.0,172.0,30.6
2025-05-22 09:00:00,30.0,58,0.0,14.4,2,498.0,279.0,32.1
2025-05-22 10:00:00,31.9,53,0.0,14.2,33,666.0,418.0,35.0
2025-05-22 11:00:00,33.5,48,0.0,14.7,7,747.0,477.0,36.9
2025-05-22 12:00:00,34.9,44,0.0,13.6,5,799.0,512.0,38.4
2025-05-22 13:00:00,36.0,39,0.0,11.2,0,820.0,548.0,39.8
2025-05-22 14:00:00,36.8,36,0.0,9.3,0,750.0,495.0,40.1
2025-05-22 15:00:00,37.0,36,0.0,8.7,0,621.0,390.0,39.6
2025-05-22 16:00:00,36.8,36,0.0,9.1,0,452.0,256.0,38.9
2025-05-22 17:00:00,36.3,37,0.0,9.8,1,269.0,122.0,38.3
2025-05-22 18:00:00,32.4,50,0.0,11.4,0,106.0,27.0,34.9
2025-05-22 19:00:00,31.5,53,0.0,10.6,0,12.0,1.0,34.1
2025-05-22 20:00:00,30.6,56,0.0,11.5,0,0.0,0.0,33.2
2025-05-22 21:00:00,29.8,59,0.0,10.4,0,0.0,0.0,32.7
2025-05-22 22:00:00,29.4,60,0.0,10.4,0,0.0,0.0,32.1
2025-05-22 23:00:00,28.9,61,0.0,9.4,0,0.0,0.0,31.6
2025-05-23 00:00:00,28.4,62,0.0,10.7,0,0.0,0.0,30.9
2025-05-23 01:00:00,28.0,64,0.0,11.3,0,0.0,0.0,30.4
2025-05-23 02:00:00,27.5,66,0.0,11.2,0,0.0,0.0,30.0
2025-05-23 03:00:00,27.1,68,0.0,10.8,0,0.0,0.0,29.7
2025-05-23 04:00:00,26.7,71,0.0,10.9,0,0.0,0.0,29.4
2025-05-23 05:00:00,26.4,74,0.0,11.8,0,0.0,0.0,29.1
2025-05-23 06:00:00,27.5,70,0.0,10.7,0,38.0,6.0,30.6
2025-05-23 07:00:00,28.6,68,0.0,11.7,0,165.0,56.0,31.9
2025-05-23 08:00:00,30.4,62,0.0,13.0,0,342.0,172.0,33.5
2025-05-23 09:00:00,32.4,52,0.0,13.9,0,524.0,311.0,35.0
2025-05-23 10:00:00,34.2,45,0.0,13.4,0,680.0,437.0,37.2
2025-05-23 11:00:00,35.7,41,0.0,12.7,0,789.0,527.0,39.2
2025-05-23 12:00:00,36.7,38,0.0,12.4,0,841.0,570.0,40.4
2025-05-23 13:00:00,37.6,36,0.0,11.2,0,828.0,560.0,41.3
2025-05-23 14:00:00,38.1,35,0.0,10.7,1,753.0,498.0,41.4
2025-05-23 15:00:00,38.2,35,0.0,11.0,18,620.0,389.0,40.8
2025-05-23 16:00:00,37.1,38,1.5,11.5,26,437.0,241.0,39.5
2025-05-23 17:00:00,36.2,40,0.0,11.7,70,234.0,98.0,38.6
2025-05-23 18:00:00,35.5,39,0.0,12.4,10,102.0,19.0,37.3
2025-05-23 19:00:00,34.4,42,0.0,14.0,7,12.0,1.0,36.0
2025-05-23 20:00:00,33.5,45,0.0,12.2,1,0.0,0.0,35.5
2025-05-23 21:00:00,32.7,48,0.0,11.2,0,0.0,0.0,35.0
2025-05-23 22:00:00,32.1,49,0.0,11.3,0,0.0,0.0,34.3
2025-05-23 23:00:00,31.4,52,0.0,9.7,0,0.0,0.0,33.9
2025-05-24 00:00:00,30.8,54,0.0,11.0,0,0.0,0.0,33.2
2025-05-24 01:00:00,30.2,56,0.0,11.8,0,0.0,0.0,32.6
2025-05-24 02:00:00,29.7,58,0.0,11.7,0,0.0,0.0,32.2
2025-05-24 03:00:00,29.3,60,0.0,11.4,0,0.0,0.0,31.9
2025-05-24 04:00:00,28.9,62,0.0,11.6,0,0.0,0.0,31.6
2025-05-24 05:00:00,28.5,64,0.0,12.4,2,0.0,0.0,31.1
2025-05-24 06:00:00,30.7,59,0.0,12.0,33,36.0,5.0,33.7
2025-05-24 07:00:00,31.4,57,0.0,12.9,19,142.0,40.0,34.4
2025-05-24 08:00:00,32.9,53,0.0,14.5,1,319.0,146.0,35.7
2025-05-24 09:00:00,34.3,48,0.0,16.8,1,512.0,297.0,36.6
2025-05-24 10:00:00,35.6,44,0.0,15.6,2,673.0,428.0,38.6
2025-05-24 11:00:00,36.5,42,0.0,14.3,19,768.0,504.0,40.2
2025-05-24 12:00:00,37.0,41,0.0,12.9,73,763.0,487.0,40.9
2025-05-24 13:00:00,37.7,39,0.0,13.2,37,747.0,471.0,41.3
2025-05-24 14:00:00,37.7,38,0.0,10.6,62,644.0,377.0,41.1
2025-05-24 15:00:00,36.2,40,0.0,13.4,68,545.0,298.0,38.3
2025-05-24 16:00:00,35.6,42,0.4,6.6,72,315.0,126.0,38.8
2025-05-24 17:00:00,35.8,41,0.0,10.1,29,241.0,96.0,38.4
2025-05-24 18:00:00,36.3,36,0.0,15.1,24,105.0,25.0,37.4
2025-05-24 19:00:00,35.4,38,0.0,12.8,77,12.0,1.0,36.8
2025-05-24 20:00:00,34.2,42,0.0,13.9,0,0.0,0.0,35.7
2025-05-24 21:00:00,33.6,43,0.0,14.8,0,0.0,0.0,34.9
2025-05-24 22:00:00,32.7,46,0.0,13.9,0,0.0,0.0,34.3
2025-05-24 23:00:00,31.8,49,0.0,14.5,0,0.0,0.0,33.5
2025-05-25 00:00:00,31.1,52,0.0,16.2,0,0.0,0.0,32.7
2025-05-25 01:00:00,30.7,54,0.0,14.0,0,0.0,0.0,32.5
2025-05-25 02:00:00,30.1,56,0.0,13.2,1,0.0,0.0,32.2
2025-05-25 03:00:00,29.6,58,0.0,13.8,1,0.0,0.0,31.7
2025-05-25 04:00:00,29.0,62,0.0,12.4,6,0.0,0.0,31.5
2025-05-25 05:00:00,28.4,65,0.0,11.8,2,0.0,0.0,31.1
2025-05-25 06:00:00,23.0,90,0.0,8.8,94,18.0,0.0,26.2
2025-05-25 07:00:00,24.0,82,0.0,5.2,22,136.0,25.0,27.4
2025-05-25 08:00:00,25.3,73,0.0,7.9,96,324.0,137.0,28.0
2025-05-25 09:00:00,26.2,68,0.0,11.2,87,341.0,96.0,28.3
2025-05-25 10:00:00,27.1,54,0.0,9.7,96,325.0,121.0,28.1
2025-05-25 11:00:00,28.2,58,0.0,7.3,100,460.0,186.0,30.5
2025-05-25 12:00:00,28.5,60,0.0,4.3,90,338.0,55.0,31.8
2025-05-25 13:00:00,30.4,58,0.0,2.8,100,723.0,400.0,35.6
2025-05-25 14:00:00,30.8,58,0.0,3.5,85,521.0,225.0,34.9
2025-05-25 15:00:00,31.1,58,0.0,4.3,87,386.0,103.0,35.2
2025-05-25 16:00:00,30.8,58,0.0,7.1,36,345.0,147.0,34.5
2025-05-25 17:00:00,31.2,57,0.0,4.1,10,235.0,89.0,35.2
2025-05-25 18:00:00,30.2,65,0.0,7.7,19,101.0,23.0,34.4
2025-05-25 19:00:00,29.0,73,0.0,5.4,18,12.0,1.0,34.1
2025-05-25 20:00:00,28.4,74,0.0,7.7,94,0.0,0.0,32.9
2025-05-25 21:00:00,26.4,81,0.4,8.7,58,0.0,0.0,30.6
2025-05-25 22:00:00,26.4,85,0.0,9.3,17,0.0,0.0,30.9
2025-05-25 23:00:00,26.3,83,0.0,7.9,31,0.0,0.0,30.7
2025-05-26 00:00:00,26.3,81,0.1,7.3,46,0.0,0.0,30.5
2025-05-26 01:00:00,25.5,82,0.7,10.4,75,0.0,0.0,29.1
2025-05-26 02:00:00,25.3,83,0.4,10.6,59,0.0,0.0,28.8
2025-05-26 03:00:00,24.2,87,0.2,13.9,61,0.0,0.0,27.0
2025-05-26 04:00:00,24.3,84,0.0,12.0,30,0.0,0.0,27.1
2025-05-26 05:00:00,24.1,84,0.2,11.2,55,0.0,0.0,27.0
2025-05-26 06:00:00,26.7,79,0.1,15.6,69,31.0,3.0,29.7
2025-05-26 07:00:00,27.8,76,0.0,8.8,52,125.0,26.0,32.1
2025-05-26 08:00:00,28.7,70,0.0,10.6,13,294.0,123.0,32.4
2025-05-26 09:00:00,30.0,66,0.0,8.9,48,479.0,257.0,34.1
2025-05-26 10:00:00,31.4,59,0.0,8.4,22,591.0,328.0,35.6
2025-05-26 11:00:00,32.3,55,0.1,7.7,39,613.0,314.0,36.4
2025-05-26 12:00:00,33.9,48,0.0,6.8,2,790.0,488.0,38.8
2025-05-26 13:00:00,34.9,43,0.0,4.8,11,798.0,520.0,39.8
2025-05-26 14:00:00,35.5,40,0.0,3.6,6,727.0,467.0,39.8
2025-05-26 15:00:00,35.7,39,0.0,2.5,4,616.0,383.0,39.3
2025-05-26 16:00:00,35.6,39,0.0,2.3,2,449.0,252.0,38.8
2025-05-26 17:00:00,35.3,40,0.0,4.5,4,266.0,117.0,38.2
2025-05-26 18:00:00,32.3,57,0.0,3.9,2,109.0,28.0,37.0
2025-05-26 19:00:00,30.7,63,0.0,6.1,2,13.0,1.0,35.1
2025-05-26 20:00:00,29.6,67,0.0,5.5,1,0.0,0.0,34.1
2025-05-26 21:00:00,29.1,70,0.0,4.7,0,0.0,0.0,33.9
2025-05-26 22:00:00,28.5,74,0.0,4.6,0,0.0,0.0,33.6
2025-05-26 23:00:00,28.2,76,0.0,4.6,0,0.0,0.0,33.3
2025-05-27 00:00:00,27.8,77,0.0,4.9,0,0.0,0.0,32.8
2025-05-27 01:00:00,27.5,78,0.0,5.0,0,0.0,0.0,32.4
2025-05-27 02:00:00,27.1,79,0.0,6.0,0,0.0,0.0,31.8
2025-05-27 03:00:00,26.8,79,0.0,6.5,0,0.0,0.0,31.3
2025-05-27 04:00:00,26.5,80,0.0,6.7,0,0.0,0.0,30.8
2025-05-27 05:00:00,26.2,80,0.0,7.9,0,0.0,0.0,30.2
2025-05-27 06:00:00,27.5,80,0.0,6.7,0,40.0,6.0,32.5
2025-05-27 07:00:00,28.7,76,0.0,4.9,0,168.0,57.0,34.1
2025-05-27 08:00:00,30.2,70,0.0,6.1,0,343.0,172.0,35.5
2025-05-27 09:00:00,31.6,63,0.0,8.8,0,523.0,309.0,36.1
2025-05-27 10:00:00,32.8,56,0.0,7.2,17,670.0,425.0,37.8
2025-05-27 11:00:00,33.7,51,0.0,4.9,6,746.0,482.0,39.3
2025-05-27 12:00:00,34.5,48,0.0,4.1,5,790.0,514.0,40.3
2025-05-27 13:00:00,35.2,45,0.0,3.2,5,801.0,529.0,40.9
2025-05-27 14:00:00,35.8,41,0.0,2.5,2,741.0,483.0,40.8
2025-05-27 15:00:00,36.1,40,0.0,2.3,0,621.0,388.0,40.2
2025-05-27 16:00:00,36.0,40,0.0,2.4,1,456.0,258.0,39.5
2025-05-27 17:00:00,35.4,42,0.0,3.7,0,273.0,124.0,39.0
2025-05-27 18:00:00,34.2,48,0.0,3.8,2,107.0,27.0,38.3
2025-05-27 19:00:00,32.6,55,0.0,5.4,4,14.0,1.0,37.0
2025-05-27 20:00:00,31.6,60,0.0,7.7,4,0.0,0.0,35.9
2025-05-27 21:00:00,30.8,63,0.0,6.7,2,0.0,0.0,35.2
2025-05-27 22:00:00,30.2,65,0.0,5.6,0,0.0,0.0,34.7
2025-05-27 23:00:00,29.6,67,0.0,5.2,0,0.0,0.0,34.1
2025-05-28 00:00:00,29.0,69,0.0,5.5,0,0.0,0.0,33.5
2025-05-28 01:00:00,28.6,70,0.0,5.7,0,0.0,0.0,33.0
2025-05-28 02:00:00,28.3,71,0.0,6.2,0,0.0,0.0,32.6
2025-05-28 03:00:00,28.1,72,0.0,6.5,0,0.0,0.0,32.3
2025-05-28 04:00:00,27.9,73,0.0,7.8,0,0.0,0.0,31.9
2025-05-28 05:00:00,27.4,75,0.0,7.9,0,0.0,0.0,31.5
2025-05-28 06:00:00,29.8,70,0.0,6.9,0,41.0,6.0,34.7
2025-05-28 07:00:00,31.2,64,0.0,2.1,0,169.0,58.0,36.7
2025-05-28 08:00:00,32.7,59,0.0,4.8,0,342.0,172.0,37.7
2025-05-28 09:00:00,34.0,53,0.0,4.3,5,519.0,306.0,38.9
2025-05-28 10:00:00,35.4,46,0.0,3.6,6,656.0,409.0,40.5
2025-05-28 11:00:00,36.6,42,0.0,3.2,6,757.0,489.0,42.1
2025-05-28 12:00:00,37.6,39,0.0,2.2,10,797.0,526.0,43.4
2025-05-28 13:00:00,38.7,36,0.0,1.9,20,788.0,512.0,44.3
2025-05-28 14:00:00,39.4,33,0.0,1.8,22,713.0,448.0,44.3
2025-05-28 15:00:00,39.5,32,0.0,3.3,56,584.0,347.0,43.0
2025-05-28 16:00:00,39.1,32,0.0,9.2,46,417.0,217.0,41.2
2025-05-28 17:00:00,37.7,33,0.0,11.3,32,221.0,82.0,39.2
2025-05-28 18:00:00,36.5,38,0.0,2.8,11,109.0,28.0,39.7
2025-05-28 19:00:00,34.5,46,0.0,5.4,3,14.0,1.0,38.2
2025-05-28 20:00:00,32.6,56,0.0,5.3,0,0.0,0.0,37.1
2025-05-28 21:00:00,31.4,62,0.0,5.6,0,0.0,0.0,36.2
2025-05-28 22:00:00,30.6,67,0.0,6.9,0,0.0,0.0,35.5
2025-05-28 23:00:00,29.8,71,0.0,8.3,0,0.0,0.0,34.6
2025-05-29 00:00:00,29.1,75,0.0,7.5,7,0.0,0.0,34.1
2025-05-29 01:00:00,28.4,79,0.0,6.9,11,0.0,0.0,33.7
2025-05-29 02:00:00,28.0,81,0.0,5.7,77,0.0,0.0,33.5
2025-05-29 03:00:00,27.8,82,0.0,4.4,100,0.0,0.0,33.5
2025-05-29 04:00:00,27.8,82,0.0,5.7,100,0.0,0.0,33.3
2025-05-29 05:00:00,27.6,82,0.0,5.0,100,0.0,0.0,33.1
2025-05-29 06:00:00,30.3,68,0.3,2.8,36,30.0,2.0,35.9
2025-05-29 07:00:00,31.4,65,0.0,5.4,65,146.0,35.0,36.7
2025-05-29 08:00:00,32.7,58,0.0,6.2,75,252.0,82.0,37.5
2025-05-29 09:00:00,34.8,50,0.0,8.8,99,448.0,230.0,38.7
2025-05-29 10:00:00,36.3,41,0.0,7.4,29,532.0,222.0,39.5
2025-05-29 11:00:00,38.3,35,0.0,5.7,19,797.0,536.0,42.8
2025-05-29 12:00:00,39.0,32,0.0,4.5,58,750.0,459.0,43.1
2025-05-29 13:00:00,39.8,29,0.0,6.2,51,720.0,440.0,43.1
2025-05-29 14:00:00,40.1,28,0.0,7.2,95,621.0,332.0,42.3
2025-05-29 15:00:00,39.5,27,0.0,6.4,98,269.0,30.0,41.1
2025-05-29 16:00:00,39.7,25,0.0,4.2,99,231.0,25.0,41.0
2025-05-29 17:00:00,39.0,25,0.0,2.6,56,138.0,27.0,40.4
2025-05-29 18:00:00,35.7,41,0.0,7.6,78,77.0,12.0,38.6
2025-05-29 19:00:00,34.3,46,0.0,5.2,80,9.0,1.0,37.9
2025-05-29 20:00:00,33.3,47,0.0,7.6,100,0.0,0.0,36.1
2025-05-29 21:00:00,32.6,48,0.0,6.8,66,0.0,0.0,35.5
2025-05-29 22:00:00,31.4,53,0.0,5.0,4,0.0,0.0,34.8
2025-05-29 23:00:00,30.6,54,0.0,5.1,0,0.0,0.0,33.7
2025-05-30 00:00:00,29.9,54,0.0,6.0,0,0.0,0.0,32.6
2025-05-30 01:00:00,29.5,53,0.0,6.4,6,0.0,0.0,31.9
2025-05-30 02:00:00,28.8,55,0.0,6.0,0,0.0,0.0,31.2
2025-05-30 03:00:00,28.2,60,0.0,4.8,0,0.0,0.0,31.3
2025-05-30 04:00:00,28.0,61,0.0,3.1,0,0.0,0.0,31.3
2025-05-30 05:00:00,27.1,69,0.0,3.2,0,0.0,0.0,30.9
2025-05-30 06:00:00,28.3,65,0.0,4.3,98,18.0,0.0,32.0
2025-05-30 07:00:00,29.3,62,0.0,2.2,94,99.0,6.0,33.4
2025-05-30 08:00:00,31.6,55,0.0,2.3,96,251.0,78.0,35.8
2025-05-30 09:00:00,34.5,39,0.0,6.9,5,454.0,204.0,36.7
2025-05-30 10:00:00,35.2,34,0.0,13.2,100,564.0,265.0,35.8
2025-05-30 11:00:00,34.6,33,0.0,10.7,100,377.0,94.0,35.1
2025-05-30 12:00:00,34.3,36,0.0,6.2,77,293.0,18.0,36.0
2025-05-30 13:00:00,35.5,37,0.0,6.3,100,556.0,229.0,37.7
2025-05-30 14:00:00,34.3,42,0.0,6.7,91,240.0,5.0,36.9
2025-05-30 15:00:00,35.4,38,0.0,3.6,26,430.0,151.0,38.1
2025-05-30 16:00:00,36.1,34,0.0,2.4,60,435.0,218.0,38.5
2025-05-30 17:00:00,36.0,31,0.0,1.8,15,229.0,71.0,37.9
2025-05-30 18:00:00,33.0,46,0.0,6.5,92,103.0,25.0,35.8
2025-05-30 19:00:00,31.5,51,0.0,5.7,57,12.0,1.0,34.6
2025-05-30 20:00:00,30.5,54,0.0,5.8,1,0.0,0.0,33.5
2025-05-30 21:00:00,29.6,55,0.0,6.9,84,0.0,0.0,32.3
2025-05-30 22:00:00,29.1,55,0.0,6.0,51,0.0,0.0,31.7
2025-05-30 23:00:00,28.4,59,0.0,4.7,7,0.0,0.0,31.3
2025-05-31 00:00:00,27.5,64,0.0,4.0,0,0.0,0.0,30.8
2025-05-31 01:00:00,26.8,65,0.0,4.5,0,0.0,0.0,29.8
2025-05-31 02:00:00,26.5,62,0.0,5.2,0,0.0,0.0,28.9
2025-05-31 03:00:00,26.3,63,0.0,4.9,0,0.0,0.0,28.8
2025-05-31 04:00:00,26.1,64,0.0,5.0,0,0.0,0.0,28.7
2025-05-31 05:00:00,26.3,60,0.0,6.6,0,0.0,0.0,28.2
2025-05-31 06:00:00,28.3,65,0.0,4.8,0,43.0,7.0,31.9
2025-05-31 07:00:00,30.3,60,0.0,4.7,2,177.0,63.0,34.2
2025-05-31 08:00:00,32.5,53,0.0,3.8,0,353.0,176.0,36.6
2025-05-31 09:00:00,34.7,42,0.0,4.0,8,532.0,317.0,37.8
2025-05-31 10:00:00,36.5,34,0.0,2.8,9,677.0,420.0,39.8
2025-05-31 11:00:00,37.9,30,0.0,3.0,9,801.0,536.0,41.6
2025-05-31 12:00:00,39.1,27,0.0,4.0,24,832.0,554.0,42.5
2025-05-31 13:00:00,39.7,24,0.0,7.9,44,737.0,456.0,41.6
2025-05-31 14:00:00,39.0,23,0.0,12.0,50,468.0,208.0,38.7
2025-05-31 15:00:00,39.5,20,0.0,6.9,20,496.0,284.0,39.1
2025-05-31 16:00:00,38.9,19,0.0,9.4,100,353.0,164.0,37.9
2025-05-31 17:00:00,35.4,28,0.0,14.4,99,106.0,2.0,34.6
2025-05-31 18:00:00,28.5,67,1.0,9.6,100,18.0,0.0,31.8
2025-05-31 19:00:00,29.8,56,0.0,5.9,100,3.0,0.0,32.8
2025-05-31 20:00:00,29.9,52,0.0,8.6,97,0.0,0.0,32.0
2025-05-31 21:00:00,29.0,54,0.0,9.2,53,0.0,0.0,31.0
2025-05-31 22:00:00,28.7,57,0.0,4.5,44,0.0,0.0,31.6
2025-05-31 23:00:00,28.6,54,0.0,6.6,62,0.0,0.0,30.7
2025-06-01 00:00:00,28.2,62,0.0,3.2,3,0.0,0.0,31.7
2025-06-01 01:00:00,27.3,64,0.0,4.1,2,0.0,0.0,30.4
2025-06-01 02:00:00,27.2,58,0.0,7.5,22,0.0,0.0,29.2
2025-06-01 03:00:00,27.4,54,0.0,9.4,1,0.0,0.0,28.6
2025-06-01 04:00:00,27.1,53,0.0,10.5,1,0.0,0.0,27.9
2025-06-01 05:00:00,27.0,55,0.0,12.3,3,0.0,0.0,27.7
2025-06-01 06:00:00,29.5,51,0.0,10.7,10,42.0,6.0,31.0
2025-06-01 07:00:00,31.6,45,0.0,11.0,1,164.0,52.0,33.1
2025-06-01 08:00:00,33.7,43,0.0,14.5,7,351.0,180.0,35.1
2025-06-01 09:00:00,34.8,41,0.0,18.6,77,446.0,215.0,35.7
2025-06-01 10:00:00,35.3,35,0.0,17.7,100,512.0,226.0,35.4
2025-06-01 11:00:00,34.9,34,0.0,11.1,95,396.0,78.0,35.6
2025-06-01 12:00:00,36.2,30,0.0,4.4,9,567.0,259.0,37.7
2025-06-01 13:00:00,37.3,27,0.0,7.6,100,800.0,481.0,39.4
2025-06-01 14:00:00,35.4,31,0.0,6.5,28,273.0,40.0,36.4
2025-06-01 15:00:00,36.3,30,0.0,8.1,96,433.0,159.0,37.0
2025-06-01 16:00:00,36.0,30,0.0,9.0,100,189.0,33.0,36.6
2025-06-01 17:00:00,36.0,27,0.0,9.7,100,116.0,17.0,35.8
2025-06-01 18:00:00,26.4,71,2.9,14.9,100,12.0,0.0,28.4
2025-06-01 19:00:00,27.0,67,1.3,10.4,99,2.0,0.0,29.4
2025-06-01 20:00:00,26.9,64,0.0,11.2,100,0.0,0.0,28.9
2025-06-01 21:00:00,27.3,61,0.0,7.8,89,0.0,0.0,29.6
2025-06-01 22:00:00,27.7,60,0.0,6.3,6,0.0,0.0,30.2
2025-06-01 23:00:00,27.4,62,0.0,5.3,22,0.0,0.0,30.2
2025-06-02 00:00:00,27.2,62,0.0,5.2,1,0.0,0.0,29.9
2025-06-02 01:00:00,26.8,60,0.0,7.0,1,0.0,0.0,28.7
2025-06-02 02:00:00,26.1,59,0.0,10.1,3,0.0,0.0,27.2
2025-06-02 03:00:00,25.6,59,0.0,8.9,0,0.0,0.0,26.7
2025-06-02 04:00:00,25.1,66,0.0,1.5,1,0.0,0.0,27.8
2025-06-02 05:00:00,24.1,73,0.0,3.7,0,0.0,0.0,27.0
2025-06-02 06:00:00,28.3,60,0.0,2.5,26,41.0,6.0,31.7
2025-06-02 07:00:00,29.1,57,0.0,5.3,18,159.0,48.0,32.0
2025-06-02 08:00:00,30.4,53,0.0,4.2,34,325.0,148.0,33.4
2025-06-02 09:00:00,32.0,48,0.0,3.7,3,492.0,260.0,35.1
2025-06-02 10:00:00,33.7,43,0.0,2.3,3,677.0,427.0,37.7
2025-06-02 11:00:00,35.3,38,0.0,2.3,2,791.0,522.0,39.7
2025-06-02 12:00:00,36.4,33,0.0,6.1,58,786.0,514.0,39.7
2025-06-02 13:00:00,37.1,29,0.0,9.3,35,661.0,383.0,38.5
2025-06-02 14:00:00,36.7,30,0.0,10.3,52,581.0,295.0,37.5
2025-06-02 15:00:00,36.1,32,0.3,2.8,24,512.0,261.0,38.1
2025-06-02 16:00:00,36.3,32,0.0,2.3,74,342.0,141.0,38.4
2025-06-02 17:00:00,35.3,32,0.0,5.4,85,202.0,63.0,36.6
2025-06-02 18:00:00,32.1,43,0.0,10.1,100,41.0,0.0,33.4
2025-06-02 19:00:00,31.5,45,0.0,8.3,100,6.0,0.0,33.2
2025-06-02 20:00:00,30.5,44,0.0,8.7,100,0.0,0.0,31.7
2025-06-02 21:00:00,29.4,46,0.0,9.1,100,0.0,0.0,30.3
2025-06-02 22:00:00,28.9,47,0.0,5.3,100,0.0,0.0,30.3
2025-06-02 23:00:00,28.4,55,0.0,1.5,82,0.0,0.0,31.3
2025-06-03 00:00:00,28.1,61,0.0,0.9,80,0.0,0.0,31.6
2025-06-03 01:00:00,27.7,60,0.0,0.5,40,0.0,0.0,31.1
2025-06-03 02:00:00,27.0,58,0.0,3.1,0,0.0,0.0,29.4
2025-06-03 03:00:00,26.8,50,0.0,7.7,0,0.0,0.0,27.5
2025-06-03 04:00:00,26.3,50,0.0,9.0,10,0.0,0.0,26.6
2025-06-03 05:00:00,25.8,55,0.0,8.0,100,0.0,0.0,26.7
2025-06-03 06:00:00,26.7,57,0.0,7.5,53,16.0,0.0,28.3
2025-06-03 07:00:00,27.5,55,0.0,5.3,17,107.0,16.0,29.5
2025-06-03 08:00:00,29.6,47,0.0,5.7,3,330.0,153.0,31.2
2025-06-03 09:00:00,31.7,39,0.0,2.9,42,535.0,318.0,33.3
2025-06-03 10:00:00,33.3,34,0.0,2.6,100,621.0,336.0,35.1
2025-06-03 11:00:00,34.6,31,0.0,6.4,100,677.0,312.0,36.1
2025-06-03 12:00:00,34.2,31,0.0,11.9,100,497.0,121.0,34.1
2025-06-03 13:00:00,34.0,33,0.0,12.3,100,436.0,90.0,34.0
2025-06-03 14:00:00,34.5,33,0.0,10.7,100,516.0,134.0,34.9
2025-06-03 15:00:00,33.5,35,0.0,8.2,96,215.0,9.0,34.3
2025-06-03 16:00:00,33.7,34,0.0,4.6,2,237.0,74.0,35.0
2025-06-03 17:00:00,34.0,32,0.0,2.6,12,295.0,137.0,35.4
2025-06-03 18:00:00,31.1,41,0.0,7.8,40,120.0,32.0,32.1
2025-06-03 19:00:00,30.2,46,0.0,5.5,97,17.0,1.0,32.0
2025-06-03 20:00:00,29.7,56,0.0,2.8,100,0.0,0.0,33.1
2025-06-03 21:00:00,29.1,58,0.0,3.2,100,0.0,0.0,32.4
2025-06-03 22:00:00,28.5,57,0.0,5.0,63,0.0,0.0,31.2
2025-06-03 23:00:00,27.1,60,0.0,8.5,100,0.0,0.0,29.1
2025-06-04 00:00:00,25.9,65,0.0,8.1,100,0.0,0.0,28.0
2025-06-04 01:00:00,25.3,70,0.0,7.5,47,0.0,0.0,27.7
2025-06-04 02:00:00,25.0,71,0.0,6.9,44,0.0,0.0,27.6
2025-06-04 03:00:00,24.7,74,0.0,4.2,17,0.0,0.0,27.7
2025-06-04 04:00:00,24.5,76,0.0,3.2,62,0.0,0.0,27.9
2025-06-04 05:00:00,24.5,75,0.0,3.2,51,0.0,0.0,27.8
2025-06-04 06:00:00,26.3,67,0.0,3.4,99,40.0,4.0,29.5
2025-06-04 07:00:00,26.6,67,0.0,5.2,95,96.0,7.0,29.6
2025-06-04 08:00:00,27.6,63,0.0,5.5,100,219.0,33.0,30.6
2025-06-04 09:00:00,28.2,61,0.0,4.9,82,251.0,73.0,31.4
2025-06-04 10:00:00,31.2,50,0.0,3.9,8,656.0,362.0,34.9
2025-06-04 11:00:00,33.3,42,0.0,4.9,3,775.0,491.0,37.2
2025-06-04 12:00:00,34.9,36,0.0,2.2,12,842.0,562.0,39.3
2025-06-04 13:00:00,36.4,29,0.0,1.1,53,802.0,521.0,39.8
2025-06-04 14:00:00,29.5,51,0.3,19.8,99,634.0,342.0,30.1
2025-06-04 15:00:00,30.3,49,0.0,5.7,96,363.0,105.0,32.4
2025-06-04 16:00:00,31.5,43,0.0,5.0,58,352.0,153.0,33.4
2025-06-04 17:00:00,31.3,44,0.0,4.9,8,234.0,70.0,33.2
2025-06-04 18:00:00,32.4,32,0.0,8.4,6,107.0,23.0,32.3
2025-06-04 19:00:00,30.8,38,0.0,7.6,1,17.0,2.0,31.3
2025-06-04 20:00:00,29.6,44,0.0,8.2,1,0.0,0.0,30.4
2025-06-04 21:00:00,28.3,52,0.0,4.3,74,0.0,0.0,30.4
2025-06-04 22:00:00,27.4,60,0.0,3.1,100,0.0,0.0,30.3
2025-06-04 23:00:00,27.1,59,0.0,3.2,100,0.0,0.0,29.8
2025-06-05 00:00:00,26.9,59,0.0,5.6,24,0.0,0.0,29.0
2025-06-05 01:00:00,26.1,63,0.0,5.1,70,0.0,0.0,28.5
2025-06-05 02:00:00,25.7,65,0.0,6.4,48,0.0,0.0,27.9
2025-06-05 03:00:00,25.3,67,0.0,5.8,12,0.0,0.0,27.7
2025-06-05 04:00:00,24.8,70,0.0,5.1,16,0.0,0.0,27.3
2025-06-05 05:00:00,24.4,72,0.0,3.9,53,0.0,0.0,27.2
2025-06-05 06:00:00,26.4,67,0.0,1.9,4,40.0,4.0,29.9
2025-06-05 07:00:00,27.8,59,0.0,3.8,9,171.0,57.0,30.7
2025-06-05 08:00:00,29.6,48,0.0,6.4,1,338.0,161.0,31.4
2025-06-05 09:00:00,31.3,40,0.0,3.6,0,517.0,293.0,32.8
2025-06-05 10:00:00,33.0,35,0.0,0.7,0,685.0,434.0,35.6
2025-06-05 11:00:00,34.4,31,0.0,2.0,0,797.0,526.0,37.3
2025-06-05 12:00:00,35.6,28,0.0,2.4,7,850.0,572.0,38.6
2025-06-05 13:00:00,36.3,26,0.0,3.2,11,827.0,551.0,38.9
2025-06-05 14:00:00,36.9,25,0.0,3.6,9,745.0,479.0,38.7
2025-06-05 15:00:00,37.2,24,0.0,4.2,13,596.0,356.0,37.8
2025-06-05 16:00:00,37.0,24,0.0,2.8,19,444.0,240.0,37.5
2025-06-05 17:00:00,35.9,25,0.0,6.4,15,257.0,110.0,35.8
2025-06-05 18:00:00,34.0,29,0.0,9.4,10,113.0,28.0,33.7
2025-06-05 19:00:00,32.4,36,0.0,5.4,5,17.0,2.0,33.4
2025-06-05 20:00:00,31.2,52,0.0,2.0,4,0.0,0.0,34.7
2025-06-05 21:00:00,31.1,52,0.0,1.4,3,0.0,0.0,34.8
2025-06-05 22:00:00,30.3,54,0.0,1.8,1,0.0,0.0,33.8
2025-06-05 23:00:00,29.1,54,0.0,2.0,4,0.0,0.0,32.0
2025-06-06 00:00:00,28.5,51,0.0,4.7,5,0.0,0.0,30.5
2025-06-06 01:00:00,28.2,51,0.0,5.8,19,0.0,0.0,29.8
2025-06-06 02:00:00,27.6,54,0.0,4.6,19,0.0,0.0,29.5
2025-06-06 03:00:00,27.0,56,0.0,4.5,22,0.0,0.0,29.0
2025-06-06 04:00:00,26.5,58,0.0,4.7,12,0.0,0.0,28.4
2025-06-06 05:00:00,25.9,60,0.0,3.4,8,0.0,0.0,28.2
2025-06-06 06:00:00,29.0,58,0.0,3.7,6,42.0,6.0,32.2
2025-06-06 07:00:00,30.5,50,0.0,3.0,11,165.0,53.0,33.5
2025-06-06 08:00:00,32.6,40,0.0,1.1,0,344.0,170.0,35.0
2025-06-06 09:00:00,34.1,34,0.0,2.1,2,529.0,311.0,35.9
2025-06-06 10:00:00,35.6,29,0.0,2.2,32,681.0,430.0,37.8
2025-06-06 11:00:00,36.1,29,0.0,6.5,15,715.0,443.0,37.8
2025-06-06 12:00:00,36.5,29,0.0,9.5,15,778.0,486.0,38.4
2025-06-06 13:00:00,37.2,28,0.0,10.2,11,787.0,507.0,39.1
2025-06-06 14:00:00,37.7,27,0.0,10.0,33,742.0,477.0,39.3
2025-06-06 15:00:00,37.8,27,0.0,9.7,22,593.0,352.0,38.4
2025-06-06 16:00:00,37.7,27,0.0,8.0,21,445.0,242.0,38.3
2025-06-06 17:00:00,37.4,27,0.0,7.2,16,278.0,122.0,38.1
2025-06-06 18:00:00,36.7,26,0.0,5.0,6,114.0,29.0,37.3
2025-06-06 19:00:00,34.8,33,0.0,8.6,0,18.0,2.0,35.7
2025-06-06 20:00:00,33.6,38,0.0,6.4,0,0.0,0.0,35.1
2025-06-06 21:00:00,32.5,41,0.0,4.3,0,0.0,0.0,34.6
2025-06-06 22:00:00,31.7,45,0.0,4.4,0,0.0,0.0,34.0
2025-06-06 23:00:00,30.8,48,0.0,4.0,0,0.0,0.0,33.3
2025-06-07 00:00:00,30.3,49,0.0,5.2,0,0.0,0.0,32.5
2025-06-07 01:00:00,29.7,50,0.0,7.4,0,0.0,0.0,31.5
2025-06-07 02:00:00,29.1,51,0.0,7.4,0,0.0,0.0,30.9
2025-06-07 03:00:00,28.6,52,0.0,8.0,0,0.0,0.0,30.3
2025-06-07 04:00:00,28.3,52,0.0,7.9,0,0.0,0.0,29.8
2025-06-07 05:00:00,28.0,52,0.0,7.2,0,0.0,0.0,29.5
2025-06-07 06:00:00,30.2,51,0.0,7.2,0,43.0,7.0,32.3
2025-06-07 07:00:00,31.9,46,0.0,5.1,0,173.0,59.0,34.5
2025-06-07 08:00:00,34.4,40,0.0,5.6,0,348.0,175.0,36.8
2025-06-07 09:00:00,36.9,30,0.0,7.3,0,528.0,311.0,37.9
2025-06-07 10:00:00,38.1,26,0.0,4.5,0,683.0,435.0,40.1
2025-06-07 11:00:00,39.4,24,0.0,5.0,2,785.0,517.0,41.8
2025-06-07 12:00:00,40.9,22,0.0,9.3,5,840.0,562.0,42.8
2025-06-07 13:00:00,41.2,22,0.0,7.7,21,773.0,468.0,43.0
2025-06-07 14:00:00,40.3,23,0.0,6.8,34,689.0,425.0,41.8
2025-06-07 15:00:00,40.2,24,0.0,6.7,10,561.0,315.0,41.1
2025-06-07 16:00:00,39.8,24,0.0,8.5,37,456.0,253.0,40.4
2025-06-07 17:00:00,38.8,27,0.0,8.1,13,284.0,130.0,39.8
2025-06-07 18:00:00,37.0,33,0.0,10.4,1,120.0,32.0,38.4
2025-06-07 19:00:00,35.8,35,0.0,7.9,0,18.0,2.0,37.5
2025-06-07 20:00:00,34.9,37,0.0,8.3,1,0.0,0.0,36.6
2025-06-07 21:00:00,34.1,40,0.0,4.8,2,0.0,0.0,36.5
2025-06-07 22:00:00,33.4,43,0.0,5.0,0,0.0,0.0,36.0
2025-06-07 23:00:00,32.9,44,0.0,4.0,0,0.0,0.0,35.7
2025-06-08 00:00:00,32.3,46,0.0,5.6,0,0.0,0.0,34.9
2025-06-08 01:00:00,31.2,50,0.0,6.9,0,0.0,0.0,33.8
2025-06-08 02:00:00,30.5,52,0.0,6.7,0,0.0,0.0,33.1
2025-06-08 03:00:00,29.9,53,0.0,7.4,0,0.0,0.0,32.2
2025-06-08 04:00:00,29.6,52,0.0,7.4,0,0.0,0.0,31.7
2025-06-08 05:00:00,29.6,51,0.0,7.3,0,0.0,0.0,31.6
2025-06-08 06:00:00,31.3,49,0.0,7.3,0,43.0,6.0,33.8
2025-06-08 07:00:00,32.8,45,0.0,6.1,0,170.0,58.0,35.4
2025-06-08 08:00:00,35.0,40,0.0,2.7,0,346.0,174.0,38.1
2025-06-08 09:00:00,37.2,34,0.0,3.1,0,526.0,310.0,40.0
2025-06-08 10:00:00,39.1,29,0.0,4.7,0,681.0,434.0,42.1
2025-06-08 11:00:00,40.6,25,0.0,5.4,7,790.0,525.0,43.7
2025-06-08 12:00:00,41.8,23,0.0,7.8,16,819.0,544.0,44.3
2025-06-08 13:00:00,42.6,21,0.0,10.0,6,790.0,519.0,44.4
2025-06-08 14:00:00,42.8,20,0.0,11.4,18,721.0,461.0,43.8
2025-06-08 15:00:00,42.8,20,0.0,11.9,13,613.0,376.0,43.0
2025-06-08 16:00:00,42.0,21,0.0,14.0,10,451.0,251.0,41.8
2025-06-08 17:00:00,41.0,23,0.0,14.6,0,279.0,127.0,40.9
2025-06-08 18:00:00,41.6,20,0.0,13.0,0,117.0,31.0,40.9
2025-06-08 19:00:00,40.2,23,0.0,8.1,1,19.0,2.0,40.7
2025-06-08 20:00:00,38.6,29,0.0,5.5,0,0.0,0.0,40.4
2025-06-08 21:00:00,37.0,41,0.0,1.7,0,0.0,0.0,41.4
2025-06-08 22:00:00,35.8,41,0.0,3.3,0,0.0,0.0,39.4
2025-06-08 23:00:00,34.7,43,0.0,3.2,0,0.0,0.0,38.2
2025-06-09 00:00:00,33.9,45,0.0,3.1,0,0.0,0.0,37.5
2025-06-09 01:00:00,33.4,42,0.0,9.0,0,0.0,0.0,35.3
2025-06-09 02:00:00,31.8,43,0.0,6.8,0,0.0,0.0,33.5
2025-06-09 03:00:00,30.9,43,0.0,5.1,0,0.0,0.0,32.6
2025-06-09 04:00:00,30.2,46,0.0,3.1,0,0.0,0.0,32.3
2025-06-09 05:00:00,30.0,44,0.0,5.1,0,0.0,0.0,31.5
2025-06-09 06:00:00,32.5,45,0.0,5.6,0,44.0,7.0,35.0
2025-06-09 07:00:00,33.7,42,0.0,5.6,0,175.0,61.0,36.2
2025-06-09 08:00:00,35.8,36,0.0,5.9,0,353.0,180.0,38.1
2025-06-09 09:00:00,37.8,31,0.0,9.3,0,537.0,320.0,39.3
2025-06-09 10:00:00,39.9,25,0.0,10.8,0,693.0,447.0,41.1
2025-06-09 11:00:00,41.4,21,0.0,11.9,0,805.0,539.0,42.6
2025-06-09 12:00:00,42.5,19,0.0,11.8,0,860.0,584.0,43.7
2025-06-09 13:00:00,43.3,17,0.0,12.0,0,850.0,576.0,44.2
2025-06-09 14:00:00,43.7,16,0.0,13.4,0,777.0,516.0,43.6
2025-06-09 15:00:00,43.4,16,0.0,15.5,0,650.0,412.0,42.3
2025-06-09 16:00:00,42.4,19,0.0,16.5,0,482.0,278.0,41.1
2025-06-09 17:00:00,41.7,21,0.0,14.8,0,295.0,139.0,41.0
2025-06-09 18:00:00,41.5,18,0.0,15.9,1,125.0,34.0,40.0
2025-06-09 19:00:00,40.0,18,0.0,14.5,0,19.0,2.0,38.4
2025-06-09 20:00:00,39.2,17,0.0,12.0,0,0.0,0.0,37.3
2025-06-09 21:00:00,37.9,18,0.0,8.5,0,0.0,0.0,36.6
2025-06-09 22:00:00,36.7,21,0.0,6.9,0,0.0,0.0,35.8
2025-06-09 23:00:00,36.0,22,0.0,7.8,0,0.0,0.0,35.0
2025-06-10 00:00:00,34.4,25,0.0,8.0,0,0.0,0.0,33.6
2025-06-10 01:00:00,32.8,28,0.0,8.1,0,0.0,0.0,32.0
2025-06-10 02:00:00,31.8,28,0.0,8.0,0,0.0,0.0,31.0
2025-06-10 03:00:00,31.1,28,0.0,7.7,0,0.0,0.0,30.1
2025-06-10 04:00:00,30.5,28,0.0,8.0,0,0.0,0.0,29.4
2025-06-10 05:00:00,30.1,28,0.0,9.0,0,0.0,0.0,28.6
2025-06-10 06:00:00,32.0,29,0.0,7.9,0,44.0,7.0,31.3
2025-06-10 07:00:00,33.7,26,0.0,7.2,0,176.0,61.0,33.0
2025-06-10 08:00:00,35.7,22,0.0,9.3,0,356.0,181.0,34.6
2025-06-10 09:00:00,37.8,20,0.0,11.5,0,540.0,322.0,36.3
2025-06-10 10:00:00,39.5,19,0.0,12.5,0,698.0,449.0,39.0
2025-06-10 11:00:00,41.0,18,0.0,12.4,0,809.0,541.0,41.2
2025-06-10 12:00:00,42.2,17,0.0,12.5,0,863.0,585.0,42.6
2025-06-10 13:00:00,42.7,16,0.0,14.0,0,853.0,578.0,42.7
2025-06-10 14:00:00,43.1,15,0.0,14.4,0,782.0,519.0,42.5
2025-06-10 15:00:00,42.9,15,0.0,14.4,0,654.0,415.0,41.6
2025-06-10 16:00:00,42.3,16,0.0,13.0,0,486.0,281.0,40.8
2025-06-10 17:00:00,41.6,18,0.0,10.8,0,299.0,141.0,40.6
2025-06-10 18:00:00,41.6,17,0.0,11.1,0,127.0,36.0,40.3
2025-06-10 19:00:00,40.3,19,0.0,7.9,0,20.0,2.0,39.8
2025-06-10 20:00:00,39.7,19,0.0,5.5,0,0.0,0.0,39.4
2025-06-10 21:00:00,38.6,22,0.0,1.0,0,0.0,0.0,39.4
2025-06-10 22:00:00,36.5,26,0.0,2.2,0,0.0,0.0,37.3
2025-06-10 23:00:00,35.9,28,0.0,1.2,0,0.0,0.0,37.1
2025-06-11 00:00:00,34.2,30,0.0,4.2,0,0.0,0.0,34.9
2025-06-11 01:00:00,32.7,36,0.0,3.3,0,0.0,0.0,34.0
2025-06-11 02:00:00,31.8,39,0.0,5.5,0,0.0,0.0,33.1
2025-06-11 03:00:00,31.0,41,0.0,3.8,0,0.0,0.0,32.6
2025-06-11 04:00:00,30.4,45,0.0,2.6,0,0.0,0.0,32.5
2025-06-11 05:00:00,30.1,44,0.0,2.1,0,0.0,0.0,32.1
2025-06-11 06:00:00,32.9,29,0.0,11.4,0,44.0,7.0,32.0
2025-06-11 07:00:00,34.2,27,0.0,9.4,0,175.0,61.0,33.5
2025-06-11 08:00:00,36.1,25,0.0,10.4,0,353.0,179.0,35.5
2025-06-11 09:00:00,38.1,24,0.0,10.6,0,535.0,318.0,37.8
2025-06-11 10:00:00,39.8,23,0.0,10.0,0,690.0,443.0,40.6
2025-06-11 11:00:00,41.2,22,0.0,9.3,0,800.0,534.0,42.9
2025-06-11 12:00:00,42.3,20,0.0,8.5,0,853.0,578.0,44.4
2025-06-11 13:00:00,43.1,19,0.0,8.3,0,843.0,570.0,45.1
2025-06-11 14:00:00,43.6,19,0.0,8.8,0,770.0,510.0,45.1
2025-06-11 15:00:00,43.4,19,0.0,9.4,0,643.0,406.0,44.2
2025-06-11 16:00:00,42.7,21,0.0,9.5,0,476.0,273.0,43.1
2025-06-11 17:00:00,41.5,24,0.0,9.3,0,291.0,136.0,42.5
2025-06-11 18:00:00,40.8,24,0.0,4.9,0,125.0,34.0,42.2
2025-06-11 19:00:00,38.6,35,0.0,11.2,1,19.0,2.0,40.8
2025-06-11 20:00:00,36.8,45,0.0,11.6,0,0.0,0.0,40.6
2025-06-11 21:00:00,36.0,50,0.0,10.6,2,0.0,0.0,40.4
2025-06-11 22:00:00,34.9,55,0.0,8.5,2,0.0,0.0,40.1
2025-06-11 23:00:00,34.2,58,0.0,7.3,0,0.0,0.0,39.7
2025-06-12 00:00:00,33.5,60,0.0,7.5,0,0.0,0.0,38.9
2025-06-12 01:00:00,33.0,61,0.0,6.9,0,0.0,0.0,38.4
2025-06-12 02:00:00,32.6,62,0.0,7.5,1,0.0,0.0,37.7
2025-06-12 03:00:00,32.1,63,0.0,8.4,1,0.0,0.0,37.0
2025-06-12 04:00:00,31.6,64,0.0,7.6,0,0.0,0.0,36.5
2025-06-12 05:00:00,31.1,65,0.0,8.1,3,0.0,0.0,35.9
2025-06-12 06:00:00,32.4,62,0.0,6.6,0,42.0,6.0,37.5
2025-06-12 07:00:00,33.7,55,0.0,5.9,1,168.0,56.0,38.5
2025-06-12 08:00:00,35.6,47,0.0,5.9,1,339.0,167.0,39.9
2025-06-12 09:00:00,37.6,40,0.0,5.9,0,517.0,302.0,41.5
2025-06-12 10:00:00,39.3,36,0.0,8.1,0,671.0,427.0,43.5
2025-06-12 11:00:00,40.8,33,0.0,8.8,55,780.0,516.0,45.3
2025-06-12 12:00:00,41.5,30,0.0,8.1,47,751.0,483.0,45.6
2025-06-12 13:00:00,41.9,29,0.1,6.6,35,765.0,480.0,46.2
2025-06-12 14:00:00,42.6,27,0.0,5.5,13,719.0,455.0,46.4
2025-06-12 15:00:00,43.1,25,0.0,3.9,19,603.0,365.0,46.2
2025-06-12 16:00:00,41.9,27,0.0,6.4,31,415.0,212.0,44.3
2025-06-12 17:00:00,38.6,40,0.4,6.4,41,246.0,100.0,42.8
2025-06-12 18:00:00,40.0,30,0.0,10.5,18,118.0,30.0,41.8
2025-06-12 19:00:00,38.3,39,0.0,11.7,7,18.0,2.0,41.3
2025-06-12 20:00:00,37.2,42,0.0,10.5,1,0.0,0.0,40.7
2025-06-12 21:00:00,36.5,45,0.0,10.6,0,0.0,0.0,40.2
2025-06-12 22:00:00,35.5,49,0.0,9.6,0,0.0,0.0,39.5
2025-06-12 23:00:00,34.7,51,0.0,8.9,0,0.0,0.0,38.9
2025-06-13 00:00:00,34.0,52,0.0,10.9,0,0.0,0.0,37.6
2025-06-13 01:00:00,33.2,53,0.0,9.3,0,0.0,0.0,36.9
2025-06-13 02:00:00,32.6,55,0.0,9.6,1,0.0,0.0,36.3
2025-06-13 03:00:00,32.1,56,0.0,8.9,10,0.0,0.0,35.8
2025-06-13 04:00:00,31.7,58,0.0,8.3,9,0.0,0.0,35.6
2025-06-13 05:00:00,31.3,60,0.0,9.2,12,0.0,0.0,35.2
2025-06-13 06:00:00,33.2,60,0.0,7.8,0,41.0,6.0,38.4
2025-06-13 07:00:00,34.4,55,0.0,9.3,0,166.0,55.0,39.3
2025-06-13 08:00:00,36.0,48,0.0,10.3,0,337.0,167.0,40.1
2025-06-13 09:00:00,37.8,41,0.0,9.2,0,516.0,302.0,41.6
2025-06-13 10:00:00,39.6,36,0.0,9.3,6,668.0,423.0,43.6
2025-06-13 11:00:00,40.8,32,0.0,10.0,24,722.0,450.0,44.6
2025-06-13 12:00:00,41.1,33,0.0,8.7,37,760.0,476.0,45.6
2025-06-13 13:00:00,39.4,41,0.0,13.4,55,713.0,433.0,44.2
2025-06-13 14:00:00,39.8,39,0.0,6.0,36,671.0,392.0,45.2
2025-06-13 15:00:00,40.3,37,0.0,6.3,12,554.0,306.0,44.8
2025-06-13 16:00:00,40.5,36,0.0,7.3,41,432.0,232.0,44.6
2025-06-13 17:00:00,40.0,37,0.0,8.7,53,268.0,117.0,43.9
2025-06-13 18:00:00,36.3,47,0.0,12.6,1,120.0,31.0,39.9
2025-06-13 19:00:00,35.2,51,0.0,12.3,3,20.0,2.0,39.1
2025-06-13 20:00:00,34.5,55,0.0,11.0,1,0.0,0.0,38.9
2025-06-13 21:00:00,33.9,58,0.0,8.9,1,0.0,0.0,38.9
2025-06-13 22:00:00,33.3,60,0.0,8.5,0,0.0,0.0,38.5
2025-06-13 23:00:00,32.7,62,0.0,8.8,0,0.0,0.0,37.8
2025-06-14 00:00:00,32.2,64,0.0,8.9,0,0.0,0.0,37.3
2025-06-14 01:00:00,31.9,64,0.0,9.4,2,0.0,0.0,36.7
2025-06-14 02:00:00,31.6,64,0.0,7.5,0,0.0,0.0,36.5
2025-06-14 03:00:00,31.3,64,0.0,6.5,0,0.0,0.0,36.3
2025-06-14 04:00:00,31.0,65,0.0,7.0,0,0.0,0.0,35.8
2025-06-14 05:00:00,30.6,67,0.0,6.6,1,0.0,0.0,35.5
2025-06-14 06:00:00,31.3,65,0.0,6.5,0,41.0,6.0,36.4
2025-06-14 07:00:00,32.5,61,0.0,6.1,0,164.0,53.0,37.8
2025-06-14 08:00:00,34.4,55,0.0,6.3,0,334.0,164.0,39.6
2025-06-14 09:00:00,36.3,49,0.0,6.2,0,510.0,296.0,41.4
2025-06-14 10:00:00,38.1,43,0.0,5.5,0,661.0,416.0,43.5
2025-06-14 11:00:00,39.6,37,0.0,4.5,2,770.0,506.0,45.4
2025-06-14 12:00:00,40.8,33,0.0,3.1,37,820.0,546.0,46.6
2025-06-14 13:00:00,41.6,30,0.0,3.3,34,743.0,477.0,46.5
2025-06-14 14:00:00,42.3,28,0.0,4.2,24,660.0,397.0,46.1
2025-06-14 15:00:00,42.9,25,0.0,4.2,21,561.0,323.0,45.6
2025-06-14 16:00:00,42.3,25,0.0,7.6,38,409.0,216.0,44.1
2025-06-14 17:00:00,38.4,43,0.3,13.5,16,257.0,110.0,42.4
2025-06-14 18:00:00,39.2,32,0.0,9.4,11,122.0,33.0,41.4
2025-06-14 19:00:00,37.8,35,0.0,9.4,7,20.0,2.0,40.2
2025-06-14 20:00:00,37.1,36,0.0,6.8,6,0.0,0.0,39.8
2025-06-14 21:00:00,36.3,39,0.0,9.2,4,0.0,0.0,38.8
2025-06-14 22:00:00,35.3,44,0.0,9.0,2,0.0,0.0,38.4
2025-06-14 23:00:00,34.8,46,0.0,9.7,2,0.0,0.0,37.9
2025-06-15 00:00:00,34.2,46,0.0,8.9,1,0.0,0.0,37.2
2025-06-15 01:00:00,33.6,47,0.0,7.7,1,0.0,0.0,36.7
2025-06-15 02:00:00,32.9,50,0.0,7.3,3,0.0,0.0,36.2
2025-06-15 03:00:00,32.2,53,0.0,6.4,14,0.0,0.0,35.8
2025-06-15 04:00:00,31.8,54,0.0,5.1,7,0.0,0.0,35.6
2025-06-15 05:00:00,31.5,55,0.0,6.1,10,0.0,0.0,35.2
2025-06-15 06:00:00,29.6,70,0.2,13.6,90,36.0,4.0,33.4
2025-06-15 07:00:00,30.8,62,0.0,18.5,94,82.0,12.0,33.3
2025-06-15 08:00:00,31.2,56,0.7,6.5,13,205.0,77.0,34.8
2025-06-15 09:00:00,33.7,48,0.4,7.5,54,322.0,117.0,37.0
2025-06-15 10:00:00,35.7,41,0.0,11.9,91,462.0,172.0,37.9
2025-06-15 11:00:00,33.3,58,0.0,14.8,15,330.0,76.0,37.2
2025-06-15 12:00:00,35.3,50,0.0,11.2,98,660.0,349.0,39.9
2025-06-15 13:00:00,37.5,43,0.0,10.4,87,795.0,505.0,42.7
2025-06-15 14:00:00,37.9,41,0.0,9.7,23,719.0,447.0,42.5
2025-06-15 15:00:00,37.8,41,0.0,7.9,38,606.0,360.0,42.0
2025-06-15 16:00:00,37.5,42,0.0,7.0,64,387.0,189.0,41.6
2025-06-15 17:00:00,37.4,43,0.0,5.9,81,274.0,114.0,41.8
2025-06-15 18:00:00,33.9,58,0.0,7.3,34,117.0,27.0,39.2
2025-06-15 19:00:00,33.2,60,0.0,5.9,26,20.0,2.0,38.7
2025-06-15 20:00:00,32.9,62,0.0,3.2,28,0.0,0.0,38.9
2025-06-15 21:00:00,32.8,64,0.0,2.4,100,0.0,0.0,39.1
2025-06-15 22:00:00,32.6,66,0.0,4.3,53,0.0,0.0,38.8
2025-06-15 23:00:00,32.2,68,0.0,5.8,30,0.0,0.0,38.3
2025-06-16 00:00:00,31.6,70,0.0,5.4,53,0.0,0.0,37.8
2025-06-16 01:00:00,30.9,73,0.0,6.9,1,0.0,0.0,36.8
2025-06-16 02:00:00,30.1,78,0.0,6.4,9,0.0,0.0,36.4
2025-06-16 03:00:00,29.7,81,0.0,6.2,9,0.0,0.0,36.1
2025-06-16 04:00:00,29.1,83,0.0,13.8,28,0.0,0.0,34.3
2025-06-16 05:00:00,25.4,92,3.5,13.3,90,0.0,0.0,29.5
2025-06-16 06:00:00,24.8,98,11.2,7.1,100,19.0,0.0,30.1
2025-06-16 07:00:00,25.6,96,2.2,4.4,97,19.0,1.0,31.6
2025-06-16 08:00:00,26.9,90,0.6,2.5,100,144.0,19.0,33.3
2025-06-16 09:00:00,27.4,90,0.4,3.7,100,185.0,19.0,34.0
2025-06-16 10:00:00,27.5,89,0.1,5.3,100,115.0,2.0,33.8
2025-06-16 11:00:00,29.7,79,0.0,7.0,95,381.0,121.0,35.8
2025-06-16 12:00:00,30.7,76,0.0,5.4,100,460.0,125.0,37.2
2025-06-16 13:00:00,31.5,73,0.0,7.4,97,595.0,218.0,38.1
2025-06-16 14:00:00,31.8,71,0.0,7.0,100,533.0,215.0,38.1
2025-06-16 15:00:00,32.0,69,0.0,4.6,100,359.0,92.0,38.4
2025-06-16 16:00:00,32.0,69,0.0,6.0,100,292.0,95.0,38.2
2025-06-16 17:00:00,31.8,70,0.0,5.4,100,166.0,35.0,38.1
2025-06-16 18:00:00,31.8,74,0.0,1.7,100,113.0,25.0,39.2
2025-06-16 19:00:00,30.7,77,0.0,4.0,100,12.0,0.0,37.5
2025-06-16 20:00:00,30.0,79,0.0,6.4,100,0.0,0.0,36.3
2025-06-16 21:00:00,29.7,79,0.0,5.8,72,0.0,0.0,36.0
2025-06-16 22:00:00,28.1,84,6.9,4.3,94,0.0,0.0,34.2
2025-06-16 23:00:00,27.2,95,0.7,5.7,65,0.0,0.0,34.0
2025-06-17 00:00:00,26.7,96,0.4,7.3,100,0.0,0.0,33.0
2025-06-17 01:00:00,26.3,99,0.5,9.2,100,0.0,0.0,32.4
2025-06-17 02:00:00,26.2,97,1.5,7.0,100,0.0,0.0,32.3
2025-06-17 03:00:00,26.2,93,0.8,7.2,100,0.0,0.0,31.9
2025-06-17 04:00:00,25.6,96,7.3,4.8,100,0.0,0.0,31.6
2025-06-17 05:00:00,25.2,95,3.2,11.1,100,0.0,0.0,29.8
2025-06-17 06:00:00,26.1,95,0.3,3.5,99,21.0,2.0,32.5
2025-06-17 07:00:00,27.0,90,0.3,3.8,100,127.0,23.0,33.3
2025-06-17 08:00:00,27.4,89,0.2,4.2,76,147.0,6.0,33.9
2025-06-17 09:00:00,29.2,83,0.0,5.7,31,435.0,187.0,35.7
2025-06-17 10:00:00,30.8,76,0.0,5.6,15,656.0,402.0,38.0
2025-06-17 11:00:00,31.9,72,0.0,6.4,3,758.0,484.0,39.8
2025-06-17 12:00:00,32.6,69,0.0,5.6,20,794.0,518.0,40.9
2025-06-17 13:00:00,33.2,67,0.0,4.9,24,770.0,487.0,41.4
2025-06-17 14:00:00,33.4,65,0.0,5.0,19,677.0,409.0,40.8
2025-06-17 15:00:00,33.7,64,0.0,5.6,19,573.0,327.0,40.4
2025-06-17 16:00:00,33.5,64,0.0,6.9,30,419.0,217.0,39.6
2025-06-17 17:00:00,32.9,67,0.0,6.0,49,219.0,84.0,39.3
2025-06-17 18:00:00,30.9,73,0.0,3.4,100,72.0,3.0,37.5
2025-06-17 19:00:00,30.0,78,0.0,5.5,100,8.0,0.0,36.3
2025-06-17 20:00:00,28.8,80,0.3,8.6,100,0.0,0.0,34.4
2025-06-17 21:00:00,27.8,84,0.5,8.1,100,0.0,0.0,33.2
2025-06-17 22:00:00,27.2,83,0.5,6.4,100,0.0,0.0,32.4
2025-06-17 23:00:00,26.2,89,1.1,3.4,100,0.0,0.0,31.9
2025-06-18 00:00:00,25.6,90,1.0,4.6,100,0.0,0.0,31.0
2025-06-18 01:00:00,25.2,94,1.1,3.4,100,0.0,0.0,30.8
2025-06-18 02:00:00,24.9,94,1.2,5.6,100,0.0,0.0,30.2
2025-06-18 03:00:00,24.5,93,0.6,5.9,100,0.0,0.0,29.3
2025-06-18 04:00:00,24.0,94,0.8,7.8,100,0.0,0.0,28.3
2025-06-18 05:00:00,24.0,94,0.6,6.1,100,0.0,0.0,28.5
2025-06-18 06:00:00,25.8,90,0.0,4.0,87,12.0,0.0,31.4
2025-06-18 07:00:00,26.3,90,0.0,7.4,77,139.0,29.0,31.6
2025-06-18 08:00:00,27.4,85,0.0,5.6,40,295.0,114.0,33.1
2025-06-18 09:00:00,28.8,80,0.0,4.3,5,458.0,217.0,34.9
2025-06-18 10:00:00,30.3,74,0.0,2.2,6,632.0,372.0,37.3
2025-06-18 11:00:00,31.3,71,0.0,3.3,13,746.0,474.0,39.0
2025-06-18 12:00:00,32.0,67,0.0,2.9,13,776.0,494.0,39.9
2025-06-18 13:00:00,32.8,64,0.0,2.4,24,766.0,480.0,40.5
2025-06-18 14:00:00,33.1,62,0.0,2.6,17,689.0,421.0,40.2
2025-06-18 15:00:00,33.2,59,0.0,3.3,27,570.0,329.0,38.9
2025-06-18 16:00:00,33.2,57,0.0,3.1,9,427.0,224.0,38.5
2025-06-18 17:00:00,33.1,56,0.0,2.8,6,280.0,124.0,38.2
2025-06-18 18:00:00,31.4,71,0.0,4.5,86,104.0,19.0,37.9
2025-06-18 19:00:00,30.2,76,0.0,6.3,100,16.0,1.0,36.2
2025-06-18 20:00:00,29.5,77,0.0,6.1,98,0.0,0.0,35.4
2025-06-18 21:00:00,29.1,80,0.0,5.6,100,0.0,0.0,35.3
2025-06-18 22:00:00,28.9,82,0.0,4.7,100,0.0,0.0,35.2
2025-06-18 23:00:00,28.6,83,0.0,4.8,98,0.0,0.0,34.9
2025-06-19 00:00:00,28.3,85,0.0,4.2,44,0.0,0.0,34.7
2025-06-19 01:00:00,28.0,86,0.0,5.5,14,0.0,0.0,34.2
2025-06-19 02:00:00,27.7,88,0.0,4.3,31,0.0,0.0,34.1
2025-06-19 03:00:00,27.5,88,0.0,5.1,97,0.0,0.0,33.8
2025-06-19 04:00:00,27.4,88,0.0,6.2,22,0.0,0.0,33.3
2025-06-19 05:00:00,27.2,86,0.0,7.8,96,0.0,0.0,32.5
2025-06-19 06:00:00,27.0,88,0.0,5.2,18,38.0,5.0,32.9
2025-06-19 07:00:00,28.0,84,0.0,2.4,9,157.0,47.0,34.4
2025-06-19 08:00:00,29.3,78,0.0,3.4,12,323.0,151.0,35.6
2025-06-19 09:00:00,30.5,74,0.0,5.1,68,491.0,269.0,36.7
2025-06-19 10:00:00,31.1,73,0.0,7.2,57,534.0,267.0,37.1
2025-06-19 11:00:00,31.5,70,0.0,7.2,25,532.0,224.0,37.3
2025-06-19 12:00:00,32.0,68,0.1,8.8,31,665.0,343.0,38.4
2025-06-19 13:00:00,32.3,64,0.0,9.9,15,666.0,359.0,38.0
2025-06-19 14:00:00,32.7,61,0.0,9.7,58,665.0,362.0,38.2
2025-06-19 15:00:00,32.7,61,0.0,9.1,33,526.0,262.0,37.5
2025-06-19 16:00:00,32.5,62,0.0,8.5,21,446.0,240.0,37.4
2025-06-19 17:00:00,31.9,65,0.0,9.5,28,272.0,113.0,36.8
2025-06-19 18:00:00,31.3,69,0.0,5.2,7,114.0,24.0,37.1
2025-06-19 19:00:00,30.0,76,0.0,5.1,23,21.0,2.0,36.1
2025-06-19 20:00:00,29.6,80,0.0,3.5,7,0.0,0.0,36.3
2025-06-19 21:00:00,29.0,82,0.0,4.8,99,0.0,0.0,35.5
2025-06-19 22:00:00,28.6,85,0.0,5.4,100,0.0,0.0,35.0
2025-06-19 23:00:00,28.1,87,0.0,4.4,99,0.0,0.0,34.6
2025-06-20 00:00:00,27.7,88,0.0,5.1,100,0.0,0.0,34.0
2025-06-20 01:00:00,27.4,89,0.0,6.0,92,0.0,0.0,33.5
2025-06-20 02:00:00,27.2,90,0.0,5.1,95,0.0,0.0,33.5
2025-06-20 03:00:00,26.4,92,0.0,13.8,100,0.0,0.0,31.0
2025-06-20 04:00:00,25.5,93,0.1,8.5,100,0.0,0.0,30.6
2025-06-20 05:00:00,25.5,94,0.0,7.3,100,0.0,0.0,30.7
2025-06-20 06:00:00,27.2,93,0.0,5.5,100,29.0,0.0,33.7
2025-06-20 07:00:00,28.0,89,0.0,5.2,100,133.0,24.0,34.7
2025-06-20 08:00:00,29.0,83,0.0,8.0,100,252.0,69.0,35.2
2025-06-20 09:00:00,29.8,79,0.0,9.8,100,326.0,69.0,35.5
2025-06-20 10:00:00,30.2,77,0.1,10.6,100,418.0,102.0,35.9
2025-06-20 11:00:00,31.2,75,0.1,8.4,100,562.0,198.0,37.6
2025-06-20 12:00:00,31.7,72,0.1,10.7,100,570.0,168.0,37.6
2025-06-20 13:00:00,30.1,76,0.8,11.0,100,435.0,100.0,35.4
2025-06-20 14:00:00,30.4,74,0.0,10.1,100,269.0,8.0,35.9
2025-06-20 15:00:00,30.9,72,0.0,8.7,100,259.0,19.0,36.5
2025-06-20 16:00:00,30.8,73,0.0,8.1,100,220.0,20.0,36.6
2025-06-20 17:00:00,30.7,73,0.0,8.7,100,165.0,15.0,36.4
2025-06-20 18:00:00,30.0,80,0.0,6.3,100,95.0,9.0,36.5
2025-06-20 19:00:00,29.0,84,0.0,5.6,100,20.0,1.0,35.6
2025-06-20 20:00:00,28.4,87,0.0,5.1,100,0.0,0.0,35.1
2025-06-20 21:00:00,28.1,89,0.0,6.4,100,0.0,0.0,34.6
2025-06-20 22:00:00,27.7,91,0.0,6.6,100,0.0,0.0,34.2
2025-06-20 23:00:00,27.5,92,0.0,7.2,100,0.0,0.0,33.8
2025-06-21 00:00:00,27.2,93,0.0,6.7,100,0.0,0.0,33.6
2025-06-21 01:00:00,27.0,94,0.0,6.7,100,0.0,0.0,33.3
2025-06-21 02:00:00,26.8,94,0.0,6.5,80,0.0,0.0,33.0
2025-06-21 03:00:00,26.5,94,0.0,4.8,34,0.0,0.0,32.9
2025-06-21 04:00:00,26.3,95,0.0,4.2,25,0.0,0.0,32.7
2025-06-21 05:00:00,26.2,95,0.0,2.6,38,0.0,0.0,32.8
2025-06-21 06:00:00,26.8,95,1.3,6.9,69,25.0,2.0,33.1
2025-06-21 07:00:00,27.8,92,0.1,2.9,13,126.0,29.0,35.0
2025-06-21 08:00:00,29.3,84,0.0,5.2,15,311.0,140.0,36.2
2025-06-21 09:00:00,30.8,73,0.0,7.0,16,474.0,262.0,36.8
2025-06-21 10:00:00,32.1,65,0.0,7.3,77,623.0,375.0,38.0
2025-06-21 11:00:00,33.1,62,0.0,7.1,58,735.0,462.0,39.8
2025-06-21 12:00:00,33.8,59,0.0,6.2,42,780.0,485.0,40.8
2025-06-21 13:00:00,34.3,56,0.1,5.4,89,723.0,442.0,40.9
2025-06-21 14:00:00,34.6,57,0.1,4.8,18,710.0,424.0,41.5
2025-06-21 15:00:00,34.7,57,0.0,3.9,18,598.0,359.0,41.1
2025-06-21 16:00:00,34.7,58,0.0,3.1,9,441.0,237.0,41.0
2025-06-21 17:00:00,34.3,59,0.0,2.6,4,278.0,125.0,40.8
2025-06-21 18:00:00,31.9,71,0.0,3.4,34,109.0,23.0,38.7
2025-06-21 19:00:00,31.4,74,0.0,3.9,25,20.0,2.0,38.4
2025-06-21 20:00:00,30.8,79,0.0,4.9,13,0.0,0.0,37.9
2025-06-21 21:00:00,30.3,81,0.0,4.0,6,0.0,0.0,37.6
2025-06-21 22:00:00,30.0,83,0.0,3.5,1,0.0,0.0,37.4
2025-06-21 23:00:00,29.6,84,0.0,5.0,1,0.0,0.0,36.7
2025-06-22 00:00:00,29.2,85,0.0,6.1,7,0.0,0.0,36.0
2025-06-22 01:00:00,28.9,86,0.0,5.4,7,0.0,0.0,35.6
2025-06-22 02:00:00,28.5,87,0.0,5.2,6,0.0,0.0,35.2
2025-06-22 03:00:00,28.4,86,0.0,6.3,33,0.0,0.0,34.7
2025-06-22 04:00:00,28.2,86,0.0,5.1,88,0.0,0.0,34.6
2025-06-22 05:00:00,28.0,87,0.0,4.5,26,0.0,0.0,34.4
2025-06-22 06:00:00,29.5,83,0.0,5.6,100,38.0,4.0,36.2
2025-06-22 07:00:00,30.3,81,0.0,2.8,99,142.0,32.0,37.7
2025-06-22 08:00:00,31.5,74,0.0,1.5,100,277.0,105.0,38.8
2025-06-22 09:00:00,32.5,66,0.1,3.6,100,443.0,215.0,38.9
2025-06-22 10:00:00,33.6,62,0.0,4.3,89,587.0,300.0,40.1
2025-06-22 11:00:00,34.0,60,0.0,3.3,100,633.0,315.0,40.9
2025-06-22 12:00:00,33.6,60,0.0,8.1,98,551.0,207.0,38.9
2025-06-22 13:00:00,31.9,68,0.6,5.3,100,566.0,210.0,38.1
2025-06-22 14:00:00,32.7,66,0.1,5.5,88,512.0,214.0,39.0
2025-06-22 15:00:00,33.8,62,0.0,4.6,95,579.0,317.0,40.3
2025-06-22 16:00:00,33.9,61,0.0,5.1,96,412.0,183.0,40.1
2025-06-22 17:00:00,33.5,63,0.0,5.4,78,262.0,98.0,39.7
2025-06-22 18:00:00,32.1,68,0.0,7.9,25,120.0,31.0,37.9
2025-06-22 19:00:00,30.9,74,0.0,6.5,67,21.0,2.0,37.2
2025-06-22 20:00:00,30.3,78,0.0,5.6,26,0.0,0.0,36.8
2025-06-22 21:00:00,29.8,80,0.0,6.0,8,0.0,0.0,36.3
2025-06-22 22:00:00,29.4,82,0.0,4.6,91,0.0,0.0,36.1
2025-06-22 23:00:00,29.1,83,0.0,4.9,100,0.0,0.0,35.8
2025-06-23 00:00:00,28.9,84,0.0,6.1,87,0.0,0.0,35.3
2025-06-23 01:00:00,28.6,86,0.0,5.9,40,0.0,0.0,35.0
2025-06-23 02:00:00,28.3,87,0.0,4.5,7,0.0,0.0,35.0
2025-06-23 03:00:00,28.1,89,0.0,4.0,6,0.0,0.0,34.9
2025-06-23 04:00:00,27.8,91,0.0,2.7,32,0.0,0.0,34.9
2025-06-23 05:00:00,27.9,90,0.0,1.2,20,0.0,0.0,35.3
2025-06-23 06:00:00,29.4,88,0.0,3.6,100,37.0,4.0,37.2
2025-06-23 07:00:00,30.0,83,0.0,6.7,95,156.0,47.0,36.9
2025-06-23 08:00:00,30.9,77,0.0,3.6,98,320.0,150.0,38.1
2025-06-23 09:00:00,32.2,71,0.0,2.1,34,474.0,263.0,39.5
2025-06-23 10:00:00,33.6,62,0.0,1.6,12,599.0,346.0,40.6
2025-06-23 11:00:00,34.4,59,0.0,5.4,32,722.0,450.0,41.6
2025-06-23 12:00:00,35.1,56,0.0,6.0,28,750.0,461.0,42.2
2025-06-23 13:00:00,35.7,53,0.0,5.2,32,757.0,474.0,42.8
2025-06-23 14:00:00,35.6,53,0.1,5.8,40,665.0,369.0,41.9
2025-06-23 15:00:00,35.7,53,0.0,6.4,22,532.0,304.0,41.2
2025-06-23 16:00:00,35.5,53,0.0,6.8,25,408.0,210.0,40.9
2025-06-23 17:00:00,34.8,56,0.0,8.6,30,266.0,115.0,40.0
2025-06-23 18:00:00,32.1,70,0.0,7.5,19,119.0,31.0,38.4
2025-06-23 19:00:00,31.3,76,0.0,5.2,15,22.0,2.0,38.2
2025-06-23 20:00:00,30.9,79,0.0,4.0,0,0.0,0.0,38.2
2025-06-23 21:00:00,30.4,80,0.0,5.3,0,0.0,0.0,37.4
2025-06-23 22:00:00,29.7,83,0.0,6.6,0,0.0,0.0,36.5
2025-06-23 23:00:00,29.2,84,0.0,6.7,0,0.0,0.0,35.7
2025-06-24 00:00:00,28.7,86,0.0,5.8,0,0.0,0.0,35.4
2025-06-24 01:00:00,28.4,88,0.0,6.1,0,0.0,0.0,35.0
2025-06-24 02:00:00,28.1,89,0.0,6.9,0,0.0,0.0,34.6
2025-06-24 03:00:00,27.8,91,0.0,7.6,0,0.0,0.0,34.1
2025-06-24 04:00:00,27.5,92,0.0,5.3,2,0.0,0.0,34.1
2025-06-24 05:00:00,27.3,93,0.0,6.0,17,0.0,0.0,33.8
2025-06-24 06:00:00,27.9,88,0.0,6.2,100,30.0,3.0,34.1
2025-06-24 07:00:00,28.5,84,0.0,3.9,95,96.0,22.0,35.0
2025-06-24 08:00:00,30.1,78,0.0,4.0,94,287.0,112.0,36.7
2025-06-24 09:00:00,31.6,72,0.1,4.8,48,441.0,216.0,38.3
2025-06-24 10:00:00,32.5,68,0.2,5.1,100,502.0,195.0,39.0
2025-06-24 11:00:00,33.4,65,0.0,3.7,64,537.0,227.0,40.1
2025-06-24 12:00:00,34.9,59,0.1,3.6,11,728.0,415.0,42.6
2025-06-24 13:00:00,35.6,56,0.1,2.9,39,778.0,482.0,43.7
2025-06-24 14:00:00,36.0,53,0.3,1.8,42,717.0,460.0,43.6
2025-06-24 15:00:00,36.1,52,0.2,0.7,21,560.0,316.0,42.6
2025-06-24 16:00:00,36.0,52,0.1,2.4,14,435.0,230.0,42.0
2025-06-24 17:00:00,35.6,52,0.0,4.5,25,275.0,123.0,41.2
2025-06-24 18:00:00,31.1,81,0.0,4.2,18,126.0,33.0,38.9
2025-06-24 19:00:00,30.9,83,0.0,4.4,21,21.0,2.0,38.9
2025-06-24 20:00:00,30.8,84,0.0,5.4,23,0.0,0.0,38.6
2025-06-24 21:00:00,30.6,84,0.0,4.7,20,0.0,0.0,38.3
2025-06-24 22:00:00,30.5,81,0.0,6.9,26,0.0,0.0,37.4
2025-06-24 23:00:00,30.2,80,0.0,6.7,20,0.0,0.0,36.9
2025-06-25 00:00:00,29.9,81,0.0,7.5,30,0.0,0.0,36.5
2025-06-25 01:00:00,29.6,82,0.0,8.4,100,0.0,0.0,35.9
2025-06-25 02:00:00,28.9,82,0.4,9.5,96,0.0,0.0,34.5
2025-06-25 03:00:00,26.9,93,8.6,12.0,100,0.0,0.0,32.3
2025-06-25 04:00:00,26.5,96,2.3,7.9,100,0.0,0.0,32.5
2025-06-25 05:00:00,26.6,97,0.1,5.4,100,0.0,0.0,33.2
2025-06-25 06:00:00,27.3,94,0.3,4.3,100,9.0,0.0,34.2
2025-06-25 07:00:00,27.9,93,0.0,8.1,100,56.0,0.0,34.6
2025-06-25 08:00:00,28.8,88,0.0,10.4,100,193.0,26.0,35.1
2025-06-25 09:00:00,28.8,86,0.1,10.5,100,255.0,34.0,34.9
2025-06-25 10:00:00,28.6,87,0.1,10.6,100,226.0,7.0,34.6
2025-06-25 11:00:00,28.3,87,0.3,11.7,100,179.0,0.0,34.0
2025-06-25 12:00:00,28.7,85,0.6,11.9,100,222.0,2.0,34.3
2025-06-25 13:00:00,30.0,78,0.1,10.4,100,357.0,44.0,35.6
2025-06-25 14:00:00,31.5,70,0.0,10.8,100,459.0,95.0,36.9
2025-06-25 15:00:00,32.0,67,0.0,10.1,100,406.0,101.0,37.4
2025-06-25 16:00:00,32.1,68,0.0,9.8,100,356.0,88.0,37.6
2025-06-25 17:00:00,31.9,69,0.0,8.3,100,255.0,85.0,37.7
2025-06-25 18:00:00,30.9,78,0.0,6.0,99,100.0,19.0,37.8
2025-06-25 19:00:00,29.9,83,0.0,8.8,97,20.0,1.0,36.5
2025-06-25 20:00:00,29.2,86,0.0,8.1,58,0.0,0.0,35.8
2025-06-25 21:00:00,28.7,88,0.0,10.1,5,0.0,0.0,34.9
2025-06-25 22:00:00,28.4,89,0.0,9.4,3,0.0,0.0,34.7
2025-06-25 23:00:00,28.3,89,0.0,9.4,5,0.0,0.0,34.5
2025-06-26 00:00:00,28.1,90,0.0,9.9,0,0.0,0.0,34.3
2025-06-26 01:00:00,28.0,91,0.0,6.8,99,0.0,0.0,34.6
2025-06-26 02:00:00,26.5,93,6.4,8.4,100,0.0,0.0,32.2
2025-06-26 03:00:00,26.0,95,0.3,8.2,99,0.0,0.0,31.7
2025-06-26 04:00:00,26.3,95,1.1,8.9,100,0.0,0.0,31.9
2025-06-26 05:00:00,26.3,95,3.6,11.6,100,0.0,0.0,31.6
2025-06-26 06:00:00,28.3,87,0.0,8.3,99,35.0,4.0,34.4
2025-06-26 07:00:00,29.0,85,0.0,7.0,97,140.0,31.0,35.5
2025-06-26 08:00:00,30.2,81,0.0,6.6,100,309.0,128.0,37.0
2025-06-26 09:00:00,31.4,73,0.1,8.7,98,480.0,254.0,37.5
2025-06-26 10:00:00,32.5,68,0.0,8.3,100,607.0,345.0,38.8
2025-06-26 11:00:00,33.3,64,0.0,9.2,98,701.0,416.0,39.9
2025-06-26 12:00:00,33.8,61,0.0,10.6,97,784.0,498.0,40.4
2025-06-26 13:00:00,34.3,60,0.0,10.4,100,771.0,492.0,40.9
2025-06-26 14:00:00,34.4,58,0.0,10.0,98,726.0,448.0,40.7
2025-06-26 15:00:00,34.5,58,0.0,9.2,87,624.0,380.0,40.2
2025-06-26 16:00:00,34.0,59,0.0,9.4,69,448.0,252.0,39.3
2025-06-26 17:00:00,33.4,63,0.0,8.6,8,286.0,133.0,39.0
2025-06-26 18:00:00,32.6,68,0.0,6.7,87,125.0,33.0,39.0
2025-06-26 19:00:00,31.3,75,0.0,6.7,100,22.0,2.0,37.9
2025-06-26 20:00:00,30.7,78,0.0,7.5,100,0.0,0.0,37.2
2025-06-26 21:00:00,30.4,79,0.0,8.1,63,0.0,0.0,36.7
2025-06-26 22:00:00,30.0,78,0.0,9.0,87,0.0,0.0,35.9
2025-06-26 23:00:00,29.6,79,0.0,8.8,57,0.0,0.0,35.4
2025-06-27 00:00:00,29.2,81,0.0,8.1,56,0.0,0.0,35.0
2025-06-27 01:00:00,28.8,83,0.0,6.9,53,0.0,0.0,34.8
2025-06-27 02:00:00,28.4,84,0.0,7.2,66,0.0,0.0,34.4
2025-06-27 03:00:00,28.1,86,0.0,8.0,43,0.0,0.0,34.0
2025-06-27 04:00:00,27.8,87,0.0,8.4,9,0.0,0.0,33.6
2025-06-27 05:00:00,27.7,87,0.0,8.8,2,0.0,0.0,33.3
2025-06-27 06:00:00,29.0,84,0.0,8.5,62,32.0,4.0,35.2
2025-06-27 07:00:00,29.8,80,0.0,6.8,93,147.0,43.0,36.1
2025-06-27 08:00:00,30.5,77,0.0,7.2,39,294.0,129.0,36.7
2025-06-27 09:00:00,30.9,75,0.1,8.2,86,440.0,221.0,37.1
2025-06-27 10:00:00,31.0,74,0.1,6.4,52,509.0,244.0,37.4
2025-06-27 11:00:00,32.1,70,0.1,6.1,100,651.0,348.0,39.1
2025-06-27 12:00:00,32.7,68,0.0,5.2,62,708.0,391.0,40.4
2025-06-27 13:00:00,33.4,64,0.0,6.0,98,748.0,483.0,40.9
2025-06-27 14:00:00,33.7,62,0.1,8.3,94,695.0,422.0,40.3
2025-06-27 15:00:00,33.6,62,0.0,8.1,100,556.0,296.0,39.4
2025-06-27 16:00:00,33.5,63,0.0,7.8,70,454.0,238.0,39.3
2025-06-27 17:00:00,33.2,64,0.1,7.9,83,286.0,127.0,39.0
2025-06-27 18:00:00,32.9,64,0.0,7.4,64,114.0,30.0,38.6
2025-06-27 19:00:00,31.5,72,0.0,5.6,68,21.0,2.0,37.9
2025-06-27 20:00:00,30.7,75,0.0,5.7,56,0.0,0.0,37.1
2025-06-27 21:00:00,30.1,79,0.0,4.7,64,0.0,0.0,36.7
2025-06-27 22:00:00,29.6,81,0.0,4.5,35,0.0,0.0,36.3
2025-06-27 23:00:00,29.3,83,0.0,4.2,33,0.0,0.0,36.1
2025-06-28 00:00:00,29.3,84,0.0,3.4,39,0.0,0.0,36.3
2025-06-28 01:00:00,26.9,89,3.7,3.1,76,0.0,0.0,33.1
2025-06-28 02:00:00,26.4,92,3.9,6.8,73,0.0,0.0,32.1
2025-06-28 03:00:00,26.0,94,0.1,8.5,87,0.0,0.0,31.4
2025-06-28 04:00:00,25.7,95,0.0,6.0,87,0.0,0.0,31.4
2025-06-28 05:00:00,25.6,96,0.0,5.0,63,0.0,0.0,31.5
2025-06-28 06:00:00,27.7,84,0.0,2.3,47,35.0,4.0,33.8
2025-06-28 07:00:00,29.2,78,0.0,1.3,43,157.0,49.0,35.8
2025-06-28 08:00:00,30.7,73,0.0,3.8,89,329.0,164.0,37.0
2025-06-28 09:00:00,31.9,68,0.0,3.5,70,502.0,290.0,38.2
2025-06-28 10:00:00,33.0,62,0.0,4.0,98,640.0,377.0,39.4
2025-06-28 11:00:00,34.0,57,0.0,4.9,93,700.0,411.0,40.5
2025-06-28 12:00:00,34.7,55,0.0,3.3,87,739.0,461.0,41.8
2025-06-28 13:00:00,35.3,54,0.0,3.2,53,753.0,448.0,42.6
2025-06-28 14:00:00,35.8,53,0.0,4.9,16,729.0,466.0,42.7
2025-06-28 15:00:00,35.4,53,0.0,6.6,37,608.0,374.0,41.1
2025-06-28 16:00:00,35.1,54,0.1,7.6,37,447.0,242.0,40.2
2025-06-28 17:00:00,35.0,54,0.0,4.9,50,258.0,107.0,40.5
2025-06-28 18:00:00,31.2,75,0.0,4.8,100,75.0,2.0,38.1
2025-06-28 19:00:00,30.8,80,0.0,3.1,100,15.0,0.0,38.3
2025-06-28 20:00:00,30.6,80,0.0,4.3,100,0.0,0.0,38.0
2025-06-28 21:00:00,30.4,81,0.0,4.2,100,0.0,0.0,37.7
2025-06-28 22:00:00,30.1,82,0.0,4.7,100,0.0,0.0,37.2
2025-06-28 23:00:00,29.4,84,0.5,6.8,100,0.0,0.0,36.1
2025-06-29 00:00:00,27.1,93,7.3,8.7,99,0.0,0.0,33.1
2025-06-29 01:00:00,26.4,96,3.7,12.4,100,0.0,0.0,31.8
2025-06-29 02:00:00,26.6,96,0.1,7.0,100,0.0,0.0,32.9
2025-06-29 03:00:00,26.4,97,0.3,5.1,100,0.0,0.0,33.0
2025-06-29 04:00:00,26.3,98,0.2,7.2,100,0.0,0.0,32.5
2025-06-29 05:00:00,26.1,97,0.1,7.1,100,0.0,0.0,32.2
2025-06-29 06:00:00,28.8,83,0.0,5.0,100,27.0,0.0,35.1
2025-06-29 07:00:00,29.4,75,0.0,2.8,100,94.0,4.0,35.4
2025-06-29 08:00:00,30.1,71,0.0,1.5,100,173.0,10.0,36.2
2025-06-29 09:00:00,30.8,68,0.0,3.1,100,235.0,18.0,36.5
2025-06-29 10:00:00,31.5,65,0.0,5.9,100,316.0,29.0,36.7
2025-06-29 11:00:00,32.3,62,0.0,5.4,100,404.0,60.0,37.7
2025-06-29 12:00:00,33.4,60,0.0,6.1,100,533.0,120.0,38.9
2025-06-29 13:00:00,33.1,62,0.1,4.7,100,575.0,181.0,39.2
2025-06-29 14:00:00,31.3,72,4.2,6.2,100,430.0,115.0,37.4
2025-06-29 15:00:00,31.5,71,0.1,6.6,100,274.0,45.0,37.6
2025-06-29 16:00:00,31.1,73,0.1,4.9,100,228.0,16.0,37.6
2025-06-29 17:00:00,31.0,74,0.0,2.8,100,171.0,13.0,37.9
2025-06-29 18:00:00,30.5,74,0.0,8.3,100,71.0,3.0,36.2
2025-06-29 19:00:00,29.8,78,0.0,6.5,100,11.0,0.0,35.9
2025-06-29 20:00:00,29.3,81,0.0,4.9,100,0.0,0.0,35.7
2025-06-29 21:00:00,29.0,81,0.0,6.9,100,0.0,0.0,35.1
2025-06-29 22:00:00,28.9,83,0.0,6.2,100,0.0,0.0,35.1
2025-06-29 23:00:00,28.6,83,0.0,5.8,100,0.0,0.0,34.8
2025-06-30 00:00:00,28.4,84,0.0,5.5,99,0.0,0.0,34.6
2025-06-30 01:00:00,27.8,89,0.0,2.9,89,0.0,0.0,34.7
2025-06-30 02:00:00,25.9,94,0.2,10.1,100,0.0,0.0,31.0
2025-06-30 03:00:00,25.5,96,0.1,7.1,100,0.0,0.0,31.1
2025-06-30 04:00:00,25.4,95,0.1,4.0,100,0.0,0.0,31.1
2025-06-30 05:00:00,25.4,94,0.1,5.0,100,0.0,0.0,31.0
2025-06-30 06:00:00,26.3,92,0.2,4.2,100,22.0,0.0,32.3
2025-06-30 07:00:00,26.0,93,0.6,9.1,100,75.0,2.0,31.2
2025-06-30 08:00:00,26.5,87,0.1,8.6,75,222.0,57.0,31.4
2025-06-30 09:00:00,28.4,80,0.0,6.7,95,411.0,203.0,33.9
2025-06-30 10:00:00,30.0,75,0.0,5.2,99,507.0,196.0,36.0
2025-06-30 11:00:00,30.8,73,0.1,5.9,88,540.0,247.0,36.9
2025-06-30 12:00:00,31.5,72,0.2,1.8,51,677.0,339.0,39.5
2025-06-30 13:00:00,31.7,72,0.3,3.1,79,600.0,287.0,38.9
2025-06-30 14:00:00,31.1,75,0.7,2.1,64,336.0,69.0,38.2
2025-06-30 15:00:00,28.8,86,3.9,9.1,100,272.0,75.0,34.9
2025-06-30 16:00:00,27.2,91,4.2,7.1,100,105.0,0.0,33.3
2025-06-30 17:00:00,27.4,89,0.2,5.4,100,53.0,0.0,33.6
2025-06-30 18:00:00,28.7,85,0.0,3.2,100,100.0,7.0,35.6
2025-06-30 19:00:00,28.4,87,0.0,2.2,100,20.0,0.0,35.5
2025-06-30 20:00:00,27.7,90,0.6,5.6,100,0.0,0.0,34.1
2025-06-30 21:00:00,26.0,95,5.4,1.7,100,0.0,0.0,32.6
2025-06-30 22:00:00,26.1,97,0.3,5.4,100,0.0,0.0,32.4
2025-06-30 23:00:00,26.1,99,0.0,2.3,100,0.0,0.0,33.1
2025-07-01 00:00:00,26.2,99,0.0,3.0,100,0.0,0.0,33.1
2025-07-01 01:00:00,26.0,99,0.1,0.8,100,0.0,0.0,33.1
2025-07-01 02:00:00,26.0,99,0.1,3.4,100,0.0,0.0,32.8
2025-07-01 03:00:00,25.7,98,0.0,5.4,99,0.0,0.0,31.9
2025-07-01 04:00:00,25.2,98,0.0,4.6,78,0.0,0.0,31.1
2025-07-01 05:00:00,25.0,97,0.0,4.8,85,0.0,0.0,30.7
2025-07-01 06:00:00,26.0,97,2.2,10.1,100,27.0,3.0,31.6
2025-07-01 07:00:00,26.2,98,0.8,5.3,100,61.0,1.0,32.7
2025-07-01 08:00:00,26.6,99,3.1,3.1,100,177.0,46.0,33.7
2025-07-01 09:00:00,26.7,97,2.2,5.9,100,88.0,8.0,33.3
2025-07-01 10:00:00,27.8,89,0.6,5.9,61,217.0,56.0,34.2
2025-07-01 11:00:00,30.2,75,0.0,7.6,35,589.0,287.0,36.1
2025-07-01 12:00:00,31.7,67,0.0,7.0,16,781.0,468.0,38.7
2025-07-01 13:00:00,32.4,64,0.0,7.1,21,759.0,471.0,39.1
2025-07-01 14:00:00,32.8,61,0.0,6.7,34,686.0,393.0,38.9
2025-07-01 15:00:00,33.2,59,0.0,6.0,39,559.0,293.0,38.5
2025-07-01 16:00:00,33.2,59,0.0,5.2,48,418.0,207.0,38.5
2025-07-01 17:00:00,32.4,64,0.0,5.4,33,252.0,95.0,38.1
2025-07-01 18:00:00,30.6,76,0.0,4.4,48,121.0,31.0,37.1
2025-07-01 19:00:00,29.7,81,0.0,3.6,39,20.0,2.0,36.6
2025-07-01 20:00:00,29.5,84,0.0,2.1,30,0.0,0.0,37.0
2025-07-01 21:00:00,29.2,84,0.0,3.2,6,0.0,0.0,36.2
2025-07-01 22:00:00,28.7,85,0.0,4.0,2,0.0,0.0,35.5
2025-07-01 23:00:00,28.4,87,0.0,3.5,2,0.0,0.0,35.3
2025-07-02 00:00:00,28.1,88,0.0,3.5,23,0.0,0.0,34.9
2025-07-02 01:00:00,27.8,89,0.0,3.5,4,0.0,0.0,34.6
2025-07-02 02:00:00,27.5,90,0.0,4.1,12,0.0,0.0,34.1
2025-07-02 03:00:00,27.2,92,0.0,3.8,11,0.0,0.0,33.8
2025-07-02 04:00:00,27.0,93,0.0,3.8,27,0.0,0.0,33.6
2025-07-02 05:00:00,26.9,93,0.0,3.9,21,0.0,0.0,33.5
2025-07-02 06:00:00,27.2,94,0.2,6.2,30,29.0,3.0,33.8
2025-07-02 07:00:00,28.1,91,0.0,4.1,24,155.0,51.0,35.2
2025-07-02 08:00:00,29.5,83,0.0,5.5,1,324.0,160.0,36.4
2025-07-02 09:00:00,30.9,74,0.0,8.8,22,502.0,296.0,36.7
2025-07-02 10:00:00,31.7,71,0.0,9.6,14,603.0,360.0,37.8
2025-07-02 11:00:00,32.4,70,0.0,9.5,19,743.0,480.0,39.7
2025-07-02 12:00:00,32.5,69,0.1,10.3,80,788.0,526.0,39.8
2025-07-02 13:00:00,32.2,70,0.1,7.8,63,628.0,284.0,39.0
2025-07-02 14:00:00,32.8,68,0.0,7.2,29,565.0,299.0,39.2
2025-07-02 15:00:00,33.2,66,0.0,7.2,19,599.0,367.0,39.8
2025-07-02 16:00:00,32.7,68,0.3,6.9,41,429.0,230.0,38.9
2025-07-02 17:00:00,31.9,70,0.4,6.7,37,240.0,97.0,38.1
2025-07-02 18:00:00,31.4,73,0.0,7.1,46,129.0,38.0,37.8
2025-07-02 19:00:00,30.2,80,0.0,5.6,47,23.0,2.0,37.1
2025-07-02 20:00:00,29.7,84,0.0,5.0,42,0.0,0.0,36.9
2025-07-02 21:00:00,29.4,86,0.0,6.6,42,0.0,0.0,36.4
2025-07-02 22:00:00,29.0,87,0.0,6.3,32,0.0,0.0,35.9
2025-07-02 23:00:00,28.6,89,0.0,6.1,32,0.0,0.0,35.5
2025-07-03 00:00:00,28.2,89,0.0,7.7,40,0.0,0.0,34.5
2025-07-03 01:00:00,27.8,89,0.1,8.3,34,0.0,0.0,33.7
2025-07-03 02:00:00,27.4,90,0.0,6.5,12,0.0,0.0,33.5
2025-07-03 03:00:00,27.1,92,0.0,8.0,15,0.0,0.0,33.1
2025-07-03 04:00:00,26.9,92,0.0,8.3,4,0.0,0.0,32.7
2025-07-03 05:00:00,26.6,93,0.0,8.8,61,0.0,0.0,32.2
2025-07-03 06:00:00,27.0,95,0.1,7.0,92,27.0,2.0,33.4
2025-07-03 07:00:00,27.7,90,0.0,6.3,71,136.0,29.0,34.1
2025-07-03 08:00:00,29.0,83,0.0,7.6,84,323.0,158.0,35.2
2025-07-03 09:00:00,30.5,73,0.0,11.0,80,501.0,293.0,35.7
2025-07-03 10:00:00,31.6,68,0.1,9.9,76,606.0,366.0,37.2
2025-07-03 11:00:00,32.3,65,0.1,10.3,67,679.0,409.0,38.1
2025-07-03 12:00:00,32.7,65,0.2,8.3,35,764.0,482.0,39.5
2025-07-03 13:00:00,33.1,64,0.0,7.1,14,747.0,471.0,40.3
2025-07-03 14:00:00,33.5,62,0.0,6.7,56,683.0,429.0,40.1
2025-07-03 15:00:00,33.4,61,0.0,7.0,93,523.0,276.0,39.0
2025-07-03 16:00:00,33.3,62,0.0,6.9,100,424.0,208.0,39.0
2025-07-03 17:00:00,33.0,64,0.3,6.0,99,275.0,108.0,39.1
2025-07-03 18:00:00,31.7,73,0.0,4.7,37,123.0,35.0,38.5
2025-07-03 19:00:00,30.8,79,0.0,3.6,96,22.0,2.0,38.2
2025-07-03 20:00:00,30.2,80,0.0,4.5,100,0.0,0.0,37.2
2025-07-03 21:00:00,29.8,82,0.0,4.5,100,0.0,0.0,36.7
2025-07-03 22:00:00,29.4,83,0.0,5.8,84,0.0,0.0,36.1
2025-07-03 23:00:00,29.0,84,0.0,8.1,28,0.0,0.0,35.3
2025-07-04 00:00:00,28.5,85,0.0,8.4,16,0.0,0.0,34.5
2025-07-04 01:00:00,27.9,88,0.0,8.3,17,0.0,0.0,33.8
2025-07-04 02:00:00,27.5,89,0.0,7.2,14,0.0,0.0,33.5
2025-07-04 03:00:00,27.2,90,0.0,7.3,2,0.0,0.0,33.2
2025-07-04 04:00:00,26.9,92,0.0,7.3,5,0.0,0.0,32.9
2025-07-04 05:00:00,26.7,93,0.0,4.6,0,0.0,0.0,33.0
2025-07-04 06:00:00,27.8,92,0.0,5.9,54,33.0,4.0,34.6
2025-07-04 07:00:00,28.7,87,0.0,5.1,20,151.0,47.0,35.6
2025-07-04 08:00:00,29.8,81,0.0,3.6,4,320.0,155.0,36.8
2025-07-04 09:00:00,31.1,75,0.0,3.5,2,500.0,294.0,38.0
2025-07-04 10:00:00,32.2,68,0.0,4.1,13,643.0,411.0,39.2
2025-07-04 11:00:00,33.0,64,0.0,4.4,17,717.0,459.0,40.2
2025-07-04 12:00:00,33.6,61,0.1,4.3,18,773.0,494.0,41.1
2025-07-04 13:00:00,34.1,60,0.0,3.1,10,791.0,521.0,42.2
2025-07-04 14:00:00,34.2,61,0.0,1.6,29,684.0,435.0,41.9
2025-07-04 15:00:00,34.1,61,0.0,3.6,39,590.0,356.0,40.8
2025-07-04 16:00:00,34.0,61,0.0,4.4,26,446.0,247.0,40.4
2025-07-04 17:00:00,33.8,62,0.0,5.2,13,285.0,132.0,40.0
2025-07-04 18:00:00,30.1,80,0.1,4.0,38,98.0,19.0,37.1
2025-07-04 19:00:00,29.6,82,0.0,4.7,25,19.0,2.0,36.4
2025-07-04 20:00:00,29.4,84,0.0,4.4,36,0.0,0.0,36.4
2025-07-04 21:00:00,29.2,85,0.0,4.9,31,0.0,0.0,36.2
2025-07-04 22:00:00,29.0,87,0.1,5.2,13,0.0,0.0,36.0
2025-07-04 23:00:00,28.7,88,0.0,7.7,9,0.0,0.0,35.3
2025-07-05 00:00:00,28.4,89,0.0,5.2,31,0.0,0.0,35.3
2025-07-05 01:00:00,27.7,90,1.3,6.5,45,0.0,0.0,34.0
2025-07-05 02:00:00,27.0,94,0.9,4.7,79,0.0,0.0,33.6
2025-07-05 03:00:00,26.5,97,0.3,2.3,37,0.0,0.0,33.5
2025-07-05 04:00:00,26.6,95,0.1,5.1,5,0.0,0.0,33.1
2025-07-05 05:00:00,26.5,96,0.0,2.8,12,0.0,0.0,33.3
2025-07-05 06:00:00,28.7,88,0.0,2.5,21,29.0,3.0,36.1
2025-07-05 07:00:00,29.6,83,0.0,3.1,100,145.0,42.0,36.8
2025-07-05 08:00:00,30.3,79,0.0,1.3,1,208.0,55.0,37.7
2025-07-05 09:00:00,31.9,71,0.1,4.2,22,504.0,301.0,38.7
2025-07-05 10:00:00,32.9,67,0.1,3.6,4,640.0,397.0,40.2
2025-07-05 11:00:00,33.9,64,0.0,2.3,21,767.0,516.0,42.5
2025-07-05 12:00:00,34.5,61,0.1,1.6,46,784.0,524.0,43.1
2025-07-05 13:00:00,34.5,60,0.2,2.1,72,751.0,463.0,42.7
2025-07-05 14:00:00,35.0,58,0.2,1.5,6,674.0,420.0,42.7
2025-07-05 15:00:00,35.2,57,0.0,3.4,18,576.0,338.0,41.8
2025-07-05 16:00:00,34.7,58,0.0,5.2,49,408.0,219.0,40.9
2025-07-05 17:00:00,34.2,62,0.0,5.0,29,269.0,118.0,40.6
2025-07-05 18:00:00,33.3,65,0.0,2.2,69,101.0,23.0,40.3
2025-07-05 19:00:00,31.3,74,0.1,7.1,52,21.0,2.0,37.7
2025-07-05 20:00:00,30.5,79,0.0,6.9,15,0.0,0.0,37.0
2025-07-05 21:00:00,29.9,82,0.0,6.9,16,0.0,0.0,36.7
2025-07-05 22:00:00,29.3,84,0.0,5.5,6,0.0,0.0,36.1
2025-07-05 23:00:00,29.0,84,0.0,5.1,26,0.0,0.0,35.6
2025-07-06 00:00:00,28.6,87,0.0,4.1,100,0.0,0.0,35.5
2025-07-06 01:00:00,28.3,88,0.0,5.8,83,0.0,0.0,34.8
2025-07-06 02:00:00,27.6,91,0.1,7.2,57,0.0,0.0,33.9
2025-07-06 03:00:00,27.3,91,0.4,4.8,6,0.0,0.0,33.7
2025-07-06 04:00:00,27.1,93,0.0,5.2,12,0.0,0.0,33.6
2025-07-06 05:00:00,27.0,93,0.0,2.8,22,0.0,0.0,33.9
2025-07-06 06:00:00,27.6,88,0.8,4.8,86,29.0,3.0,33.9
2025-07-06 07:00:00,28.6,83,0.1,3.5,79,117.0,23.0,35.0
2025-07-06 08:00:00,29.9,77,0.0,3.8,92,260.0,99.0,36.3
2025-07-06 09:00:00,31.0,73,0.0,6.5,61,354.0,154.0,37.1
2025-07-06 10:00:00,32.3,67,0.0,5.6,39,608.0,346.0,38.8
2025-07-06 11:00:00,33.8,60,0.0,2.2,45,722.0,442.0,41.3
2025-07-06 12:00:00,34.5,57,0.1,2.1,24,739.0,470.0,42.0
2025-07-06 13:00:00,35.4,54,0.0,0.9,21,776.0,502.0,43.2
2025-07-06 14:00:00,35.7,53,0.1,1.9,30,681.0,417.0,42.7
2025-07-06 15:00:00,35.3,54,0.1,3.5,26,528.0,293.0,41.1
2025-07-06 16:00:00,35.0,55,0.1,2.7,34,403.0,201.0,41.1
2025-07-06 17:00:00,34.6,58,0.1,3.7,40,259.0,107.0,40.7
2025-07-06 18:00:00,33.2,65,0.0,1.3,50,120.0,30.0,40.1
2025-07-06 19:00:00,32.3,71,0.0,3.9,55,21.0,2.0,39.4
2025-07-06 20:00:00,31.5,77,0.0,3.8,57,0.0,0.0,39.1
2025-07-06 21:00:00,31.1,80,0.0,6.1,100,0.0,0.0,38.4
2025-07-06 22:00:00,29.8,81,0.0,8.1,100,0.0,0.0,36.0
2025-07-06 23:00:00,26.7,92,5.5,7.8,100,0.0,0.0,32.5
2025-07-07 00:00:00,26.5,93,2.3,4.8,100,0.0,0.0,32.7
2025-07-07 01:00:00,26.6,93,0.0,2.6,100,0.0,0.0,33.1
2025-07-07 02:00:00,26.5,93,0.0,2.6,99,0.0,0.0,33.0
2025-07-07 03:00:00,26.4,93,0.0,1.1,100,0.0,0.0,33.1
2025-07-07 04:00:00,26.3,96,0.0,5.7,97,0.0,0.0,32.5
2025-07-07 05:00:00,26.2,97,0.0,6.2,98,0.0,0.0,32.4
2025-07-07 06:00:00,25.9,96,5.1,2.4,100,8.0,0.0,32.4
2025-07-07 07:00:00,26.2,97,2.4,4.1,100,7.0,0.0,32.8
2025-07-07 08:00:00,26.4,97,3.1,6.6,100,28.0,0.0,32.7
2025-07-07 09:00:00,27.3,92,0.6,2.5,100,145.0,14.0,34.2
2025-07-07 10:00:00,28.0,87,0.0,2.1,100,231.0,20.0,34.9
2025-07-07 11:00:00,29.4,81,0.0,3.5,100,424.0,119.0,36.0
2025-07-07 12:00:00,31.3,73,0.0,2.2,100,747.0,388.0,39.6
2025-07-07 13:00:00,32.5,67,0.0,2.0,98,754.0,430.0,40.7
2025-07-07 14:00:00,33.0,66,0.0,2.3,78,757.0,505.0,41.3
2025-07-07 15:00:00,33.2,65,0.0,2.7,40,653.0,430.0,40.6
2025-07-07 16:00:00,33.2,64,0.0,3.1,86,486.0,292.0,39.9
2025-07-07 17:00:00,33.0,66,0.0,3.6,97,288.0,140.0,39.8
2025-07-07 18:00:00,31.0,75,0.0,5.1,100,114.0,19.0,37.7
2025-07-07 19:00:00,30.0,79,0.0,5.3,100,20.0,1.0,36.5
2025-07-07 20:00:00,29.6,81,0.0,4.0,94,0.0,0.0,36.3
2025-07-07 21:00:00,29.3,82,0.0,3.4,55,0.0,0.0,36.2
2025-07-07 22:00:00,29.1,83,0.0,1.5,14,0.0,0.0,36.2
2025-07-07 23:00:00,28.7,84,0.0,0.9,9,0.0,0.0,35.8
2025-07-08 00:00:00,28.4,87,0.0,2.2,9,0.0,0.0,35.4
2025-07-08 01:00:00,28.1,88,0.0,3.3,7,0.0,0.0,34.9
2025-07-08 02:00:00,27.7,90,0.0,3.3,16,0.0,0.0,34.5
2025-07-08 03:00:00,27.4,91,0.0,4.4,33,0.0,0.0,34.0
2025-07-08 04:00:00,27.2,92,0.0,3.6,14,0.0,0.0,33.8
2025-07-08 05:00:00,27.1,92,0.0,3.1,46,0.0,0.0,33.8
2025-07-08 06:00:00,29.0,87,0.0,3.9,97,31.0,4.0,36.2
2025-07-08 07:00:00,29.8,82,0.0,5.4,100,138.0,33.0,36.7
2025-07-08 08:00:00,30.3,78,0.0,6.4,100,278.0,104.0,36.7
2025-07-08 09:00:00,31.1,75,0.0,4.6,100,415.0,174.0,37.9
2025-07-08 10:00:00,32.1,71,0.0,5.6,100,568.0,298.0,38.9
2025-07-08 11:00:00,33.1,66,0.0,9.2,99,720.0,435.0,39.9
2025-07-08 12:00:00,33.7,63,0.0,9.0,100,745.0,458.0,40.5
2025-07-08 13:00:00,33.9,61,0.0,8.6,95,727.0,416.0,40.7
2025-07-08 14:00:00,34.0,61,0.0,8.3,100,669.0,387.0,40.3
2025-07-08 15:00:00,34.0,61,0.0,8.4,100,529.0,293.0,39.7
2025-07-08 16:00:00,34.0,61,0.0,7.3,100,436.0,231.0,39.9
2025-07-08 17:00:00,33.7,62,0.0,4.5,100,285.0,113.0,40.1
2025-07-08 18:00:00,33.0,67,0.0,3.4,100,121.0,30.0,39.9
2025-07-08 19:00:00,31.6,75,0.0,3.7,100,22.0,1.0,38.8
2025-07-08 20:00:00,31.1,78,0.0,2.7,100,0.0,0.0,38.6
2025-07-08 21:00:00,30.9,76,0.0,1.8,100,0.0,0.0,38.2
2025-07-08 22:00:00,30.4,79,0.0,0.8,100,0.0,0.0,37.9
2025-07-08 23:00:00,29.9,82,0.0,1.2,100,0.0,0.0,37.5
2025-07-09 00:00:00,29.4,85,0.0,1.5,100,0.0,0.0,37.0
2025-07-09 01:00:00,29.0,85,0.0,5.8,100,0.0,0.0,35.6
2025-07-09 02:00:00,28.4,83,0.0,5.9,100,0.0,0.0,34.5
2025-07-09 03:00:00,27.7,86,0.0,4.5,100,0.0,0.0,33.8
2025-07-09 04:00:00,27.4,86,0.2,10.2,100,0.0,0.0,32.5
2025-07-09 05:00:00,27.0,89,0.0,3.6,100,0.0,0.0,33.1
2025-07-09 06:00:00,27.6,84,0.0,2.7,100,28.0,2.0,33.7
2025-07-09 07:00:00,28.2,83,0.0,3.1,96,129.0,23.0,34.4
2025-07-09 08:00:00,29.3,80,0.0,4.2,100,278.0,112.0,35.6
2025-07-09 09:00:00,30.6,75,0.0,4.6,100,425.0,179.0,37.1
2025-07-09 10:00:00,31.7,70,0.0,3.8,100,555.0,267.0,38.2
2025-07-09 11:00:00,28.7,82,11.3,8.2,100,568.0,236.0,34.5
2025-07-09 12:00:00,28.0,84,0.8,1.4,100,89.0,0.0,34.5
2025-07-09 13:00:00,29.3,81,0.1,1.2,100,358.0,34.0,36.4
2025-07-09 14:00:00,30.3,78,0.0,1.7,100,400.0,78.0,37.5
2025-07-09 15:00:00,30.9,76,0.0,3.9,100,356.0,58.0,37.9
2025-07-09 16:00:00,30.9,77,0.0,4.1,100,261.0,30.0,38.0
2025-07-09 17:00:00,30.7,79,0.0,4.5,100,166.0,12.0,37.8
2025-07-09 18:00:00,31.1,72,0.0,1.5,100,91.0,8.0,38.0
2025-07-09 19:00:00,30.0,80,0.0,2.9,100,15.0,0.0,37.2
2025-07-09 20:00:00,29.2,86,0.0,2.4,100,0.0,0.0,36.7
2025-07-09 21:00:00,29.2,85,0.0,2.3,100,0.0,0.0,36.6
2025-07-09 22:00:00,28.4,85,2.5,2.0,100,0.0,0.0,35.1
2025-07-09 23:00:00,27.6,89,0.0,2.9,100,0.0,0.0,34.2
2025-07-10 00:00:00,27.1,91,0.3,1.5,100,0.0,0.0,34.0
2025-07-10 01:00:00,26.7,94,0.3,2.0,100,0.0,0.0,33.5
2025-07-10 02:00:00,26.6,95,0.4,1.7,100,0.0,0.0,33.6
2025-07-10 03:00:00,26.6,95,0.3,1.8,100,0.0,0.0,33.5
2025-07-10 04:00:00,26.2,95,0.6,3.9,100,0.0,0.0,32.6
2025-07-10 05:00:00,25.6,95,0.9,6.1,100,0.0,0.0,31.2
2025-07-10 06:00:00,26.2,93,0.3,6.3,99,10.0,0.0,31.9
2025-07-10 07:00:00,26.5,86,0.0,4.2,100,79.0,5.0,31.8
2025-07-10 08:00:00,26.9,82,0.0,4.4,100,173.0,36.0,32.0
2025-07-10 09:00:00,27.6,78,0.0,1.8,100,235.0,28.0,33.0
2025-07-10 10:00:00,28.0,76,0.0,2.8,100,222.0,13.0,33.3
2025-07-10 11:00:00,28.1,76,0.0,3.7,100,215.0,11.0,33.4
2025-07-10 12:00:00,29.0,74,0.0,7.9,100,463.0,115.0,33.8
2025-07-10 13:00:00,29.1,74,0.0,8.5,100,478.0,164.0,33.9
2025-07-10 14:00:00,28.6,78,0.0,6.7,99,302.0,51.0,33.9
2025-07-10 15:00:00,29.0,77,0.0,7.9,95,343.0,60.0,34.3
2025-07-10 16:00:00,29.6,76,0.0,5.2,91,455.0,244.0,35.6
2025-07-10 17:00:00,29.5,77,0.0,3.8,66,301.0,143.0,35.7
2025-07-10 18:00:00,28.1,82,0.0,3.1,100,58.0,3.0,34.2
2025-07-10 19:00:00,27.5,88,0.4,2.1,100,12.0,0.0,34.1
2025-07-10 20:00:00,27.2,90,0.1,1.7,100,0.0,0.0,34.0
2025-07-10 21:00:00,26.9,92,0.0,1.8,99,0.0,0.0,33.6
2025-07-10 22:00:00,26.6,92,0.0,2.3,97,0.0,0.0,33.2
2025-07-10 23:00:00,26.4,93,0.0,4.4,72,0.0,0.0,32.6
2025-07-11 00:00:00,25.9,95,0.0,2.4,100,0.0,0.0,32.4
2025-07-11 01:00:00,25.8,96,0.0,1.0,100,0.0,0.0,32.5
2025-07-11 02:00:00,25.7,96,0.0,0.7,100,0.0,0.0,32.4
2025-07-11 03:00:00,25.7,96,0.0,2.1,99,0.0,0.0,32.1
2025-07-11 04:00:00,25.6,97,0.0,1.8,100,0.0,0.0,32.1
2025-07-11 05:00:00,25.7,97,0.0,1.5,100,0.0,0.0,32.2
2025-07-11 06:00:00,27.0,90,0.1,3.6,100,12.0,0.0,33.3
2025-07-11 07:00:00,26.9,90,0.1,2.9,100,35.0,0.0,33.2
2025-07-11 08:00:00,27.2,89,0.1,1.5,100,83.0,0.0,33.9
2025-07-11 09:00:00,27.9,87,0.0,3.8,100,177.0,16.0,34.4
2025-07-11 10:00:00,28.7,80,0.0,3.2,100,285.0,60.0,34.9
2025-07-11 11:00:00,29.6,73,0.0,3.8,100,399.0,91.0,35.2
2025-07-11 12:00:00,30.3,70,0.1,3.5,82,493.0,155.0,35.9
2025-07-11 13:00:00,30.8,68,0.0,4.2,100,519.0,178.0,36.4
2025-07-11 14:00:00,31.0,67,0.0,2.4,57,479.0,133.0,36.8
2025-07-11 15:00:00,31.6,66,0.0,1.1,7,624.0,371.0,38.3
2025-07-11 16:00:00,31.6,66,0.0,1.4,19,484.0,288.0,37.7
2025-07-11 17:00:00,31.3,66,0.0,2.2,20,293.0,141.0,37.1
2025-07-11 18:00:00,30.1,75,0.0,3.0,24,122.0,34.0,36.4
2025-07-11 19:00:00,28.9,83,0.0,2.9,34,22.0,3.0,35.6
2025-07-11 20:00:00,28.7,83,0.0,2.4,39,0.0,0.0,35.4
2025-07-11 21:00:00,28.7,82,0.0,0.3,74,0.0,0.0,35.6
2025-07-11 22:00:00,28.4,84,0.0,0.9,62,0.0,0.0,35.2
2025-07-11 23:00:00,28.1,84,0.0,0.5,100,0.0,0.0,34.9
2025-07-12 00:00:00,27.7,86,0.0,1.0,100,0.0,0.0,34.4
2025-07-12 01:00:00,27.4,88,0.0,1.3,99,0.0,0.0,34.0
2025-07-12 02:00:00,27.1,89,0.0,0.9,99,0.0,0.0,33.8
2025-07-12 03:00:00,27.0,90,0.0,0.4,100,0.0,0.0,33.7
2025-07-12 04:00:00,26.8,91,0.0,1.8,95,0.0,0.0,33.4
2025-07-12 05:00:00,26.5,91,0.0,4.5,90,0.0,0.0,32.5
2025-07-12 06:00:00,27.1,88,0.0,2.1,97,28.0,1.0,33.5
2025-07-12 07:00:00,27.9,85,0.0,1.5,8,136.0,37.0,34.5
2025-07-12 08:00:00,29.2,79,0.0,2.5,86,320.0,162.0,35.6
2025-07-12 09:00:00,29.9,76,0.0,2.8,27,395.0,205.0,36.3
2025-07-12 10:00:00,31.2,69,0.0,1.8,46,600.0,351.0,37.9
2025-07-12 11:00:00,32.0,66,0.0,0.8,9,713.0,455.0,39.6
2025-07-12 12:00:00,32.8,63,0.0,1.4,10,809.0,544.0,41.0
2025-07-12 13:00:00,33.2,64,0.0,1.0,10,822.0,566.0,41.9
2025-07-12 14:00:00,33.3,63,0.0,2.1,11,726.0,481.0,41.1
2025-07-12 15:00:00,33.5,64,0.0,1.5,16,620.0,390.0,40.8
2025-07-12 16:00:00,33.4,63,0.0,0.8,41,450.0,256.0,40.2
2025-07-12 17:00:00,29.4,81,2.6,7.6,86,249.0,108.0,35.5
2025-07-12 18:00:00,30.5,72,0.1,9.3,68,124.0,34.0,35.7
2025-07-12 19:00:00,28.3,83,0.0,5.0,86,19.0,1.0,34.4
2025-07-12 20:00:00,27.7,87,0.0,4.7,99,0.0,0.0,33.9
2025-07-12 21:00:00,27.5,89,0.0,3.1,100,0.0,0.0,34.0
2025-07-12 22:00:00,27.3,90,0.0,2.2,100,0.0,0.0,34.0
2025-07-12 23:00:00,27.2,91,0.0,2.1,100,0.0,0.0,34.0
2025-07-13 00:00:00,27.0,92,0.0,1.8,100,0.0,0.0,33.9
2025-07-13 01:00:00,26.8,93,0.0,2.4,100,0.0,0.0,33.4
2025-07-13 02:00:00,26.7,92,0.0,0.4,100,0.0,0.0,33.6
2025-07-13 03:00:00,26.5,93,0.0,1.7,100,0.0,0.0,33.1
2025-07-13 04:00:00,26.3,94,0.0,1.8,100,0.0,0.0,32.9
2025-07-13 05:00:00,26.3,95,0.0,3.1,100,0.0,0.0,32.8
2025-07-13 06:00:00,28.0,93,0.0,5.4,100,30.0,4.0,35.0
2025-07-13 07:00:00,28.6,91,0.0,2.3,100,131.0,36.0,36.2
2025-07-13 08:00:00,29.1,84,1.6,6.1,100,281.0,101.0,35.6
2025-07-13 09:00:00,28.4,79,2.2,7.0,98,356.0,124.0,33.6
2025-07-13 10:00:00,29.9,76,0.0,4.7,99,518.0,220.0,36.1
2025-07-13 11:00:00,31.0,75,0.1,5.5,100,673.0,366.0,38.4
2025-07-13 12:00:00,31.7,72,0.1,8.1,100,745.0,424.0,39.0
2025-07-13 13:00:00,32.4,69,0.1,8.8,100,727.0,376.0,39.4
2025-07-13 14:00:00,32.5,69,0.1,8.1,100,684.0,348.0,39.5
2025-07-13 15:00:00,28.7,84,6.2,11.0,100,368.0,123.0,34.2
2025-07-13 16:00:00,27.9,85,0.1,6.6,100,231.0,55.0,33.6
2025-07-13 17:00:00,27.6,87,0.0,4.3,100,125.0,23.0,33.9
2025-07-13 18:00:00,26.3,95,7.1,4.4,100,56.0,6.0,32.6
2025-07-13 19:00:00,26.5,97,0.4,3.2,100,9.0,0.0,33.3
2025-07-13 20:00:00,26.8,96,0.4,0.8,100,0.0,0.0,34.2
2025-07-13 21:00:00,27.2,93,0.2,5.5,100,0.0,0.0,33.7
2025-07-13 22:00:00,27.6,90,0.0,7.0,100,0.0,0.0,33.9
2025-07-13 23:00:00,27.8,89,0.0,9.6,100,0.0,0.0,33.7
2025-07-14 00:00:00,27.9,88,0.0,9.2,100,0.0,0.0,33.7
2025-07-14 01:00:00,27.7,89,0.0,8.2,100,0.0,0.0,33.7
2025-07-14 02:00:00,27.4,90,0.0,7.7,100,0.0,0.0,33.4
2025-07-14 03:00:00,27.3,90,0.0,7.5,99,0.0,0.0,33.3
2025-07-14 04:00:00,27.1,91,0.0,7.7,100,0.0,0.0,33.0
2025-07-14 05:00:00,27.0,91,0.0,8.8,100,0.0,0.0,32.7
2025-07-14 06:00:00,25.8,96,0.0,11.0,100,11.0,0.0,31.0
2025-07-14 07:00:00,26.5,93,0.2,13.9,100,80.0,1.0,31.3
2025-07-14 08:00:00,27.2,89,0.1,16.0,100,209.0,39.0,31.8
2025-07-14 09:00:00,28.7,80,0.1,17.6,100,407.0,174.0,32.8
2025-07-14 10:00:00,29.7,75,0.1,17.9,100,535.0,224.0,33.6
2025-07-14 11:00:00,30.1,73,0.2,18.7,100,594.0,245.0,34.0
2025-07-14 12:00:00,30.4,73,0.3,17.3,100,667.0,323.0,35.1
2025-07-14 13:00:00,30.5,74,0.6,16.1,100,656.0,306.0,35.5
2025-07-14 14:00:00,30.3,73,0.2,12.7,100,459.0,157.0,35.2
2025-07-14 15:00:00,30.4,74,0.2,11.9,100,448.0,129.0,35.6
2025-07-14 16:00:00,30.5,76,1.2,13.6,100,366.0,133.0,35.8
2025-07-14 17:00:00,27.2,90,5.4,12.1,100,146.0,14.0,32.4
2025-07-14 18:00:00,27.3,88,3.5,10.9,100,90.0,10.0,32.5
2025-07-14 19:00:00,27.5,91,0.3,11.1,100,14.0,0.0,33.1
2025-07-14 20:00:00,26.9,93,1.5,12.1,100,0.0,0.0,32.3
2025-07-14 21:00:00,26.4,93,3.5,13.9,100,0.0,0.0,31.1
2025-07-14 22:00:00,26.8,91,0.0,15.9,100,0.0,0.0,31.3
2025-07-14 23:00:00,26.5,90,0.2,15.1,100,0.0,0.0,30.8
2025-07-15 00:00:00,25.8,92,0.2,15.9,100,0.0,0.0,29.8
2025-07-15 01:00:00,26.0,92,0.1,15.2,100,0.0,0.0,30.2
2025-07-15 02:00:00,26.0,92,0.1,15.2,100,0.0,0.0,30.2
2025-07-15 03:00:00,25.9,91,0.2,16.6,100,0.0,0.0,29.8
2025-07-15 04:00:00,25.6,94,0.2,14.5,100,0.0,0.0,29.9
2025-07-15 05:00:00,25.6,94,0.0,12.8,100,0.0,0.0,30.1
2025-07-15 06:00:00,26.2,92,0.1,15.6,100,18.0,0.0,30.6
2025-07-15 07:00:00,26.6,91,0.1,15.7,100,111.0,22.0,31.0
2025-07-15 08:00:00,27.3,87,0.0,16.6,100,174.0,19.0,31.5
2025-07-15 09:00:00,27.6,85,0.0,14.1,100,171.0,0.0,32.1
2025-07-15 10:00:00,28.4,81,0.0,15.8,97,257.0,38.0,32.7
2025-07-15 11:00:00,29.8,74,0.1,17.2,96,525.0,239.0,33.7
2025-07-15 12:00:00,30.6,70,0.0,16.6,100,662.0,337.0,35.2
2025-07-15 13:00:00,31.4,66,0.0,16.4,97,721.0,403.0,36.2
2025-07-15 14:00:00,32.1,63,0.1,15.4,61,723.0,460.0,36.9
2025-07-15 15:00:00,32.2,63,0.1,14.6,54,595.0,372.0,36.4
2025-07-15 16:00:00,30.6,71,0.2,12.3,40,428.0,230.0,35.4
2025-07-15 17:00:00,30.2,77,0.0,7.7,60,253.0,107.0,36.2
2025-07-15 18:00:00,29.2,81,0.0,7.7,100,103.0,20.0,35.2
2025-07-15 19:00:00,28.0,86,2.7,8.8,100,14.0,0.0,33.7
2025-07-15 20:00:00,27.3,91,1.4,9.6,100,0.0,0.0,33.1
2025-07-15 21:00:00,27.3,92,0.7,9.4,100,0.0,0.0,33.2
2025-07-15 22:00:00,27.1,93,0.6,9.7,100,0.0,0.0,32.9
2025-07-15 23:00:00,26.8,93,0.4,8.8,99,0.0,0.0,32.6
2025-07-16 00:00:00,26.3,96,1.6,10.0,100,0.0,0.0,31.9
2025-07-16 01:00:00,26.1,97,2.5,10.0,100,0.0,0.0,31.7
2025-07-16 02:00:00,26.0,96,1.1,10.5,100,0.0,0.0,31.4
2025-07-16 03:00:00,25.8,96,1.0,10.6,100,0.0,0.0,31.0
2025-07-16 04:00:00,25.3,97,1.5,11.8,100,0.0,0.0,30.2
2025-07-16 05:00:00,25.3,97,0.0,11.3,100,0.0,0.0,30.2
2025-07-16 06:00:00,26.9,94,0.0,8.6,100,17.0,0.0,32.8
2025-07-16 07:00:00,27.4,91,0.0,8.2,98,115.0,19.0,33.4
2025-07-16 08:00:00,28.7,85,0.0,8.4,35,289.0,122.0,34.7
2025-07-16 09:00:00,30.2,77,0.0,9.5,14,486.0,272.0,36.0
2025-07-16 10:00:00,31.4,70,0.1,9.3,33,644.0,415.0,37.5
2025-07-16 11:00:00,32.0,67,0.1,8.3,53,721.0,455.0,38.6
2025-07-16 12:00:00,32.3,65,0.0,7.5,100,734.0,439.0,39.0
2025-07-16 13:00:00,32.1,67,0.0,7.6,100,521.0,166.0,37.7
2025-07-16 14:00:00,31.2,66,0.1,7.9,100,258.0,0.0,36.2
2025-07-16 15:00:00,31.0,70,0.1,9.9,98,345.0,65.0,36.2
2025-07-16 16:00:00,30.2,75,0.1,10.7,98,363.0,130.0,35.6
2025-07-16 17:00:00,29.7,78,0.0,8.4,76,258.0,101.0,35.5
2025-07-16 18:00:00,29.8,79,0.0,4.2,100,119.0,24.0,36.4
2025-07-16 19:00:00,29.2,86,0.0,1.9,100,20.0,1.0,36.7
2025-07-16 20:00:00,28.8,86,0.0,4.1,100,0.0,0.0,35.7
2025-07-16 21:00:00,28.4,87,0.0,4.6,100,0.0,0.0,35.1
2025-07-16 22:00:00,28.1,88,0.0,4.8,100,0.0,0.0,34.7
2025-07-16 23:00:00,27.9,89,0.0,5.8,100,0.0,0.0,34.3
2025-07-17 00:00:00,27.7,90,0.0,5.8,100,0.0,0.0,34.2
2025-07-17 01:00:00,27.5,92,0.0,6.4,100,0.0,0.0,33.9
2025-07-17 02:00:00,27.3,92,0.0,6.4,100,0.0,0.0,33.7
2025-07-17 03:00:00,27.1,93,0.0,7.1,100,0.0,0.0,33.4
2025-07-17 04:00:00,27.0,93,0.0,7.0,100,0.0,0.0,33.1
2025-07-17 05:00:00,26.8,92,0.0,8.2,100,0.0,0.0,32.6
2025-07-17 06:00:00,26.8,85,0.0,10.1,100,15.0,0.0,31.4
2025-07-17 07:00:00,27.2,85,0.0,8.3,100,101.0,9.0,32.3
2025-07-17 08:00:00,28.0,81,0.0,9.5,100,248.0,74.0,33.0
2025-07-17 09:00:00,28.6,77,0.0,9.8,100,303.0,60.0,33.4
2025-07-17 10:00:00,29.4,73,0.0,9.7,100,391.0,83.0,34.1
2025-07-17 11:00:00,30.3,69,0.0,12.9,100,484.0,172.0,34.5
2025-07-17 12:00:00,30.3,68,0.0,12.7,100,417.0,97.0,34.4
2025-07-17 13:00:00,29.6,73,0.0,10.3,100,244.0,0.0,34.3
2025-07-17 14:00:00,29.9,73,0.0,10.0,100,376.0,79.0,34.8
2025-07-17 15:00:00,30.7,69,0.0,8.2,95,463.0,170.0,35.8
2025-07-17 16:00:00,31.1,67,0.0,8.9,56,483.0,275.0,36.0
2025-07-17 17:00:00,30.8,69,0.0,7.4,48,284.0,116.0,36.0
2025-07-17 18:00:00,29.7,80,0.0,5.1,98,99.0,18.0,36.2
2025-07-17 19:00:00,28.9,85,0.0,4.7,100,19.0,1.0,35.8
2025-07-17 20:00:00,28.2,87,0.5,7.0,100,0.0,0.0,34.4
2025-07-17 21:00:00,27.4,91,0.3,7.0,100,0.0,0.0,33.6
2025-07-17 22:00:00,27.0,92,0.3,2.7,99,0.0,0.0,33.7
2025-07-17 23:00:00,26.8,93,0.3,2.6,97,0.0,0.0,33.5
2025-07-18 00:00:00,26.6,94,0.1,3.3,100,0.0,0.0,33.1
2025-07-18 01:00:00,26.5,94,0.0,5.8,100,0.0,0.0,32.7
2025-07-18 02:00:00,26.6,92,0.0,7.6,100,0.0,0.0,32.4
2025-07-18 03:00:00,26.7,89,0.0,8.6,100,0.0,0.0,32.0
2025-07-18 04:00:00,26.5,90,0.0,8.2,85,0.0,0.0,31.9
2025-07-18 05:00:00,26.4,91,0.0,8.4,6,0.0,0.0,31.7
2025-07-18 06:00:00,27.0,86,0.0,10.6,17,27.0,3.0,31.8
2025-07-18 07:00:00,27.7,83,0.0,8.9,24,145.0,48.0,32.8
2025-07-18 08:00:00,28.7,78,0.0,11.5,73,321.0,166.0,33.3
2025-07-18 09:00:00,29.9,72,0.0,16.1,76,506.0,311.0,33.7
2025-07-18 10:00:00,30.8,68,0.0,16.5,100,623.0,374.0,35.0
2025-07-18 11:00:00,31.3,68,0.1,16.6,85,653.0,340.0,35.9
2025-07-18 12:00:00,31.5,67,0.1,18.0,55,676.0,341.0,36.0
2025-07-18 13:00:00,31.6,69,0.1,15.5,66,775.0,486.0,37.4
2025-07-18 14:00:00,31.2,66,0.7,18.3,64,627.0,370.0,34.9
2025-07-18 15:00:00,29.5,77,2.5,16.6,53,519.0,283.0,33.8
2025-07-18 16:00:00,29.7,76,0.3,15.5,41,332.0,134.0,34.2
2025-07-18 17:00:00,29.3,78,0.0,12.4,40,261.0,115.0,34.2
2025-07-18 18:00:00,28.9,79,0.2,16.6,66,111.0,27.0,33.1
2025-07-18 19:00:00,28.4,79,0.0,15.3,62,17.0,1.0,32.5
2025-07-18 20:00:00,27.9,81,0.0,15.3,39,0.0,0.0,31.9
2025-07-18 21:00:00,27.6,82,0.0,15.1,4,0.0,0.0,31.6
2025-07-18 22:00:00,27.3,83,0.0,13.4,2,0.0,0.0,31.5
2025-07-18 23:00:00,26.9,85,0.0,13.0,9,0.0,0.0,31.2
2025-07-19 00:00:00,26.6,87,0.0,13.5,23,0.0,0.0,30.8
2025-07-19 01:00:00,26.3,89,0.0,13.2,74,0.0,0.0,30.7
2025-07-19 02:00:00,26.1,90,0.0,12.8,100,0.0,0.0,30.5
2025-07-19 03:00:00,26.0,91,0.0,12.8,100,0.0,0.0,30.4
2025-07-19 04:00:00,25.9,91,0.0,12.9,100,0.0,0.0,30.3
2025-07-19 05:00:00,25.8,91,0.0,12.6,23,0.0,0.0,30.2
2025-07-19 06:00:00,26.4,90,0.0,13.2,25,26.0,3.0,30.9
2025-07-19 07:00:00,26.9,87,0.0,16.6,39,138.0,42.0,31.0
2025-07-19 08:00:00,27.9,82,0.0,14.1,22,286.0,126.0,32.2
2025-07-19 09:00:00,29.1,76,0.0,12.6,21,465.0,256.0,33.5
2025-07-19 10:00:00,30.2,70,0.0,13.9,32,641.0,402.0,34.8
2025-07-19 11:00:00,31.2,64,0.0,13.0,57,719.0,445.0,36.1
2025-07-19 12:00:00,32.0,61,0.0,12.6,96,761.0,437.0,37.1
2025-07-19 13:00:00,32.2,59,0.0,12.2,100,681.0,358.0,36.7
2025-07-19 14:00:00,32.2,60,0.0,12.1,75,580.0,273.0,36.4
2025-07-19 15:00:00,32.2,61,0.0,11.4,93,501.0,234.0,36.3
2025-07-19 16:00:00,32.2,61,0.0,9.7,22,414.0,200.0,36.6
2025-07-19 17:00:00,32.0,62,0.0,7.6,18,263.0,105.0,36.8
2025-07-19 18:00:00,31.2,67,0.0,4.7,2,132.0,44.0,36.8
2025-07-19 19:00:00,29.8,75,0.0,4.8,4,21.0,3.0,35.7
2025-07-19 20:00:00,29.1,79,0.0,4.4,3,0.0,0.0,35.3
2025-07-19 21:00:00,28.7,80,0.0,6.0,61,0.0,0.0,34.5
2025-07-19 22:00:00,28.4,80,0.0,6.3,100,0.0,0.0,33.9
2025-07-19 23:00:00,28.0,82,0.0,6.4,99,0.0,0.0,33.4
2025-07-20 00:00:00,27.6,83,0.0,6.5,94,0.0,0.0,33.0
2025-07-20 01:00:00,27.2,85,0.0,5.2,88,0.0,0.0,32.8
2025-07-20 02:00:00,26.7,87,0.0,4.4,88,0.0,0.0,32.4
2025-07-20 03:00:00,26.4,89,0.0,4.4,75,0.0,0.0,32.0
2025-07-20 04:00:00,26.2,88,0.0,4.5,14,0.0,0.0,31.7
2025-07-20 05:00:00,26.1,88,0.0,5.1,1,0.0,0.0,31.4
2025-07-20 06:00:00,27.4,86,0.0,5.6,99,27.0,4.0,33.2
2025-07-20 07:00:00,28.3,84,0.0,5.1,98,148.0,52.0,34.5
2025-07-20 08:00:00,29.5,76,0.0,6.4,100,323.0,168.0,35.1
2025-07-20 09:00:00,30.5,71,0.0,6.1,99,497.0,287.0,36.1
2025-07-20 10:00:00,31.4,67,0.0,6.4,100,643.0,384.0,37.5
2025-07-20 11:00:00,32.5,62,0.0,6.9,100,754.0,461.0,39.0
2025-07-20 12:00:00,33.4,57,0.0,7.5,99,804.0,503.0,39.8
2025-07-20 13:00:00,33.9,55,0.0,8.7,32,827.0,551.0,40.1
2025-07-20 14:00:00,34.2,53,0.0,8.8,30,729.0,466.0,39.6
2025-07-20 15:00:00,34.2,52,0.0,7.8,100,594.0,351.0,38.9
2025-07-20 16:00:00,34.3,51,0.0,6.0,100,450.0,245.0,38.7
2025-07-20 17:00:00,33.9,53,0.0,4.6,100,243.0,84.0,38.7
2025-07-20 18:00:00,32.1,65,0.0,4.7,100,93.0,8.0,38.0
2025-07-20 19:00:00,30.9,74,0.0,3.3,100,14.0,0.0,37.6
2025-07-20 20:00:00,30.2,77,0.0,4.3,100,0.0,0.0,36.7
2025-07-20 21:00:00,29.5,80,0.0,4.5,100,0.0,0.0,36.0
2025-07-20 22:00:00,29.0,81,0.0,4.9,100,0.0,0.0,35.4
2025-07-20 23:00:00,28.6,82,0.0,5.6,100,0.0,0.0,34.7
2025-07-21 00:00:00,28.3,81,0.0,6.6,100,0.0,0.0,33.9
2025-07-21 01:00:00,27.9,81,0.0,6.6,90,0.0,0.0,33.2
2025-07-21 02:00:00,27.5,82,0.0,5.1,24,0.0,0.0,32.9
2025-07-21 03:00:00,27.2,83,0.0,6.2,4,0.0,0.0,32.4
2025-07-21 04:00:00,26.8,84,0.0,4.9,4,0.0,0.0,32.2
2025-07-21 05:00:00,26.6,86,0.0,3.9,13,0.0,0.0,32.1
2025-07-21 06:00:00,28.0,84,0.0,4.5,100,17.0,0.0,34.1
2025-07-21 07:00:00,28.4,83,0.0,3.6,100,78.0,5.0,34.7
2025-07-21 08:00:00,28.9,79,0.2,5.0,100,156.0,22.0,34.9
2025-07-21 09:00:00,30.0,74,0.0,6.0,100,271.0,59.0,35.8
2025-07-21 10:00:00,29.9,71,0.1,6.1,100,271.0,23.0,35.2
2025-07-21 11:00:00,29.9,73,0.1,3.5,100,197.0,0.0,35.8
2025-07-21 12:00:00,30.0,72,0.0,4.3,100,195.0,7.0,35.7
2025-07-21 13:00:00,30.7,69,0.0,3.9,100,343.0,41.0,36.3
2025-07-21 14:00:00,31.3,66,0.0,2.4,100,394.0,80.0,37.1
2025-07-21 15:00:00,31.5,65,0.0,2.7,100,398.0,96.0,37.2
2025-07-21 16:00:00,31.4,64,0.0,3.6,100,280.0,47.0,36.9
2025-07-21 17:00:00,31.2,66,0.0,3.6,100,239.0,61.0,36.7
2025-07-21 18:00:00,29.4,76,0.0,4.3,99,110.0,25.0,35.3
2025-07-21 19:00:00,28.8,81,0.0,3.9,99,19.0,2.0,35.0
2025-07-21 20:00:00,28.3,86,0.0,2.4,100,0.0,0.0,35.1
2025-07-21 21:00:00,28.0,88,0.0,2.1,100,0.0,0.0,35.0
2025-07-21 22:00:00,27.5,90,0.0,3.1,100,0.0,0.0,34.2
2025-07-21 23:00:00,27.2,91,0.0,2.4,100,0.0,0.0,33.9
2025-07-22 00:00:00,26.8,91,0.0,3.6,100,0.0,0.0,33.2
2025-07-22 01:00:00,26.6,90,0.0,3.5,100,0.0,0.0,32.7
2025-07-22 02:00:00,26.3,92,0.0,2.6,100,0.0,0.0,32.5
2025-07-22 03:00:00,26.2,91,0.0,3.7,100,0.0,0.0,32.1
2025-07-22 04:00:00,26.1,91,0.0,4.1,100,0.0,0.0,31.9
2025-07-22 05:00:00,26.0,91,0.0,3.3,79,0.0,0.0,31.8
2025-07-22 06:00:00,27.5,88,0.2,9.0,89,17.0,0.0,33.1
2025-07-22 07:00:00,27.7,84,0.0,3.9,45,98.0,22.0,33.7
2025-07-22 08:00:00,28.7,81,0.0,5.4,20,224.0,79.0,34.6
2025-07-22 09:00:00,30.2,73,0.0,4.1,98,472.0,272.0,36.2
2025-07-22 10:00:00,31.6,68,0.0,4.0,97,620.0,397.0,38.1
2025-07-22 11:00:00,32.9,62,0.0,1.9,98,744.0,488.0,40.3
2025-07-22 12:00:00,33.9,55,0.0,1.1,97,812.0,551.0,41.4
2025-07-22 13:00:00,34.1,53,0.0,3.1,99,727.0,465.0,40.4
2025-07-22 14:00:00,34.6,52,0.0,4.2,95,726.0,479.0,40.8
2025-07-22 15:00:00,34.8,50,0.0,6.3,100,592.0,359.0,39.5
2025-07-22 16:00:00,34.3,52,0.0,6.5,99,441.0,253.0,38.8
2025-07-22 17:00:00,34.0,53,0.0,6.1,100,293.0,148.0,38.6
2025-07-22 18:00:00,31.8,64,0.0,3.7,63,124.0,40.0,37.4
2025-07-22 19:00:00,31.2,68,0.0,2.2,100,19.0,2.0,37.4
2025-07-22 20:00:00,30.2,77,0.0,3.7,100,0.0,0.0,36.7
2025-07-22 21:00:00,29.6,81,0.0,2.8,100,0.0,0.0,36.5
2025-07-22 22:00:00,29.2,83,0.0,2.6,41,0.0,0.0,36.2
2025-07-22 23:00:00,28.8,85,0.0,3.0,100,0.0,0.0,35.7
2025-07-23 00:00:00,28.6,82,0.0,4.5,100,0.0,0.0,34.8
2025-07-23 01:00:00,28.1,86,0.0,2.6,75,0.0,0.0,34.8
2025-07-23 02:00:00,27.8,86,0.0,4.7,55,0.0,0.0,34.0
2025-07-23 03:00:00,27.6,85,0.0,4.4,32,0.0,0.0,33.5
2025-07-23 04:00:00,27.3,85,0.0,4.6,22,0.0,0.0,33.1
2025-07-23 05:00:00,27.0,86,0.0,4.0,98,0.0,0.0,32.8
2025-07-23 06:00:00,28.3,84,0.0,6.6,49,25.0,3.0,34.2
2025-07-23 07:00:00,29.1,80,0.0,3.4,98,132.0,36.0,35.5
2025-07-23 08:00:00,29.8,72,0.4,8.5,95,259.0,101.0,34.8
2025-07-23 09:00:00,29.3,75,0.6,10.5,75,369.0,171.0,34.0
2025-07-23 10:00:00,30.6,71,0.0,4.1,73,556.0,278.0,36.6
2025-07-23 11:00:00,31.7,68,0.0,3.4,56,653.0,330.0,38.5
2025-07-23 12:00:00,32.7,65,0.0,4.8,74,741.0,444.0,40.1
2025-07-23 13:00:00,33.2,63,0.0,7.0,70,697.0,414.0,40.0
2025-07-23 14:00:00,33.1,64,0.0,7.8,89,562.0,273.0,38.9
2025-07-23 15:00:00,32.9,64,0.1,9.6,94,503.0,230.0,38.4
2025-07-23 16:00:00,33.0,64,0.0,8.9,95,378.0,181.0,38.6
2025-07-23 17:00:00,32.6,67,0.1,8.0,90,239.0,95.0,38.7
2025-07-23 18:00:00,29.9,80,0.0,5.5,99,115.0,26.0,36.6
2025-07-23 19:00:00,29.1,86,0.0,5.1,44,17.0,1.0,36.1
2025-07-23 20:00:00,28.7,88,0.0,5.8,97,0.0,0.0,35.6
2025-07-23 21:00:00,28.5,89,0.0,5.8,38,0.0,0.0,35.4
2025-07-23 22:00:00,28.4,89,0.0,5.9,55,0.0,0.0,35.2
2025-07-23 23:00:00,28.2,89,0.0,6.7,21,0.0,0.0,34.7
2025-07-24 00:00:00,28.0,88,0.0,5.5,26,0.0,0.0,34.5
2025-07-24 01:00:00,27.7,89,0.0,3.8,25,0.0,0.0,34.3
2025-07-24 02:00:00,27.3,91,0.0,2.3,11,0.0,0.0,34.2
2025-07-24 03:00:00,27.1,92,0.0,1.1,7,0.0,0.0,34.1
2025-07-24 04:00:00,26.5,88,0.8,9.9,90,0.0,0.0,31.4
2025-07-24 05:00:00,25.4,93,0.6,11.8,61,0.0,0.0,29.8
2025-07-24 06:00:00,27.8,82,0.1,9.2,40,18.0,2.0,32.8
2025-07-24 07:00:00,28.5,81,0.0,6.5,41,119.0,32.0,34.2
2025-07-24 08:00:00,29.5,79,0.0,7.2,15,236.0,89.0,35.4
2025-07-24 09:00:00,31.3,71,0.0,8.6,11,508.0,321.0,36.9
2025-07-24 10:00:00,32.7,65,0.0,8.9,26,666.0,432.0,38.8
2025-07-24 11:00:00,33.8,58,0.0,8.4,32,735.0,459.0,39.9
2025-07-24 12:00:00,34.5,54,0.0,8.2,28,774.0,501.0,40.6
2025-07-24 13:00:00,35.0,52,0.0,8.0,86,803.0,544.0,41.3
2025-07-24 14:00:00,35.4,51,0.0,7.6,35,732.0,492.0,41.2
2025-07-24 15:00:00,35.5,50,0.0,9.0,26,632.0,410.0,40.4
2025-07-24 16:00:00,35.1,51,0.0,9.9,33,467.0,288.0,39.3
2025-07-24 17:00:00,34.4,54,0.0,9.7,23,296.0,156.0,38.8
2025-07-24 18:00:00,32.6,64,0.0,5.5,9,131.0,46.0,38.4
2025-07-24 19:00:00,31.2,73,0.0,3.6,9,19.0,2.0,37.9
2025-07-24 20:00:00,30.6,74,0.0,4.9,13,0.0,0.0,36.9
2025-07-24 21:00:00,30.1,75,0.0,9.1,2,0.0,0.0,35.5
2025-07-24 22:00:00,29.2,78,0.0,6.2,13,0.0,0.0,35.0
2025-07-24 23:00:00,28.7,80,0.0,5.1,10,0.0,0.0,34.5
2025-07-25 00:00:00,28.2,81,0.0,5.8,0,0.0,0.0,33.8
2025-07-25 01:00:00,27.6,84,0.0,5.7,1,0.0,0.0,33.3
2025-07-25 02:00:00,27.3,85,0.0,5.5,2,0.0,0.0,32.9
2025-07-25 03:00:00,27.1,86,0.0,5.9,0,0.0,0.0,32.6
2025-07-25 04:00:00,26.8,87,0.0,5.8,1,0.0,0.0,32.3
2025-07-25 05:00:00,26.6,88,0.0,5.4,3,0.0,0.0,32.1
2025-07-25 06:00:00,28.5,84,0.0,6.7,6,18.0,2.0,34.5
2025-07-25 07:00:00,29.3,82,0.0,4.5,7,108.0,28.0,35.9
2025-07-25 08:00:00,31.0,75,0.0,5.7,8,300.0,149.0,37.5
2025-07-25 09:00:00,32.8,64,0.0,8.7,11,503.0,313.0,38.2
2025-07-25 10:00:00,34.1,56,0.0,10.4,3,655.0,428.0,39.2
2025-07-25 11:00:00,35.0,51,0.0,10.6,19,711.0,448.0,40.0
2025-07-25 12:00:00,35.5,48,0.0,10.1,24,709.0,436.0,40.4
2025-07-25 13:00:00,35.8,48,0.0,9.6,55,711.0,425.0,40.7
2025-07-25 14:00:00,36.3,48,0.0,9.3,98,719.0,464.0,41.7
2025-07-25 15:00:00,36.2,47,0.0,10.1,88,576.0,338.0,40.5
2025-07-25 16:00:00,35.7,48,0.0,10.5,8,446.0,243.0,39.7
2025-07-25 17:00:00,35.2,51,0.0,7.6,23,298.0,157.0,39.8
2025-07-25 18:00:00,34.5,54,0.0,5.9,10,129.0,44.0,39.6
2025-07-25 19:00:00,33.1,65,0.0,3.2,10,18.0,2.0,39.7
2025-07-25 20:00:00,32.4,71,0.0,2.3,65,0.0,0.0,39.9
2025-07-25 21:00:00,31.8,76,0.0,1.3,34,0.0,0.0,39.7
2025-07-25 22:00:00,31.5,78,0.0,0.2,100,0.0,0.0,39.6
2025-07-25 23:00:00,31.0,78,0.5,1.6,100,0.0,0.0,38.7
2025-07-26 00:00:00,30.5,75,0.0,11.7,100,0.0,0.0,35.9
2025-07-26 01:00:00,28.7,83,0.0,9.1,100,0.0,0.0,34.4
2025-07-26 02:00:00,28.1,86,0.0,3.4,100,0.0,0.0,34.7
2025-07-26 03:00:00,27.7,88,0.0,7.2,98,0.0,0.0,33.7
2025-07-26 04:00:00,27.2,90,0.0,6.5,36,0.0,0.0,33.2
2025-07-26 05:00:00,26.9,92,0.0,2.5,100,0.0,0.0,33.5
2025-07-26 06:00:00,27.5,89,1.7,3.1,100,9.0,0.0,34.1
2025-07-26 07:00:00,27.6,90,0.6,4.5,73,81.0,12.0,34.2
2025-07-26 08:00:00,28.7,84,0.0,4.3,65,240.0,85.0,35.3
2025-07-26 09:00:00,30.5,75,0.0,3.6,100,452.0,230.0,37.1
2025-07-26 10:00:00,31.7,69,0.0,2.2,100,470.0,161.0,38.4
2025-07-26 11:00:00,32.5,66,0.0,1.3,100,503.0,177.0,39.2
2025-07-26 12:00:00,33.5,62,0.0,2.6,96,647.0,296.0,40.7
2025-07-26 13:00:00,34.0,60,0.0,3.3,21,604.0,313.0,40.6
2025-07-26 14:00:00,34.8,55,0.0,3.5,72,673.0,368.0,41.5
2025-07-26 15:00:00,35.3,53,0.0,2.4,100,644.0,437.0,41.8
2025-07-26 16:00:00,35.4,53,0.0,3.9,99,470.0,285.0,41.0
2025-07-26 17:00:00,34.2,56,0.0,5.7,100,288.0,130.0,39.6
2025-07-26 18:00:00,33.3,62,0.0,6.5,100,119.0,37.0,39.1
2025-07-26 19:00:00,32.5,67,0.0,6.9,100,17.0,1.0,38.5
2025-07-26 20:00:00,31.8,72,0.0,6.8,100,0.0,0.0,38.3
2025-07-26 21:00:00,31.2,76,0.0,6.4,63,0.0,0.0,38.0
2025-07-26 22:00:00,30.8,78,0.0,5.6,55,0.0,0.0,37.7
2025-07-26 23:00:00,30.4,80,0.0,2.5,96,0.0,0.0,37.8
2025-07-27 00:00:00,30.2,83,0.0,1.2,100,0.0,0.0,38.0
2025-07-27 01:00:00,29.8,84,0.0,4.4,99,0.0,0.0,37.2
2025-07-27 02:00:00,29.4,86,0.0,6.1,98,0.0,0.0,36.4
2025-07-27 03:00:00,29.0,86,0.0,5.6,98,0.0,0.0,35.8
2025-07-27 04:00:00,28.9,85,0.0,3.9,99,0.0,0.0,35.8
2025-07-27 05:00:00,28.8,83,0.0,5.3,79,0.0,0.0,35.0
2025-07-27 06:00:00,29.0,83,0.1,3.0,80,20.0,1.0,35.8
2025-07-27 07:00:00,30.1,75,0.0,2.6,35,120.0,37.0,36.6
2025-07-27 08:00:00,31.6,67,0.0,7.5,67,292.0,140.0,37.0
2025-07-27 09:00:00,32.5,61,0.0,12.3,65,478.0,278.0,36.7
2025-07-27 10:00:00,33.2,59,0.4,11.1,36,604.0,370.0,38.1
2025-07-27 11:00:00,34.0,58,0.3,9.4,90,738.0,489.0,40.2
2025-07-27 12:00:00,35.3,53,0.1,7.9,99,825.0,570.0,42.0
2025-07-27 13:00:00,35.7,51,0.0,6.9,32,772.0,521.0,42.1
2025-07-27 14:00:00,36.2,49,0.0,7.1,16,735.0,498.0,42.3
2025-07-27 15:00:00,36.3,49,0.0,7.4,13,633.0,417.0,41.7
2025-07-27 16:00:00,36.0,50,0.0,7.4,11,483.0,297.0,40.9
2025-07-27 17:00:00,35.4,52,0.0,8.3,87,295.0,158.0,40.2
2025-07-27 18:00:00,33.3,59,0.0,8.5,97,124.0,42.0,38.2
2025-07-27 19:00:00,32.5,63,0.0,8.3,100,17.0,2.0,37.7
2025-07-27 20:00:00,32.0,67,0.0,7.6,99,0.0,0.0,37.6
2025-07-27 21:00:00,31.5,70,0.0,6.9,99,0.0,0.0,37.5
2025-07-27 22:00:00,30.9,73,0.0,6.6,100,0.0,0.0,37.0
2025-07-27 23:00:00,30.3,76,0.0,6.0,100,0.0,0.0,36.6
2025-07-28 00:00:00,29.9,78,0.0,5.2,100,0.0,0.0,36.3
2025-07-28 01:00:00,29.6,80,0.0,4.8,99,0.0,0.0,36.1
2025-07-28 02:00:00,29.2,82,0.0,5.3,100,0.0,0.0,35.7
2025-07-28 03:00:00,28.7,85,0.0,5.2,100,0.0,0.0,35.3
2025-07-28 04:00:00,28.4,87,0.0,5.4,100,0.0,0.0,35.0
2025-07-28 05:00:00,28.1,88,0.0,5.1,94,0.0,0.0,34.7
2025-07-28 06:00:00,29.4,81,0.0,4.1,99,18.0,1.0,36.0
2025-07-28 07:00:00,30.2,76,0.0,5.0,99,104.0,20.0,36.5
2025-07-28 08:00:00,31.8,66,0.0,5.4,59,315.0,170.0,37.4
2025-07-28 09:00:00,33.1,60,0.0,4.1,21,485.0,292.0,38.6
2025-07-28 10:00:00,34.4,54,0.0,3.5,26,655.0,443.0,40.4
2025-07-28 11:00:00,35.6,49,0.0,3.1,28,746.0,498.0,42.0
2025-07-28 12:00:00,36.2,46,0.3,0.5,49,724.0,477.0,42.7
2025-07-28 13:00:00,36.2,47,0.9,2.3,84,756.0,495.0,42.8
2025-07-28 14:00:00,36.3,49,0.2,2.0,100,719.0,477.0,43.1
2025-07-28 15:00:00,36.6,49,0.0,1.0,100,590.0,379.0,42.7
2025-07-28 16:00:00,36.6,49,0.0,2.2,99,468.0,275.0,42.3
2025-07-28 17:00:00,35.4,52,0.0,3.2,99,266.0,115.0,41.0
2025-07-28 18:00:00,33.4,58,0.2,3.4,97,119.0,35.0,39.0
2025-07-28 19:00:00,32.2,65,0.0,6.9,97,16.0,1.0,37.8
2025-07-28 20:00:00,31.3,73,0.0,7.8,100,0.0,0.0,37.4
2025-07-28 21:00:00,30.5,78,0.0,9.2,99,0.0,0.0,36.7
2025-07-28 22:00:00,29.8,80,0.0,9.7,100,0.0,0.0,35.7
2025-07-28 23:00:00,29.2,83,0.0,8.0,75,0.0,0.0,35.4
2025-07-29 00:00:00,28.6,86,0.0,6.5,95,0.0,0.0,35.0
2025-07-29 01:00:00,28.2,88,0.0,4.7,67,0.0,0.0,35.0
2025-07-29 02:00:00,27.9,90,0.0,4.8,96,0.0,0.0,34.6
2025-07-29 03:00:00,27.7,91,0.0,5.1,99,0.0,0.0,34.4
2025-07-29 04:00:00,27.5,92,0.0,7.4,93,0.0,0.0,33.9
2025-07-29 05:00:00,27.2,93,0.0,6.3,99,0.0,0.0,33.6
2025-07-29 06:00:00,27.3,88,0.5,3.9,91,18.0,1.0,33.5
2025-07-29 07:00:00,27.5,88,0.8,3.0,99,88.0,19.0,33.9
2025-07-29 08:00:00,28.3,85,0.4,5.8,89,246.0,94.0,34.4
2025-07-29 09:00:00,29.7,78,0.0,2.3,100,381.0,168.0,36.3
2025-07-29 10:00:00,30.7,75,0.0,2.7,100,519.0,248.0,37.4
2025-07-29 11:00:00,31.5,71,0.1,4.7,100,448.0,144.0,37.9
2025-07-29 12:00:00,31.1,75,0.5,3.0,98,499.0,176.0,38.1
2025-07-29 13:00:00,32.1,71,0.3,2.4,81,597.0,271.0,39.6
2025-07-29 14:00:00,32.9,68,0.2,2.4,99,639.0,374.0,40.6
2025-07-29 15:00:00,31.8,71,0.1,7.6,100,443.0,186.0,37.9
2025-07-29 16:00:00,29.7,81,0.7,5.8,100,289.0,79.0,36.3
2025-07-29 17:00:00,30.1,81,0.2,4.7,99,236.0,88.0,37.1
2025-07-29 18:00:00,29.7,77,0.0,6.1,100,112.0,27.0,35.7
2025-07-29 19:00:00,29.1,81,0.0,5.5,100,16.0,1.0,35.4
2025-07-29 20:00:00,28.6,84,0.0,7.4,100,0.0,0.0,34.6
2025-07-29 21:00:00,28.2,85,0.0,6.8,99,0.0,0.0,34.3
2025-07-29 22:00:00,28.0,87,0.0,6.0,99,0.0,0.0,34.1
2025-07-29 23:00:00,27.6,88,0.0,5.6,97,0.0,0.0,33.9
2025-07-30 00:00:00,27.3,90,0.0,6.3,100,0.0,0.0,33.4
2025-07-30 01:00:00,27.0,91,0.0,7.0,100,0.0,0.0,32.9
2025-07-30 02:00:00,26.7,93,0.0,7.2,75,0.0,0.0,32.7
2025-07-30 03:00:00,26.5,94,0.0,7.4,100,0.0,0.0,32.4
2025-07-30 04:00:00,26.4,94,0.0,7.6,100,0.0,0.0,32.2
2025-07-30 05:00:00,26.2,95,0.0,6.1,100,0.0,0.0,32.2
2025-07-30 06:00:00,26.2,94,0.6,10.0,100,11.0,0.0,31.5
2025-07-30 07:00:00,26.2,94,0.2,7.8,100,52.0,2.0,31.9
2025-07-30 08:00:00,27.2,90,0.2,8.4,100,143.0,20.0,33.0
2025-07-30 09:00:00,28.6,85,0.2,8.8,100,321.0,112.0,34.6
2025-07-30 10:00:00,29.9,78,0.1,10.4,100,465.0,152.0,35.6
2025-07-30 11:00:00,31.1,74,0.1,9.5,100,649.0,301.0,37.5
2025-07-30 12:00:00,31.6,71,0.1,8.6,100,575.0,219.0,37.6
2025-07-30 13:00:00,31.2,71,2.3,9.0,100,486.0,118.0,36.9
2025-07-30 14:00:00,28.2,89,6.5,8.7,100,318.0,32.0,34.4
2025-07-30 15:00:00,29.4,82,0.3,6.2,95,314.0,102.0,35.9
2025-07-30 16:00:00,30.5,79,0.2,5.2,100,497.0,290.0,37.5
2025-07-30 17:00:00,29.6,82,3.3,5.9,99,299.0,151.0,36.1
2025-07-30 18:00:00,27.9,89,0.1,9.3,100,74.0,15.0,33.9
2025-07-30 19:00:00,26.9,94,0.2,6.5,100,4.0,0.0,33.2
2025-07-30 20:00:00,26.8,95,0.1,6.0,100,0.0,0.0,33.2
2025-07-30 21:00:00,26.7,95,0.1,7.4,100,0.0,0.0,33.0
2025-07-30 22:00:00,26.5,96,0.1,7.4,100,0.0,0.0,32.7
2025-07-30 23:00:00,26.3,97,0.6,9.6,99,0.0,0.0,32.1
2025-07-31 00:00:00,26.3,97,1.6,7.9,100,0.0,0.0,32.3
2025-07-31 01:00:00,26.2,95,0.3,9.8,100,0.0,0.0,31.7
2025-07-31 02:00:00,25.8,98,3.5,6.4,100,0.0,0.0,31.8
2025-07-31 03:00:00,25.5,98,5.8,6.2,100,0.0,0.0,31.5
2025-07-31 04:00:00,25.3,98,3.4,6.8,100,0.0,0.0,31.1
2025-07-31 05:00:00,25.4,98,1.0,5.3,100,0.0,0.0,31.3
2025-07-31 06:00:00,25.7,97,1.4,7.5,100,4.0,0.0,31.4
2025-07-31 07:00:00,25.4,97,8.0,4.9,100,24.0,0.0,31.3
2025-07-31 08:00:00,25.7,95,2.9,8.4,99,45.0,0.0,31.2
2025-07-31 09:00:00,26.4,91,0.3,9.9,100,137.0,23.0,31.5
2025-07-31 10:00:00,28.0,85,0.3,8.7,100,370.0,154.0,33.5
2025-07-31 11:00:00,28.9,82,0.2,7.8,95,449.0,139.0,34.8
2025-07-31 12:00:00,29.7,78,0.1,8.5,94,544.0,190.0,35.5
2025-07-31 13:00:00,29.9,76,0.0,8.5,100,402.0,106.0,35.5
2025-07-31 14:00:00,30.4,74,0.0,6.4,96,480.0,183.0,36.3
2025-07-31 15:00:00,30.8,72,0.0,6.6,98,441.0,143.0,36.6
2025-07-31 16:00:00,31.2,70,0.0,4.0,95,403.0,184.0,37.3
2025-07-31 17:00:00,31.5,69,0.0,1.5,100,220.0,74.0,38.0
2025-07-31 18:00:00,28.9,85,0.1,2.2,100,33.0,0.0,36.0
2025-07-31 19:00:00,28.1,88,0.2,2.7,100,6.0,0.0,34.9
2025-07-31 20:00:00,27.8,89,0.1,2.9,100,0.0,0.0,34.6
2025-07-31 21:00:00,27.4,92,0.0,2.6,99,0.0,0.0,34.4
2025-07-31 22:00:00,27.3,93,0.0,2.2,100,0.0,0.0,34.4
2025-07-31 23:00:00,27.0,95,0.0,3.9,88,0.0,0.0,33.9
2025-08-01 00:00:00,26.5,93,0.2,3.4,97,0.0,0.0,32.9
2025-08-01 01:00:00,26.3,90,1.3,5.4,100,0.0,0.0,32.0
2025-08-01 02:00:00,26.0,94,0.1,5.1,96,0.0,0.0,32.0
2025-08-01 03:00:00,25.7,96,0.0,3.9,94,0.0,0.0,31.9
2025-08-01 04:00:00,25.5,97,0.0,4.6,98,0.0,0.0,31.6
2025-08-01 05:00:00,25.5,97,0.0,3.1,93,0.0,0.0,31.7
2025-08-01 06:00:00,25.8,96,0.1,5.6,96,10.0,0.0,31.7
2025-08-01 07:00:00,26.4,93,0.1,2.6,87,87.0,11.0,32.9
2025-08-01 08:00:00,27.8,86,0.0,5.2,79,293.0,136.0,33.9
2025-08-01 09:00:00,29.1,78,0.0,6.1,56,450.0,251.0,34.9
2025-08-01 10:00:00,29.9,74,0.0,4.9,48,528.0,274.0,35.8
2025-08-01 11:00:00,30.9,72,0.1,3.1,25,693.0,424.0,38.3
2025-08-01 12:00:00,31.4,72,0.2,3.3,37,750.0,491.0,39.4
2025-08-01 13:00:00,32.0,70,0.2,3.6,100,778.0,509.0,40.2
2025-08-01 14:00:00,31.9,69,0.2,5.4,100,539.0,204.0,38.2
2025-08-01 15:00:00,30.8,75,2.9,10.6,91,371.0,143.0,36.4
2025-08-01 16:00:00,29.1,85,2.1,4.0,100,287.0,106.0,36.1
2025-08-01 17:00:00,29.3,84,0.0,4.1,100,161.0,23.0,36.3
2025-08-01 18:00:00,28.8,87,0.0,1.4,96,90.0,11.0,36.2
2025-08-01 19:00:00,28.4,91,0.0,1.9,98,13.0,1.0,35.9
2025-08-01 20:00:00,28.2,92,0.0,2.3,100,0.0,0.0,35.8
2025-08-01 21:00:00,28.2,89,0.0,4.6,4,0.0,0.0,35.1
2025-08-01 22:00:00,28.0,85,0.0,6.3,94,0.0,0.0,33.9
2025-08-01 23:00:00,27.5,84,0.0,4.8,100,0.0,0.0,33.2
2025-08-02 00:00:00,27.1,85,0.0,5.0,81,0.0,0.0,32.7
2025-08-02 01:00:00,26.9,86,0.0,6.2,74,0.0,0.0,32.2
2025-08-02 02:00:00,26.6,87,0.0,5.5,95,0.0,0.0,32.0
2025-08-02 03:00:00,26.4,88,0.0,4.3,100,0.0,0.0,32.1
2025-08-02 04:00:00,26.3,89,0.0,4.2,70,0.0,0.0,31.9
2025-08-02 05:00:00,26.0,90,0.0,4.9,37,0.0,0.0,31.5
2025-08-02 06:00:00,27.5,86,0.0,5.5,100,14.0,0.0,33.3
2025-08-02 07:00:00,28.0,85,0.0,4.8,100,92.0,11.0,34.1
2025-08-02 08:00:00,28.6,81,0.0,5.6,100,193.0,40.0,34.6
2025-08-02 09:00:00,29.2,78,0.0,6.3,100,244.0,28.0,34.9
2025-08-02 10:00:00,30.2,72,0.0,8.6,100,417.0,121.0,35.5
2025-08-02 11:00:00,31.1,70,0.0,8.9,94,602.0,262.0,36.9
2025-08-02 12:00:00,31.7,70,0.0,9.2,63,778.0,529.0,38.9
2025-08-02 13:00:00,32.2,68,0.0,10.2,91,722.0,449.0,38.7
2025-08-02 14:00:00,32.4,66,0.0,10.9,100,655.0,419.0,38.2
2025-08-02 15:00:00,32.4,65,0.0,10.8,100,586.0,350.0,37.8
2025-08-02 16:00:00,32.0,69,0.0,9.2,100,396.0,187.0,37.6
2025-08-02 17:00:00,31.1,76,0.9,5.2,100,214.0,50.0,37.9
2025-08-02 18:00:00,30.5,74,0.0,6.2,100,83.0,6.0,36.4
2025-08-02 19:00:00,29.5,76,0.0,7.7,100,12.0,0.0,34.9
2025-08-02 20:00:00,28.7,79,0.0,5.8,100,0.0,0.0,34.5
2025-08-02 21:00:00,28.5,81,0.0,5.6,100,0.0,0.0,34.3
2025-08-02 22:00:00,28.4,82,0.0,4.6,100,0.0,0.0,34.4
2025-08-02 23:00:00,28.2,83,0.0,4.4,100,0.0,0.0,34.3
2025-08-03 00:00:00,28.1,83,0.0,6.5,100,0.0,0.0,33.7
2025-08-03 01:00:00,27.9,82,0.0,7.5,100,0.0,0.0,33.2
2025-08-03 02:00:00,27.5,83,0.0,7.0,100,0.0,0.0,32.8
2025-08-03 03:00:00,27.2,85,0.0,7.3,100,0.0,0.0,32.5
2025-08-03 04:00:00,27.0,87,0.0,7.5,100,0.0,0.0,32.5
2025-08-03 05:00:00,27.0,88,0.0,7.3,100,0.0,0.0,32.5
2025-08-03 06:00:00,26.8,91,0.1,11.8,100,14.0,0.0,31.8
2025-08-03 07:00:00,27.6,87,0.0,8.7,100,80.0,2.0,33.2
2025-08-03 08:00:00,29.2,79,0.0,7.8,100,267.0,94.0,34.8
2025-08-03 09:00:00,30.1,71,0.0,9.4,100,398.0,156.0,35.0
2025-08-03 10:00:00,31.2,68,0.0,10.9,100,564.0,300.0,36.0
2025-08-03 11:00:00,32.1,66,0.0,11.6,100,726.0,451.0,38.1
2025-08-03 12:00:00,32.7,66,0.1,10.5,100,771.0,502.0,39.4
2025-08-03 13:00:00,32.9,65,0.0,8.9,100,706.0,391.0,39.5
2025-08-03 14:00:00,33.1,66,0.0,8.7,100,695.0,414.0,39.9
2025-08-03 15:00:00,32.9,66,0.0,7.8,100,517.0,208.0,39.0
2025-08-03 16:00:00,31.1,74,0.5,10.1,100,330.0,108.0,37.0
2025-08-03 17:00:00,31.4,74,0.0,5.1,100,219.0,54.0,38.0
2025-08-03 18:00:00,31.1,73,0.0,4.2,100,89.0,6.0,37.8
2025-08-03 19:00:00,30.3,77,0.0,3.9,100,10.0,0.0,37.0
2025-08-03 20:00:00,29.6,80,0.0,5.5,100,0.0,0.0,36.0
2025-08-03 21:00:00,29.1,80,0.0,6.7,100,0.0,0.0,35.0
2025-08-03 22:00:00,28.7,80,0.0,5.2,100,0.0,0.0,34.6
2025-08-03 23:00:00,28.4,82,0.0,5.3,100,0.0,0.0,34.3
2025-08-04 00:00:00,28.0,84,0.0,4.4,100,0.0,0.0,34.1
2025-08-04 01:00:00,27.6,87,0.0,3.3,95,0.0,0.0,34.0
2025-08-04 02:00:00,27.0,89,0.1,9.0,98,0.0,0.0,32.4
2025-08-04 03:00:00,26.3,93,0.0,4.8,99,0.0,0.0,32.4
2025-08-04 04:00:00,26.2,95,0.0,4.7,100,0.0,0.0,32.3
2025-08-04 05:00:00,26.3,95,0.0,2.6,94,0.0,0.0,32.9
2025-08-04 06:00:00,28.2,76,0.0,9.4,100,8.0,0.0,32.6
2025-08-04 07:00:00,28.3,76,0.0,10.9,100,58.0,1.0,32.6
2025-08-04 08:00:00,28.4,76,0.0,12.1,100,115.0,4.0,32.6
2025-08-04 09:00:00,29.0,76,0.0,11.9,100,242.0,34.0,33.5
2025-08-04 10:00:00,29.2,76,0.0,11.8,100,282.0,24.0,33.9
2025-08-04 11:00:00,29.4,77,0.0,8.5,100,232.0,2.0,34.7
2025-08-04 12:00:00,29.5,76,0.0,10.2,100,234.0,5.0,34.5
2025-08-04 13:00:00,29.8,75,0.0,10.1,100,288.0,9.0,35.0
2025-08-04 14:00:00,30.2,75,0.0,9.1,100,324.0,29.0,35.8
2025-08-04 15:00:00,30.5,75,0.0,7.9,100,259.0,18.0,36.5
2025-08-04 16:00:00,31.0,75,0.0,7.6,100,288.0,56.0,37.2
2025-08-04 17:00:00,30.6,78,0.0,6.7,100,156.0,24.0,37.2
2025-08-04 18:00:00,29.4,83,0.0,5.0,94,78.0,9.0,36.2
2025-08-04 19:00:00,28.7,86,0.0,5.2,100,11.0,1.0,35.4
2025-08-04 20:00:00,28.6,85,0.0,5.8,100,0.0,0.0,35.0
2025-08-04 21:00:00,28.5,85,0.0,5.1,100,0.0,0.0,35.0
2025-08-04 22:00:00,28.3,87,0.0,6.1,98,0.0,0.0,34.7
2025-08-04 23:00:00,28.1,87,0.0,7.2,79,0.0,0.0,34.2
2025-08-05 00:00:00,27.8,87,0.0,7.6,100,0.0,0.0,33.6
2025-08-05 01:00:00,27.5,87,0.0,6.1,100,0.0,0.0,33.3
2025-08-05 02:00:00,27.3,87,0.0,6.8,100,0.0,0.0,32.9
2025-08-05 03:00:00,27.1,86,0.0,7.0,99,0.0,0.0,32.6
2025-08-05 04:00:00,27.2,85,0.0,8.5,100,0.0,0.0,32.3
2025-08-05 05:00:00,27.1,84,0.0,9.5,46,0.0,0.0,31.9
2025-08-05 06:00:00,27.5,79,0.0,10.9,97,9.0,0.0,31.7
2025-08-05 07:00:00,28.0,77,0.0,10.7,100,86.0,17.0,32.3
2025-08-05 08:00:00,28.7,76,0.0,8.8,100,164.0,34.0,33.6
2025-08-05 09:00:00,29.7,74,0.0,7.4,100,269.0,56.0,35.0
2025-08-05 10:00:00,30.1,73,0.1,5.1,100,369.0,124.0,35.8
2025-08-05 11:00:00,28.6,78,0.5,9.8,100,413.0,102.0,33.4
2025-08-05 12:00:00,27.1,88,5.0,2.4,100,236.0,0.0,33.4
2025-08-05 13:00:00,26.9,91,1.9,7.5,100,162.0,0.0,32.7
2025-08-05 14:00:00,27.8,89,0.3,7.3,100,245.0,21.0,34.0
2025-08-05 15:00:00,28.6,86,0.1,4.0,100,238.0,25.0,35.4
2025-08-05 16:00:00,28.9,84,0.0,5.0,100,190.0,12.0,35.6
2025-08-05 17:00:00,28.8,85,0.0,2.2,100,114.0,0.0,35.9
2025-08-05 18:00:00,28.7,87,0.4,3.1,100,65.0,2.0,35.8
2025-08-05 19:00:00,27.9,90,0.0,7.0,100,5.0,0.0,34.4
2025-08-05 20:00:00,27.6,89,0.0,6.4,100,0.0,0.0,33.8
2025-08-05 21:00:00,27.4,88,0.0,7.3,81,0.0,0.0,33.2
2025-08-05 22:00:00,27.2,88,0.0,7.8,59,0.0,0.0,32.8
2025-08-05 23:00:00,27.0,88,0.0,7.4,93,0.0,0.0,32.5
2025-08-06 00:00:00,27.0,88,0.0,7.4,50,0.0,0.0,32.4
2025-08-06 01:00:00,27.0,88,0.0,8.7,63,0.0,0.0,32.3
2025-08-06 02:00:00,26.7,90,0.0,7.5,35,0.0,0.0,32.2
2025-08-06 03:00:00,26.4,91,0.0,6.6,98,0.0,0.0,32.0
2025-08-06 04:00:00,26.3,90,0.0,5.9,15,0.0,0.0,31.9
2025-08-06 05:00:00,26.3,88,0.0,5.9,99,0.0,0.0,31.5
2025-08-06 06:00:00,27.1,82,0.2,7.7,100,4.0,0.0,31.8
2025-08-06 07:00:00,27.3,80,0.0,7.8,100,36.0,2.0,32.0
2025-08-06 08:00:00,28.1,79,0.0,6.8,100,131.0,18.0,33.2
2025-08-06 09:00:00,29.0,75,0.0,7.9,100,262.0,48.0,34.0
2025-08-06 10:00:00,30.0,72,0.0,7.4,100,407.0,160.0,35.2
2025-08-06 11:00:00,30.5,71,0.0,6.0,100,428.0,104.0,36.2
2025-08-06 12:00:00,31.0,70,0.0,5.1,100,488.0,129.0,36.9
2025-08-06 13:00:00,31.0,70,0.0,4.5,98,357.0,41.0,37.0
2025-08-06 14:00:00,31.4,69,0.0,3.6,83,388.0,92.0,37.6
2025-08-06 15:00:00,32.1,67,0.0,3.8,39,552.0,309.0,38.3
2025-08-06 16:00:00,31.7,68,0.1,2.7,38,436.0,260.0,38.0
2025-08-06 17:00:00,29.9,73,0.2,9.0,60,235.0,102.0,35.0
2025-08-06 18:00:00,29.7,78,0.0,4.3,79,75.0,14.0,35.9
2025-08-06 19:00:00,28.9,82,0.0,3.1,93,11.0,1.0,35.6
2025-08-06 20:00:00,28.4,85,0.0,4.3,100,0.0,0.0,34.9
2025-08-06 21:00:00,28.2,87,0.0,3.2,100,0.0,0.0,35.0
2025-08-06 22:00:00,28.0,88,0.0,2.4,100,0.0,0.0,34.9
2025-08-06 23:00:00,27.7,88,0.0,3.8,100,0.0,0.0,34.1
2025-08-07 00:00:00,27.5,86,0.0,4.2,89,0.0,0.0,33.5
2025-08-07 01:00:00,27.2,87,0.0,4.3,74,0.0,0.0,33.1
2025-08-07 02:00:00,27.0,86,0.0,5.7,87,0.0,0.0,32.6
2025-08-07 03:00:00,26.8,84,0.0,6.8,81,0.0,0.0,31.8
2025-08-07 04:00:00,26.4,82,0.0,7.2,6,0.0,0.0,30.8
2025-08-07 05:00:00,26.0,81,0.0,7.4,37,0.0,0.0,30.0
2025-08-07 06:00:00,27.3,78,0.0,9.8,5,17.0,2.0,31.5
2025-08-07 07:00:00,28.0,77,0.0,10.2,6,134.0,52.0,32.4
2025-08-07 08:00:00,29.1,75,0.0,9.8,1,319.0,183.0,33.9
2025-08-07 09:00:00,30.5,71,0.0,9.7,1,513.0,341.0,35.6
2025-08-07 10:00:00,31.8,67,0.0,11.0,9,677.0,480.0,37.5
2025-08-07 11:00:00,32.8,59,0.0,11.5,13,760.0,542.0,38.2
2025-08-07 12:00:00,33.4,57,0.0,11.1,10,821.0,593.0,39.2
2025-08-07 13:00:00,33.7,56,0.0,11.1,81,828.0,598.0,39.6
2025-08-07 14:00:00,33.9,56,0.0,11.8,62,758.0,543.0,39.3
2025-08-07 15:00:00,33.8,56,0.0,12.2,32,625.0,419.0,38.4
2025-08-07 16:00:00,33.5,57,0.0,12.8,53,487.0,315.0,37.6
2025-08-07 17:00:00,32.7,62,0.0,10.0,62,278.0,150.0,37.6
2025-08-07 18:00:00,31.4,69,0.0,6.3,70,117.0,39.0,37.1
2025-08-07 19:00:00,30.3,73,0.0,6.7,31,12.0,1.0,36.0
2025-08-07 20:00:00,29.7,75,0.0,6.0,69,0.0,0.0,35.4
2025-08-07 21:00:00,29.2,78,0.0,5.3,41,0.0,0.0,35.0
2025-08-07 22:00:00,28.8,78,0.0,6.4,92,0.0,0.0,34.3
2025-08-07 23:00:00,28.4,77,0.0,6.9,2,0.0,0.0,33.5
2025-08-08 00:00:00,27.9,77,0.0,7.7,10,0.0,0.0,32.6
2025-08-08 01:00:00,27.6,78,0.0,8.0,31,0.0,0.0,32.1
2025-08-08 02:00:00,27.3,79,0.0,7.7,54,0.0,0.0,31.8
2025-08-08 03:00:00,27.1,77,0.0,9.1,47,0.0,0.0,31.1
2025-08-08 04:00:00,26.8,77,0.0,9.5,13,0.0,0.0,30.4
2025-08-08 05:00:00,26.4,77,0.0,8.3,22,0.0,0.0,30.1
2025-08-08 06:00:00,27.9,72,0.0,11.9,17,14.0,1.0,31.2
2025-08-08 07:00:00,28.4,71,0.0,11.9,99,106.0,26.0,31.9
2025-08-08 08:00:00,29.4,70,0.0,9.4,98,263.0,113.0,33.8
2025-08-08 09:00:00,30.5,67,0.0,10.2,99,434.0,202.0,34.9
2025-08-08 10:00:00,31.5,64,0.0,10.3,100,551.0,247.0,36.0
2025-08-08 11:00:00,31.8,64,0.0,9.2,100,481.0,151.0,36.6
2025-08-08 12:00:00,32.0,65,0.0,8.1,100,394.0,72.0,37.2
2025-08-08 13:00:00,32.8,61,0.0,8.3,100,511.0,120.0,37.9
2025-08-08 14:00:00,33.1,58,0.0,7.9,100,426.0,97.0,37.8
2025-08-08 15:00:00,33.0,58,0.0,6.3,100,314.0,35.0,37.9
2025-08-08 16:00:00,32.8,61,0.0,4.5,100,201.0,7.0,38.3
2025-08-08 17:00:00,32.6,62,0.0,3.0,100,131.0,4.0,38.5
2025-08-08 18:00:00,32.3,63,0.0,3.3,100,100.0,22.0,38.0
2025-08-08 19:00:00,30.9,72,0.0,2.1,100,11.0,0.0,37.4
2025-08-08 20:00:00,30.0,76,0.0,3.9,100,0.0,0.0,36.4
2025-08-08 21:00:00,29.5,79,0.0,3.3,100,0.0,0.0,36.0
2025-08-08 22:00:00,29.1,79,0.0,5.0,100,0.0,0.0,35.1
2025-08-08 23:00:00,28.3,84,0.0,7.5,100,0.0,0.0,34.0
2025-08-09 00:00:00,27.8,88,0.0,5.4,100,0.0,0.0,34.0
2025-08-09 01:00:00,27.7,88,0.0,4.7,100,0.0,0.0,34.1
2025-08-09 02:00:00,27.6,88,0.0,5.9,100,0.0,0.0,33.8
2025-08-09 03:00:00,27.5,87,0.0,4.7,100,0.0,0.0,33.7
2025-08-09 04:00:00,27.2,88,0.0,3.3,100,0.0,0.0,33.5
2025-08-09 05:00:00,27.1,88,0.0,5.0,100,0.0,0.0,33.1
2025-08-09 06:00:00,27.2,85,0.1,7.2,100,10.0,1.0,32.5
2025-08-09 07:00:00,27.7,82,0.0,3.3,100,48.0,1.0,33.5
2025-08-09 08:00:00,27.6,83,0.0,2.7,100,55.0,0.0,33.6
2025-08-09 09:00:00,26.9,90,4.5,4.9,100,73.0,2.0,33.0
2025-08-09 10:00:00,26.1,91,3.5,7.2,100,97.0,1.0,31.5
2025-08-09 11:00:00,27.6,85,0.7,3.0,100,293.0,32.0,33.7
2025-08-09 12:00:00,28.6,79,0.0,3.9,100,370.0,60.0,34.6
2025-08-09 13:00:00,29.4,77,0.0,3.3,97,460.0,82.0,35.6
2025-08-09 14:00:00,30.2,74,0.1,3.0,64,534.0,188.0,36.4
2025-08-09 15:00:00,30.5,72,0.0,5.9,82,389.0,179.0,36.3
2025-08-09 16:00:00,30.5,72,0.0,6.0,100,224.0,38.0,36.2
2025-08-09 17:00:00,30.4,73,0.0,5.7,100,188.0,51.0,36.3
2025-08-09 18:00:00,27.6,83,0.0,4.0,49,109.0,32.0,33.4
2025-08-09 19:00:00,26.9,88,0.0,3.2,62,10.0,1.0,32.9
2025-08-09 20:00:00,26.7,89,0.0,2.8,55,0.0,0.0,32.8
2025-08-09 21:00:00,26.6,89,0.0,2.8,53,0.0,0.0,32.6
2025-08-09 22:00:00,26.4,90,0.0,2.6,46,0.0,0.0,32.4
2025-08-09 23:00:00,26.2,91,0.0,2.2,20,0.0,0.0,32.3
2025-08-10 00:00:00,25.9,92,0.0,1.8,100,0.0,0.0,32.1
2025-08-10 01:00:00,26.1,92,0.0,1.8,100,0.0,0.0,32.3
2025-08-10 02:00:00,26.1,92,0.0,2.0,100,0.0,0.0,32.4
2025-08-10 03:00:00,26.1,93,0.0,1.7,88,0.0,0.0,32.5
2025-08-10 04:00:00,26.1,91,0.1,3.1,100,0.0,0.0,32.0
2025-08-10 05:00:00,25.9,91,0.4,2.3,100,0.0,0.0,31.9
2025-08-10 06:00:00,26.6,92,0.1,2.3,59,14.0,1.0,33.2
2025-08-10 07:00:00,27.2,89,0.0,2.6,29,99.0,26.0,33.7
2025-08-10 08:00:00,28.2,86,0.0,2.7,100,287.0,143.0,34.9
2025-08-10 09:00:00,29.0,83,0.1,3.5,45,404.0,203.0,35.8
2025-08-10 10:00:00,30.0,78,0.1,2.9,100,530.0,275.0,36.8
2025-08-10 11:00:00,31.0,75,0.2,3.1,57,688.0,406.0,38.7
2025-08-10 12:00:00,31.5,73,0.2,3.6,30,778.0,486.0,39.9
2025-08-10 13:00:00,31.9,72,0.2,3.4,43,780.0,535.0,40.4
2025-08-10 14:00:00,32.1,72,0.2,4.5,74,688.0,437.0,39.9
2025-08-10 15:00:00,32.1,70,0.1,5.7,92,520.0,297.0,38.7
2025-08-10 16:00:00,32.1,69,0.0,5.9,88,339.0,116.0,38.4
2025-08-10 17:00:00,31.9,72,0.0,5.4,98,181.0,39.0,38.5
2025-08-10 18:00:00,30.8,75,0.0,3.9,94,99.0,22.0,37.6
2025-08-10 19:00:00,30.0,81,0.0,2.9,91,9.0,1.0,37.2
2025-08-10 20:00:00,29.4,84,0.0,2.3,100,0.0,0.0,36.6
2025-08-10 21:00:00,28.8,85,0.0,2.3,59,0.0,0.0,35.9
2025-08-10 22:00:00,28.3,87,0.0,2.8,95,0.0,0.0,35.2
2025-08-10 23:00:00,28.0,87,0.0,3.4,52,0.0,0.0,34.5
2025-08-11 00:00:00,27.9,83,0.0,5.3,79,0.0,0.0,33.7
2025-08-11 01:00:00,27.6,83,0.0,4.1,99,0.0,0.0,33.3
2025-08-11 02:00:00,27.4,82,0.0,5.5,100,0.0,0.0,32.7
2025-08-11 03:00:00,27.1,83,0.0,5.3,100,0.0,0.0,32.4
2025-08-11 04:00:00,26.8,84,0.0,6.0,100,0.0,0.0,31.9
2025-08-11 05:00:00,26.6,84,0.0,5.9,99,0.0,0.0,31.6
2025-08-11 06:00:00,28.2,80,0.0,10.7,100,14.0,0.0,32.9
2025-08-11 07:00:00,28.6,79,0.0,11.0,100,89.0,11.0,33.4
2025-08-11 08:00:00,29.5,77,0.0,9.6,100,216.0,60.0,34.8
2025-08-11 09:00:00,30.6,72,0.0,10.4,100,394.0,169.0,35.8
2025-08-11 10:00:00,31.5,68,0.0,11.3,100,534.0,293.0,36.5
2025-08-11 11:00:00,32.6,65,0.0,10.7,100,704.0,390.0,38.6
2025-08-11 12:00:00,33.3,63,0.0,9.7,100,723.0,367.0,39.8
2025-08-11 13:00:00,33.6,63,0.0,10.1,100,703.0,353.0,40.0
2025-08-11 14:00:00,33.9,60,0.0,10.0,100,658.0,331.0,39.8
2025-08-11 15:00:00,32.9,64,0.0,8.4,100,508.0,227.0,38.5
2025-08-11 16:00:00,32.7,64,0.0,5.0,100,254.0,58.0,38.6
2025-08-11 17:00:00,31.8,73,0.0,2.3,100,63.0,0.0,39.1
2025-08-11 18:00:00,30.5,81,0.1,4.2,100,77.0,13.0,37.8
2025-08-11 19:00:00,29.5,87,0.1,6.6,100,3.0,0.0,36.7
2025-08-11 20:00:00,28.6,91,0.1,0.9,100,0.0,0.0,36.5
2025-08-11 21:00:00,28.0,93,1.3,6.8,100,0.0,0.0,34.9
2025-08-11 22:00:00,28.0,92,0.0,8.0,100,0.0,0.0,34.7
2025-08-11 23:00:00,27.8,92,0.0,7.2,100,0.0,0.0,34.4
2025-08-12 00:00:00,27.5,90,0.0,7.4,100,0.0,0.0,33.5
2025-08-12 01:00:00,27.2,89,0.0,7.8,100,0.0,0.0,32.9
2025-08-12 02:00:00,27.1,88,0.3,6.5,100,0.0,0.0,32.9
2025-08-12 03:00:00,26.9,89,0.0,5.0,100,0.0,0.0,32.9
2025-08-12 04:00:00,26.7,91,0.0,3.6,100,0.0,0.0,33.0
2025-08-12 05:00:00,26.7,92,0.0,1.8,100,0.0,0.0,33.3
2025-08-12 06:00:00,27.1,84,0.0,7.1,100,9.0,1.0,32.3
2025-08-12 07:00:00,27.1,82,0.2,7.1,100,40.0,2.0,32.0
2025-08-12 08:00:00,26.9,85,1.1,8.2,100,94.0,14.0,31.8
2025-08-12 09:00:00,26.3,91,1.2,11.4,100,114.0,5.0,31.2
2025-08-12 10:00:00,27.3,87,1.1,7.9,100,277.0,45.0,32.8
2025-08-12 11:00:00,29.5,77,0.0,6.0,43,455.0,140.0,35.3
2025-08-12 12:00:00,31.2,71,0.0,5.9,26,686.0,337.0,38.0
2025-08-12 13:00:00,32.2,67,0.0,6.2,16,819.0,575.0,39.9
2025-08-12 14:00:00,33.0,63,0.0,6.4,100,766.0,560.0,40.2
2025-08-12 15:00:00,33.3,62,0.0,7.2,98,646.0,454.0,39.5
2025-08-12 16:00:00,32.9,63,0.0,8.8,24,467.0,293.0,38.2
2025-08-12 17:00:00,32.3,65,0.0,7.6,47,278.0,150.0,37.8
2025-08-12 18:00:00,31.4,73,0.0,3.1,100,103.0,28.0,38.3
2025-08-12 19:00:00,30.6,76,0.0,3.5,100,8.0,0.0,37.4
2025-08-12 20:00:00,30.1,79,0.0,3.4,100,0.0,0.0,37.0
2025-08-12 21:00:00,29.6,82,0.0,2.8,100,0.0,0.0,36.7
2025-08-12 22:00:00,29.2,83,0.0,2.4,100,0.0,0.0,36.2
2025-08-12 23:00:00,28.6,84,0.0,4.4,100,0.0,0.0,35.2
2025-08-13 00:00:00,28.2,85,0.0,5.1,100,0.0,0.0,34.4
2025-08-13 01:00:00,27.8,87,0.0,3.6,100,0.0,0.0,34.3
2025-08-13 02:00:00,27.6,87,0.0,4.6,100,0.0,0.0,33.8
2025-08-13 03:00:00,27.3,88,0.0,5.6,100,0.0,0.0,33.3
2025-08-13 04:00:00,27.1,87,0.0,6.2,100,0.0,0.0,32.7
2025-08-13 05:00:00,26.9,85,0.0,7.1,98,0.0,0.0,32.1
2025-08-13 06:00:00,28.0,87,0.0,7.4,97,13.0,1.0,34.1
2025-08-13 07:00:00,28.7,84,0.0,7.3,100,105.0,27.0,34.9
2025-08-13 08:00:00,29.4,78,0.0,7.7,100,179.0,30.0,35.1
2025-08-13 09:00:00,30.3,71,0.0,7.7,100,334.0,76.0,35.6
2025-08-13 10:00:00,31.4,67,0.0,8.5,100,558.0,264.0,36.7
2025-08-13 11:00:00,32.4,64,0.0,8.3,100,721.0,418.0,38.7
2025-08-13 12:00:00,32.6,62,0.0,8.5,100,591.0,271.0,37.9
2025-08-13 13:00:00,33.0,60,0.0,7.6,100,609.0,227.0,38.5
2025-08-13 14:00:00,33.4,59,0.0,7.9,100,570.0,254.0,38.5
2025-08-13 15:00:00,33.4,59,0.0,6.8,100,508.0,225.0,38.6
2025-08-13 16:00:00,33.3,59,0.0,6.3,100,354.0,113.0,38.4
2025-08-13 17:00:00,32.8,62,0.0,4.5,100,212.0,47.0,38.5
2025-08-13 18:00:00,32.1,66,0.0,4.6,100,58.0,2.0,38.0
2025-08-13 19:00:00,31.1,73,0.0,3.0,100,4.0,0.0,37.8
2025-08-13 20:00:00,30.6,74,0.0,4.0,100,0.0,0.0,37.0
2025-08-13 21:00:00,30.3,78,0.0,2.9,100,0.0,0.0,37.3
2025-08-13 22:00:00,30.2,77,0.0,2.2,100,0.0,0.0,37.0
2025-08-13 23:00:00,29.3,79,0.0,4.6,100,0.0,0.0,35.4
2025-08-14 00:00:00,29.0,80,0.0,5.1,100,0.0,0.0,35.1
2025-08-14 01:00:00,28.5,82,0.0,5.0,99,0.0,0.0,34.6
2025-08-14 02:00:00,28.2,83,0.0,5.7,99,0.0,0.0,34.2
2025-08-14 03:00:00,27.9,85,0.0,6.0,100,0.0,0.0,33.8
2025-08-14 04:00:00,27.5,88,0.0,6.1,100,0.0,0.0,33.5
2025-08-14 05:00:00,27.1,90,0.0,5.4,100,0.0,0.0,33.1
2025-08-14 06:00:00,26.9,92,2.5,5.3,100,3.0,0.0,33.1
2025-08-14 07:00:00,26.4,96,1.3,6.8,100,25.0,0.0,32.6
2025-08-14 08:00:00,26.7,95,1.1,2.5,100,55.0,0.0,33.6
2025-08-14 09:00:00,27.6,92,0.4,6.4,100,157.0,10.0,34.2
2025-08-14 10:00:00,28.5,85,0.0,7.5,100,298.0,34.0,34.7
2025-08-14 11:00:00,28.9,84,0.1,5.1,100,393.0,57.0,35.4
2025-08-14 12:00:00,29.6,80,0.1,5.7,100,529.0,125.0,35.9
2025-08-14 13:00:00,28.5,79,0.8,7.5,100,216.0,10.0,33.9
2025-08-14 14:00:00,27.7,87,1.1,5.4,100,152.0,0.0,33.8
2025-08-14 15:00:00,28.1,87,0.6,3.3,100,243.0,30.0,34.7
2025-08-14 16:00:00,29.0,81,0.2,5.0,100,337.0,89.0,35.3
2025-08-14 17:00:00,28.5,84,0.0,6.0,100,160.0,21.0,34.7
2025-08-14 18:00:00,28.2,87,0.0,3.9,100,81.0,10.0,34.9
2025-08-14 19:00:00,27.5,90,0.0,4.4,46,7.0,0.0,33.9
2025-08-14 20:00:00,27.1,92,0.0,3.1,79,0.0,0.0,33.7
2025-08-14 21:00:00,26.8,93,0.0,2.8,97,0.0,0.0,33.5
2025-08-14 22:00:00,26.6,94,0.0,2.6,30,0.0,0.0,33.3
2025-08-14 23:00:00,26.3,95,0.0,2.1,11,0.0,0.0,33.0
2025-08-15 00:00:00,26.3,95,0.0,3.5,27,0.0,0.0,32.8
2025-08-15 01:00:00,26.2,95,0.0,4.3,47,0.0,0.0,32.5
2025-08-15 02:00:00,26.1,95,0.0,4.4,30,0.0,0.0,32.2
2025-08-15 03:00:00,25.8,95,0.0,5.1,53,0.0,0.0,31.8
2025-08-15 04:00:00,25.6,96,0.0,5.2,7,0.0,0.0,31.4
2025-08-15 05:00:00,25.3,97,0.0,4.4,18,0.0,0.0,31.2
2025-08-15 06:00:00,26.0,94,2.0,7.0,69,11.0,1.0,31.6
2025-08-15 07:00:00,26.5,93,0.3,5.4,45,98.0,23.0,32.6
2025-08-15 08:00:00,27.6,89,0.1,2.6,50,277.0,126.0,34.3
2025-08-15 09:00:00,29.0,84,0.1,4.0,88,470.0,283.0,35.9
2025-08-15 10:00:00,29.9,80,0.3,3.1,100,591.0,345.0,37.2
2025-08-15 11:00:00,30.5,77,0.3,2.8,99,640.0,298.0,38.1
2025-08-15 12:00:00,31.4,72,0.1,3.3,48,717.0,427.0,39.2
2025-08-15 13:00:00,31.5,72,0.1,0.0,70,690.0,413.0,39.8
2025-08-15 14:00:00,31.7,72,0.1,0.7,100,534.0,260.0,39.0
2025-08-15 15:00:00,31.4,75,0.2,3.4,98,472.0,230.0,38.5
2025-08-15 16:00:00,31.1,77,0.1,2.5,58,417.0,239.0,38.4
2025-08-15 17:00:00,30.5,77,0.9,5.0,68,271.0,148.0,37.2
2025-08-15 18:00:00,29.8,83,0.0,3.1,71,95.0,27.0,37.0
2025-08-15 19:00:00,28.9,87,0.0,3.7,80,7.0,0.0,36.0
2025-08-15 20:00:00,28.5,89,0.0,3.1,85,0.0,0.0,35.7
2025-08-15 21:00:00,28.3,88,0.0,4.3,60,0.0,0.0,35.0
2025-08-15 22:00:00,27.8,89,0.0,4.9,40,0.0,0.0,34.4
2025-08-15 23:00:00,27.5,91,0.0,5.1,24,0.0,0.0,34.1
2025-08-16 00:00:00,27.3,92,0.0,4.7,19,0.0,0.0,33.9
2025-08-16 01:00:00,27.0,94,0.0,4.8,40,0.0,0.0,33.7
2025-08-16 02:00:00,26.8,96,0.0,5.2,99,0.0,0.0,33.5
2025-08-16 03:00:00,26.7,97,0.0,5.4,97,0.0,0.0,33.3
2025-08-16 04:00:00,26.5,97,0.0,4.2,98,0.0,0.0,33.3
2025-08-16 05:00:00,26.4,97,0.0,3.6,32,0.0,0.0,33.1
2025-08-16 06:00:00,27.3,96,0.0,5.9,98,12.0,1.0,34.2
2025-08-16 07:00:00,28.1,93,0.0,4.5,100,95.0,18.0,35.4
2025-08-16 08:00:00,28.9,89,0.0,4.1,99,198.0,47.0,36.3
2025-08-16 09:00:00,30.1,81,0.2,6.7,100,419.0,223.0,36.9
2025-08-16 10:00:00,29.5,81,3.1,3.2,99,405.0,136.0,36.3
2025-08-16 11:00:00,28.3,85,0.5,8.3,100,418.0,121.0,34.2
2025-08-16 12:00:00,29.0,84,0.1,3.2,100,399.0,108.0,35.9
2025-08-16 13:00:00,30.5,77,0.1,3.0,100,594.0,223.0,37.7
2025-08-16 14:00:00,30.8,74,0.1,2.6,100,444.0,101.0,37.6
2025-08-16 15:00:00,31.2,73,0.0,2.2,100,452.0,131.0,38.1
2025-08-16 16:00:00,31.1,74,0.0,3.8,100,318.0,72.0,37.8
2025-08-16 17:00:00,30.9,75,0.0,4.0,100,220.0,55.0,37.6
2025-08-16 18:00:00,29.9,83,0.0,6.3,97,63.0,4.0,36.9
2025-08-16 19:00:00,28.7,87,0.0,6.2,100,6.0,0.0,35.4
2025-08-16 20:00:00,28.3,88,0.0,5.0,100,0.0,0.0,35.0
2025-08-16 21:00:00,28.2,90,0.0,5.8,100,0.0,0.0,35.0
2025-08-16 22:00:00,28.1,91,0.0,6.0,88,0.0,0.0,34.9
2025-08-16 23:00:00,27.9,91,0.0,6.0,59,0.0,0.0,34.7
2025-08-17 00:00:00,27.7,91,0.0,6.3,61,0.0,0.0,34.2
2025-08-17 01:00:00,27.5,91,0.0,5.8,87,0.0,0.0,34.0
2025-08-17 02:00:00,27.4,91,0.0,5.6,91,0.0,0.0,33.9
2025-08-17 03:00:00,27.3,92,0.0,5.8,100,0.0,0.0,33.7
2025-08-17 04:00:00,27.3,92,0.1,5.2,93,0.0,0.0,33.9
2025-08-17 05:00:00,27.3,92,0.2,5.1,76,0.0,0.0,33.9
2025-08-17 06:00:00,27.7,93,0.0,5.6,100,11.0,0.0,34.5
2025-08-17 07:00:00,28.0,92,0.0,5.9,100,66.0,3.0,35.0
2025-08-17 08:00:00,28.1,92,0.0,6.8,97,151.0,9.0,35.0
2025-08-17 09:00:00,29.7,85,0.0,5.6,83,394.0,155.0,36.8
2025-08-17 10:00:00,31.2,78,0.1,7.2,99,610.0,362.0,38.5
2025-08-17 11:00:00,32.0,74,0.0,8.7,100,656.0,355.0,39.2
2025-08-17 12:00:00,28.6,85,3.1,10.3,100,359.0,120.0,34.3
2025-08-17 13:00:00,28.8,85,0.1,4.8,100,296.0,24.0,35.4
2025-08-17 14:00:00,30.6,80,0.0,4.5,92,580.0,225.0,38.0
2025-08-17 15:00:00,31.5,76,0.0,5.9,70,575.0,333.0,38.6
2025-08-17 16:00:00,31.6,75,0.0,5.5,86,461.0,285.0,38.6
2025-08-17 17:00:00,31.4,74,0.0,7.8,98,266.0,146.0,37.8
2025-08-17 18:00:00,30.3,80,0.0,7.2,95,78.0,13.0,37.0
2025-08-17 19:00:00,29.3,85,0.0,6.1,100,6.0,0.0,36.1
2025-08-17 20:00:00,28.7,89,0.0,4.3,100,0.0,0.0,36.0
2025-08-17 21:00:00,28.4,91,0.0,4.0,100,0.0,0.0,35.8
2025-08-17 22:00:00,28.2,92,0.0,5.2,84,0.0,0.0,35.4
2025-08-17 23:00:00,28.2,92,0.0,6.5,50,0.0,0.0,35.1
2025-08-18 00:00:00,28.0,91,0.0,7.0,100,0.0,0.0,34.6
2025-08-18 01:00:00,27.8,92,0.0,6.8,100,0.0,0.0,34.3
2025-08-18 02:00:00,27.6,92,0.0,7.3,100,0.0,0.0,34.0
2025-08-18 03:00:00,27.4,93,0.0,8.6,25,0.0,0.0,33.7
2025-08-18 04:00:00,27.3,93,0.0,7.2,22,0.0,0.0,33.7
2025-08-18 05:00:00,27.2,94,0.0,8.1,37,0.0,0.0,33.4
2025-08-18 06:00:00,27.9,90,0.0,9.2,61,12.0,1.0,34.1
2025-08-18 07:00:00,28.5,90,0.0,7.6,86,121.0,42.0,35.3
2025-08-18 08:00:00,27.5,87,5.4,14.2,93,301.0,158.0,32.2
2025-08-18 09:00:00,28.1,89,3.0,6.9,82,241.0,51.0,34.5
2025-08-18 10:00:00,29.7,83,0.1,8.8,32,506.0,282.0,36.2
2025-08-18 11:00:00,31.0,76,0.1,10.3,66,703.0,424.0,38.0
2025-08-18 12:00:00,31.4,74,0.1,9.4,99,795.0,556.0,39.0
2025-08-18 13:00:00,31.6,72,0.2,8.7,100,765.0,479.0,38.9
2025-08-18 14:00:00,31.7,71,0.1,9.0,92,656.0,357.0,38.2
2025-08-18 15:00:00,31.8,69,0.0,10.0,6,576.0,349.0,37.5
2025-08-18 16:00:00,31.7,69,0.0,9.4,4,466.0,308.0,37.2
2025-08-18 17:00:00,31.1,72,0.0,8.5,33,278.0,158.0,37.0
2025-08-18 18:00:00,30.6,77,0.0,5.6,60,90.0,28.0,37.1
2025-08-18 19:00:00,29.5,81,0.0,7.1,30,6.0,0.0,35.8
2025-08-18 20:00:00,28.8,82,0.0,7.2,37,0.0,0.0,34.8
2025-08-18 21:00:00,28.5,85,0.0,6.1,59,0.0,0.0,34.7
2025-08-18 22:00:00,28.2,87,0.0,6.5,88,0.0,0.0,34.5
2025-08-18 23:00:00,28.0,89,0.0,7.6,24,0.0,0.0,34.2
2025-08-19 00:00:00,27.7,89,0.0,8.3,31,0.0,0.0,33.6
2025-08-19 01:00:00,27.3,89,0.0,7.3,65,0.0,0.0,33.1
2025-08-19 02:00:00,27.1,89,0.0,7.2,69,0.0,0.0,32.8
2025-08-19 03:00:00,26.9,90,0.0,6.0,1,0.0,0.0,32.8
2025-08-19 04:00:00,26.8,91,0.0,6.0,0,0.0,0.0,32.7
2025-08-19 05:00:00,26.6,92,0.0,6.9,0,0.0,0.0,32.4
2025-08-19 06:00:00,27.9,89,0.0,5.6,12,12.0,1.0,34.3
2025-08-19 07:00:00,28.7,89,0.0,6.5,8,120.0,44.0,35.6
2025-08-19 08:00:00,29.8,84,0.1,7.7,7,300.0,166.0,36.6
2025-08-19 09:00:00,30.7,80,0.2,8.4,10,492.0,326.0,37.4
2025-08-19 10:00:00,31.9,72,0.1,7.9,11,645.0,454.0,38.9
2025-08-19 11:00:00,29.4,80,4.6,9.9,84,728.0,491.0,36.1
2025-08-19 12:00:00,30.9,72,0.1,6.5,100,671.0,375.0,37.6
2025-08-19 13:00:00,31.1,69,0.2,11.6,89,729.0,435.0,36.9
2025-08-19 14:00:00,31.2,72,0.1,5.2,87,633.0,345.0,38.0
2025-08-19 15:00:00,31.6,70,0.0,5.2,100,546.0,307.0,37.7
2025-08-19 16:00:00,31.5,69,0.0,6.4,86,417.0,225.0,37.4
2025-08-19 17:00:00,31.1,70,0.0,7.7,43,274.0,152.0,36.6
2025-08-19 18:00:00,29.5,81,0.0,7.9,31,81.0,19.0,35.6
2025-08-19 19:00:00,28.9,85,0.0,7.5,11,5.0,0.0,35.2
2025-08-19 20:00:00,28.7,86,0.0,7.1,0,0.0,0.0,35.1
2025-08-19 21:00:00,28.6,87,0.0,7.3,3,0.0,0.0,35.0
2025-08-19 22:00:00,28.4,87,0.0,7.4,2,0.0,0.0,34.8
2025-08-19 23:00:00,28.3,86,0.0,8.6,3,0.0,0.0,34.2
2025-08-20 00:00:00,27.9,85,0.0,8.6,18,0.0,0.0,33.5
2025-08-20 01:00:00,27.5,86,0.0,8.5,22,0.0,0.0,33.0
2025-08-20 02:00:00,27.3,87,0.0,7.9,7,0.0,0.0,32.8
2025-08-20 03:00:00,27.0,89,0.0,6.9,5,0.0,0.0,32.7
2025-08-20 04:00:00,26.8,90,0.0,6.7,9,0.0,0.0,32.5
2025-08-20 05:00:00,26.8,90,0.0,7.5,6,0.0,0.0,32.4
2025-08-20 06:00:00,27.8,88,1.3,8.9,69,11.0,1.0,33.7
2025-08-20 07:00:00,27.8,90,1.7,10.0,97,74.0,13.0,33.7
2025-08-20 08:00:00,28.2,86,1.0,10.0,100,215.0,69.0,33.9
2025-08-20 09:00:00,28.6,83,0.9,9.5,99,322.0,140.0,34.2
2025-08-20 10:00:00,30.1,75,0.1,10.7,100,536.0,283.0,35.3
2025-08-20 11:00:00,30.7,71,0.1,11.8,100,608.0,325.0,35.9
2025-08-20 12:00:00,31.6,67,0.1,11.2,100,760.0,469.0,37.6
2025-08-20 13:00:00,32.3,63,0.1,11.2,100,728.0,462.0,37.9
2025-08-20 14:00:00,32.6,62,0.1,11.0,100,708.0,446.0,38.1
2025-08-20 15:00:00,32.7,61,0.1,12.1,100,579.0,351.0,37.2
2025-08-20 16:00:00,31.4,68,0.1,12.3,100,397.0,218.0,36.2
2025-08-20 17:00:00,30.8,73,0.0,10.0,53,241.0,119.0,36.4
2025-08-20 18:00:00,31.0,69,0.0,10.5,41,88.0,28.0,36.0
2025-08-20 19:00:00,29.8,77,0.0,10.3,12,5.0,0.0,35.2
2025-08-20 20:00:00,29.4,79,0.0,10.9,18,0.0,0.0,34.7
2025-08-20 21:00:00,29.0,82,0.0,9.3,16,0.0,0.0,34.7
2025-08-20 22:00:00,28.6,84,0.0,7.4,9,0.0,0.0,34.7
2025-08-20 23:00:00,28.3,87,0.0,7.3,18,0.0,0.0,34.5
2025-08-21 00:00:00,28.0,88,0.0,6.9,28,0.0,0.0,34.3
2025-08-21 01:00:00,27.8,89,0.0,7.6,33,0.0,0.0,34.0
2025-08-21 02:00:00,27.4,90,0.6,6.9,51,0.0,0.0,33.6
2025-08-21 03:00:00,26.0,97,11.0,6.3,100,0.0,0.0,32.1
2025-08-21 04:00:00,25.7,98,0.4,8.3,100,0.0,0.0,31.5
2025-08-21 05:00:00,25.6,96,0.5,7.4,100,0.0,0.0,31.2
2025-08-21 06:00:00,26.3,90,0.0,7.3,100,10.0,0.0,31.6
2025-08-21 07:00:00,27.3,87,0.0,6.2,99,94.0,16.0,33.0
2025-08-21 08:00:00,28.8,81,0.0,8.2,97,295.0,153.0,34.4
2025-08-21 09:00:00,30.3,73,0.0,9.6,93,477.0,300.0,35.5
2025-08-21 10:00:00,31.6,65,0.0,12.8,75,630.0,419.0,36.4
2025-08-21 11:00:00,32.3,62,0.0,12.2,85,725.0,496.0,37.6
2025-08-21 12:00:00,32.9,60,0.1,10.9,79,794.0,560.0,38.9
2025-08-21 13:00:00,33.2,60,0.2,8.9,71,760.0,528.0,39.4
2025-08-21 14:00:00,33.6,58,0.1,7.5,40,693.0,472.0,39.4
2025-08-21 15:00:00,33.1,60,0.0,7.6,56,575.0,358.0,38.4
2025-08-21 16:00:00,31.6,65,0.8,5.9,99,398.0,243.0,37.0
2025-08-21 17:00:00,31.3,66,0.1,2.9,98,218.0,82.0,37.1
2025-08-21 18:00:00,31.2,70,0.0,3.4,30,87.0,28.0,37.5
2025-08-21 19:00:00,30.7,79,0.0,1.1,27,4.0,0.0,38.3
2025-08-21 20:00:00,30.3,78,0.0,3.2,13,0.0,0.0,37.2
2025-08-21 21:00:00,29.6,83,0.0,3.0,15,0.0,0.0,36.8
2025-08-21 22:00:00,29.1,88,0.0,1.8,5,0.0,0.0,36.8
2025-08-21 23:00:00,28.8,90,0.0,0.9,2,0.0,0.0,36.7
2025-08-22 00:00:00,28.6,90,0.0,1.8,5,0.0,0.0,36.3
2025-08-22 01:00:00,28.4,89,0.0,3.7,4,0.0,0.0,35.6
2025-08-22 02:00:00,28.0,89,0.0,6.5,4,0.0,0.0,34.5
2025-08-22 03:00:00,27.4,89,0.2,6.7,85,0.0,0.0,33.3
2025-08-22 04:00:00,25.6,94,2.0,7.4,100,0.0,0.0,30.9
2025-08-22 05:00:00,25.3,94,0.0,3.8,99,0.0,0.0,31.0
2025-08-22 06:00:00,27.9,89,0.1,0.2,100,10.0,1.0,35.2
2025-08-22 07:00:00,28.6,84,0.1,4.4,100,90.0,24.0,35.0
2025-08-22 08:00:00,29.3,80,0.5,0.2,100,235.0,84.0,36.3
2025-08-22 09:00:00,30.7,75,0.0,0.9,100,433.0,236.0,37.8
2025-08-22 10:00:00,32.1,68,0.0,2.5,100,609.0,394.0,39.1
2025-08-22 11:00:00,33.3,61,0.0,4.0,100,732.0,483.0,40.5
2025-08-22 12:00:00,34.1,57,0.0,4.0,100,776.0,489.0,41.2
2025-08-22 13:00:00,34.2,55,0.0,5.0,100,654.0,293.0,40.1
2025-08-22 14:00:00,34.0,55,0.0,4.2,100,509.0,224.0,39.2
2025-08-22 15:00:00,34.1,54,0.0,4.1,95,445.0,201.0,39.2
2025-08-22 16:00:00,33.8,55,0.0,2.8,96,333.0,163.0,39.1
2025-08-22 17:00:00,33.1,57,0.0,1.6,98,237.0,105.0,38.6
2025-08-22 18:00:00,31.5,70,0.0,7.6,100,56.0,2.0,37.3
2025-08-22 19:00:00,30.5,76,0.0,6.0,100,3.0,0.0,36.9
2025-08-22 20:00:00,30.1,78,0.0,3.6,100,0.0,0.0,36.8
2025-08-22 21:00:00,29.5,82,0.0,3.7,100,0.0,0.0,36.4
2025-08-22 22:00:00,29.1,83,0.4,7.3,100,0.0,0.0,35.3
2025-08-22 23:00:00,28.6,87,0.0,6.0,100,0.0,0.0,35.3
2025-08-23 00:00:00,28.3,86,0.3,7.3,100,0.0,0.0,34.4
2025-08-23 01:00:00,27.9,89,0.0,6.2,99,0.0,0.0,34.2
2025-08-23 02:00:00,27.4,90,0.2,4.6,100,0.0,0.0,33.9
2025-08-23 03:00:00,26.3,93,1.8,3.1,100,0.0,0.0,32.7
2025-08-23 04:00:00,25.6,95,3.3,1.8,100,0.0,0.0,31.9
2025-08-23 05:00:00,25.7,97,0.2,3.0,100,0.0,0.0,32.0
2025-08-23 06:00:00,26.5,94,0.0,3.0,100,9.0,0.0,33.1
2025-08-23 07:00:00,27.4,89,0.0,2.2,100,104.0,19.0,34.1
2025-08-23 08:00:00,28.7,83,0.0,4.1,100,274.0,116.0,35.1
2025-08-23 09:00:00,30.1,74,0.0,7.1,100,452.0,249.0,35.7
2025-08-23 10:00:00,31.3,69,0.0,7.2,100,626.0,414.0,37.4
2025-08-23 11:00:00,31.9,66,0.0,5.9,99,690.0,484.0,38.5
2025-08-23 12:00:00,32.6,63,0.0,6.4,100,735.0,473.0,39.3
2025-08-23 13:00:00,30.1,71,1.2,11.2,100,315.0,2.0,34.7
2025-08-23 14:00:00,30.2,74,1.7,3.8,98,509.0,172.0,36.3
2025-08-23 15:00:00,31.0,72,0.3,7.5,100,447.0,202.0,36.8
2025-08-23 16:00:00,28.7,80,2.2,2.9,100,245.0,43.0,35.0
2025-08-23 17:00:00,28.4,83,1.2,3.1,95,149.0,23.0,34.8
2025-08-23 18:00:00,27.9,86,0.2,2.4,100,42.0,3.0,34.5
2025-08-23 19:00:00,27.4,90,0.4,5.7,99,2.0,0.0,33.8
2025-08-23 20:00:00,27.2,92,0.0,5.6,100,0.0,0.0,33.7
2025-08-23 21:00:00,26.8,93,0.1,8.2,100,0.0,0.0,32.7
2025-08-23 22:00:00,26.5,93,0.1,6.6,100,0.0,0.0,32.4
2025-08-23 23:00:00,26.3,94,0.0,6.2,100,0.0,0.0,32.2
2025-08-24 00:00:00,26.2,95,0.0,5.6,100,0.0,0.0,32.2
2025-08-24 01:00:00,26.1,95,0.0,4.9,100,0.0,0.0,32.2
2025-08-24 02:00:00,25.9,95,0.0,6.8,100,0.0,0.0,31.6
2025-08-24 03:00:00,25.9,95,0.0,5.0,100,0.0,0.0,31.9
2025-08-24 04:00:00,25.8,95,0.0,7.5,96,0.0,0.0,31.3
2025-08-24 05:00:00,25.7,95,0.0,5.6,62,0.0,0.0,31.5
2025-08-24 06:00:00,26.1,95,0.0,4.9,99,6.0,0.0,32.2
2025-08-24 07:00:00,26.9,92,0.0,6.1,99,96.0,15.0,32.9
2025-08-24 08:00:00,27.9,86,0.0,11.1,98,254.0,108.0,33.2
2025-08-24 09:00:00,29.2,79,0.1,11.0,99,453.0,266.0,34.4
2025-08-24 10:00:00,30.2,77,0.1,10.8,96,634.0,421.0,36.2
2025-08-24 11:00:00,31.1,72,0.2,9.9,93,771.0,563.0,38.0
2025-08-24 12:00:00,29.1,80,3.5,10.5,98,727.0,444.0,35.5
2025-08-24 13:00:00,30.8,75,0.1,5.5,100,641.0,373.0,37.9
2025-08-24 14:00:00,29.0,79,1.5,14.7,100,729.0,459.0,34.5
2025-08-24 15:00:00,29.4,81,0.4,8.3,99,459.0,213.0,35.5
2025-08-24 16:00:00,28.4,84,1.3,7.0,100,271.0,92.0,34.4
2025-08-24 17:00:00,26.6,87,4.3,9.9,100,87.0,3.0,31.3
2025-08-24 18:00:00,28.0,84,0.0,10.1,100,47.0,4.0,33.3
2025-08-24 19:00:00,27.5,85,0.1,9.3,100,3.0,0.0,32.7
2025-08-24 20:00:00,27.1,88,0.0,4.9,100,0.0,0.0,33.0
2025-08-24 21:00:00,27.0,89,0.0,6.3,100,0.0,0.0,32.8
2025-08-24 22:00:00,26.8,90,0.1,8.8,100,0.0,0.0,32.2
2025-08-24 23:00:00,26.4,91,0.1,12.4,100,0.0,0.0,31.2
2025-08-25 00:00:00,25.6,92,0.2,11.4,100,0.0,0.0,30.1
2025-08-25 01:00:00,25.3,93,0.2,10.4,100,0.0,0.0,30.0
2025-08-25 02:00:00,25.3,93,0.5,9.8,100,0.0,0.0,29.9
2025-08-25 03:00:00,24.6,96,2.8,10.7,100,0.0,0.0,29.1
2025-08-25 04:00:00,24.4,96,3.6,11.0,100,0.0,0.0,28.7
2025-08-25 05:00:00,24.5,96,0.7,12.7,99,0.0,0.0,28.5
2025-08-25 06:00:00,25.3,95,1.1,11.5,100,4.0,0.0,30.0
2025-08-25 07:00:00,25.5,94,5.4,9.6,100,43.0,0.0,30.5
2025-08-25 08:00:00,25.8,95,0.5,15.9,100,68.0,0.0,30.1
2025-08-25 09:00:00,26.6,92,0.3,14.5,100,143.0,17.0,31.4
2025-08-25 10:00:00,27.2,88,0.5,13.0,100,303.0,58.0,32.0
2025-08-25 11:00:00,28.8,80,0.2,14.5,100,509.0,191.0,33.4
2025-08-25 12:00:00,28.9,81,0.1,12.6,100,348.0,77.0,33.9
2025-08-25 13:00:00,28.9,81,0.1,13.0,100,228.0,0.0,33.8
2025-08-25 14:00:00,28.3,81,0.4,13.2,100,306.0,53.0,32.8
2025-08-25 15:00:00,29.0,79,0.1,13.0,100,357.0,102.0,33.8
2025-08-25 16:00:00,27.0,86,0.7,12.3,100,250.0,53.0,31.6
2025-08-25 17:00:00,26.8,87,0.6,6.9,100,116.0,19.0,32.1
2025-08-25 18:00:00,27.4,87,0.0,9.9,100,59.0,4.0,32.7
2025-08-25 19:00:00,27.2,88,0.0,10.6,100,2.0,0.0,32.3
2025-08-25 20:00:00,27.0,88,0.1,11.7,100,0.0,0.0,31.9
2025-08-25 21:00:00,26.7,89,1.1,11.2,100,0.0,0.0,31.5
2025-08-25 22:00:00,26.0,93,0.4,13.2,100,0.0,0.0,30.7
2025-08-25 23:00:00,25.8,94,0.1,11.3,98,0.0,0.0,30.7
2025-08-26 00:00:00,25.7,95,0.0,11.4,100,0.0,0.0,30.6
2025-08-26 01:00:00,25.3,96,1.8,12.3,100,0.0,0.0,30.0
2025-08-26 02:00:00,25.1,97,0.2,13.1,100,0.0,0.0,29.6
2025-08-26 03:00:00,25.5,94,0.1,17.0,100,0.0,0.0,29.4
2025-08-26 04:00:00,25.4,95,0.2,16.8,100,0.0,0.0,29.3
2025-08-26 05:00:00,25.2,96,0.0,14.1,100,0.0,0.0,29.5
2025-08-26 06:00:00,26.0,94,0.2,12.5,100,8.0,0.0,30.8
2025-08-26 07:00:00,26.0,91,1.5,16.4,100,100.0,17.0,29.9
2025-08-26 08:00:00,26.4,91,0.8,18.0,100,128.0,4.0,30.4
2025-08-26 09:00:00,27.5,88,0.3,14.1,100,314.0,77.0,32.4
2025-08-26 10:00:00,28.9,81,0.1,14.6,100,504.0,249.0,33.7
2025-08-26 11:00:00,29.6,77,0.2,13.4,100,461.0,126.0,34.4
2025-08-26 12:00:00,29.7,75,0.1,12.6,100,368.0,94.0,34.4
2025-08-26 13:00:00,29.9,77,0.1,11.5,100,436.0,87.0,35.1
2025-08-26 14:00:00,28.7,81,0.9,12.6,100,448.0,155.0,33.7
2025-08-26 15:00:00,28.8,83,0.1,8.2,100,421.0,178.0,34.7
2025-08-26 16:00:00,29.5,80,0.0,9.2,100,362.0,161.0,35.2
2025-08-26 17:00:00,29.4,79,0.0,8.3,100,218.0,88.0,35.2
2025-08-26 18:00:00,27.6,89,0.0,4.5,100,61.0,7.0,34.1
2025-08-26 19:00:00,27.2,91,0.0,7.4,100,2.0,0.0,33.3
2025-08-26 20:00:00,26.7,92,0.1,7.8,99,0.0,0.0,32.5
2025-08-26 21:00:00,26.4,93,0.0,5.8,100,0.0,0.0,32.4
2025-08-26 22:00:00,26.3,95,0.0,7.7,96,0.0,0.0,32.1
2025-08-26 23:00:00,26.2,96,0.0,7.8,97,0.0,0.0,32.0
2025-08-27 00:00:00,26.0,96,0.0,8.2,98,0.0,0.0,31.7
2025-08-27 01:00:00,25.8,96,0.0,8.3,99,0.0,0.0,31.3
2025-08-27 02:00:00,25.6,97,0.0,7.0,87,0.0,0.0,31.4
2025-08-27 03:00:00,25.5,98,0.0,7.1,100,0.0,0.0,31.2
2025-08-27 04:00:00,25.4,98,0.0,4.7,98,0.0,0.0,31.4
2025-08-27 05:00:00,25.2,98,0.0,5.9,99,0.0,0.0,30.9
2025-08-27 06:00:00,26.1,95,0.1,4.5,100,9.0,1.0,32.4
2025-08-27 07:00:00,26.7,92,0.5,6.4,97,83.0,15.0,32.7
2025-08-27 08:00:00,27.3,89,0.3,6.7,92,245.0,107.0,33.1
2025-08-27 09:00:00,28.5,85,0.0,8.4,97,413.0,203.0,34.4
2025-08-27 10:00:00,29.7,82,0.0,7.0,86,608.0,371.0,36.5
2025-08-27 11:00:00,30.6,78,0.0,6.6,89,710.0,460.0,38.2
2025-08-27 12:00:00,31.2,74,0.2,6.9,91,776.0,541.0,39.0
2025-08-27 13:00:00,31.9,71,0.1,6.8,25,774.0,544.0,39.7
2025-08-27 14:00:00,32.5,69,0.0,5.9,30,727.0,531.0,40.2
2025-08-27 15:00:00,32.6,68,0.0,4.6,9,607.0,427.0,39.6
2025-08-27 16:00:00,32.3,67,0.0,4.5,10,430.0,275.0,38.6
2025-08-27 17:00:00,31.8,70,0.0,4.0,6,244.0,134.0,38.3
2025-08-27 18:00:00,29.1,84,0.0,2.0,35,77.0,24.0,36.3
2025-08-27 19:00:00,28.5,90,0.0,1.8,16,2.0,0.0,36.1
2025-08-27 20:00:00,28.3,91,0.0,1.8,7,0.0,0.0,35.9
2025-08-27 21:00:00,28.0,92,0.0,2.7,52,0.0,0.0,35.4
2025-08-27 22:00:00,27.9,92,0.0,5.2,61,0.0,0.0,34.8
2025-08-27 23:00:00,26.8,93,0.2,7.8,80,0.0,0.0,32.7
2025-08-28 00:00:00,26.7,93,0.2,4.7,80,0.0,0.0,33.0
2025-08-28 01:00:00,26.5,95,0.0,6.9,94,0.0,0.0,32.6
2025-08-28 02:00:00,25.9,94,1.9,7.3,100,0.0,0.0,31.5
2025-08-28 03:00:00,25.8,96,0.2,4.3,99,0.0,0.0,32.0
2025-08-28 04:00:00,25.5,98,0.1,1.3,100,0.0,0.0,32.1
2025-08-28 05:00:00,25.3,97,1.3,5.0,100,0.0,0.0,31.2
2025-08-28 06:00:00,26.7,97,0.0,5.9,100,8.0,0.0,33.3
2025-08-28 07:00:00,27.3,93,0.2,3.3,100,80.0,9.0,34.3
2025-08-28 08:00:00,28.2,89,0.0,5.2,100,219.0,54.0,35.0
2025-08-28 09:00:00,29.6,82,0.0,7.0,100,415.0,198.0,36.1
2025-08-28 10:00:00,30.8,77,0.1,6.2,100,612.0,375.0,37.9
2025-08-28 11:00:00,31.3,76,0.0,6.3,99,686.0,442.0,39.0
2025-08-28 12:00:00,32.0,73,0.0,5.8,100,777.0,540.0,40.3
2025-08-28 13:00:00,32.2,73,0.1,5.6,100,717.0,477.0,40.2
2025-08-28 14:00:00,32.2,73,0.1,4.9,100,597.0,355.0,39.8
2025-08-28 15:00:00,32.4,73,0.0,3.2,100,555.0,348.0,40.1
2025-08-28 16:00:00,30.5,76,0.2,4.3,100,417.0,247.0,37.2
2025-08-28 17:00:00,29.7,77,1.4,3.6,100,201.0,84.0,36.0
2025-08-28 18:00:00,29.5,82,0.1,8.0,100,44.0,9.0,35.9
2025-08-28 19:00:00,29.0,85,0.0,6.6,100,1.0,0.0,35.7
2025-08-28 20:00:00,28.6,87,0.0,5.8,100,0.0,0.0,35.3
2025-08-28 21:00:00,28.2,90,0.0,3.6,100,0.0,0.0,35.3
2025-08-28 22:00:00,27.5,92,2.3,3.4,100,0.0,0.0,34.4
2025-08-28 23:00:00,25.9,97,7.3,9.7,100,0.0,0.0,31.4
2025-08-29 00:00:00,25.9,97,0.2,6.1,100,0.0,0.0,32.0
2025-08-29 01:00:00,26.0,97,0.1,9.1,100,0.0,0.0,31.6
2025-08-29 02:00:00,25.8,96,0.9,9.5,100,0.0,0.0,31.2
2025-08-29 03:00:00,25.4,95,3.0,1.3,100,0.0,0.0,31.5
2025-08-29 04:00:00,25.0,95,6.8,1.8,100,0.0,0.0,31.0
2025-08-29 05:00:00,25.2,96,0.1,6.8,100,0.0,0.0,30.6
2025-08-29 06:00:00,27.4,95,0.0,8.0,100,4.0,0.0,34.0
2025-08-29 07:00:00,26.9,95,0.6,12.2,100,55.0,1.0,32.5
2025-08-29 08:00:00,27.6,92,0.0,10.5,100,118.0,6.0,33.5
2025-08-29 09:00:00,28.4,87,0.0,10.3,100,196.0,12.0,34.3
2025-08-29 10:00:00,29.1,86,0.1,8.5,100,329.0,55.0,35.6
2025-08-29 11:00:00,30.0,83,0.1,9.0,100,511.0,155.0,36.6
2025-08-29 12:00:00,31.1,76,0.1,9.6,100,657.0,272.0,38.0
2025-08-29 13:00:00,31.3,75,0.1,7.3,100,588.0,217.0,38.0
2025-08-29 14:00:00,31.0,72,0.2,10.8,100,528.0,188.0,36.4
2025-08-29 15:00:00,29.6,78,0.3,8.1,100,413.0,154.0,35.3
2025-08-29 16:00:00,29.4,80,0.0,8.8,100,274.0,90.0,35.2
2025-08-29 17:00:00,29.2,81,0.0,8.8,100,157.0,22.0,35.0
2025-08-29 18:00:00,28.4,84,0.0,7.7,100,64.0,8.0,34.3
2025-08-29 19:00:00,27.9,87,0.0,6.9,100,1.0,0.0,33.9
2025-08-29 20:00:00,27.6,89,0.0,7.2,100,0.0,0.0,33.6
2025-08-29 21:00:00,27.2,90,0.0,8.1,100,0.0,0.0,33.0
2025-08-29 22:00:00,26.9,90,0.0,8.6,100,0.0,0.0,32.5
2025-08-29 23:00:00,26.7,92,0.0,8.0,100,0.0,0.0,32.4
2025-08-30 00:00:00,26.5,93,0.0,8.8,100,0.0,0.0,32.1
2025-08-30 01:00:00,26.4,93,0.0,9.4,98,0.0,0.0,31.9
2025-08-30 02:00:00,26.3,93,0.0,8.7,67,0.0,0.0,31.8
2025-08-30 03:00:00,26.2,93,0.0,9.3,3,0.0,0.0,31.6
2025-08-30 04:00:00,26.1,94,0.0,8.6,9,0.0,0.0,31.5
2025-08-30 05:00:00,26.0,94,0.0,9.0,36,0.0,0.0,31.4
2025-08-30 06:00:00,26.3,98,0.2,10.8,100,5.0,0.0,32.0
2025-08-30 07:00:00,26.4,93,1.8,11.3,100,47.0,4.0,31.5
2025-08-30 08:00:00,26.7,91,1.1,12.3,100,103.0,0.0,31.7
2025-08-30 09:00:00,28.0,87,0.0,11.5,100,244.0,30.0,33.3
2025-08-30 10:00:00,29.1,81,0.1,10.5,100,357.0,50.0,34.6
2025-08-30 11:00:00,30.1,76,0.1,7.9,100,551.0,214.0,35.9
2025-08-30 12:00:00,30.8,72,0.1,7.1,100,639.0,277.0,37.1
2025-08-30 13:00:00,31.5,68,0.0,6.5,100,663.0,296.0,38.0
2025-08-30 14:00:00,31.6,67,0.0,6.7,100,576.0,274.0,37.4
2025-08-30 15:00:00,31.8,66,0.0,6.3,100,512.0,267.0,37.3
2025-08-30 16:00:00,31.4,68,0.0,6.3,100,369.0,185.0,37.0
2025-08-30 17:00:00,30.6,73,0.4,6.3,100,210.0,87.0,36.4
2025-08-30 18:00:00,29.5,80,0.0,5.1,31,68.0,20.0,35.9
2025-08-30 19:00:00,28.8,84,0.0,4.1,95,1.0,0.0,35.5
2025-08-30 20:00:00,28.4,86,0.0,4.3,100,0.0,0.0,35.1
2025-08-30 21:00:00,28.1,87,0.0,6.5,100,0.0,0.0,34.4
2025-08-30 22:00:00,27.8,89,0.0,6.6,100,0.0,0.0,34.0
2025-08-30 23:00:00,27.5,89,0.0,6.7,100,0.0,0.0,33.7
2025-08-31 00:00:00,27.2,90,0.0,6.5,88,0.0,0.0,33.3
2025-08-31 01:00:00,26.9,92,0.0,6.7,93,0.0,0.0,33.0
2025-08-31 02:00:00,26.7,93,0.0,9.6,21,0.0,0.0,32.3
2025-08-31 03:00:00,26.0,95,0.0,8.8,80,0.0,0.0,31.4
2025-08-31 04:00:00,25.2,96,0.0,9.7,99,0.0,0.0,30.2
2025-08-31 05:00:00,24.5,96,0.2,15.8,100,0.0,0.0,28.1
2025-08-31 06:00:00,25.7,96,0.1,9.7,100,4.0,0.0,30.9
2025-08-31 07:00:00,25.8,94,0.1,9.1,100,34.0,0.0,31.1
2025-08-31 08:00:00,25.4,96,2.1,9.9,100,54.0,0.0,30.4
2025-08-31 09:00:00,27.0,88,0.7,10.5,100,237.0,58.0,32.0
2025-08-31 10:00:00,28.5,85,0.1,9.9,100,480.0,176.0,34.1
2025-08-31 11:00:00,29.2,81,0.1,9.4,100,489.0,154.0,34.9
2025-08-31 12:00:00,28.2,85,1.8,7.8,100,303.0,27.0,34.0
2025-08-31 13:00:00,29.3,82,0.3,4.2,100,419.0,77.0,36.1
2025-08-31 14:00:00,30.0,79,0.2,6.0,100,516.0,229.0,36.5
2025-08-31 15:00:00,28.4,82,3.7,11.4,100,412.0,158.0,33.4
2025-08-31 16:00:00,26.8,87,2.4,9.2,100,163.0,24.0,31.7
2025-08-31 17:00:00,26.5,90,0.1,6.0,100,54.0,0.0,32.2
2025-08-31 18:00:00,25.9,91,0.0,4.5,100,43.0,3.0,31.6
2025-08-31 19:00:00,25.8,93,0.0,5.4,100,0.0,0.0,31.4
2025-08-31 20:00:00,25.8,94,0.1,6.2,100,0.0,0.0,31.4
2025-08-31 21:00:00,25.8,95,0.3,7.3,100,0.0,0.0,31.3
2025-08-31 22:00:00,25.7,96,0.3,8.5,100,0.0,0.0,31.1
2025-08-31 23:00:00,25.5,98,0.5,10.7,100,0.0,0.0,30.7
2025-09-01 00:00:00,25.4,94,1.7,12.2,100,0.0,0.0,30.0
2025-09-01 01:00:00,24.7,95,0.9,8.8,100,0.0,0.0,29.4
2025-09-01 02:00:00,24.3,97,1.0,8.4,100,0.0,0.0,29.0
2025-09-01 03:00:00,24.0,99,5.8,8.9,100,0.0,0.0,28.7
2025-09-01 04:00:00,24.1,98,2.6,8.9,100,0.0,0.0,28.7
2025-09-01 05:00:00,24.1,98,1.9,9.4,100,0.0,0.0,28.7
2025-09-01 06:00:00,24.6,96,1.5,6.8,100,4.0,0.0,29.7
2025-09-01 07:00:00,24.6,96,1.3,9.2,100,37.0,2.0,29.2
2025-09-01 08:00:00,24.6,95,2.0,6.7,100,85.0,8.0,29.6
2025-09-01 09:00:00,25.1,94,1.4,7.9,100,133.0,0.0,30.1
2025-09-01 10:00:00,26.3,88,0.3,10.2,100,289.0,32.0,31.0
2025-09-01 11:00:00,27.7,84,0.1,7.6,68,429.0,174.0,33.1
2025-09-01 12:00:00,29.2,77,0.3,7.5,100,595.0,300.0,35.0
2025-09-01 13:00:00,28.1,80,2.5,11.0,100,365.0,82.0,32.7
2025-09-01 14:00:00,28.1,83,0.6,11.5,100,516.0,254.0,33.0
2025-09-01 15:00:00,27.7,84,0.1,15.7,99,434.0,173.0,31.9
2025-09-01 16:00:00,26.1,89,0.4,13.2,100,251.0,81.0,30.3
2025-09-01 17:00:00,25.8,91,0.4,10.8,100,67.0,2.0,30.3
2025-09-01 18:00:00,24.9,94,0.9,17.5,100,13.0,0.0,28.4
2025-09-01 19:00:00,24.5,96,0.7,14.8,100,0.0,0.0,28.2
2025-09-01 20:00:00,24.4,96,1.2,14.6,100,0.0,0.0,28.1
2025-09-01 21:00:00,24.3,97,0.7,15.3,100,0.0,0.0,28.0
2025-09-01 22:00:00,24.2,98,1.9,12.5,100,0.0,0.0,28.3
2025-09-01 23:00:00,24.4,97,1.3,14.0,100,0.0,0.0,28.4
2025-09-02 00:00:00,24.2,99,2.8,13.2,100,0.0,0.0,28.3
2025-09-02 01:00:00,24.2,98,0.5,11.3,100,0.0,0.0,28.5
2025-09-02 02:00:00,23.8,98,3.5,14.2,100,0.0,0.0,27.5
2025-09-02 03:00:00,24.0,98,1.9,13.9,100,0.0,0.0,27.7
2025-09-02 04:00:00,23.8,97,1.1,12.1,100,0.0,0.0,27.7
2025-09-02 05:00:00,23.9,98,0.3,12.8,100,0.0,0.0,27.9
2025-09-02 06:00:00,24.2,96,0.9,14.5,100,4.0,0.0,27.9
2025-09-02 07:00:00,24.0,98,1.2,13.7,100,48.0,2.0,27.9
2025-09-02 08:00:00,24.4,94,0.8,12.4,100,138.0,27.0,28.3
2025-09-02 09:00:00,24.9,90,0.1,15.6,100,178.0,22.0,28.2
2025-09-02 10:00:00,26.1,86,0.0,14.5,100,199.0,0.0,29.8
2025-09-02 11:00:00,26.9,83,0.1,13.1,100,211.0,0.0,30.9
2025-09-02 12:00:00,26.6,84,0.9,10.8,100,367.0,67.0,30.9
2025-09-02 13:00:00,27.0,81,0.8,13.8,100,337.0,103.0,30.7
2025-09-02 14:00:00,26.4,86,1.3,10.7,97,316.0,75.0,30.8
2025-09-02 15:00:00,26.4,86,1.7,11.4,97,272.0,45.0,30.8
2025-09-02 16:00:00,26.1,88,0.6,13.6,96,191.0,26.0,30.1
2025-09-02 17:00:00,25.9,90,0.4,12.9,92,120.0,28.0,30.2
2025-09-02 18:00:00,24.6,98,2.4,13.5,100,8.0,0.0,28.8
2025-09-02 19:00:00,24.6,96,0.4,14.2,100,0.0,0.0,28.6
2025-09-02 20:00:00,24.8,95,0.0,13.6,100,0.0,0.0,28.8
2025-09-02 21:00:00,24.9,95,0.0,11.9,100,0.0,0.0,29.2
2025-09-02 22:00:00,24.9,96,0.0,10.7,99,0.0,0.0,29.6
2025-09-02 23:00:00,24.9,96,0.0,10.2,100,0.0,0.0,29.7
2025-09-03 00:00:00,24.8,96,0.0,10.4,100,0.0,0.0,29.4
2025-09-03 01:00:00,24.5,96,0.0,9.4,86,0.0,0.0,29.2
2025-09-03 02:00:00,24.3,97,0.0,8.1,44,0.0,0.0,29.1
2025-09-03 03:00:00,24.2,97,0.0,9.3,35,0.0,0.0,28.8
2025-09-03 04:00:00,24.1,98,0.0,9.6,65,0.0,0.0,28.6
2025-09-03 05:00:00,24.1,98,0.0,6.0,98,0.0,0.0,29.1
2025-09-03 06:00:00,24.1,96,8.3,6.6,100,3.0,0.0,28.8
2025-09-03 07:00:00,24.8,95,1.9,5.5,99,35.0,3.0,30.0
2025-09-03 08:00:00,25.4,93,0.3,2.5,98,95.0,5.0,31.2
2025-09-03 09:00:00,26.6,88,0.1,4.5,97,191.0,23.0,32.4
2025-09-03 10:00:00,27.8,86,0.1,1.0,100,383.0,133.0,34.5
2025-09-03 11:00:00,29.2,81,0.1,5.4,100,673.0,370.0,36.3
2025-09-03 12:00:00,29.4,76,0.7,9.1,100,606.0,280.0,34.9
2025-09-03 13:00:00,27.9,82,0.4,10.4,100,348.0,46.0,32.8
2025-09-03 14:00:00,28.4,79,0.2,9.8,99,315.0,92.0,33.3
2025-09-03 15:00:00,28.8,78,0.5,9.2,100,428.0,182.0,33.9
2025-09-03 16:00:00,28.4,80,0.1,9.7,100,274.0,73.0,33.5
2025-09-03 17:00:00,28.0,83,0.0,9.2,100,165.0,33.0,33.2
2025-09-03 18:00:00,26.2,86,0.0,9.5,100,12.0,0.0,30.7
2025-09-03 19:00:00,25.9,85,0.0,8.4,100,0.0,0.0,30.3
2025-09-03 20:00:00,25.8,87,0.1,6.7,100,0.0,0.0,30.5
2025-09-03 21:00:00,25.6,90,0.4,6.7,100,0.0,0.0,30.5
2025-09-03 22:00:00,25.4,91,1.1,6.8,100,0.0,0.0,30.4
2025-09-03 23:00:00,25.1,95,0.4,4.8,100,0.0,0.0,30.7
2025-09-04 00:00:00,25.1,96,0.4,5.3,100,0.0,0.0,30.6
2025-09-04 01:00:00,25.0,96,0.6,6.3,100,0.0,0.0,30.4
2025-09-04 02:00:00,24.8,97,0.5,7.3,98,0.0,0.0,30.0
2025-09-04 03:00:00,24.7,97,0.3,8.6,100,0.0,0.0,29.6
2025-09-04 04:00:00,24.8,97,0.1,9.3,100,0.0,0.0,29.6
2025-09-04 05:00:00,24.5,97,1.7,8.2,76,0.0,0.0,29.3
2025-09-04 06:00:00,24.2,96,12.0,12.0,100,4.0,0.0,28.3
2025-09-04 07:00:00,24.2,96,1.8,4.3,100,30.0,0.0,29.4
2025-09-04 08:00:00,25.2,94,0.0,3.7,100,106.0,7.0,30.8
2025-09-04 09:00:00,26.8,89,0.0,4.2,100,263.0,29.0,32.9
2025-09-04 10:00:00,28.6,84,0.0,3.4,100,438.0,118.0,35.1
2025-09-04 11:00:00,30.0,77,0.0,4.0,100,599.0,260.0,36.7
2025-09-04 12:00:00,31.0,72,0.0,3.7,95,729.0,454.0,38.7
2025-09-04 13:00:00,31.4,69,0.0,3.2,68,744.0,518.0,38.9
2025-09-04 14:00:00,31.4,67,0.0,8.2,100,684.0,477.0,37.5
2025-09-04 15:00:00,30.0,76,0.3,7.9,100,456.0,210.0,35.7
2025-09-04 16:00:00,29.1,81,0.0,5.6,100,268.0,83.0,35.4
2025-09-04 17:00:00,28.9,82,0.0,5.6,100,140.0,15.0,35.1
2025-09-04 18:00:00,27.8,86,0.0,4.8,46,57.0,15.0,34.0
2025-09-04 19:00:00,27.4,88,0.0,4.9,38,0.0,0.0,33.5
2025-09-04 20:00:00,27.0,89,0.0,5.4,57,0.0,0.0,33.0
2025-09-04 21:00:00,26.7,89,0.0,5.7,86,0.0,0.0,32.5
2025-09-04 22:00:00,26.4,91,0.0,4.3,91,0.0,0.0,32.3
2025-09-04 23:00:00,26.2,91,0.0,4.0,90,0.0,0.0,32.0
2025-09-05 00:00:00,26.0,91,0.0,4.1,100,0.0,0.0,31.8
2025-09-05 01:00:00,25.9,92,0.0,5.7,19,0.0,0.0,31.5
2025-09-05 02:00:00,25.7,93,0.0,5.0,28,0.0,0.0,31.4
2025-09-05 03:00:00,25.5,92,0.4,7.1,53,0.0,0.0,30.7
2025-09-05 04:00:00,25.4,93,0.3,5.5,22,0.0,0.0,30.7
2025-09-05 05:00:00,25.2,94,0.0,5.5,12,0.0,0.0,30.6
2025-09-05 06:00:00,26.7,86,0.0,10.7,100,6.0,0.0,31.3
2025-09-05 07:00:00,27.1,84,0.0,11.9,100,94.0,19.0,31.5
2025-09-05 08:00:00,28.0,80,0.0,12.6,100,264.0,114.0,32.4
2025-09-05 09:00:00,29.0,74,0.0,16.8,100,427.0,213.0,32.5
2025-09-05 10:00:00,29.8,75,0.0,13.4,100,589.0,323.0,34.6
2025-09-05 11:00:00,30.5,73,0.0,13.1,100,691.0,443.0,36.1
2025-09-05 12:00:00,31.0,72,0.1,14.0,100,759.0,489.0,37.0
2025-09-05 13:00:00,29.9,75,1.6,17.0,87,762.0,508.0,35.2
2025-09-05 14:00:00,30.5,76,1.5,10.6,49,600.0,341.0,36.4
2025-09-05 15:00:00,29.6,71,0.1,13.5,91,479.0,295.0,33.6
2025-09-05 16:00:00,28.7,79,0.4,12.5,100,328.0,175.0,33.3
2025-09-05 17:00:00,27.0,87,0.4,9.7,99,141.0,38.0,32.1
2025-09-05 18:00:00,27.1,89,0.0,8.8,100,50.0,9.0,32.6
2025-09-05 19:00:00,26.9,91,0.0,5.3,99,0.0,0.0,33.1
2025-09-05 20:00:00,26.8,92,0.0,7.6,99,0.0,0.0,32.6
2025-09-05 21:00:00,26.7,91,0.0,9.0,100,0.0,0.0,32.2
2025-09-05 22:00:00,26.6,91,0.0,9.1,99,0.0,0.0,32.0
2025-09-05 23:00:00,26.4,93,0.0,9.2,100,0.0,0.0,31.8
2025-09-06 00:00:00,25.4,96,4.7,10.5,100,0.0,0.0,30.3
2025-09-06 01:00:00,24.8,96,3.8,12.5,100,0.0,0.0,29.1
2025-09-06 02:00:00,24.5,95,0.1,14.1,100,0.0,0.0,28.3
2025-09-06 03:00:00,24.6,96,0.1,11.5,100,0.0,0.0,28.9
2025-09-06 04:00:00,24.7,96,0.1,9.8,100,0.0,0.0,29.3
2025-09-06 05:00:00,24.6,96,0.0,7.2,100,0.0,0.0,29.7
2025-09-06 06:00:00,26.0,92,0.0,7.7,100,6.0,0.0,31.3
2025-09-06 07:00:00,26.6,91,0.0,7.7,100,99.0,28.0,32.2
2025-09-06 08:00:00,27.8,86,0.0,10.1,94,286.0,157.0,33.3
2025-09-06 09:00:00,29.2,78,0.0,12.6,97,471.0,301.0,34.1
2025-09-06 10:00:00,30.3,72,0.2,13.5,100,628.0,430.0,35.2
2025-09-06 11:00:00,30.8,71,0.1,11.8,100,670.0,441.0,36.5
2025-09-06 12:00:00,31.2,72,0.1,11.9,99,764.0,518.0,37.7
2025-09-06 13:00:00,31.2,72,0.1,11.9,98,759.0,522.0,37.6
2025-09-06 14:00:00,31.2,73,0.2,11.1,98,651.0,426.0,37.4
2025-09-06 15:00:00,29.5,80,2.4,8.9,99,471.0,255.0,35.3
2025-09-06 16:00:00,29.3,80,1.2,10.0,98,290.0,112.0,34.8
2025-09-06 17:00:00,28.6,83,0.2,8.8,98,167.0,47.0,34.3
2025-09-06 18:00:00,28.8,83,0.0,7.1,70,48.0,10.0,35.0
2025-09-06 19:00:00,28.3,85,0.0,7.8,93,0.0,0.0,34.2
2025-09-06 20:00:00,27.7,88,0.0,10.7,99,0.0,0.0,33.1
2025-09-06 21:00:00,26.8,88,0.0,8.5,99,0.0,0.0,32.1
2025-09-06 22:00:00,26.4,89,0.0,9.1,98,0.0,0.0,31.4
2025-09-06 23:00:00,26.2,90,0.0,9.0,100,0.0,0.0,31.2
2025-09-07 00:00:00,26.1,90,0.0,11.0,100,0.0,0.0,30.8
2025-09-07 01:00:00,25.2,93,1.2,10.7,100,0.0,0.0,29.7
2025-09-07 02:00:00,25.3,95,0.0,8.8,99,0.0,0.0,30.3
2025-09-07 03:00:00,25.1,96,0.0,6.6,25,0.0,0.0,30.4
2025-09-07 04:00:00,24.9,96,0.0,6.6,4,0.0,0.0,30.1
2025-09-07 05:00:00,24.8,96,0.0,5.8,2,0.0,0.0,30.1
2025-09-07 06:00:00,25.8,95,0.0,9.0,80,6.0,0.0,31.2
2025-09-07 07:00:00,26.6,93,0.0,7.6,49,101.0,33.0,32.4
2025-09-07 08:00:00,27.9,87,0.0,9.0,21,293.0,172.0,33.7
2025-09-07 09:00:00,29.3,81,0.0,9.3,39,492.0,341.0,35.1
2025-09-07 10:00:00,30.5,75,0.1,9.8,27,632.0,453.0,36.5
2025-09-07 11:00:00,31.3,72,0.0,9.0,31,771.0,584.0,38.4
2025-09-07 12:00:00,31.8,69,0.0,9.6,15,793.0,591.0,38.8
2025-09-07 13:00:00,31.9,68,0.0,8.9,10,756.0,561.0,38.7
2025-09-07 14:00:00,31.9,70,0.0,7.9,15,695.0,508.0,38.7
2025-09-07 15:00:00,31.2,74,0.2,9.3,72,504.0,286.0,37.2
2025-09-07 16:00:00,30.8,76,0.1,5.4,100,347.0,175.0,37.4
2025-09-07 17:00:00,29.9,78,0.7,5.6,97,185.0,77.0,36.2
2025-09-07 18:00:00,28.0,88,0.0,6.5,100,40.0,3.0,34.3
2025-09-07 19:00:00,27.4,89,0.0,5.8,100,0.0,0.0,33.5
2025-09-07 20:00:00,27.0,90,0.0,5.2,99,0.0,0.0,33.1
2025-09-07 21:00:00,26.7,90,0.0,5.2,100,0.0,0.0,32.7
2025-09-07 22:00:00,26.5,91,0.0,6.2,9,0.0,0.0,32.2
2025-09-07 23:00:00,26.2,92,0.0,5.7,3,0.0,0.0,32.0
2025-09-08 00:00:00,26.0,93,0.0,5.7,4,0.0,0.0,31.7
2025-09-08 01:00:00,25.8,95,0.0,4.5,2,0.0,0.0,31.7
2025-09-08 02:00:00,25.5,96,0.0,3.3,2,0.0,0.0,31.6
2025-09-08 03:00:00,25.3,97,0.0,2.7,2,0.0,0.0,31.5
2025-09-08 04:00:00,25.2,98,0.0,3.1,2,0.0,0.0,31.3
2025-09-08 05:00:00,25.2,98,0.0,4.2,7,0.0,0.0,31.1
2025-09-08 06:00:00,25.8,96,0.0,5.9,12,6.0,1.0,31.7
2025-09-08 07:00:00,26.7,93,0.0,5.1,7,105.0,41.0,33.0
2025-09-08 08:00:00,27.9,89,0.0,5.8,4,289.0,169.0,34.4
2025-09-08 09:00:00,29.2,81,0.1,6.1,6,479.0,327.0,35.5
2025-09-08 10:00:00,30.3,74,0.1,5.1,10,634.0,456.0,36.9
2025-09-08 11:00:00,30.9,72,0.1,3.8,12,747.0,553.0,38.5
2025-09-08 12:00:00,31.4,71,0.1,4.0,19,795.0,594.0,39.4
2025-09-08 13:00:00,31.5,70,0.1,4.5,16,773.0,577.0,39.1
2025-09-08 14:00:00,31.7,65,0.1,4.6,15,721.0,536.0,38.4
2025-09-08 15:00:00,32.0,60,0.1,4.0,9,566.0,375.0,37.1
2025-09-08 16:00:00,31.9,60,0.0,2.2,4,373.0,219.0,37.1
2025-09-08 17:00:00,31.4,64,0.0,3.6,7,201.0,99.0,36.8
2025-09-08 18:00:00,30.5,72,0.0,3.8,48,51.0,16.0,36.5
2025-09-08 19:00:00,29.3,78,0.0,2.9,41,0.0,0.0,35.7
2025-09-08 20:00:00,28.8,80,0.0,1.5,98,0.0,0.0,35.2
2025-09-08 21:00:00,28.4,81,0.0,1.3,100,0.0,0.0,34.8
2025-09-08 22:00:00,28.0,82,0.0,0.9,100,0.0,0.0,34.4
2025-09-08 23:00:00,27.5,84,0.0,1.8,100,0.0,0.0,33.7
2025-09-09 00:00:00,27.1,85,0.0,3.5,20,0.0,0.0,32.8
2025-09-09 01:00:00,26.6,85,0.0,3.8,98,0.0,0.0,32.1
2025-09-09 02:00:00,26.3,84,0.0,5.2,2,0.0,0.0,31.3
2025-09-09 03:00:00,26.0,86,0.0,6.7,4,0.0,0.0,30.8
2025-09-09 04:00:00,25.9,87,0.0,7.7,1,0.0,0.0,30.6
2025-09-09 05:00:00,25.8,88,0.0,7.9,1,0.0,0.0,30.4
2025-09-09 06:00:00,26.7,86,0.0,7.2,1,6.0,1.0,31.8
2025-09-09 07:00:00,27.5,84,0.0,6.7,0,106.0,43.0,33.0
2025-09-09 08:00:00,28.6,80,0.0,7.7,0,293.0,177.0,34.1
2025-09-09 09:00:00,30.0,74,0.0,8.0,1,489.0,340.0,35.4
2025-09-09 10:00:00,30.5,70,0.3,9.3,28,653.0,480.0,36.1
2025-09-09 11:00:00,31.3,66,0.1,8.9,19,685.0,457.0,37.0
2025-09-09 12:00:00,31.9,64,0.0,8.1,9,752.0,532.0,38.1
2025-09-09 13:00:00,32.4,64,0.0,8.8,10,746.0,540.0,38.7
2025-09-09 14:00:00,32.3,63,0.0,10.0,8,681.0,492.0,37.9
2025-09-09 15:00:00,32.4,63,0.0,9.9,2,574.0,404.0,37.3
2025-09-09 16:00:00,32.0,62,0.0,10.8,11,398.0,260.0,36.4
2025-09-09 17:00:00,31.2,68,0.0,8.2,6,210.0,113.0,36.3
2025-09-09 18:00:00,30.3,72,0.0,5.6,7,49.0,16.0,36.1
2025-09-09 19:00:00,29.5,76,0.0,6.4,1,0.0,0.0,35.2
2025-09-09 20:00:00,29.0,79,0.0,7.6,4,0.0,0.0,34.6
2025-09-09 21:00:00,28.6,78,0.0,7.8,5,0.0,0.0,33.8
2025-09-09 22:00:00,28.1,78,0.0,6.9,2,0.0,0.0,33.2
2025-09-09 23:00:00,27.7,79,0.0,7.0,0,0.0,0.0,32.5
2025-09-10 00:00:00,27.3,80,0.0,7.3,0,0.0,0.0,31.9
2025-09-10 01:00:00,26.9,80,0.0,7.6,0,0.0,0.0,31.3
2025-09-10 02:00:00,26.4,81,0.0,7.8,0,0.0,0.0,30.7
2025-09-10 03:00:00,26.1,83,0.0,7.6,0,0.0,0.0,30.3
2025-09-10 04:00:00,25.8,84,0.0,8.2,0,0.0,0.0,29.9
2025-09-10 05:00:00,25.6,85,0.0,9.1,0,0.0,0.0,29.6
2025-09-10 06:00:00,27.1,88,0.0,10.6,2,5.0,0.0,32.1
2025-09-10 07:00:00,27.8,86,0.0,7.9,3,105.0,43.0,33.4
2025-09-10 08:00:00,28.9,81,0.0,9.7,0,292.0,176.0,34.4
2025-09-10 09:00:00,30.1,75,0.0,13.2,10,490.0,344.0,35.0
2025-09-10 10:00:00,31.2,69,0.0,14.1,4,622.0,445.0,36.0
2025-09-10 11:00:00,32.1,62,0.0,14.6,6,744.0,555.0,37.1
2025-09-10 12:00:00,32.7,59,0.0,14.8,6,801.0,608.0,37.7
2025-09-10 13:00:00,33.1,56,0.0,15.1,4,774.0,578.0,37.6
2025-09-10 14:00:00,33.2,55,0.0,15.6,5,723.0,542.0,37.1
2025-09-10 15:00:00,32.9,56,0.0,15.6,4,586.0,429.0,36.2
2025-09-10 16:00:00,32.2,59,0.0,15.3,2,414.0,280.0,35.6
2025-09-10 17:00:00,31.3,63,0.0,13.9,2,217.0,121.0,35.0
2025-09-10 18:00:00,30.1,66,0.0,11.5,16,49.0,16.0,34.0
2025-09-10 19:00:00,29.3,70,0.0,10.4,87,0.0,0.0,33.4
2025-09-10 20:00:00,28.6,73,0.0,9.5,0,0.0,0.0,32.9
2025-09-10 21:00:00,28.0,76,0.0,8.7,0,0.0,0.0,32.3
2025-09-10 22:00:00,27.4,79,0.0,7.9,3,0.0,0.0,31.9
2025-09-10 23:00:00,26.9,80,0.0,7.3,7,0.0,0.0,31.4
2025-09-11 00:00:00,26.5,81,0.0,7.9,33,0.0,0.0,30.7
2025-09-11 01:00:00,26.0,80,0.0,7.6,4,0.0,0.0,30.0
2025-09-11 02:00:00,25.7,79,0.0,8.3,2,0.0,0.0,29.3
2025-09-11 03:00:00,25.5,79,0.0,8.6,6,0.0,0.0,28.8
2025-09-11 04:00:00,25.1,79,0.0,9.0,17,0.0,0.0,28.2
2025-09-11 05:00:00,24.7,79,0.0,9.9,26,0.0,0.0,27.6
2025-09-11 06:00:00,26.4,77,0.0,12.0,67,5.0,0.0,29.5
2025-09-11 07:00:00,27.2,76,0.0,11.2,45,98.0,32.0,30.8
2025-09-11 08:00:00,28.3,73,0.0,11.3,14,268.0,138.0,32.2
2025-09-11 09:00:00,29.7,69,0.0,13.5,1,482.0,326.0,33.3
2025-09-11 10:00:00,30.9,63,0.0,14.9,24,666.0,500.0,34.9
2025-09-11 11:00:00,32.0,58,0.0,15.2,30,766.0,570.0,36.2
2025-09-11 12:00:00,32.5,55,0.0,14.1,49,737.0,464.0,36.5
2025-09-11 13:00:00,32.6,54,0.0,13.8,46,683.0,398.0,36.2
2025-09-11 14:00:00,32.8,53,0.0,14.1,40,624.0,374.0,36.0
2025-09-11 15:00:00,32.8,52,0.0,14.7,33,530.0,322.0,35.3
2025-09-11 16:00:00,32.3,54,0.0,14.4,38,360.0,206.0,34.9
2025-09-11 17:00:00,31.5,57,0.0,11.6,21,202.0,103.0,34.7
2025-09-11 18:00:00,30.2,65,0.0,6.8,100,45.0,14.0,34.6
2025-09-11 19:00:00,29.4,69,0.0,6.0,100,0.0,0.0,34.0
2025-09-11 20:00:00,28.9,70,0.0,6.0,80,0.0,0.0,33.4
2025-09-11 21:00:00,28.1,75,0.0,4.5,92,0.0,0.0,33.0
2025-09-11 22:00:00,27.5,79,0.0,4.0,87,0.0,0.0,32.7
2025-09-11 23:00:00,26.9,83,0.0,3.8,98,0.0,0.0,32.3
2025-09-12 00:00:00,26.5,84,0.0,4.5,64,0.0,0.0,31.7
2025-09-12 01:00:00,26.1,83,0.0,5.4,78,0.0,0.0,30.8
2025-09-12 02:00:00,25.7,80,0.0,5.4,58,0.0,0.0,29.8
2025-09-12 03:00:00,25.3,78,0.0,7.1,27,0.0,0.0,28.7
2025-09-12 04:00:00,24.9,78,0.0,7.6,11,0.0,0.0,28.1
2025-09-12 05:00:00,24.6,80,0.0,7.8,4,0.0,0.0,27.8
2025-09-12 06:00:00,25.9,80,0.0,10.1,5,5.0,0.0,29.5
2025-09-12 07:00:00,26.9,77,0.0,8.8,19,106.0,44.0,30.8
2025-09-12 08:00:00,28.3,71,0.0,9.9,12,286.0,169.0,32.1
2025-09-12 09:00:00,29.8,66,0.0,10.9,0,485.0,331.0,33.6
2025-09-12 10:00:00,31.1,61,0.1,11.2,25,664.0,496.0,35.4
2025-09-12 11:00:00,32.1,56,0.1,10.3,17,693.0,493.0,36.3
2025-09-12 12:00:00,33.0,52,0.0,9.8,17,772.0,555.0,37.6
2025-09-12 13:00:00,33.3,50,0.0,9.6,20,745.0,534.0,37.7
2025-09-12 14:00:00,33.5,49,0.0,10.2,13,670.0,482.0,37.2
2025-09-12 15:00:00,33.3,50,0.0,11.3,10,562.0,394.0,36.3
2025-09-12 16:00:00,32.8,52,0.0,11.3,16,383.0,250.0,35.8
2025-09-12 17:00:00,32.0,55,0.0,10.8,26,194.0,98.0,35.2
2025-09-12 18:00:00,31.6,56,0.0,5.6,6,44.0,14.0,35.5
2025-09-12 19:00:00,31.0,59,0.0,4.9,10,0.0,0.0,35.2
2025-09-12 20:00:00,30.1,67,0.0,2.7,35,0.0,0.0,35.4
2025-09-12 21:00:00,29.7,71,0.0,1.8,37,0.0,0.0,35.5
2025-09-12 22:00:00,29.1,74,0.0,1.2,33,0.0,0.0,35.1
2025-09-12 23:00:00,28.4,75,0.0,3.1,17,0.0,0.0,33.8
2025-09-13 00:00:00,27.8,79,0.0,3.4,69,0.0,0.0,33.2
2025-09-13 01:00:00,27.6,80,0.0,3.9,100,0.0,0.0,33.0
2025-09-13 02:00:00,27.4,80,0.0,4.7,66,0.0,0.0,32.5
2025-09-13 03:00:00,27.1,80,0.0,2.7,32,0.0,0.0,32.4
2025-09-13 04:00:00,26.7,80,0.0,4.6,41,0.0,0.0,31.5
2025-09-13 05:00:00,26.3,79,0.0,5.1,10,0.0,0.0,30.7
2025-09-13 06:00:00,27.7,73,0.0,5.8,79,4.0,0.0,32.0
2025-09-13 07:00:00,28.5,69,0.0,6.0,44,79.0,24.0,32.7
2025-09-13 08:00:00,29.2,66,0.0,6.2,96,156.0,18.0,33.4
2025-09-13 09:00:00,30.9,60,0.0,5.8,12,342.0,153.0,35.0
2025-09-13 10:00:00,33.0,49,0.0,7.0,25,621.0,441.0,36.7
2025-09-13 11:00:00,34.3,44,0.0,7.4,12,730.0,539.0,38.2
2025-09-13 12:00:00,35.0,42,0.0,8.4,22,782.0,577.0,39.1
2025-09-13 13:00:00,35.3,41,0.1,10.1,18,740.0,542.0,38.8
2025-09-13 14:00:00,34.8,42,0.2,11.3,18,660.0,469.0,37.6
2025-09-13 15:00:00,34.4,44,0.3,11.5,32,526.0,353.0,36.7
2025-09-13 16:00:00,33.4,49,0.3,11.2,26,357.0,217.0,36.2
2025-09-13 17:00:00,32.5,54,0.0,9.4,26,177.0,88.0,36.0
2025-09-13 18:00:00,32.9,48,0.0,7.8,63,43.0,14.0,35.8
2025-09-13 19:00:00,32.5,50,0.0,5.4,92,0.0,0.0,35.9
2025-09-13 20:00:00,32.0,53,0.0,2.7,84,0.0,0.0,36.0
2025-09-13 21:00:00,31.2,57,0.0,1.9,79,0.0,0.0,35.6
2025-09-13 22:00:00,30.4,60,0.0,1.5,95,0.0,0.0,35.0
2025-09-13 23:00:00,29.7,64,0.0,2.4,82,0.0,0.0,34.3
2025-09-14 00:00:00,29.0,68,0.0,4.0,26,0.0,0.0,33.6
2025-09-14 01:00:00,28.5,70,0.0,4.2,26,0.0,0.0,33.1
2025-09-14 02:00:00,28.0,73,0.0,4.7,20,0.0,0.0,32.7
2025-09-14 03:00:00,27.6,77,0.0,4.7,19,0.0,0.0,32.4
2025-09-14 04:00:00,27.3,78,0.0,4.0,23,0.0,0.0,32.3
2025-09-14 05:00:00,27.0,80,0.0,4.3,19,0.0,0.0,31.9
2025-09-14 06:00:00,27.6,81,0.0,5.7,15,4.0,0.0,32.8
2025-09-14 07:00:00,29.0,73,0.0,4.7,5,96.0,38.0,34.3
2025-09-14 08:00:00,31.5,59,0.0,4.3,8,278.0,163.0,36.0
2025-09-14 09:00:00,33.4,48,0.0,5.6,11,472.0,324.0,36.9
2025-09-14 10:00:00,34.9,42,0.0,7.5,11,639.0,473.0,38.1
2025-09-14 11:00:00,35.6,39,0.1,9.0,20,704.0,511.0,38.8
2025-09-14 12:00:00,36.1,38,0.1,9.4,70,759.0,558.0,39.6
2025-09-14 13:00:00,36.2,39,0.0,9.6,55,727.0,525.0,39.6
2025-09-14 14:00:00,36.5,38,0.0,10.4,75,681.0,493.0,39.6
2025-09-14 15:00:00,36.2,39,0.0,11.8,96,569.0,410.0,38.5
2025-09-14 16:00:00,35.3,42,0.0,12.1,91,376.0,246.0,37.5
2025-09-14 17:00:00,34.3,45,0.0,11.5,76,194.0,102.0,36.8
2025-09-14 18:00:00,33.3,50,0.0,8.9,87,38.0,12.0,36.5
2025-09-14 19:00:00,33.0,50,0.0,5.2,71,0.0,0.0,36.7
2025-09-14 20:00:00,32.7,51,0.0,3.7,14,0.0,0.0,36.7
2025-09-14 21:00:00,32.0,56,0.0,2.4,42,0.0,0.0,36.5
2025-09-14 22:00:00,31.1,61,0.0,2.2,11,0.0,0.0,36.1
2025-09-14 23:00:00,30.4,65,0.0,3.4,5,0.0,0.0,35.4
2025-09-15 00:00:00,29.8,68,0.0,4.2,3,0.0,0.0,34.8
2025-09-15 01:00:00,29.1,71,0.0,4.9,5,0.0,0.0,34.0
2025-09-15 02:00:00,28.6,73,0.0,3.7,3,0.0,0.0,33.6
2025-09-15 03:00:00,28.1,75,0.0,5.2,1,0.0,0.0,32.9
2025-09-15 04:00:00,27.8,76,0.0,6.3,0,0.0,0.0,32.4
2025-09-15 05:00:00,27.3,75,0.0,6.8,0,0.0,0.0,31.5
2025-09-15 06:00:00,28.6,68,0.0,6.1,43,4.0,0.0,32.7
2025-09-15 07:00:00,29.5,62,0.0,6.0,1,93.0,33.0,33.3
2025-09-15 08:00:00,31.4,54,0.0,6.5,0,275.0,155.0,34.7
2025-09-15 09:00:00,33.3,46,0.0,8.5,2,472.0,319.0,35.9
2025-09-15 10:00:00,34.7,41,0.0,10.4,9,659.0,496.0,37.4
2025-09-15 11:00:00,35.6,39,0.0,10.5,2,776.0,598.0,39.0
2025-09-15 12:00:00,36.3,38,0.0,11.3,5,820.0,639.0,39.7
2025-09-15 13:00:00,36.4,37,0.0,11.9,5,772.0,582.0,39.4
2025-09-15 14:00:00,36.4,38,0.0,13.0,8,720.0,547.0,39.1
2025-09-15 15:00:00,36.0,39,0.0,13.0,7,571.0,414.0,38.0
2025-09-15 16:00:00,35.2,42,0.0,13.3,12,378.0,240.0,37.2
2025-09-15 17:00:00,34.3,44,0.0,11.8,3,186.0,95.0,36.6
2025-09-15 18:00:00,33.5,47,0.0,8.1,89,36.0,10.0,36.5
2025-09-15 19:00:00,33.4,47,0.0,5.8,95,0.0,0.0,36.7
2025-09-15 20:00:00,33.3,48,0.0,3.3,100,0.0,0.0,37.1
2025-09-15 21:00:00,32.8,53,0.0,0.5,100,0.0,0.0,37.6
2025-09-15 22:00:00,32.1,53,0.0,1.7,100,0.0,0.0,36.5
2025-09-15 23:00:00,31.3,58,0.0,5.6,100,0.0,0.0,35.4
2025-09-16 00:00:00,30.5,62,0.0,6.9,100,0.0,0.0,34.6
2025-09-16 01:00:00,29.5,67,0.0,6.8,100,0.0,0.0,33.8
2025-09-16 02:00:00,28.8,70,0.0,5.7,99,0.0,0.0,33.3
2025-09-16 03:00:00,28.4,71,0.0,6.0,98,0.0,0.0,32.8
2025-09-16 04:00:00,28.0,73,0.0,6.4,24,0.0,0.0,32.4
2025-09-16 05:00:00,27.3,77,0.0,6.9,4,0.0,0.0,31.7
2025-09-16 06:00:00,28.8,62,0.0,6.4,100,4.0,0.0,32.0
2025-09-16 07:00:00,29.2,60,0.0,5.4,98,99.0,41.0,32.5
2025-09-16 08:00:00,30.4,56,0.0,4.9,78,282.0,167.0,33.8
2025-09-16 09:00:00,32.4,48,0.0,4.4,22,485.0,338.0,35.6
2025-09-16 10:00:00,34.1,43,0.0,6.0,12,658.0,497.0,37.5
2025-09-16 11:00:00,35.3,40,0.0,6.7,81,766.0,586.0,39.3
2025-09-16 12:00:00,36.2,38,0.0,7.6,49,781.0,592.0,40.2
2025-09-16 13:00:00,36.8,37,0.0,8.3,38,782.0,589.0,40.7
2025-09-16 14:00:00,36.6,38,0.0,10.2,61,629.0,429.0,39.3
2025-09-16 15:00:00,35.7,41,0.0,10.0,37,516.0,349.0,38.2
2025-09-16 16:00:00,35.2,42,0.0,8.5,31,381.0,248.0,38.0
2025-09-16 17:00:00,34.3,45,0.0,3.5,34,182.0,94.0,37.9
2025-09-16 18:00:00,32.6,56,0.0,2.7,17,34.0,10.0,37.4
2025-09-16 19:00:00,32.6,53,0.0,2.2,21,0.0,0.0,37.0
2025-09-16 20:00:00,31.0,61,0.1,8.3,28,0.0,0.0,35.0
2025-09-16 21:00:00,30.0,67,0.0,8.1,7,0.0,0.0,34.5
2025-09-16 22:00:00,29.2,71,0.0,8.5,15,0.0,0.0,33.7
2025-09-16 23:00:00,28.4,74,0.0,7.7,8,0.0,0.0,32.9
2025-09-17 00:00:00,27.9,75,0.0,7.0,4,0.0,0.0,32.3
2025-09-17 01:00:00,27.5,76,0.0,6.9,0,0.0,0.0,31.9
2025-09-17 02:00:00,27.1,77,0.0,6.2,0,0.0,0.0,31.6
2025-09-17 03:00:00,26.9,79,0.0,4.2,3,0.0,0.0,31.7
2025-09-17 04:00:00,27.0,80,0.0,1.0,5,0.0,0.0,32.4
2025-09-17 05:00:00,26.7,80,0.0,7.7,29,0.0,0.0,31.0
2025-09-17 06:00:00,27.4,76,0.0,3.1,11,4.0,0.0,32.2
2025-09-17 07:00:00,28.8,70,0.0,1.8,7,92.0,35.0,34.0
2025-09-17 08:00:00,30.6,64,0.0,1.7,2,278.0,164.0,35.8
2025-09-17 09:00:00,32.5,55,0.0,1.7,6,476.0,330.0,37.3
2025-09-17 10:00:00,33.9,49,0.1,4.9,26,643.0,480.0,38.5
2025-09-17 11:00:00,35.1,44,0.0,4.5,28,688.0,498.0,39.7
2025-09-17 12:00:00,36.2,40,0.0,5.2,36,748.0,554.0,40.7
2025-09-17 13:00:00,36.4,38,0.0,6.2,43,723.0,522.0,40.4
2025-09-17 14:00:00,36.3,39,0.1,7.3,29,646.0,453.0,39.6
2025-09-17 15:00:00,35.8,40,0.0,8.9,34,522.0,362.0,38.4
2025-09-17 16:00:00,35.2,42,0.0,9.5,18,374.0,242.0,37.9
2025-09-17 17:00:00,34.2,45,0.0,7.8,14,187.0,100.0,37.2
2025-09-17 18:00:00,31.6,61,0.0,1.8,12,31.0,9.0,36.9
2025-09-17 19:00:00,31.4,62,0.0,2.1,12,0.0,0.0,36.8
2025-09-17 20:00:00,31.1,64,0.0,1.8,32,0.0,0.0,36.5
2025-09-17 21:00:00,30.7,65,0.0,5.8,11,0.0,0.0,35.6
2025-09-17 22:00:00,29.5,73,0.0,7.8,8,0.0,0.0,34.5
2025-09-17 23:00:00,28.5,79,0.0,7.4,2,0.0,0.0,33.8
2025-09-18 00:00:00,27.8,82,0.0,6.5,7,0.0,0.0,33.2
2025-09-18 01:00:00,27.2,85,0.0,6.8,14,0.0,0.0,32.6
2025-09-18 02:00:00,26.3,87,0.0,7.2,18,0.0,0.0,31.3
2025-09-18 03:00:00,25.8,88,0.0,6.6,7,0.0,0.0,30.6
2025-09-18 04:00:00,25.4,89,0.0,7.2,10,0.0,0.0,30.0
2025-09-18 05:00:00,25.1,90,0.0,5.9,11,0.0,0.0,29.9
2025-09-18 06:00:00,27.3,82,0.0,3.9,19,3.0,0.0,32.9
2025-09-18 07:00:00,27.9,79,0.0,4.5,5,93.0,36.0,33.3
2025-09-18 08:00:00,29.4,73,0.0,4.2,2,277.0,164.0,34.8
2025-09-18 09:00:00,31.4,63,0.1,2.2,17,480.0,338.0,36.9
2025-09-18 10:00:00,33.3,52,0.1,2.7,19,637.0,472.0,38.5
2025-09-18 11:00:00,34.9,45,0.0,4.9,21,692.0,495.0,39.6
2025-09-18 12:00:00,34.9,43,0.0,7.2,36,713.0,499.0,39.0
2025-09-18 13:00:00,32.8,48,0.7,4.2,78,634.0,412.0,36.8
2025-09-18 14:00:00,31.9,55,0.2,3.1,48,515.0,284.0,36.1
2025-09-18 15:00:00,32.2,56,0.3,6.7,15,365.0,194.0,36.3
2025-09-18 16:00:00,32.5,55,0.2,4.9,23,339.0,199.0,36.8
2025-09-18 17:00:00,32.0,57,0.0,4.6,16,172.0,86.0,36.5
2025-09-18 18:00:00,32.7,51,0.0,8.5,79,26.0,6.0,35.9
2025-09-18 19:00:00,32.0,57,0.0,6.7,98,0.0,0.0,36.2
2025-09-18 20:00:00,31.6,60,0.0,4.5,4,0.0,0.0,36.3
2025-09-18 21:00:00,31.1,63,0.0,3.8,4,0.0,0.0,36.1
2025-09-18 22:00:00,30.3,67,0.0,5.3,2,0.0,0.0,35.3
2025-09-18 23:00:00,29.5,71,0.0,5.2,1,0.0,0.0,34.7
2025-09-19 00:00:00,28.9,75,0.0,3.6,0,0.0,0.0,34.4
2025-09-19 01:00:00,28.4,78,0.0,3.2,1,0.0,0.0,34.2
2025-09-19 02:00:00,28.0,81,0.0,4.3,0,0.0,0.0,33.7
2025-09-19 03:00:00,27.5,84,0.0,4.2,0,0.0,0.0,33.3
2025-09-19 04:00:00,27.1,86,0.0,3.9,0,0.0,0.0,33.0
2025-09-19 05:00:00,26.8,88,0.0,3.0,0,0.0,0.0,32.8
2025-09-19 06:00:00,27.5,79,0.0,6.3,4,3.0,0.0,32.4
2025-09-19 07:00:00,28.6,72,0.0,4.3,2,95.0,38.0,33.4
2025-09-19 08:00:00,30.7,64,0.0,3.7,8,280.0,168.0,35.7
2025-09-19 09:00:00,32.6,53,0.0,5.4,18,469.0,326.0,36.6
2025-09-19 10:00:00,32.4,52,0.4,11.5,65,574.0,390.0,35.4
2025-09-19 11:00:00,33.5,47,0.0,7.8,17,493.0,256.0,36.5
2025-09-19 12:00:00,34.8,41,0.1,8.9,33,713.0,517.0,38.1
2025-09-19 13:00:00,34.9,42,0.2,9.8,34,680.0,454.0,38.1
2025-09-19 14:00:00,35.4,41,0.0,8.7,17,643.0,461.0,38.5
2025-09-19 15:00:00,35.5,41,0.0,10.7,19,554.0,400.0,37.8
2025-09-19 16:00:00,34.6,42,0.0,10.7,11,354.0,230.0,36.9
2025-09-19 17:00:00,33.6,47,0.0,10.8,4,178.0,94.0,36.3
2025-09-19 18:00:00,32.6,54,0.0,9.1,75,31.0,9.0,36.1
2025-09-19 19:00:00,31.9,59,0.0,6.7,28,0.0,0.0,36.2
2025-09-19 20:00:00,31.3,61,0.0,6.1,6,0.0,0.0,35.7
2025-09-19 21:00:00,30.7,63,0.0,3.6,1,0.0,0.0,35.6
2025-09-19 22:00:00,30.2,67,0.0,2.7,0,0.0,0.0,35.5
2025-09-19 23:00:00,29.7,69,0.0,3.1,0,0.0,0.0,34.8
2025-09-20 00:00:00,29.2,72,0.0,2.3,0,0.0,0.0,34.7
2025-09-20 01:00:00,28.5,73,0.0,2.5,0,0.0,0.0,33.7
2025-09-20 02:00:00,28.1,73,0.0,4.2,0,0.0,0.0,32.8
2025-09-20 03:00:00,27.5,76,0.0,4.9,2,0.0,0.0,32.2
2025-09-20 04:00:00,27.1,79,0.0,4.2,0,0.0,0.0,31.9
2025-09-20 05:00:00,26.8,80,0.0,3.8,0,0.0,0.0,31.8
2025-09-20 06:00:00,28.2,79,0.0,6.7,0,3.0,0.0,33.4
2025-09-20 07:00:00,29.2,74,0.0,6.3,0,99.0,42.0,34.4
2025-09-20 08:00:00,31.3,59,0.0,8.5,0,289.0,181.0,35.2
2025-09-20 09:00:00,33.3,45,0.0,11.4,7,487.0,349.0,35.3
2025-09-20 10:00:00,34.5,40,0.0,12.5,9,628.0,466.0,36.4
2025-09-20 11:00:00,35.3,38,0.0,12.7,11,728.0,551.0,37.6
2025-09-20 12:00:00,35.8,37,0.0,12.7,33,710.0,513.0,38.1
2025-09-20 13:00:00,36.2,37,0.0,12.9,14,699.0,497.0,38.7
2025-09-20 14:00:00,36.0,37,0.0,13.8,16,640.0,453.0,37.8
2025-09-20 15:00:00,35.7,37,0.0,14.1,17,513.0,359.0,36.9
2025-09-20 16:00:00,35.0,39,0.0,14.8,11,363.0,236.0,36.1
2025-09-20 17:00:00,34.0,41,0.0,14.4,3,180.0,96.0,35.2
2025-09-20 18:00:00,32.8,45,0.0,11.3,0,31.0,9.0,34.6
2025-09-20 19:00:00,32.1,48,0.0,8.1,0,0.0,0.0,34.7
2025-09-20 20:00:00,31.2,53,0.0,5.4,0,0.0,0.0,34.6
2025-09-20 21:00:00,30.4,59,0.0,3.5,0,0.0,0.0,34.4
2025-09-20 22:00:00,29.7,61,0.0,4.5,0,0.0,0.0,33.6
2025-09-20 23:00:00,28.8,65,0.0,3.8,0,0.0,0.0,32.9
2025-09-21 00:00:00,28.1,66,0.0,6.0,0,0.0,0.0,31.7
2025-09-21 01:00:00,27.3,68,0.0,6.6,0,0.0,0.0,30.5
2025-09-21 02:00:00,26.6,69,0.0,6.4,0,0.0,0.0,29.8
2025-09-21 03:00:00,26.1,71,0.0,6.6,0,0.0,0.0,29.3
2025-09-21 04:00:00,25.7,72,0.0,6.8,0,0.0,0.0,28.7
2025-09-21 05:00:00,25.4,71,0.0,6.7,0,0.0,0.0,28.1
2025-09-21 06:00:00,27.1,73,0.0,5.5,0,3.0,0.0,31.1
2025-09-21 07:00:00,28.1,69,0.0,5.2,0,98.0,42.0,32.1
2025-09-21 08:00:00,30.2,61,0.0,5.5,0,288.0,180.0,34.1
2025-09-21 09:00:00,32.3,54,0.0,9.3,7,487.0,349.0,35.6
2025-09-21 10:00:00,33.9,45,0.0,13.0,11,643.0,483.0,36.6
2025-09-21 11:00:00,35.1,40,0.0,14.4,14,726.0,546.0,37.4
2025-09-21 12:00:00,35.8,37,0.0,14.4,6,742.0,546.0,37.9
2025-09-21 13:00:00,36.3,35,0.0,13.8,16,743.0,554.0,38.4
2025-09-21 14:00:00,36.4,34,0.0,13.4,21,661.0,473.0,37.9
2025-09-21 15:00:00,36.1,35,0.0,13.2,20,538.0,378.0,37.2
2025-09-21 16:00:00,35.3,38,0.0,13.5,25,361.0,237.0,36.5
2025-09-21 17:00:00,34.2,43,0.0,13.6,6,174.0,91.0,35.9
2025-09-21 18:00:00,33.2,44,0.0,11.5,7,28.0,8.0,34.9
2025-09-21 19:00:00,32.8,44,0.0,10.8,7,0.0,0.0,34.5
2025-09-21 20:00:00,32.2,46,0.0,9.5,2,0.0,0.0,34.2
2025-09-21 21:00:00,31.1,51,0.0,7.1,2,0.0,0.0,33.8
2025-09-21 22:00:00,30.4,55,0.0,5.6,0,0.0,0.0,33.5
2025-09-21 23:00:00,29.7,57,0.0,4.0,0,0.0,0.0,33.1
2025-09-22 00:00:00,28.7,62,0.0,6.7,0,0.0,0.0,31.9
2025-09-22 01:00:00,27.9,65,0.0,4.8,0,0.0,0.0,31.3
2025-09-22 02:00:00,27.3,67,0.0,4.6,0,0.0,0.0,30.7
2025-09-22 03:00:00,26.9,67,0.0,4.8,0,0.0,0.0,30.2
2025-09-22 04:00:00,26.5,68,0.0,5.7,0,0.0,0.0,29.5
2025-09-22 05:00:00,26.1,68,0.0,5.2,0,0.0,0.0,29.1
2025-09-22 06:00:00,27.3,74,0.0,6.4,0,3.0,0.0,31.4
2025-09-22 07:00:00,28.5,68,0.0,5.9,0,96.0,40.0,32.5
2025-09-22 08:00:00,30.5,59,0.0,7.3,1,285.0,178.0,34.2
2025-09-22 09:00:00,32.7,50,0.0,9.2,1,485.0,347.0,35.6
2025-09-22 10:00:00,34.1,44,0.0,12.2,0,653.0,495.0,36.8
2025-09-22 11:00:00,35.3,39,0.0,12.8,0,771.0,601.0,38.2
2025-09-22 12:00:00,36.4,34,0.0,14.1,10,813.0,631.0,38.6
2025-09-22 13:00:00,36.9,31,0.0,15.7,4,787.0,604.0,38.2
2025-09-22 14:00:00,36.8,31,0.0,16.0,7,704.0,535.0,37.6
2025-09-22 15:00:00,36.6,31,0.0,15.6,7,557.0,404.0,36.7
2025-09-22 16:00:00,35.5,36,0.0,15.9,10,366.0,245.0,36.1
2025-09-22 17:00:00,34.5,39,0.0,15.3,3,172.0,89.0,35.4
2025-09-22 18:00:00,34.0,39,0.0,12.6,3,27.0,8.0,35.1
2025-09-22 19:00:00,33.0,43,0.0,11.1,3,0.0,0.0,34.6
2025-09-22 20:00:00,32.1,46,0.0,10.8,1,0.0,0.0,33.9
2025-09-22 21:00:00,31.2,50,0.0,10.2,0,0.0,0.0,33.3
2025-09-22 22:00:00,30.6,51,0.0,9.9,0,0.0,0.0,32.6
2025-09-22 23:00:00,30.2,51,0.0,8.6,0,0.0,0.0,32.3
2025-09-23 00:00:00,29.9,52,0.0,7.1,0,0.0,0.0,32.1
2025-09-23 01:00:00,28.9,55,0.0,6.8,0,0.0,0.0,31.1
2025-09-23 02:00:00,27.8,58,0.0,6.2,0,0.0,0.0,30.1
2025-09-23 03:00:00,27.0,61,0.0,6.3,0,0.0,0.0,29.4
2025-09-23 04:00:00,26.5,63,0.0,6.8,0,0.0,0.0,28.8
2025-09-23 05:00:00,26.1,65,0.0,7.5,0,0.0,0.0,28.4
2025-09-23 06:00:00,27.0,71,0.0,7.4,0,3.0,0.0,30.5
2025-09-23 07:00:00,27.8,68,0.0,7.6,0,95.0,40.0,31.1
2025-09-23 08:00:00,29.8,57,0.0,8.7,0,284.0,178.0,32.6
2025-09-23 09:00:00,32.0,50,0.0,11.6,0,484.0,347.0,34.3
2025-09-23 10:00:00,33.9,46,0.0,13.7,0,651.0,494.0,36.5
2025-09-23 11:00:00,35.4,38,0.0,15.1,8,764.0,596.0,37.7
2025-09-23 12:00:00,36.4,34,0.0,15.4,8,765.0,579.0,38.2
2025-09-23 13:00:00,36.7,33,0.0,16.2,40,748.0,560.0,38.1
2025-09-23 14:00:00,36.6,33,0.0,16.7,4,668.0,482.0,37.5
2025-09-23 15:00:00,36.1,33,0.0,15.8,1,542.0,381.0,36.3
2025-09-23 16:00:00,35.2,35,0.0,15.7,0,375.0,253.0,35.5
2025-09-23 17:00:00,34.2,36,0.0,14.5,0,175.0,93.0,34.6
2025-09-23 18:00:00,33.2,38,0.0,12.9,3,26.0,7.0,33.7
2025-09-23 19:00:00,32.6,39,0.0,11.5,3,0.0,0.0,33.3
2025-09-23 20:00:00,32.2,39,0.0,9.7,1,0.0,0.0,33.1
2025-09-23 21:00:00,31.5,41,0.0,7.3,1,0.0,0.0,32.8
2025-09-23 22:00:00,30.9,44,0.0,6.7,1,0.0,0.0,32.5
2025-09-23 23:00:00,29.6,49,0.0,7.1,1,0.0,0.0,31.3
2025-09-24 00:00:00,28.4,55,0.0,7.5,0,0.0,0.0,30.5
2025-09-24 01:00:00,27.9,58,0.0,7.0,0,0.0,0.0,30.1
2025-09-24 02:00:00,27.3,60,0.0,7.2,0,0.0,0.0,29.5
2025-09-24 03:00:00,26.7,61,0.0,7.0,0,0.0,0.0,28.8
2025-09-24 04:00:00,26.3,61,0.0,7.0,0,0.0,0.0,28.2
2025-09-24 05:00:00,25.8,62,0.0,6.9,0,0.0,0.0,27.6
2025-09-24 06:00:00,26.3,68,0.0,10.1,0,3.0,0.0,28.6
2025-09-24 07:00:00,27.2,63,0.0,8.6,0,94.0,40.0,29.6
2025-09-24 08:00:00,29.1,58,0.0,10.6,0,284.0,178.0,31.3
2025-09-24 09:00:00,31.1,52,0.0,12.2,0,483.0,347.0,33.3
2025-09-24 10:00:00,33.0,47,0.0,14.7,0,651.0,495.0,35.3
2025-09-24 11:00:00,34.6,39,0.0,15.6,0,766.0,599.0,36.5
2025-09-24 12:00:00,35.5,34,0.0,15.1,0,818.0,647.0,37.3
2025-09-24 13:00:00,36.0,33,0.0,15.0,0,801.0,632.0,37.6
2025-09-24 14:00:00,36.1,32,0.0,14.8,0,715.0,555.0,37.0
2025-09-24 15:00:00,35.7,32,0.0,14.1,0,569.0,425.0,36.0
2025-09-24 16:00:00,35.0,34,0.0,13.8,0,379.0,259.0,35.4
2025-09-24 17:00:00,33.7,39,0.0,12.7,0,176.0,95.0,34.6
2025-09-24 18:00:00,33.1,44,0.0,9.5,0,25.0,7.0,35.1
2025-09-24 19:00:00,32.5,46,0.0,6.5,0,0.0,0.0,35.2
2025-09-24 20:00:00,32.0,48,0.0,5.5,0,0.0,0.0,34.9
2025-09-24 21:00:00,31.2,51,0.0,5.1,0,0.0,0.0,34.2
2025-09-24 22:00:00,30.3,55,0.0,3.8,0,0.0,0.0,33.7
2025-09-24 23:00:00,29.4,59,0.0,6.5,0,0.0,0.0,32.5
2025-09-25 00:00:00,28.5,63,0.0,6.3,0,0.0,0.0,31.9
2025-09-25 01:00:00,28.0,66,0.0,5.5,0,0.0,0.0,31.5
2025-09-25 02:00:00,27.5,67,0.0,4.4,0,0.0,0.0,31.2
2025-09-25 03:00:00,27.0,69,0.0,4.0,0,0.0,0.0,30.7
2025-09-25 04:00:00,26.4,72,0.0,5.2,0,0.0,0.0,30.0
2025-09-25 05:00:00,25.9,74,0.0,6.5,0,0.0,0.0,29.2
2025-09-25 06:00:00,26.0,75,0.0,8.9,0,3.0,0.0,29.1
2025-09-25 07:00:00,27.0,68,0.0,8.0,0,93.0,39.0,29.9
2025-09-25 08:00:00,29.2,57,0.0,7.6,0,281.0,175.0,31.9
2025-09-25 09:00:00,31.7,48,0.0,10.0,0,480.0,344.0,33.7
2025-09-25 10:00:00,33.7,41,0.0,11.9,0,649.0,493.0,35.6
2025-09-25 11:00:00,35.0,36,0.0,12.9,0,764.0,597.0,37.0
2025-09-25 12:00:00,35.8,34,0.0,12.8,0,815.0,643.0,38.0
2025-09-25 13:00:00,36.1,34,0.0,13.1,0,794.0,624.0,38.2
2025-09-25 14:00:00,36.2,33,0.0,13.5,0,707.0,546.0,37.7
2025-09-25 15:00:00,35.9,33,0.0,13.4,0,561.0,416.0,36.6
2025-09-25 16:00:00,35.1,36,0.0,13.0,0,371.0,252.0,35.9
2025-09-25 17:00:00,33.8,41,0.0,12.8,0,170.0,90.0,35.1
2025-09-25 18:00:00,33.0,44,0.0,9.9,0,23.0,6.0,34.9
2025-09-25 19:00:00,32.4,46,0.0,7.2,0,0.0,0.0,34.9
2025-09-25 20:00:00,31.7,50,0.0,6.9,0,0.0,0.0,34.4
2025-09-25 21:00:00,31.0,51,0.0,5.4,0,0.0,0.0,33.9
2025-09-25 22:00:00,30.4,52,0.0,5.6,0,0.0,0.0,33.1
2025-09-25 23:00:00,29.9,53,0.0,6.0,0,0.0,0.0,32.5
2025-09-26 00:00:00,29.3,54,0.0,5.1,0,0.0,0.0,32.0
2025-09-26 01:00:00,28.5,57,0.0,4.6,0,0.0,0.0,31.3
2025-09-26 02:00:00,27.6,61,0.0,4.9,0,0.0,0.0,30.4
2025-09-26 03:00:00,26.7,66,0.0,5.5,0,0.0,0.0,29.6
2025-09-26 04:00:00,26.2,69,0.0,5.0,0,0.0,0.0,29.3
2025-09-26 05:00:00,25.8,71,0.0,4.9,0,0.0,0.0,29.0
2025-09-26 06:00:00,26.7,76,0.0,6.7,0,2.0,0.0,30.6
2025-09-26 07:00:00,27.7,72,0.0,5.7,0,92.0,39.0,31.8
2025-09-26 08:00:00,29.8,62,0.0,6.5,0,282.0,176.0,33.7
2025-09-26 09:00:00,32.5,50,0.0,9.8,0,483.0,347.0,35.4
2025-09-26 10:00:00,34.4,40,0.0,14.0,0,651.0,495.0,36.2
2025-09-26 11:00:00,35.6,36,0.0,13.9,0,768.0,600.0,37.6
2025-09-26 12:00:00,36.4,33,0.0,13.0,0,820.0,648.0,38.6
2025-09-26 13:00:00,36.9,31,0.0,13.1,0,800.0,631.0,38.9
2025-09-26 14:00:00,37.0,30,0.0,13.5,0,711.0,550.0,38.2
2025-09-26 15:00:00,36.6,32,0.0,13.5,0,561.0,418.0,37.2
2025-09-26 16:00:00,35.4,39,0.0,13.4,0,370.0,251.0,37.0
2025-09-26 17:00:00,34.2,45,0.0,12.5,0,167.0,87.0,36.4
2025-09-26 18:00:00,33.5,49,0.0,10.0,0,21.0,5.0,36.6
2025-09-26 19:00:00,33.0,51,0.0,6.9,0,0.0,0.0,36.7
2025-09-26 20:00:00,32.3,55,0.0,5.6,0,0.0,0.0,36.5
2025-09-26 21:00:00,31.6,58,0.0,5.4,0,0.0,0.0,35.8
2025-09-26 22:00:00,31.0,59,0.0,5.3,0,0.0,0.0,35.1
2025-09-26 23:00:00,30.4,59,0.0,5.6,0,0.0,0.0,34.2
2025-09-27 00:00:00,29.6,61,0.0,4.6,0,0.0,0.0,33.4
2025-09-27 01:00:00,29.1,62,0.0,4.3,0,0.0,0.0,32.9
2025-09-27 02:00:00,28.7,63,0.0,4.3,0,0.0,0.0,32.4
2025-09-27 03:00:00,28.2,65,0.0,4.1,0,0.0,0.0,31.9
2025-09-27 04:00:00,27.8,67,0.0,5.1,0,0.0,0.0,31.4
2025-09-27 05:00:00,27.2,70,0.0,5.0,0,0.0,0.0,30.9
2025-09-27 06:00:00,28.1,73,0.0,4.3,1,2.0,0.0,32.8
2025-09-27 07:00:00,29.1,69,0.0,3.9,10,89.0,36.0,33.9
2025-09-27 08:00:00,31.3,60,0.0,3.3,7,272.0,166.0,36.1
2025-09-27 09:00:00,33.4,51,0.0,3.7,27,468.0,330.0,37.6
2025-09-27 10:00:00,35.0,44,0.0,3.5,46,632.0,475.0,39.4
2025-09-27 11:00:00,36.5,39,0.0,3.3,10,744.0,575.0,41.2
2025-09-27 12:00:00,37.7,35,0.0,3.8,0,790.0,617.0,42.3
2025-09-27 13:00:00,38.6,33,0.0,4.7,10,755.0,582.0,42.7
2025-09-27 14:00:00,38.7,32,0.0,6.1,25,661.0,491.0,41.9
2025-09-27 15:00:00,37.3,35,0.0,3.3,45,484.0,325.0,40.1
2025-09-27 16:00:00,36.0,38,0.0,4.2,46,296.0,166.0,39.0
2025-09-27 17:00:00,34.9,45,0.0,4.4,10,145.0,69.0,38.6
2025-09-27 18:00:00,34.5,45,0.1,3.6,20,18.0,4.0,38.2
2025-09-27 19:00:00,33.4,53,0.0,2.7,48,0.0,0.0,38.1
2025-09-27 20:00:00,33.0,56,0.0,1.0,51,0.0,0.0,38.3
2025-09-27 21:00:00,32.0,60,0.0,2.6,67,0.0,0.0,37.3
2025-09-27 22:00:00,31.3,65,0.0,3.1,5,0.0,0.0,36.9
2025-09-27 23:00:00,30.8,69,0.0,3.6,7,0.0,0.0,36.7
2025-09-28 00:00:00,30.4,71,0.0,3.4,19,0.0,0.0,36.3
2025-09-28 01:00:00,30.1,71,0.0,4.1,31,0.0,0.0,35.6
2025-09-28 02:00:00,29.6,72,0.0,5.0,3,0.0,0.0,34.9
2025-09-28 03:00:00,29.0,74,0.0,6.3,5,0.0,0.0,34.1
2025-09-28 04:00:00,28.6,76,0.0,7.7,1,0.0,0.0,33.5
2025-09-28 05:00:00,28.3,77,0.0,7.1,7,0.0,0.0,33.3
2025-09-28 06:00:00,29.3,75,0.0,7.8,1,2.0,0.0,34.5
2025-09-28 07:00:00,30.0,71,0.0,7.0,0,83.0,32.0,35.2
2025-09-28 08:00:00,31.2,66,0.0,10.0,1,264.0,158.0,35.8
2025-09-28 09:00:00,32.6,59,0.0,10.8,0,455.0,315.0,36.8
2025-09-28 10:00:00,34.2,50,0.0,12.4,10,616.0,456.0,37.8
2025-09-28 11:00:00,35.4,43,0.0,13.5,6,696.0,514.0,38.6
2025-09-28 12:00:00,36.0,41,0.0,13.3,18,737.0,549.0,39.3
2025-09-28 13:00:00,36.3,42,0.0,11.9,9,720.0,537.0,40.0
2025-09-28 14:00:00,36.5,41,0.0,11.3,13,652.0,484.0,39.8
2025-09-28 15:00:00,36.3,42,0.0,10.4,15,512.0,364.0,39.2
2025-09-28 16:00:00,35.7,44,0.0,9.6,12,332.0,213.0,38.9
2025-09-28 17:00:00,34.7,48,0.0,9.7,7,145.0,71.0,38.2
2025-09-28 18:00:00,33.4,55,0.0,9.0,8,17.0,4.0,37.7
2025-09-28 19:00:00,32.8,58,0.0,8.5,3,0.0,0.0,37.3
2025-09-28 20:00:00,32.5,59,0.0,7.8,2,0.0,0.0,37.1
2025-09-28 21:00:00,32.0,62,0.0,7.3,2,0.0,0.0,36.9
2025-09-28 22:00:00,31.2,66,0.0,7.9,1,0.0,0.0,36.2
2025-09-28 23:00:00,30.5,70,0.0,6.8,0,0.0,0.0,35.7
2025-09-29 00:00:00,29.9,73,0.0,6.2,0,0.0,0.0,35.3
2025-09-29 01:00:00,29.4,74,0.0,6.8,0,0.0,0.0,34.7
2025-09-29 02:00:00,28.9,76,0.0,6.7,0,0.0,0.0,34.1
2025-09-29 03:00:00,28.5,78,0.0,6.5,0,0.0,0.0,33.7
2025-09-29 04:00:00,28.1,79,0.0,6.8,0,0.0,0.0,33.3
2025-09-29 05:00:00,27.8,81,0.0,6.9,0,0.0,0.0,33.0
2025-09-29 06:00:00,28.3,76,0.0,5.7,4,2.0,0.0,33.2
2025-09-29 07:00:00,29.0,74,0.0,5.7,4,83.0,32.0,34.2
2025-09-29 08:00:00,30.6,68,0.0,7.3,3,263.0,156.0,35.6
2025-09-29 09:00:00,32.4,58,0.0,8.4,1,457.0,318.0,36.5
2025-09-29 10:00:00,33.7,51,0.0,8.6,14,614.0,456.0,37.7
2025-09-29 11:00:00,34.8,45,0.0,8.1,22,675.0,494.0,38.8
2025-09-29 12:00:00,35.5,41,0.0,7.4,26,704.0,514.0,39.3
2025-09-29 13:00:00,36.1,40,0.0,6.1,21,698.0,506.0,40.1
2025-09-29 14:00:00,36.2,39,0.0,5.8,16,633.0,464.0,39.8
2025-09-29 15:00:00,36.3,39,0.0,5.6,11,496.0,346.0,39.4
2025-09-29 16:00:00,35.9,39,0.1,6.5,37,319.0,197.0,38.6
2025-09-29 17:00:00,34.7,43,0.1,6.4,23,135.0,61.0,37.7
2025-09-29 18:00:00,34.0,46,0.0,7.4,21,15.0,3.0,37.1
2025-09-29 19:00:00,33.1,49,0.0,7.8,9,0.0,0.0,36.3
2025-09-29 20:00:00,32.3,52,0.0,5.5,18,0.0,0.0,35.9
2025-09-29 21:00:00,31.9,55,0.0,4.5,0,0.0,0.0,35.9
2025-09-29 22:00:00,31.3,58,0.0,4.8,3,0.0,0.0,35.5
2025-09-29 23:00:00,30.2,65,0.0,5.2,2,0.0,0.0,34.8
2025-09-30 00:00:00,29.4,71,0.0,3.4,6,0.0,0.0,34.7
2025-09-30 01:00:00,28.8,74,0.0,1.6,0,0.0,0.0,34.5
2025-09-30 02:00:00,28.6,75,0.0,2.4,1,0.0,0.0,34.2
2025-09-30 03:00:00,26.6,83,4.4,14.0,50,0.0,0.0,30.4
2025-09-30 04:00:00,24.4,93,3.6,6.7,89,0.0,0.0,29.0
2025-09-30 05:00:00,24.6,92,0.0,6.3,83,0.0,0.0,29.3
2025-09-30 06:00:00,27.3,81,0.0,1.8,28,1.0,0.0,32.9
2025-09-30 07:00:00,28.2,77,0.0,2.9,100,66.0,15.0,33.7
2025-09-30 08:00:00,29.7,71,0.0,0.7,33,209.0,61.0,35.5
2025-09-30 09:00:00,31.9,60,0.0,2.7,69,444.0,298.0,37.1
2025-09-30 10:00:00,33.4,52,0.0,3.4,98,586.0,396.0,38.2
2025-09-30 11:00:00,34.4,47,0.0,3.5,100,636.0,381.0,39.0
2025-09-30 12:00:00,34.8,45,0.0,5.2,100,588.0,285.0,38.6
2025-09-30 13:00:00,34.4,46,0.0,4.5,99,448.0,131.0,38.0
2025-09-30 14:00:00,34.4,45,0.0,1.3,96,459.0,165.0,38.5
2025-09-30 15:00:00,33.6,47,0.0,2.2,98,236.0,49.0,37.4
2025-09-30 16:00:00,33.3,48,0.0,3.2,87,167.0,40.0,37.1
2025-09-30 17:00:00,33.0,49,0.0,3.4,99,104.0,24.0,36.8
2025-09-30 18:00:00,32.5,52,0.0,5.8,99,9.0,0.0,36.2
2025-09-30 19:00:00,31.8,56,0.0,5.2,44,0.0,0.0,35.9
2025-09-30 20:00:00,31.1,61,0.0,4.8,91,0.0,0.0,35.6
2025-09-30 21:00:00,30.3,66,0.0,5.6,89,0.0,0.0,35.1
2025-09-30 22:00:00,29.8,69,0.0,5.6,41,0.0,0.0,34.7
2025-09-30 23:00:00,29.2,71,0.0,7.2,72,0.0,0.0,33.9
2025-10-01 00:00:00,28.8,72,0.0,7.0,54,0.0,0.0,33.4
2025-10-01 01:00:00,28.5,73,0.0,6.5,100,0.0,0.0,33.0
2025-10-01 02:00:00,28.0,74,0.0,6.6,0,0.0,0.0,32.5
2025-10-01 03:00:00,27.5,76,0.0,7.0,16,0.0,0.0,31.9
2025-10-01 04:00:00,27.1,78,0.0,5.5,19,0.0,0.0,31.7
2025-10-01 05:00:00,24.6,93,0.0,7.7,98,0.0,0.0,29.2
2025-10-01 06:00:00,24.5,91,0.0,3.2,15,1.0,0.0,29.5
2025-10-01 07:00:00,25.3,88,0.0,1.4,7,74.0,25.0,30.7
2025-10-01 08:00:00,27.0,81,0.0,1.0,14,244.0,134.0,32.5
2025-10-01 09:00:00,28.5,72,0.0,2.2,20,417.0,254.0,33.6
2025-10-01 10:00:00,29.9,65,0.0,1.9,9,561.0,372.0,34.8
2025-10-01 11:00:00,30.7,63,0.0,3.1,31,697.0,509.0,36.6
2025-10-01 12:00:00,32.1,58,0.1,1.7,34,745.0,543.0,38.4
2025-10-01 13:00:00,32.7,53,0.1,0.3,94,703.0,490.0,38.6
2025-10-01 14:00:00,33.5,49,0.0,1.2,35,598.0,396.0,38.1
2025-10-01 15:00:00,28.5,75,2.6,13.7,63,435.0,269.0,32.3
2025-10-01 16:00:00,27.9,76,0.0,2.2,30,244.0,115.0,33.2
2025-10-01 17:00:00,27.8,74,0.0,3.8,49,115.0,45.0,32.6
2025-10-01 18:00:00,28.2,74,0.0,1.9,29,13.0,2.0,33.4
2025-10-01 19:00:00,28.2,77,0.0,4.3,19,0.0,0.0,33.4
2025-10-01 20:00:00,28.0,79,0.0,2.7,13,0.0,0.0,33.7
2025-10-01 21:00:00,27.9,80,0.0,2.3,9,0.0,0.0,33.8
2025-10-01 22:00:00,27.7,79,0.0,6.3,4,0.0,0.0,32.6
2025-10-01 23:00:00,26.4,83,0.0,8.5,14,0.0,0.0,30.8
2025-10-02 00:00:00,26.6,83,0.0,8.0,7,0.0,0.0,31.3
2025-10-02 01:00:00,26.5,82,0.0,5.6,9,0.0,0.0,31.3
2025-10-02 02:00:00,26.3,84,0.0,3.3,6,0.0,0.0,31.5
2025-10-02 03:00:00,26.2,85,0.0,2.3,15,0.0,0.0,31.6
2025-10-02 04:00:00,25.3,85,0.1,9.1,43,0.0,0.0,29.3
2025-10-02 05:00:00,24.4,90,0.0,2.6,22,0.0,0.0,29.3
2025-10-02 06:00:00,25.1,87,0.0,2.4,7,1.0,0.0,30.1
2025-10-02 07:00:00,26.4,80,0.0,2.2,2,71.0,24.0,31.3
2025-10-02 08:00:00,28.7,70,0.0,4.5,2,251.0,144.0,33.2
2025-10-02 09:00:00,30.3,63,0.0,4.1,1,436.0,291.0,34.9
2025-10-02 10:00:00,31.7,56,0.0,5.8,5,606.0,446.0,36.1
2025-10-02 11:00:00,31.1,56,0.0,6.4,55,689.0,507.0,35.6
2025-10-02 12:00:00,32.4,51,0.0,8.5,24,704.0,496.0,36.4
2025-10-02 13:00:00,32.3,52,0.2,7.2,57,664.0,452.0,36.3
2025-10-02 14:00:00,31.6,55,0.3,7.4,45,486.0,288.0,35.2
2025-10-02 15:00:00,31.9,54,0.0,5.4,30,444.0,270.0,35.6
2025-10-02 16:00:00,31.5,50,0.3,8.3,77,293.0,167.0,34.1
2025-10-02 17:00:00,28.8,73,0.1,6.2,39,120.0,45.0,33.6
2025-10-02 18:00:00,28.0,72,0.0,8.1,40,11.0,1.0,32.0
2025-10-02 19:00:00,27.7,73,0.0,3.6,96,0.0,0.0,32.3
2025-10-02 20:00:00,27.8,73,0.0,4.3,100,0.0,0.0,32.4
2025-10-02 21:00:00,27.7,75,0.0,6.5,75,0.0,0.0,32.1
2025-10-02 22:00:00,27.3,79,0.0,7.5,94,0.0,0.0,31.8
2025-10-02 23:00:00,27.2,87,0.0,8.0,7,0.0,0.0,32.6
2025-10-03 00:00:00,26.5,91,0.0,4.8,100,0.0,0.0,32.4
2025-10-03 01:00:00,26.4,90,0.0,5.3,43,0.0,0.0,32.1
2025-10-03 02:00:00,25.9,93,0.0,5.5,37,0.0,0.0,31.6
2025-10-03 03:00:00,25.4,94,0.0,7.6,16,0.0,0.0,30.5
2025-10-03 04:00:00,25.0,94,0.0,5.7,9,0.0,0.0,30.2
2025-10-03 05:00:00,25.0,94,0.0,6.3,0,0.0,0.0,30.1
2025-10-03 06:00:00,25.1,94,0.0,4.7,0,1.0,0.0,30.4
2025-10-03 07:00:00,25.8,89,0.0,4.3,2,76.0,28.0,31.1
2025-10-03 08:00:00,27.4,79,0.0,4.9,20,249.0,141.0,32.4
2025-10-03 09:00:00,29.1,68,0.0,5.2,22,435.0,291.0,33.5
2025-10-03 10:00:00,30.5,60,0.0,5.6,95,581.0,404.0,34.6
2025-10-03 11:00:00,31.1,56,0.0,6.0,58,657.0,426.0,35.5
2025-10-03 12:00:00,32.5,52,0.0,5.3,69,690.0,453.0,37.1
2025-10-03 13:00:00,33.2,49,0.0,4.7,54,662.0,450.0,37.7
2025-10-03 14:00:00,33.6,48,0.0,5.2,47,580.0,390.0,37.3
2025-10-03 15:00:00,33.5,47,0.0,6.8,22,464.0,288.0,36.8
2025-10-03 16:00:00,32.5,50,0.0,8.2,37,275.0,159.0,35.5
2025-10-03 17:00:00,31.6,55,0.0,4.9,40,117.0,48.0,35.4
2025-10-03 18:00:00,31.1,57,0.0,4.8,12,11.0,2.0,35.1
2025-10-03 19:00:00,30.8,59,0.0,4.7,10,0.0,0.0,34.9
2025-10-03 20:00:00,30.3,63,0.0,4.8,86,0.0,0.0,34.6
2025-10-03 21:00:00,29.5,67,0.0,4.1,18,0.0,0.0,34.2
2025-10-03 22:00:00,28.8,73,0.0,2.4,86,0.0,0.0,34.1
2025-10-03 23:00:00,29.0,74,0.0,2.8,93,0.0,0.0,34.6
2025-10-04 00:00:00,29.0,74,0.0,3.4,91,0.0,0.0,34.5
2025-10-04 01:00:00,28.0,78,0.1,7.1,48,0.0,0.0,32.9
2025-10-04 02:00:00,27.0,83,0.0,3.7,100,0.0,0.0,32.4
2025-10-04 03:00:00,26.5,85,0.0,3.2,100,0.0,0.0,31.9
2025-10-04 04:00:00,26.3,86,0.0,2.0,98,0.0,0.0,31.9
2025-10-04 05:00:00,26.8,83,0.0,2.8,83,0.0,0.0,32.2
2025-10-04 06:00:00,27.0,81,0.0,3.0,2,1.0,0.0,32.2
2025-10-04 07:00:00,27.6,76,0.0,3.1,2,76.0,28.0,32.6
2025-10-04 08:00:00,29.5,64,0.0,3.7,0,253.0,147.0,33.7
2025-10-04 09:00:00,31.2,53,0.0,7.0,2,446.0,308.0,34.3
2025-10-04 10:00:00,32.6,47,0.0,9.0,1,606.0,445.0,35.3
2025-10-04 11:00:00,33.3,45,0.0,9.5,16,720.0,550.0,36.6
2025-10-04 12:00:00,34.2,40,0.0,10.7,13,727.0,540.0,36.8
2025-10-04 13:00:00,34.6,38,0.0,11.9,16,710.0,527.0,36.8
2025-10-04 14:00:00,34.6,37,0.0,12.2,16,602.0,429.0,35.9
2025-10-04 15:00:00,34.3,39,0.0,11.9,6,463.0,314.0,35.6
2025-10-04 16:00:00,33.6,42,0.0,12.2,16,302.0,187.0,35.0
2025-10-04 17:00:00,32.3,47,0.0,10.4,2,125.0,58.0,34.4
2025-10-04 18:00:00,31.3,52,0.0,7.5,0,11.0,2.0,34.1
2025-10-04 19:00:00,30.6,56,0.0,6.5,0,0.0,0.0,33.9
2025-10-04 20:00:00,30.3,57,0.0,6.1,0,0.0,0.0,33.7
2025-10-04 21:00:00,30.0,58,0.0,6.4,0,0.0,0.0,33.3
2025-10-04 22:00:00,29.1,62,0.0,6.5,0,0.0,0.0,32.5
2025-10-04 23:00:00,28.3,65,0.0,6.5,0,0.0,0.0,31.7
2025-10-05 00:00:00,27.6,67,0.0,6.7,0,0.0,0.0,31.0
2025-10-05 01:00:00,27.0,69,0.0,6.8,0,0.0,0.0,30.3
2025-10-05 02:00:00,26.4,70,0.0,7.0,0,0.0,0.0,29.5
2025-10-05 03:00:00,25.7,73,0.0,6.5,0,0.0,0.0,28.9
2025-10-05 04:00:00,25.2,76,0.0,6.3,0,0.0,0.0,28.4
2025-10-05 05:00:00,25.4,85,0.0,8.3,0,0.0,0.0,29.5
2025-10-05 06:00:00,25.6,82,0.0,8.4,0,1.0,0.0,29.4
2025-10-05 07:00:00,26.5,75,0.0,7.2,0,77.0,29.0,30.2
2025-10-05 08:00:00,28.4,64,0.0,8.9,0,255.0,151.0,31.4
2025-10-05 09:00:00,30.4,58,0.0,12.5,0,448.0,312.0,33.1
2025-10-05 10:00:00,31.8,51,0.1,12.6,5,606.0,447.0,34.3
2025-10-05 11:00:00,31.0,50,0.0,9.7,34,688.0,517.0,33.9
2025-10-05 12:00:00,32.2,48,0.6,5.3,10,672.0,474.0,36.0
2025-10-05 13:00:00,33.4,42,0.0,5.5,20,684.0,493.0,36.6
2025-10-05 14:00:00,33.9,37,0.0,7.0,22,606.0,437.0,35.7
2025-10-05 15:00:00,33.7,38,0.0,7.8,8,458.0,312.0,35.2
2025-10-05 16:00:00,32.9,41,0.0,8.8,7,297.0,182.0,34.5
2025-10-05 17:00:00,32.4,44,0.0,7.3,9,124.0,57.0,34.5
2025-10-05 18:00:00,31.1,50,0.0,4.9,12,10.0,2.0,34.0
2025-10-05 19:00:00,30.4,57,0.0,3.3,6,0.0,0.0,34.2
2025-10-05 20:00:00,29.7,58,0.0,3.4,5,0.0,0.0,33.3
2025-10-05 21:00:00,28.9,60,0.0,4.4,5,0.0,0.0,32.3
2025-10-05 22:00:00,28.0,68,0.0,2.6,1,0.0,0.0,32.3
2025-10-05 23:00:00,23.7,82,0.0,14.0,91,0.0,0.0,25.6
2025-10-06 00:00:00,22.6,90,6.9,14.3,99,0.0,0.0,24.7
2025-10-06 01:00:00,22.8,91,0.0,6.2,70,0.0,0.0,26.4
2025-10-06 02:00:00,22.8,92,0.1,2.4,60,0.0,0.0,27.0
2025-10-06 03:00:00,22.9,91,0.2,0.2,91,0.0,0.0,27.4
2025-10-06 04:00:00,22.8,91,0.0,1.9,52,0.0,0.0,27.0
2025-10-06 05:00:00,24.2,83,0.0,1.4,0,0.0,0.0,28.4
2025-10-06 06:00:00,24.3,83,0.0,1.3,0,1.0,0.0,28.6
2025-10-06 07:00:00,25.0,76,0.0,1.7,92,74.0,27.0,28.9
2025-10-06 08:00:00,26.1,70,0.0,4.1,100,194.0,71.0,29.4
2025-10-06 09:00:00,26.1,70,0.0,3.5,99,105.0,0.0,29.5
2025-10-06 10:00:00,27.0,67,0.0,5.1,100,179.0,29.0,30.2
2025-10-06 11:00:00,29.2,52,0.0,9.3,100,179.0,7.0,30.9
2025-10-06 12:00:00,25.5,73,1.3,4.9,100,65.0,0.0,28.9
2025-10-06 13:00:00,24.8,81,1.8,7.1,100,173.0,15.0,28.3
2025-10-06 14:00:00,23.5,93,2.4,7.2,95,49.0,0.0,27.5
2025-10-06 15:00:00,24.5,86,0.7,7.8,100,163.0,17.0,28.2
2025-10-06 16:00:00,24.3,86,1.1,5.8,68,95.0,16.0,28.2
2025-10-06 17:00:00,23.6,90,0.1,9.5,15,78.0,22.0,27.1
2025-10-06 18:00:00,22.7,95,0.0,8.1,100,9.0,1.0,26.3
2025-10-06 19:00:00,22.7,94,0.0,8.5,100,0.0,0.0,26.1
2025-10-06 20:00:00,22.6,94,0.0,7.5,27,0.0,0.0,26.2
2025-10-06 21:00:00,22.4,96,0.0,8.4,100,0.0,0.0,25.9
2025-10-06 22:00:00,22.3,96,0.0,8.7,24,0.0,0.0,25.7
2025-10-06 23:00:00,22.6,96,0.0,6.6,97,0.0,0.0,26.6
2025-10-07 00:00:00,22.7,96,0.0,6.4,72,0.0,0.0,26.6
2025-10-07 01:00:00,22.1,97,0.0,1.5,34,0.0,0.0,26.6
2025-10-07 02:00:00,21.7,98,0.0,1.4,100,0.0,0.0,26.0
2025-10-07 03:00:00,22.1,98,0.0,5.0,100,0.0,0.0,26.1
2025-10-07 04:00:00,22.3,96,0.4,6.0,77,0.0,0.0,26.1
2025-10-07 05:00:00,22.1,97,0.0,7.2,80,0.0,0.0,25.8
2025-10-07 06:00:00,22.0,98,0.2,7.7,79,1.0,0.0,25.6
2025-10-07 07:00:00,22.5,92,0.5,7.9,83,57.0,12.0,25.8
2025-10-07 08:00:00,23.1,90,0.3,9.8,52,134.0,30.0,26.2
2025-10-07 09:00:00,24.3,85,0.1,8.5,23,365.0,198.0,27.8
2025-10-07 10:00:00,25.6,80,0.1,9.0,22,478.0,273.0,29.1
2025-10-07 11:00:00,26.9,68,0.1,6.6,42,582.0,300.0,30.2
2025-10-07 12:00:00,27.5,67,0.0,5.4,27,652.0,428.0,31.6
2025-10-07 13:00:00,28.2,65,0.0,4.4,15,661.0,462.0,32.7
2025-10-07 14:00:00,28.5,63,0.0,6.4,85,609.0,434.0,32.2
2025-10-07 15:00:00,26.3,71,0.8,9.6,38,424.0,259.0,29.1
2025-10-07 16:00:00,25.7,74,0.0,5.5,71,272.0,152.0,29.2
2025-10-07 17:00:00,22.3,83,2.5,6.9,70,79.0,26.0,24.7
2025-10-07 18:00:00,21.9,87,0.2,5.8,24,4.0,0.0,24.7
2025-10-07 19:00:00,21.4,92,0.0,9.5,3,0.0,0.0,23.9
2025-10-07 20:00:00,21.1,93,0.0,6.6,4,0.0,0.0,24.0
2025-10-07 21:00:00,21.0,95,0.0,6.1,10,0.0,0.0,24.0
2025-10-07 22:00:00,20.7,96,0.0,2.3,15,0.0,0.0,24.2
2025-10-07 23:00:00,21.0,98,0.0,3.2,27,0.0,0.0,24.8
2025-10-08 00:00:00,21.1,98,0.0,3.2,11,0.0,0.0,24.8
2025-10-08 01:00:00,21.1,97,0.0,3.8,15,0.0,0.0,24.7
2025-10-08 02:00:00,21.0,97,0.0,5.2,27,0.0,0.0,24.4
2025-10-08 03:00:00,20.8,98,0.0,7.6,91,0.0,0.0,23.7
2025-10-08 04:00:00,20.6,98,0.0,4.7,100,0.0,0.0,23.9
2025-10-08 05:00:00,20.4,99,0.0,3.7,97,0.0,0.0,23.8
2025-10-08 06:00:00,20.7,97,0.0,4.5,100,1.0,0.0,24.0
2025-10-08 07:00:00,21.3,94,0.0,5.0,79,44.0,3.0,24.5
2025-10-08 08:00:00,22.3,86,0.0,5.1,35,145.0,25.0,25.4
2025-10-08 09:00:00,23.2,84,0.0,5.9,48,314.0,125.0,26.3
2025-10-08 10:00:00,24.1,80,0.0,2.6,98,481.0,237.0,27.7
2025-10-08 11:00:00,24.9,76,0.0,1.5,92,585.0,362.0,28.9
2025-10-08 12:00:00,25.7,70,0.0,0.4,100,588.0,280.0,29.6
2025-10-08 13:00:00,25.7,67,0.0,2.8,100,405.0,113.0,28.7
2025-10-08 14:00:00,24.5,71,0.1,9.2,73,293.0,19.0,26.4
2025-10-08 15:00:00,23.6,77,0.1,7.7,9,322.0,141.0,25.9
2025-10-08 16:00:00,24.2,76,0.0,5.1,7,294.0,176.0,27.1
2025-10-08 17:00:00,24.0,81,0.0,4.5,20,114.0,47.0,27.4
2025-10-08 18:00:00,23.7,82,0.0,5.7,15,7.0,1.0,27.0
2025-10-08 19:00:00,23.4,82,0.0,5.5,8,0.0,0.0,26.5
2025-10-08 20:00:00,22.8,83,0.0,4.8,1,0.0,0.0,25.8
2025-10-08 21:00:00,22.0,86,0.0,3.9,0,0.0,0.0,25.0
2025-10-08 22:00:00,21.4,88,0.0,2.9,2,0.0,0.0,24.5
2025-10-08 23:00:00,21.8,89,0.0,4.0,12,0.0,0.0,25.1
2025-10-09 00:00:00,22.0,89,0.0,4.7,5,0.0,0.0,25.2
2025-10-09 01:00:00,21.7,91,0.0,5.6,2,0.0,0.0,24.8
2025-10-09 02:00:00,21.4,92,0.0,5.0,0,0.0,0.0,24.6
2025-10-09 03:00:00,21.1,93,0.0,4.4,0,0.0,0.0,24.2
2025-10-09 04:00:00,20.7,94,0.0,4.1,0,0.0,0.0,23.8
2025-10-09 05:00:00,20.6,92,0.0,4.7,6,0.0,0.0,23.4
2025-10-09 06:00:00,20.8,92,0.0,5.0,1,1.0,0.0,23.6
2025-10-09 07:00:00,21.4,91,0.0,5.6,0,70.0,25.0,24.4
2025-10-09 08:00:00,22.7,88,0.0,5.1,0,243.0,136.0,26.2
2025-10-09 09:00:00,24.2,83,0.1,7.4,24,438.0,298.0,27.5
2025-10-09 10:00:00,25.0,78,0.2,8.7,17,532.0,354.0,28.0
2025-10-09 11:00:00,26.4,68,0.1,8.7,13,651.0,451.0,29.6
2025-10-09 12:00:00,27.5,58,0.0,8.5,30,704.0,500.0,30.3
2025-10-09 13:00:00,28.2,50,0.0,7.7,13,692.0,503.0,30.2
2025-10-09 14:00:00,28.2,49,0.0,8.3,13,604.0,431.0,29.5
2025-10-09 15:00:00,28.0,49,0.0,8.4,5,468.0,320.0,28.9
2025-10-09 16:00:00,27.4,53,0.0,7.1,5,292.0,177.0,28.8
2025-10-09 17:00:00,26.3,61,0.0,6.8,11,116.0,51.0,28.2
2025-10-09 18:00:00,24.6,66,0.0,6.6,9,7.0,1.0,26.4
2025-10-09 19:00:00,23.8,68,0.0,7.5,2,0.0,0.0,25.4
2025-10-09 20:00:00,23.1,69,0.0,8.6,0,0.0,0.0,24.4
2025-10-09 21:00:00,22.5,70,0.0,8.6,0,0.0,0.0,23.6
2025-10-09 22:00:00,21.8,73,0.0,7.8,0,0.0,0.0,23.0
2025-10-09 23:00:00,21.8,79,0.0,7.9,0,0.0,0.0,23.4
2025-10-10 00:00:00,21.5,80,0.0,7.4,0,0.0,0.0,23.2
2025-10-10 01:00:00,21.0,81,0.0,6.7,0,0.0,0.0,22.8
2025-10-10 02:00:00,20.6,82,0.0,6.1,0,0.0,0.0,22.4
2025-10-10 03:00:00,20.1,83,0.0,5.6,0,0.0,0.0,21.8
2025-10-10 04:00:00,19.5,85,0.0,5.2,0,0.0,0.0,21.1
2025-10-10 05:00:00,19.4,89,0.0,5.1,0,0.0,0.0,21.4
2025-10-10 06:00:00,19.5,89,0.0,4.6,0,1.0,0.0,21.6
2025-10-10 07:00:00,20.5,86,0.0,6.1,0,73.0,28.0,22.5
2025-10-10 08:00:00,22.1,81,0.0,4.2,0,252.0,149.0,24.7
2025-10-10 09:00:00,24.0,75,0.0,4.4,0,446.0,310.0,26.8
2025-10-10 10:00:00,25.7,65,0.0,5.2,0,611.0,453.0,28.5
2025-10-10 11:00:00,27.0,56,0.0,5.6,0,722.0,552.0,29.9
2025-10-10 12:00:00,27.8,51,0.0,4.8,2,748.0,563.0,30.7
2025-10-10 13:00:00,28.3,46,0.0,4.7,2,727.0,544.0,30.6
2025-10-10 14:00:00,28.5,43,0.0,5.0,0,632.0,465.0,29.8
2025-10-10 15:00:00,28.4,43,0.0,5.4,0,487.0,342.0,29.0
2025-10-10 16:00:00,27.8,48,0.0,4.7,0,303.0,189.0,29.0
2025-10-10 17:00:00,26.3,55,0.0,5.0,0,114.0,50.0,27.8
2025-10-10 18:00:00,24.4,61,0.0,5.7,0,7.0,1.0,25.7
2025-10-10 19:00:00,23.3,67,0.0,5.1,0,0.0,0.0,24.9
2025-10-10 20:00:00,23.0,66,0.0,2.7,0,0.0,0.0,24.8
2025-10-10 21:00:00,22.5,68,0.0,2.2,0,0.0,0.0,24.3
2025-10-10 22:00:00,22.4,67,0.0,0.5,0,0.0,0.0,24.4
2025-10-10 23:00:00,21.8,73,0.0,1.0,0,0.0,0.0,24.0
2025-10-11 00:00:00,21.4,74,0.0,1.5,0,0.0,0.0,23.5
2025-10-11 01:00:00,20.5,79,0.0,3.2,0,0.0,0.0,22.4
2025-10-11 02:00:00,19.9,82,0.0,4.1,0,0.0,0.0,21.6
2025-10-11 03:00:00,19.6,82,0.0,4.4,0,0.0,0.0,21.1
2025-10-11 04:00:00,19.2,83,0.0,4.5,0,0.0,0.0,20.7
2025-10-11 05:00:00,19.4,88,0.0,5.0,0,0.0,0.0,21.2
2025-10-11 06:00:00,19.9,85,0.0,5.1,0,0.0,0.0,21.7
2025-10-11 07:00:00,20.8,83,0.0,6.4,0,69.0,25.0,22.6
2025-10-11 08:00:00,22.7,78,0.0,4.0,1,241.0,136.0,25.3
2025-10-11 09:00:00,25.0,68,0.0,4.7,0,431.0,288.0,27.5
2025-10-11 10:00:00,26.6,58,0.0,6.0,43,595.0,433.0,28.8
2025-10-11 11:00:00,27.2,53,0.0,6.7,18,564.0,347.0,28.7
2025-10-11 12:00:00,28.0,50,0.0,6.1,26,681.0,480.0,30.3
2025-10-11 13:00:00,28.8,47,0.0,6.0,29,657.0,462.0,30.7
2025-10-11 14:00:00,29.0,44,0.0,7.3,26,555.0,368.0,29.8
2025-10-11 15:00:00,28.8,44,0.0,9.3,32,430.0,263.0,29.3
2025-10-11 16:00:00,27.9,50,0.0,9.2,10,275.0,155.0,28.7
2025-10-11 17:00:00,27.0,59,0.0,4.5,13,107.0,44.0,29.3
2025-10-11 18:00:00,25.3,65,0.0,5.9,9,6.0,1.0,27.4
2025-10-11 19:00:00,24.4,67,0.0,6.6,9,0.0,0.0,26.3
2025-10-11 20:00:00,23.7,69,0.0,6.9,12,0.0,0.0,25.4
2025-10-11 21:00:00,23.0,70,0.0,7.1,16,0.0,0.0,24.5
2025-10-11 22:00:00,22.5,72,0.0,7.0,20,0.0,0.0,24.0
2025-10-11 23:00:00,23.2,73,0.0,8.1,41,0.0,0.0,24.9
2025-10-12 00:00:00,23.1,73,0.0,6.0,20,0.0,0.0,25.1
2025-10-12 01:00:00,22.3,77,0.0,4.5,0,0.0,0.0,24.5
2025-10-12 02:00:00,21.6,78,0.0,4.9,1,0.0,0.0,23.5
2025-10-12 03:00:00,21.0,78,0.0,4.9,0,0.0,0.0,22.7
2025-10-12 04:00:00,20.5,79,0.0,5.4,0,0.0,0.0,22.0
2025-10-12 05:00:00,20.6,86,0.0,5.4,0,0.0,0.0,22.7
2025-10-12 06:00:00,21.0,84,0.0,5.0,0,0.0,0.0,23.2
2025-10-12 07:00:00,22.1,79,0.0,6.3,0,69.0,26.0,24.2
2025-10-12 08:00:00,23.7,75,0.0,4.2,0,243.0,142.0,26.4
2025-10-12 09:00:00,25.6,68,0.0,4.2,0,435.0,300.0,28.4
2025-10-12 10:00:00,27.5,59,0.0,5.3,0,598.0,442.0,30.3
2025-10-12 11:00:00,29.0,49,0.0,6.5,0,708.0,540.0,31.5
2025-10-12 12:00:00,30.1,42,0.0,6.9,0,750.0,577.0,32.3
2025-10-12 13:00:00,30.6,39,0.0,8.5,1,725.0,556.0,32.1
2025-10-12 14:00:00,30.7,38,0.0,9.7,1,632.0,473.0,31.3
2025-10-12 15:00:00,30.3,39,0.0,9.9,0,480.0,340.0,30.5
2025-10-12 16:00:00,29.6,43,0.0,8.5,1,293.0,181.0,30.3
2025-10-12 17:00:00,28.0,48,0.0,6.5,3,107.0,45.0,29.0
2025-10-12 18:00:00,26.3,56,0.0,5.5,0,5.0,1.0,27.9
2025-10-12 19:00:00,25.5,61,0.0,5.5,1,0.0,0.0,27.3
2025-10-12 20:00:00,25.0,63,0.0,6.5,1,0.0,0.0,26.6
2025-10-12 21:00:00,24.4,65,0.0,6.7,1,0.0,0.0,26.0
2025-10-12 22:00:00,23.4,69,0.0,5.8,1,0.0,0.0,25.1
2025-10-12 23:00:00,22.9,74,0.0,5.3,0,0.0,0.0,25.1
2025-10-13 00:00:00,22.9,73,0.0,4.8,0,0.0,0.0,24.9
2025-10-13 01:00:00,22.3,74,0.0,4.8,0,0.0,0.0,24.2
2025-10-13 02:00:00,22.1,73,0.0,4.0,0,0.0,0.0,24.0
2025-10-13 03:00:00,21.9,72,0.0,3.9,0,0.0,0.0,23.6
2025-10-13 04:00:00,21.6,72,0.0,3.7,0,0.0,0.0,23.2
2025-10-13 05:00:00,20.4,85,0.0,4.2,0,0.0,0.0,22.6
2025-10-13 06:00:00,20.5,86,0.0,3.5,0,0.0,0.0,22.9
2025-10-13 07:00:00,21.8,81,0.0,4.0,0,68.0,25.0,24.2
2025-10-13 08:00:00,23.8,73,0.0,2.7,0,243.0,142.0,26.6
2025-10-13 09:00:00,26.1,63,0.0,2.8,0,435.0,300.0,28.9
2025-10-13 10:00:00,28.3,52,0.0,3.3,0,597.0,441.0,30.8
2025-10-13 11:00:00,29.7,41,0.0,3.9,0,706.0,538.0,31.7
2025-10-13 12:00:00,30.9,36,0.0,3.8,0,751.0,578.0,32.9
2025-10-13 13:00:00,31.5,34,0.0,3.7,0,725.0,557.0,33.2
2025-10-13 14:00:00,31.7,33,0.0,3.9,1,631.0,473.0,32.7
2025-10-13 15:00:00,31.6,33,0.0,4.5,5,479.0,339.0,31.9
2025-10-13 16:00:00,30.9,34,0.0,5.4,12,290.0,179.0,31.1
2025-10-13 17:00:00,28.7,53,0.0,2.7,0,104.0,44.0,31.3
2025-10-13 18:00:00,27.4,53,0.0,1.4,0,5.0,1.0,29.6
2025-10-13 19:00:00,27.0,54,0.0,0.4,0,0.0,0.0,29.4
2025-10-13 20:00:00,26.2,55,0.0,0.4,0,0.0,0.0,28.4
2025-10-13 21:00:00,25.2,59,0.0,1.7,0,0.0,0.0,27.3
2025-10-13 22:00:00,24.1,63,0.0,3.4,0,0.0,0.0,25.9
2025-10-13 23:00:00,23.1,73,0.0,4.0,3,0.0,0.0,25.4
2025-10-14 00:00:00,22.9,73,0.0,3.5,6,0.0,0.0,25.1
2025-10-14 01:00:00,23.0,70,0.0,1.8,0,0.0,0.0,25.3
2025-10-14 02:00:00,22.4,71,0.0,3.8,0,0.0,0.0,24.2
2025-10-14 03:00:00,21.8,70,0.0,4.7,0,0.0,0.0,23.2
2025-10-14 04:00:00,21.2,72,0.0,4.8,0,0.0,0.0,22.5
2025-10-14 05:00:00,21.1,78,0.0,4.2,0,0.0,0.0,23.0
2025-10-14 06:00:00,21.3,80,0.0,3.1,0,0.0,0.0,23.5
2025-10-14 07:00:00,22.8,73,0.0,3.8,0,67.0,25.0,25.0
2025-10-14 08:00:00,25.1,65,0.0,2.4,0,242.0,142.0,27.6
2025-10-14 09:00:00,27.7,52,0.0,2.2,0,436.0,302.0,29.8
2025-10-14 10:00:00,29.6,36,0.0,3.6,0,599.0,445.0,30.4
2025-10-14 11:00:00,30.3,33,0.0,5.0,0,708.0,542.0,31.2
2025-10-14 12:00:00,31.3,31,0.0,4.8,0,754.0,583.0,32.5
2025-10-14 13:00:00,31.9,29,0.0,5.1,0,726.0,559.0,32.7
2025-10-14 14:00:00,32.0,29,0.0,5.0,0,631.0,474.0,32.2
2025-10-14 15:00:00,31.8,29,0.0,5.1,0,478.0,340.0,31.4
2025-10-14 16:00:00,31.1,30,0.0,4.9,0,289.0,180.0,30.8
2025-10-14 17:00:00,29.5,33,0.0,2.9,0,103.0,44.0,29.5
2025-10-14 18:00:00,27.9,45,0.0,1.3,0,4.0,0.0,29.3
2025-10-14 19:00:00,27.4,45,0.0,0.8,0,0.0,0.0,28.8
2025-10-14 20:00:00,26.7,47,0.0,1.2,0,0.0,0.0,28.0
2025-10-14 21:00:00,25.9,50,0.0,1.6,0,0.0,0.0,27.2
2025-10-14 22:00:00,25.6,50,0.0,0.9,0,0.0,0.0,26.8
2025-10-14 23:00:00,25.0,59,0.0,0.9,0,0.0,0.0,27.1
2025-10-15 00:00:00,24.6,60,0.0,0.7,0,0.0,0.0,26.7
2025-10-15 01:00:00,24.3,59,0.0,1.1,0,0.0,0.0,26.2
2025-10-15 02:00:00,24.3,59,0.0,0.7,0,0.0,0.0,26.1
2025-10-15 03:00:00,23.9,60,0.0,0.4,0,0.0,0.0,25.7
2025-10-15 04:00:00,23.2,62,0.0,0.2,0,0.0,0.0,24.9
2025-10-15 05:00:00,21.8,73,0.0,2.2,0,0.0,0.0,23.8
2025-10-15 06:00:00,21.2,77,0.0,3.4,0,0.0,0.0,23.1
2025-10-15 07:00:00,22.6,71,0.0,4.0,0,65.0,24.0,24.5
2025-10-15 08:00:00,25.0,61,0.0,2.3,0,240.0,140.0,27.1
2025-10-15 09:00:00,27.5,50,0.0,2.2,0,432.0,299.0,29.2
2025-10-15 10:00:00,29.6,35,0.0,2.9,0,593.0,439.0,30.3
2025-10-15 11:00:00,30.5,31,0.0,4.9,0,701.0,535.0,31.1
2025-10-15 12:00:00,31.3,28,0.0,5.2,0,744.0,573.0,32.0
2025-10-15 13:00:00,31.8,28,0.0,5.4,0,715.0,545.0,32.3
2025-10-15 14:00:00,31.9,28,0.0,5.8,3,620.0,459.0,31.8
2025-10-15 15:00:00,31.6,28,0.0,6.0,4,471.0,332.0,31.1
2025-10-15 16:00:00,30.9,29,0.0,6.0,3,281.0,171.0,30.3
2025-10-15 17:00:00,29.5,33,0.0,3.6,0,99.0,41.0,29.4
2025-10-15 18:00:00,27.5,46,0.0,2.3,0,4.0,0.0,28.8
2025-10-15 19:00:00,27.2,48,0.0,0.4,0,0.0,0.0,28.9
2025-10-15 20:00:00,26.4,46,0.0,0.6,0,0.0,0.0,27.6
2025-10-15 21:00:00,25.7,48,0.0,1.2,0,0.0,0.0,26.8
2025-10-15 22:00:00,25.4,48,0.0,1.5,0,0.0,0.0,26.3
2025-10-15 23:00:00,24.2,58,0.0,2.3,0,0.0,0.0,25.7
2025-10-16 00:00:00,23.1,64,0.0,3.5,0,0.0,0.0,24.5
2025-10-16 01:00:00,22.2,67,0.0,3.9,0,0.0,0.0,23.6
2025-10-16 02:00:00,21.3,71,0.0,4.0,0,0.0,0.0,22.7
2025-10-16 03:00:00,20.8,70,0.0,4.7,0,0.0,0.0,21.8
2025-10-16 04:00:00,20.3,70,0.0,4.9,0,0.0,0.0,21.1
2025-10-16 05:00:00,20.2,75,0.0,4.8,0,0.0,0.0,21.3
2025-10-16 06:00:00,20.5,72,0.0,4.3,0,0.0,0.0,21.7
2025-10-16 07:00:00,22.0,65,0.0,5.8,0,64.0,24.0,22.8
2025-10-16 08:00:00,24.6,57,0.0,3.6,0,237.0,138.0,25.9
2025-10-16 09:00:00,27.5,46,0.0,3.5,0,428.0,296.0,28.5
2025-10-16 10:00:00,29.4,38,0.0,4.2,0,590.0,437.0,30.1
2025-10-16 11:00:00,30.3,34,0.0,5.3,0,698.0,532.0,31.2
2025-10-16 12:00:00,31.1,32,0.0,5.4,0,741.0,572.0,32.3
2025-10-16 13:00:00,31.5,32,0.0,5.5,0,714.0,548.0,32.6
2025-10-16 14:00:00,31.7,32,0.0,5.8,0,619.0,463.0,32.1
2025-10-16 15:00:00,31.4,33,0.0,6.3,0,466.0,329.0,31.5
2025-10-16 16:00:00,30.7,35,0.0,6.9,0,278.0,171.0,30.8
2025-10-16 17:00:00,29.5,36,0.0,5.7,0,96.0,40.0,29.5
2025-10-16 18:00:00,28.0,42,0.0,3.8,0,3.0,0.0,28.7
2025-10-16 19:00:00,27.0,50,0.0,3.5,0,0.0,0.0,28.3
2025-10-16 20:00:00,26.7,51,0.0,1.7,0,0.0,0.0,28.3
2025-10-16 21:00:00,26.4,53,0.0,0.9,0,0.0,0.0,28.3
2025-10-16 22:00:00,26.0,54,0.0,0.4,0,0.0,0.0,28.0
2025-10-16 23:00:00,25.8,56,0.0,0.6,0,0.0,0.0,27.9
2025-10-17 00:00:00,25.2,56,0.0,0.8,0,0.0,0.0,27.1
2025-10-17 01:00:00,24.0,59,0.0,1.9,0,0.0,0.0,25.6
2025-10-17 02:00:00,22.3,66,0.0,3.7,0,0.0,0.0,23.6
2025-10-17 03:00:00,21.1,71,0.0,4.4,0,0.0,0.0,22.4
2025-10-17 04:00:00,20.4,74,0.0,4.8,0,0.0,0.0,21.6
2025-10-17 05:00:00,20.7,77,0.0,6.3,0,0.0,0.0,22.1
2025-10-17 06:00:00,20.8,77,0.0,4.7,0,0.0,0.0,22.3
2025-10-17 07:00:00,22.0,71,0.0,5.4,0,61.0,22.0,23.5
2025-10-17 08:00:00,24.4,61,0.0,3.4,0,230.0,131.0,26.2
2025-10-17 09:00:00,27.2,50,0.0,3.5,0,418.0,285.0,28.7
2025-10-17 10:00:00,29.5,45,0.0,4.0,0,578.0,425.0,31.2
2025-10-17 11:00:00,30.6,39,0.0,5.9,0,686.0,521.0,32.3
2025-10-17 12:00:00,31.5,37,0.0,5.4,0,728.0,558.0,33.5
2025-10-17 13:00:00,32.1,36,0.0,5.7,0,700.0,533.0,33.8
2025-10-17 14:00:00,32.3,35,0.0,5.7,1,606.0,450.0,33.4
2025-10-17 15:00:00,32.1,35,0.0,5.5,4,456.0,319.0,32.8
2025-10-17 16:00:00,31.4,36,0.0,6.2,9,270.0,163.0,32.0
2025-10-17 17:00:00,30.1,39,0.0,4.7,18,91.0,37.0,31.0
2025-10-17 18:00:00,28.4,49,0.0,3.2,1,3.0,0.0,30.2
2025-10-17 19:00:00,27.5,53,0.0,3.2,0,0.0,0.0,29.5
2025-10-17 20:00:00,27.0,55,0.0,2.5,0,0.0,0.0,29.1
2025-10-17 21:00:00,26.2,55,0.0,2.2,0,0.0,0.0,28.2
2025-10-17 22:00:00,25.1,57,0.0,3.9,0,0.0,0.0,26.5
2025-10-17 23:00:00,24.8,62,0.0,4.1,0,0.0,0.0,26.7
2025-10-18 00:00:00,24.6,63,0.0,3.6,0,0.0,0.0,26.6
2025-10-18 01:00:00,23.9,65,0.0,4.2,0,0.0,0.0,25.7
2025-10-18 02:00:00,23.2,69,0.0,3.7,0,0.0,0.0,25.2
2025-10-18 03:00:00,22.5,71,0.0,3.8,0,0.0,0.0,24.4
2025-10-18 04:00:00,21.7,75,0.0,3.5,0,0.0,0.0,23.7
2025-10-18 05:00:00,21.7,80,0.0,4.4,0,0.0,0.0,24.0
2025-10-18 06:00:00,21.6,79,0.0,4.7,0,0.0,0.0,23.8
2025-10-18 07:00:00,22.4,75,0.0,4.9,0,59.0,21.0,24.5
2025-10-18 08:00:00,24.6,64,0.0,3.1,0,226.0,128.0,26.8
2025-10-18 09:00:00,27.4,52,0.0,3.4,0,413.0,281.0,29.2
2025-10-18 10:00:00,29.6,44,0.0,3.8,0,571.0,418.0,31.2
2025-10-18 11:00:00,30.9,38,0.0,3.4,2,678.0,512.0,32.9
2025-10-18 12:00:00,32.2,34,0.0,2.2,6,708.0,537.0,34.3
2025-10-18 13:00:00,32.9,31,0.0,1.5,13,664.0,492.0,34.6
2025-10-18 14:00:00,33.2,30,0.0,2.2,8,566.0,402.0,33.9
2025-10-18 15:00:00,33.2,29,0.0,3.8,7,434.0,294.0,33.4
2025-10-18 16:00:00,32.4,30,0.0,5.5,5,252.0,147.0,32.3
2025-10-18 17:00:00,30.8,32,0.0,1.3,9,86.0,34.0,31.3
2025-10-18 18:00:00,28.7,44,0.0,2.3,5,2.0,0.0,30.1
2025-10-18 19:00:00,28.1,50,0.0,1.7,2,0.0,0.0,30.3
2025-10-18 20:00:00,27.6,51,0.0,1.5,1,0.0,0.0,29.7
2025-10-18 21:00:00,27.1,53,0.0,1.3,1,0.0,0.0,29.2
2025-10-18 22:00:00,27.2,55,0.0,0.7,1,0.0,0.0,29.7
2025-10-18 23:00:00,26.9,56,0.0,0.9,1,0.0,0.0,29.4
2025-10-19 00:00:00,25.8,59,0.0,1.1,0,0.0,0.0,28.2
2025-10-19 01:00:00,24.8,63,0.0,1.5,0,0.0,0.0,27.1
2025-10-19 02:00:00,23.9,67,0.0,1.5,0,0.0,0.0,26.3
2025-10-19 03:00:00,23.2,69,0.0,2.6,0,0.0,0.0,25.4
2025-10-19 04:00:00,23.3,70,0.0,0.6,0,0.0,0.0,25.9
2025-10-19 05:00:00,23.0,76,0.0,1.8,0,0.0,0.0,25.9
2025-10-19 06:00:00,23.7,72,0.0,0.9,0,0.0,0.0,26.6
2025-10-19 07:00:00,24.6,68,0.0,2.7,0,58.0,21.0,27.2
2025-10-19 08:00:00,26.4,61,0.0,2.3,0,223.0,127.0,29.1
2025-10-19 09:00:00,28.8,50,0.0,1.6,0,410.0,279.0,31.1
2025-10-19 10:00:00,30.6,40,0.0,2.0,0,567.0,415.0,32.2
2025-10-19 11:00:00,31.4,37,0.0,2.3,6,673.0,508.0,33.6
2025-10-19 12:00:00,32.7,34,0.0,1.7,23,682.0,505.0,34.8
2025-10-19 13:00:00,33.3,32,0.0,1.3,30,649.0,472.0,35.1
2025-10-19 14:00:00,33.6,30,0.0,2.8,34,552.0,387.0,34.3
2025-10-19 15:00:00,33.5,29,0.0,6.5,28,411.0,269.0,33.4
2025-10-19 16:00:00,32.3,32,0.0,10.1,78,227.0,118.0,32.0
2025-10-19 17:00:00,30.5,38,0.0,2.4,6,76.0,27.0,31.5
2025-10-19 18:00:00,29.0,51,0.0,0.9,1,2.0,0.0,31.7
2025-10-19 19:00:00,28.3,52,0.0,1.8,0,0.0,0.0,30.7
2025-10-19 20:00:00,27.5,52,0.0,3.1,0,0.0,0.0,29.3
2025-10-19 21:00:00,27.0,52,0.0,2.4,0,0.0,0.0,28.9
2025-10-19 22:00:00,26.7,54,0.0,1.0,0,0.0,0.0,28.8
2025-10-19 23:00:00,26.5,57,0.0,0.8,0,0.0,0.0,29.0
2025-10-20 00:00:00,26.2,55,0.0,0.4,0,0.0,0.0,28.3
2025-10-20 01:00:00,26.0,55,0.0,0.3,0,0.0,0.0,28.2
2025-10-20 02:00:00,26.0,54,0.0,0.6,0,0.0,0.0,28.0
2025-10-20 03:00:00,25.2,56,0.0,0.3,0,0.0,0.0,27.1
2025-10-20 04:00:00,24.0,60,0.0,2.5,0,0.0,0.0,25.6
2025-10-20 05:00:00,22.9,72,0.0,3.4,0,0.0,0.0,25.1
2025-10-20 06:00:00,22.8,74,0.0,1.8,0,0.0,0.0,25.3
2025-10-20 07:00:00,24.1,67,0.0,1.5,0,56.0,20.0,26.6
2025-10-20 08:00:00,26.2,58,0.0,1.5,0,220.0,124.0,28.5
2025-10-20 09:00:00,28.7,48,0.0,2.3,0,406.0,275.0,30.6
2025-10-20 10:00:00,30.5,40,0.0,3.9,0,563.0,411.0,31.8
2025-10-20 11:00:00,31.6,35,0.0,5.8,14,670.0,506.0,32.9
2025-10-20 12:00:00,32.8,31,0.0,7.1,8,666.0,474.0,33.6
2025-10-20 13:00:00,33.1,30,0.0,8.0,16,638.0,462.0,33.4
2025-10-20 14:00:00,33.0,29,0.0,8.3,11,538.0,372.0,32.6
2025-10-20 15:00:00,32.6,30,0.0,8.2,13,396.0,243.0,32.2
2025-10-20 16:00:00,32.1,30,0.0,8.0,5,232.0,124.0,31.7
2025-10-20 17:00:00,30.7,36,0.0,8.5,8,75.0,27.0,30.6
2025-10-20 18:00:00,29.6,41,0.0,4.3,13,2.0,0.0,30.6
2025-10-20 19:00:00,28.7,47,0.0,3.5,5,0.0,0.0,30.3
2025-10-20 20:00:00,28.0,51,0.0,3.3,4,0.0,0.0,30.0
2025-10-20 21:00:00,27.3,55,0.0,3.1,0,0.0,0.0,29.5
2025-10-20 22:00:00,26.5,57,0.0,3.2,1,0.0,0.0,28.5
2025-10-20 23:00:00,25.6,64,0.0,3.9,1,0.0,0.0,28.0
2025-10-21 00:00:00,24.8,68,0.0,3.4,1,0.0,0.0,27.4
2025-10-21 01:00:00,24.2,71,0.0,3.5,1,0.0,0.0,26.8
2025-10-21 02:00:00,23.6,74,0.0,3.5,1,0.0,0.0,26.4
2025-10-21 03:00:00,23.2,77,0.0,3.3,1,0.0,0.0,26.0
2025-10-21 04:00:00,22.7,79,0.0,3.3,16,0.0,0.0,25.6
2025-10-21 05:00:00,23.2,78,0.0,5.8,100,0.0,0.0,25.8
2025-10-21 06:00:00,23.8,77,0.0,4.1,71,0.0,0.0,26.7
2025-10-21 07:00:00,24.1,74,0.0,3.6,41,39.0,10.0,27.0
2025-10-21 08:00:00,25.9,64,0.0,2.6,19,182.0,80.0,28.6
2025-10-21 09:00:00,28.3,52,0.0,3.8,34,380.0,241.0,30.4
2025-10-21 10:00:00,30.1,43,0.0,4.9,23,545.0,384.0,31.5
2025-10-21 11:00:00,30.3,40,0.0,7.0,27,637.0,474.0,31.4
2025-10-21 12:00:00,30.4,39,0.1,5.4,14,550.0,323.0,31.2
2025-10-21 13:00:00,30.4,39,0.1,7.1,21,549.0,353.0,30.9
2025-10-21 14:00:00,30.1,40,0.1,7.0,11,514.0,347.0,30.8
2025-10-21 15:00:00,29.9,41,0.1,5.6,5,390.0,246.0,30.7
2025-10-21 16:00:00,29.3,42,0.0,6.0,5,229.0,125.0,30.1
2025-10-21 17:00:00,30.1,37,0.0,2.9,52,75.0,28.0,30.8
2025-10-21 18:00:00,29.2,42,0.0,5.3,5,1.0,0.0,30.0
2025-10-21 19:00:00,28.2,49,0.0,4.6,9,0.0,0.0,29.8
2025-10-21 20:00:00,27.5,54,0.0,5.1,16,0.0,0.0,29.4
2025-10-21 21:00:00,26.6,59,0.0,5.2,2,0.0,0.0,28.7
2025-10-21 22:00:00,25.7,65,0.0,1.8,4,0.0,0.0,28.6
2025-10-21 23:00:00,25.9,67,0.0,0.7,26,0.0,0.0,29.3
2025-10-22 00:00:00,25.6,69,0.0,0.5,9,0.0,0.0,29.0
2025-10-22 01:00:00,25.2,69,0.0,1.0,2,0.0,0.0,28.5
2025-10-22 02:00:00,25.0,74,0.0,0.6,2,0.0,0.0,28.8
2025-10-22 03:00:00,24.7,75,0.0,0.0,0,0.0,0.0,28.6
2025-10-22 04:00:00,24.0,77,0.0,1.2,1,0.0,0.0,27.4
2025-10-22 05:00:00,23.8,85,0.0,0.9,0,0.0,0.0,28.1
2025-10-22 06:00:00,23.5,87,0.0,0.5,0,0.0,0.0,27.9
2025-10-22 07:00:00,24.1,84,0.0,3.9,2,47.0,12.0,28.0
2025-10-22 08:00:00,25.7,75,0.0,3.6,1,190.0,81.0,29.5
2025-10-22 09:00:00,28.2,61,0.0,3.9,0,387.0,249.0,31.4
2025-10-22 10:00:00,30.2,46,0.0,4.1,10,547.0,395.0,32.2
2025-10-22 11:00:00,30.8,46,0.0,6.8,19,631.0,462.0,33.0
2025-10-22 12:00:00,31.4,40,0.0,6.6,36,573.0,349.0,32.6
2025-10-22 13:00:00,32.0,35,0.0,6.6,20,611.0,422.0,32.9
2025-10-22 14:00:00,32.1,31,0.0,7.3,18,490.0,320.0,31.8
2025-10-22 15:00:00,31.9,30,0.0,8.1,9,402.0,265.0,31.4
2025-10-22 16:00:00,31.2,32,0.0,9.2,5,235.0,134.0,30.6
2025-10-22 17:00:00,30.3,32,0.0,9.0,10,76.0,29.0,29.5
2025-10-22 18:00:00,29.5,32,0.0,8.8,8,1.0,0.0,28.5
2025-10-22 19:00:00,28.8,32,0.0,6.0,7,0.0,0.0,28.1
2025-10-22 20:00:00,27.8,34,0.0,5.1,5,0.0,0.0,27.2
2025-10-22 21:00:00,26.9,38,0.0,5.6,2,0.0,0.0,26.5
2025-10-22 22:00:00,25.8,43,0.0,5.2,0,0.0,0.0,25.7
2025-10-22 23:00:00,25.0,52,0.0,4.4,0,0.0,0.0,25.9
2025-10-23 00:00:00,24.6,52,0.0,5.4,0,0.0,0.0,25.1
2025-10-23 01:00:00,24.0,51,0.0,6.1,0,0.0,0.0,24.1
2025-10-23 02:00:00,23.3,51,0.0,5.6,0,0.0,0.0,23.3
2025-10-23 03:00:00,22.6,53,0.0,5.6,0,0.0,0.0,22.5
2025-10-23 04:00:00,22.0,54,0.0,5.0,0,0.0,0.0,22.0
2025-10-23 05:00:00,21.6,64,0.0,4.8,0,0.0,0.0,22.4
2025-10-23 06:00:00,21.2,68,0.0,4.8,0,0.0,0.0,22.1
2025-10-23 07:00:00,21.8,66,0.0,6.3,0,53.0,19.0,22.6
2025-10-23 08:00:00,23.7,59,0.0,4.0,0,218.0,125.0,24.9
2025-10-23 09:00:00,26.5,50,0.0,4.1,0,405.0,278.0,27.7
2025-10-23 10:00:00,29.2,42,0.0,5.8,0,563.0,415.0,30.0
2025-10-23 11:00:00,30.9,32,0.0,8.6,6,669.0,510.0,31.0
2025-10-23 12:00:00,31.4,28,0.0,8.2,10,663.0,481.0,31.1
2025-10-23 13:00:00,31.7,27,0.0,7.3,3,639.0,464.0,31.3
2025-10-23 14:00:00,31.8,26,0.0,7.4,0,584.0,433.0,30.9
2025-10-23 15:00:00,31.4,26,0.0,8.5,0,435.0,303.0,30.0
2025-10-23 16:00:00,30.5,28,0.0,9.7,0,251.0,151.0,29.0
2025-10-23 17:00:00,29.7,27,0.0,9.2,0,78.0,31.0,27.9
2025-10-23 18:00:00,28.8,28,0.0,8.2,0,1.0,0.0,27.2
2025-10-23 19:00:00,28.2,30,0.0,5.0,0,0.0,0.0,27.1
2025-10-23 20:00:00,27.3,33,0.0,2.3,0,0.0,0.0,26.8
2025-10-23 21:00:00,26.6,34,0.0,1.4,0,0.0,0.0,26.2
2025-10-23 22:00:00,25.0,38,0.0,3.6,0,0.0,0.0,24.4
2025-10-23 23:00:00,24.3,47,0.0,4.1,0,0.0,0.0,24.4
2025-10-24 00:00:00,23.4,52,0.0,4.0,0,0.0,0.0,23.6
2025-10-24 01:00:00,22.5,56,0.0,3.3,0,0.0,0.0,23.1
2025-10-24 02:00:00,21.6,59,0.0,4.2,0,0.0,0.0,22.1
2025-10-24 03:00:00,20.8,64,0.0,5.2,0,0.0,0.0,21.2
2025-10-24 04:00:00,20.2,66,0.0,5.5,0,0.0,0.0,20.5
2025-10-24 05:00:00,20.2,73,0.0,6.0,0,0.0,0.0,21.0
2025-10-24 06:00:00,20.2,72,0.0,5.4,0,0.0,0.0,21.0
2025-10-24 07:00:00,21.2,66,0.0,6.0,0,52.0,19.0,21.9
2025-10-24 08:00:00,23.5,58,0.0,2.9,0,215.0,122.0,24.6
2025-10-24 09:00:00,26.6,45,0.0,2.4,0,401.0,274.0,27.4
2025-10-24 10:00:00,29.2,35,0.0,2.3,0,560.0,412.0,29.7
2025-10-24 11:00:00,30.5,27,0.0,3.1,0,666.0,506.0,30.6
2025-10-24 12:00:00,31.6,24,0.0,3.7,0,706.0,541.0,31.7
2025-10-24 13:00:00,32.1,23,0.0,4.3,0,676.0,515.0,31.8
2025-10-24 14:00:00,32.2,22,0.0,4.8,0,581.0,431.0,31.1
2025-10-24 15:00:00,31.8,24,0.0,5.8,0,431.0,301.0,30.5
2025-10-24 16:00:00,30.8,26,0.0,6.5,0,248.0,148.0,29.6
2025-10-24 17:00:00,29.0,29,0.0,3.2,0,75.0,30.0,28.3
2025-10-24 18:00:00,28.0,40,0.0,0.6,0,1.0,0.0,28.9
2025-10-24 19:00:00,27.3,39,0.0,1.4,0,0.0,0.0,27.7
2025-10-24 20:00:00,26.1,43,0.0,3.5,0,0.0,0.0,26.4
2025-10-24 21:00:00,25.3,50,0.0,1.7,0,0.0,0.0,26.4
2025-10-24 22:00:00,24.8,52,0.0,1.3,0,0.0,0.0,25.9
2025-10-24 23:00:00,23.8,53,0.0,3.3,0,0.0,0.0,24.5
2025-10-25 00:00:00,23.0,54,0.0,5.1,0,0.0,0.0,23.2
2025-10-25 01:00:00,22.2,53,0.0,6.0,0,0.0,0.0,22.0
2025-10-25 02:00:00,21.6,55,0.0,5.2,0,0.0,0.0,21.5
2025-10-25 03:00:00,20.9,58,0.0,4.9,0,0.0,0.0,20.9
2025-10-25 04:00:00,20.1,62,0.0,3.8,0,0.0,0.0,20.3
2025-10-25 05:00:00,19.7,76,0.0,3.4,0,0.0,0.0,20.9
2025-10-25 06:00:00,19.9,76,0.0,1.3,0,0.0,0.0,21.5
2025-10-25 07:00:00,21.2,69,0.0,1.7,0,49.0,17.0,22.7
2025-10-25 08:00:00,23.7,59,0.0,1.5,0,210.0,117.0,25.2
2025-10-25 09:00:00,26.7,46,0.0,1.3,0,396.0,269.0,27.8
2025-10-25 10:00:00,29.2,36,0.0,1.1,0,554.0,405.0,29.8
2025-10-25 11:00:00,29.8,30,0.0,1.0,0,660.0,499.0,30.5
2025-10-25 12:00:00,31.2,27,0.0,2.5,0,700.0,535.0,31.8
2025-10-25 13:00:00,31.6,26,0.0,4.6,0,671.0,510.0,31.6
2025-10-25 14:00:00,31.7,26,0.0,5.7,0,576.0,426.0,31.0
2025-10-25 15:00:00,31.3,26,0.0,6.4,0,427.0,296.0,30.2
2025-10-25 16:00:00,30.4,27,0.0,5.2,0,244.0,145.0,29.4
2025-10-25 17:00:00,28.8,30,0.0,2.9,0,73.0,28.0,28.1
2025-10-25 18:00:00,27.4,33,0.0,3.6,0,1.0,0.0,26.8
2025-10-25 19:00:00,26.7,35,0.0,3.8,0,0.0,0.0,26.1
2025-10-25 20:00:00,26.0,40,0.0,2.7,0,0.0,0.0,26.0
2025-10-25 21:00:00,25.4,41,0.0,2.0,0,0.0,0.0,25.5
2025-10-25 22:00:00,24.6,44,0.0,2.1,0,0.0,0.0,24.8
2025-10-25 23:00:00,24.1,49,0.0,1.9,0,0.0,0.0,24.6
2025-10-26 00:00:00,23.5,52,0.0,1.1,0,0.0,0.0,24.3
2025-10-26 01:00:00,22.4,55,0.0,2.4,0,0.0,0.0,23.0
2025-10-26 02:00:00,21.3,59,0.0,4.5,0,0.0,0.0,21.5
2025-10-26 03:00:00,21.0,59,0.0,6.5,0,0.0,0.0,20.9
2025-10-26 04:00:00,20.0,64,0.0,5.0,0,0.0,0.0,20.2
2025-10-26 05:00:00,19.3,69,0.0,4.3,0,0.0,0.0,19.8
2025-10-26 06:00:00,18.9,70,0.0,4.8,0,0.0,0.0,19.3
2025-10-26 07:00:00,20.2,66,0.0,5.2,0,50.0,18.0,20.6
2025-10-26 08:00:00,22.7,59,0.0,3.6,0,213.0,121.0,23.6
2025-10-26 09:00:00,25.8,47,0.0,2.9,0,399.0,274.0,26.5
2025-10-26 10:00:00,28.2,38,0.0,4.0,0,558.0,411.0,28.5
2025-10-26 11:00:00,29.6,33,0.0,3.8,0,663.0,505.0,30.2
2025-10-26 12:00:00,30.7,28,0.0,2.7,0,703.0,541.0,31.3
2025-10-26 13:00:00,31.4,25,0.0,4.0,0,675.0,517.0,31.3
2025-10-26 14:00:00,31.6,24,0.0,5.7,0,581.0,432.0,30.5
2025-10-26 15:00:00,31.2,24,0.0,7.1,0,430.0,301.0,29.6
2025-10-26 16:00:00,30.4,25,0.0,6.8,0,245.0,147.0,28.8
2025-10-26 17:00:00,29.0,34,0.0,0.8,0,72.0,28.0,29.4
2025-10-26 18:00:00,27.7,36,0.0,0.9,0,1.0,0.0,27.9
2025-10-26 19:00:00,26.8,40,0.0,2.5,0,0.0,0.0,27.0
2025-10-26 20:00:00,26.2,44,0.0,1.6,0,0.0,0.0,26.8
2025-10-26 21:00:00,25.6,46,0.0,1.8,2,0.0,0.0,26.3
2025-10-26 22:00:00,24.9,49,0.0,1.5,86,0.0,0.0,25.8
2025-10-26 23:00:00,23.7,53,0.0,4.1,100,0.0,0.0,24.2
2025-10-27 00:00:00,22.6,59,0.0,4.3,70,0.0,0.0,23.3
2025-10-27 01:00:00,22.0,61,0.0,4.2,74,0.0,0.0,22.7
2025-10-27 02:00:00,21.5,62,0.0,4.4,1,0.0,0.0,22.2
2025-10-27 03:00:00,21.4,63,0.0,3.4,0,0.0,0.0,22.2
2025-10-27 04:00:00,20.9,65,0.0,2.5,10,0.0,0.0,21.9
2025-10-27 05:00:00,20.6,66,0.0,2.0,0,0.0,0.0,21.6
2025-10-27 06:00:00,20.3,68,0.0,2.2,0,0.0,0.0,21.3
2025-10-27 07:00:00,21.3,66,0.0,2.2,0,48.0,17.0,22.5
2025-10-27 08:00:00,23.4,57,0.0,3.3,0,208.0,117.0,24.4
2025-10-27 09:00:00,26.1,48,0.0,3.9,19,394.0,269.0,26.9
2025-10-27 10:00:00,28.5,39,0.0,4.3,34,530.0,356.0,28.8
2025-10-27 11:00:00,29.1,38,0.0,6.0,100,595.0,399.0,29.5
2025-10-27 12:00:00,30.3,34,0.0,6.5,100,571.0,274.0,30.3
2025-10-27 13:00:00,30.0,35,0.0,8.2,100,425.0,107.0,29.6
2025-10-27 14:00:00,28.8,41,0.0,11.2,100,249.0,32.0,28.5
2025-10-27 15:00:00,25.9,51,0.0,14.3,100,135.0,7.0,25.4
2025-10-27 16:00:00,24.8,48,0.0,9.2,100,67.0,0.0,24.4
2025-10-27 17:00:00,25.8,47,0.0,10.7,100,15.0,0.0,25.3
2025-10-27 18:00:00,24.7,49,0.0,10.9,100,0.0,0.0,24.1
2025-10-27 19:00:00,23.8,57,0.0,9.7,100,0.0,0.0,23.8
2025-10-27 20:00:00,23.2,64,0.0,7.7,100,0.0,0.0,24.0
2025-10-27 21:00:00,22.7,69,0.0,6.4,100,0.0,0.0,24.0
2025-10-27 22:00:00,22.3,71,0.0,5.2,100,0.0,0.0,23.9
2025-10-27 23:00:00,22.1,74,0.0,6.4,100,0.0,0.0,23.7
2025-10-28 00:00:00,21.9,76,0.0,4.0,100,0.0,0.0,24.0
2025-10-28 01:00:00,21.6,78,0.0,2.8,100,0.0,0.0,23.9
2025-10-28 02:00:00,21.3,81,0.0,2.5,100,0.0,0.0,23.7
2025-10-28 03:00:00,21.3,82,0.0,0.4,100,0.0,0.0,24.2
2025-10-28 04:00:00,21.4,79,0.0,2.6,100,0.0,0.0,23.8
2025-10-28 05:00:00,22.0,80,0.0,1.8,100,0.0,0.0,24.7
2025-10-28 06:00:00,22.0,78,0.0,1.9,100,0.0,0.0,24.7
2025-10-28 07:00:00,22.3,75,0.0,3.4,100,18.0,0.0,24.6
2025-10-28 08:00:00,22.7,74,0.0,4.0,100,73.0,3.0,24.9
2025-10-28 09:00:00,23.4,70,0.0,4.4,100,123.0,5.0,25.5
2025-10-28 10:00:00,24.7,63,0.0,4.0,100,272.0,75.0,26.6
2025-10-28 11:00:00,25.4,58,0.0,3.5,100,293.0,49.0,27.1
2025-10-28 12:00:00,25.5,57,0.0,4.3,100,147.0,1.0,27.0
2025-10-28 13:00:00,26.2,53,0.0,6.0,100,265.0,30.0,27.4
2025-10-28 14:00:00,26.3,55,0.0,6.5,100,258.0,28.0,27.6
2025-10-28 15:00:00,26.6,53,0.0,6.0,100,238.0,56.0,27.9
2025-10-28 16:00:00,26.3,55,0.0,6.7,100,167.0,44.0,27.6
2025-10-28 17:00:00,24.8,66,0.0,6.9,99,50.0,7.0,26.7
2025-10-28 18:00:00,23.9,72,0.0,5.4,100,0.0,0.0,26.2
2025-10-28 19:00:00,23.4,75,0.0,6.8,100,0.0,0.0,25.5
2025-10-28 20:00:00,22.6,80,0.0,5.6,84,0.0,0.0,25.1
2025-10-28 21:00:00,22.1,84,0.0,5.6,100,0.0,0.0,24.7
2025-10-28 22:00:00,21.6,87,0.0,2.9,97,0.0,0.0,24.7
2025-10-28 23:00:00,21.3,86,0.0,3.6,100,0.0,0.0,24.1
2025-10-29 00:00:00,21.0,88,0.0,2.4,100,0.0,0.0,24.0
2025-10-29 01:00:00,20.9,89,0.0,1.6,100,0.0,0.0,24.0
2025-10-29 02:00:00,20.8,90,0.0,1.9,100,0.0,0.0,23.8
2025-10-29 03:00:00,20.7,89,0.0,2.7,100,0.0,0.0,23.6
2025-10-29 04:00:00,20.7,88,0.0,3.0,100,0.0,0.0,23.4
2025-10-29 05:00:00,20.2,87,0.0,3.5,83,0.0,0.0,22.6
2025-10-29 06:00:00,20.3,86,0.0,3.0,20,0.0,0.0,22.7
2025-10-29 07:00:00,21.1,81,0.0,3.8,0,43.0,13.0,23.3
2025-10-29 08:00:00,22.8,73,0.0,3.6,14,195.0,107.0,25.0
2025-10-29 09:00:00,25.0,64,0.0,5.5,70,371.0,245.0,26.9
2025-10-29 10:00:00,26.9,55,0.0,8.6,1,514.0,350.0,28.1
2025-10-29 11:00:00,27.7,53,0.0,7.6,19,622.0,453.0,29.6
2025-10-29 12:00:00,28.6,50,0.0,6.7,7,643.0,447.0,30.6
2025-10-29 13:00:00,29.2,47,0.0,6.1,95,622.0,445.0,31.0
2025-10-29 14:00:00,29.2,46,0.0,5.6,98,443.0,206.0,30.6
2025-10-29 15:00:00,29.0,46,0.0,6.3,99,305.0,128.0,30.2
2025-10-29 16:00:00,28.4,48,0.0,5.6,100,160.0,43.0,29.8
2025-10-29 17:00:00,27.9,48,0.0,3.6,95,49.0,8.0,29.4
2025-10-29 18:00:00,27.1,52,0.0,3.4,100,0.0,0.0,28.8
2025-10-29 19:00:00,26.7,54,0.0,4.0,70,0.0,0.0,28.4
2025-10-29 20:00:00,26.0,61,0.0,1.9,52,0.0,0.0,28.5
2025-10-29 21:00:00,25.9,60,0.0,0.7,9,0.0,0.0,28.5
2025-10-29 22:00:00,25.3,61,0.0,2.4,15,0.0,0.0,27.5
2025-10-29 23:00:00,24.8,66,0.0,2.8,94,0.0,0.0,27.2
2025-10-30 00:00:00,24.7,63,0.0,4.3,98,0.0,0.0,26.7
2025-10-30 01:00:00,24.1,66,0.0,4.1,81,0.0,0.0,26.2
2025-10-30 02:00:00,24.0,67,0.0,4.7,85,0.0,0.0,26.0
2025-10-30 03:00:00,23.5,69,0.0,5.5,100,0.0,0.0,25.4
2025-10-30 04:00:00,23.1,72,0.0,4.8,100,0.0,0.0,25.1
2025-10-30 05:00:00,22.9,78,0.0,3.0,95,0.0,0.0,25.7
2025-10-30 06:00:00,22.6,80,0.0,2.7,100,0.0,0.0,25.5
2025-10-30 07:00:00,23.0,78,0.0,1.9,100,24.0,2.0,26.0
2025-10-30 08:00:00,23.4,76,0.0,0.7,100,58.0,2.0,26.7
2025-10-30 09:00:00,24.8,72,0.0,0.6,100,186.0,29.0,28.2
2025-10-30 10:00:00,26.1,68,0.0,2.6,100,292.0,61.0,29.4
2025-10-30 11:00:00,27.3,65,0.0,4.9,100,307.0,52.0,30.5
2025-10-30 12:00:00,27.3,61,0.1,4.6,100,243.0,13.0,30.0
2025-10-30 13:00:00,26.9,63,0.0,5.0,100,182.0,2.0,29.6
2025-10-30 14:00:00,26.7,64,0.0,4.5,100,157.0,15.0,29.5
2025-10-30 15:00:00,26.4,65,0.0,3.7,100,99.0,8.0,29.3
2025-10-30 16:00:00,26.1,66,0.0,2.7,99,69.0,6.0,29.1
2025-10-30 17:00:00,24.9,75,0.0,2.2,99,17.0,0.0,28.5
2025-10-30 18:00:00,24.8,77,0.0,2.9,36,0.0,0.0,28.4
2025-10-30 19:00:00,24.0,83,0.0,3.9,98,0.0,0.0,27.7
2025-10-30 20:00:00,23.5,88,0.0,5.7,98,0.0,0.0,27.3
2025-10-30 21:00:00,23.2,91,0.0,3.9,100,0.0,0.0,27.4
2025-10-30 22:00:00,23.1,93,0.0,3.9,100,0.0,0.0,27.4
2025-10-30 23:00:00,22.9,95,0.0,6.3,100,0.0,0.0,26.9
2025-10-31 00:00:00,22.9,94,0.0,5.8,100,0.0,0.0,26.8
2025-10-31 01:00:00,22.7,94,0.0,4.4,100,0.0,0.0,26.8
2025-10-31 02:00:00,22.5,94,0.0,4.4,100,0.0,0.0,26.5
2025-10-31 03:00:00,22.3,95,0.0,3.4,100,0.0,0.0,26.4
2025-10-31 04:00:00,22.1,96,0.0,1.8,100,0.0,0.0,26.4
2025-10-31 05:00:00,21.6,96,0.0,1.1,97,0.0,0.0,25.7
2025-10-31 06:00:00,21.4,97,0.0,1.8,95,0.0,0.0,25.5
2025-10-31 07:00:00,22.2,95,0.0,5.2,97,31.0,4.0,25.9
2025-10-31 08:00:00,23.2,90,0.0,6.4,100,132.0,33.0,26.9
2025-10-31 09:00:00,24.9,79,0.0,6.5,33,248.0,65.0,28.3
2025-10-31 10:00:00,26.6,68,0.0,5.3,31,407.0,202.0,29.8
2025-10-31 11:00:00,27.9,61,0.0,4.4,16,484.0,258.0,30.9
2025-10-31 12:00:00,29.1,55,0.1,3.9,21,564.0,373.0,32.1
2025-10-31 13:00:00,29.9,51,0.0,4.0,98,560.0,378.0,32.6
2025-10-31 14:00:00,30.3,48,0.0,4.0,73,462.0,279.0,32.6
2025-10-31 15:00:00,30.3,47,0.0,5.8,26,370.0,239.0,32.2
2025-10-31 16:00:00,29.7,47,0.0,6.9,37,202.0,108.0,31.2
2025-10-31 17:00:00,28.2,55,0.0,4.3,34,54.0,18.0,30.7
2025-10-31 18:00:00,26.9,64,0.0,3.6,7,0.0,0.0,30.0
2025-10-31 19:00:00,26.1,68,0.0,4.0,6,0.0,0.0,29.3
2025-10-31 20:00:00,25.5,70,0.0,4.9,1,0.0,0.0,28.4
2025-10-31 21:00:00,24.8,71,0.0,6.2,1,0.0,0.0,27.4
2025-10-31 22:00:00,24.0,73,0.0,6.6,0,0.0,0.0,26.4
2025-10-31 23:00:00,23.4,81,0.0,5.5,0,0.0,0.0,26.3
2025-11-01 00:00:00,23.0,82,0.0,4.8,2,0.0,0.0,25.9
2025-11-01 01:00:00,22.7,82,0.0,5.8,2,0.0,0.0,25.3
2025-11-01 02:00:00,22.0,85,0.0,5.2,1,0.0,0.0,24.8
2025-11-01 03:00:00,21.2,89,0.0,5.2,1,0.0,0.0,24.0
2025-11-01 04:00:00,20.8,92,0.0,5.4,0,0.0,0.0,23.6
2025-11-01 05:00:00,20.9,95,0.0,5.7,2,0.0,0.0,23.9
2025-11-01 06:00:00,20.8,96,0.0,5.3,12,0.0,0.0,23.9
2025-11-01 07:00:00,21.3,91,0.0,6.1,10,37.0,10.0,24.1
2025-11-01 08:00:00,23.1,81,0.0,4.0,0,169.0,69.0,26.2
2025-11-01 09:00:00,26.0,64,0.0,4.3,0,367.0,238.0,28.5
2025-11-01 10:00:00,28.4,48,0.0,5.6,0,527.0,383.0,29.8
2025-11-01 11:00:00,29.8,36,0.0,7.9,0,632.0,477.0,30.2
2025-11-01 12:00:00,30.6,31,0.0,8.9,0,672.0,513.0,30.5
2025-11-01 13:00:00,30.9,29,0.0,9.8,1,641.0,484.0,30.2
2025-11-01 14:00:00,30.8,29,0.0,10.2,1,542.0,396.0,29.4
2025-11-01 15:00:00,30.4,29,0.0,10.2,0,397.0,272.0,29.1
2025-11-01 16:00:00,29.6,30,0.0,9.6,0,220.0,127.0,28.2
2025-11-01 17:00:00,27.0,47,0.0,5.4,0,59.0,22.0,27.7
2025-11-01 18:00:00,25.6,52,0.0,5.7,0,0.0,0.0,26.4
2025-11-01 19:00:00,24.7,55,0.0,5.4,0,0.0,0.0,25.5
2025-11-01 20:00:00,24.1,56,0.0,6.1,0,0.0,0.0,24.7
2025-11-01 21:00:00,23.5,58,0.0,6.0,0,0.0,0.0,24.1
2025-11-01 22:00:00,23.0,58,0.0,6.0,0,0.0,0.0,23.5
2025-11-01 23:00:00,22.0,68,0.0,5.2,0,0.0,0.0,23.2
2025-11-02 00:00:00,21.4,68,0.0,5.8,0,0.0,0.0,22.2
2025-11-02 01:00:00,21.2,68,0.0,6.2,0,0.0,0.0,21.9
2025-11-02 02:00:00,20.9,69,0.0,6.5,0,0.0,0.0,21.5
2025-11-02 03:00:00,20.1,72,0.0,6.2,0,0.0,0.0,20.8
2025-11-02 04:00:00,19.6,73,0.0,6.1,0,0.0,0.0,20.2
2025-11-02 05:00:00,19.4,79,0.0,5.9,1,0.0,0.0,20.4
2025-11-02 06:00:00,19.3,80,0.0,5.6,0,0.0,0.0,20.4
2025-11-02 07:00:00,19.9,78,0.0,6.3,0,39.0,13.0,21.0
2025-11-02 08:00:00,21.6,73,0.0,6.1,0,189.0,103.0,23.0
2025-11-02 09:00:00,23.8,65,0.0,5.9,0,370.0,249.0,25.3
2025-11-02 10:00:00,25.8,58,0.0,5.9,0,524.0,382.0,27.4
2025-11-02 11:00:00,27.6,50,0.0,8.8,0,627.0,473.0,29.0
2025-11-02 12:00:00,28.8,39,0.0,12.3,0,667.0,508.0,28.8
2025-11-02 13:00:00,29.3,36,0.0,12.8,0,638.0,483.0,28.7
2025-11-02 14:00:00,29.4,35,0.0,12.7,0,545.0,402.0,28.2
2025-11-02 15:00:00,29.1,35,0.0,12.2,0,398.0,274.0,28.0
2025-11-02 16:00:00,28.1,39,0.0,9.8,0,220.0,128.0,27.5
2025-11-02 17:00:00,26.2,48,0.0,7.6,0,57.0,22.0,26.5
2025-11-02 18:00:00,24.6,54,0.0,6.8,0,0.0,0.0,25.2
2025-11-02 19:00:00,23.7,56,0.0,7.0,0,0.0,0.0,24.2
2025-11-02 20:00:00,23.1,56,0.0,7.2,0,0.0,0.0,23.3
2025-11-02 21:00:00,22.5,56,0.0,7.4,0,0.0,0.0,22.4
2025-11-02 22:00:00,21.8,57,0.0,7.9,0,0.0,0.0,21.5
2025-11-02 23:00:00,21.6,60,0.0,8.2,0,0.0,0.0,21.6
2025-11-03 00:00:00,21.2,60,0.0,8.5,0,0.0,0.0,21.0
2025-11-03 01:00:00,20.6,61,0.0,9.1,0,0.0,0.0,20.1
2025-11-03 02:00:00,19.7,64,0.0,9.2,0,0.0,0.0,19.2
2025-11-03 03:00:00,19.0,66,0.0,8.8,0,0.0,0.0,18.5
2025-11-03 04:00:00,18.5,68,0.0,8.5,0,0.0,0.0,18.0
2025-11-03 05:00:00,18.2,72,0.0,8.3,0,0.0,0.0,17.9
2025-11-03 06:00:00,17.9,73,0.0,8.0,0,0.0,0.0,17.6
2025-11-03 07:00:00,18.3,70,0.0,8.3,0,39.0,13.0,17.9
2025-11-03 08:00:00,19.9,69,0.0,8.1,0,193.0,108.0,20.0
2025-11-03 09:00:00,22.3,60,0.0,5.9,0,375.0,256.0,22.8
2025-11-03 10:00:00,24.8,52,0.0,6.0,0,531.0,392.0,25.3
2025-11-03 11:00:00,27.2,46,0.0,7.0,0,636.0,485.0,28.1
2025-11-03 12:00:00,28.8,40,0.0,8.7,0,677.0,522.0,29.5
2025-11-03 13:00:00,29.9,35,0.0,10.8,0,648.0,497.0,29.7
2025-11-03 14:00:00,30.5,28,0.0,14.1,0,553.0,413.0,28.4
2025-11-03 15:00:00,30.0,28,0.0,13.3,0,405.0,283.0,28.0
2025-11-03 16:00:00,28.7,32,0.0,10.3,0,223.0,132.0,27.3
2025-11-03 17:00:00,26.3,42,0.0,6.9,0,58.0,23.0,26.1
2025-11-03 18:00:00,25.2,46,0.0,6.9,0,0.0,0.0,25.0
2025-11-03 19:00:00,24.3,51,0.0,5.7,11,0.0,0.0,24.6
2025-11-03 20:00:00,24.1,50,0.0,2.7,0,0.0,0.0,24.6
2025-11-03 21:00:00,23.5,51,0.0,1.6,0,0.0,0.0,24.1
2025-11-03 22:00:00,22.7,53,0.0,2.0,0,0.0,0.0,23.2
2025-11-03 23:00:00,23.0,54,0.0,1.7,0,0.0,0.0,23.7
2025-11-04 00:00:00,21.7,57,0.0,0.4,8,0.0,0.0,22.5
2025-11-04 01:00:00,21.0,59,0.0,0.4,9,0.0,0.0,21.7
2025-11-04 02:00:00,20.1,63,0.0,2.5,3,0.0,0.0,20.5
2025-11-04 03:00:00,19.3,67,0.0,3.6,87,0.0,0.0,19.7
2025-11-04 04:00:00,19.5,69,0.0,5.3,74,0.0,0.0,19.8
2025-11-04 05:00:00,18.9,74,0.0,5.1,100,0.0,0.0,19.4
2025-11-04 06:00:00,19.9,68,0.0,6.8,48,0.0,0.0,20.2
2025-11-04 07:00:00,20.1,67,0.0,9.0,32,30.0,8.0,20.0
2025-11-04 08:00:00,21.8,65,0.0,8.5,17,151.0,66.0,22.1
2025-11-04 09:00:00,23.6,61,0.0,3.8,3,311.0,184.0,24.9
2025-11-04 10:00:00,25.7,54,0.0,2.0,2,497.0,356.0,27.3
2025-11-04 11:00:00,27.5,47,0.0,3.9,1,617.0,464.0,29.0
2025-11-04 12:00:00,28.7,42,0.0,4.2,3,632.0,455.0,30.0
2025-11-04 13:00:00,28.7,44,0.0,10.6,7,618.0,464.0,29.2
2025-11-04 14:00:00,28.2,46,0.0,11.0,5,512.0,366.0,28.3
2025-11-04 15:00:00,27.9,43,0.0,9.4,6,375.0,250.0,27.8
2025-11-04 16:00:00,26.9,47,0.0,7.1,6,204.0,114.0,27.3
2025-11-04 17:00:00,25.4,62,0.0,5.2,13,52.0,20.0,27.3
2025-11-04 18:00:00,24.7,60,0.0,6.8,5,0.0,0.0,25.9
2025-11-04 19:00:00,23.6,64,0.0,5.8,9,0.0,0.0,25.0
2025-11-04 20:00:00,23.0,67,0.0,6.8,8,0.0,0.0,24.3
2025-11-04 21:00:00,22.1,71,0.0,5.4,41,0.0,0.0,23.6
2025-11-04 22:00:00,21.6,73,0.0,4.7,5,0.0,0.0,23.2
2025-11-04 23:00:00,21.8,80,0.0,3.7,70,0.0,0.0,24.3
2025-11-05 00:00:00,21.3,83,0.0,3.8,7,0.0,0.0,23.7
2025-11-05 01:00:00,21.5,82,0.0,2.4,17,0.0,0.0,24.1
2025-11-05 02:00:00,21.4,81,0.0,6.1,7,0.0,0.0,23.5
2025-11-05 03:00:00,20.2,86,0.0,6.7,0,0.0,0.0,21.9
2025-11-05 04:00:00,19.4,88,0.0,5.9,0,0.0,0.0,21.1
2025-11-05 05:00:00,19.0,92,0.0,4.0,0,0.0,0.0,21.1
2025-11-05 06:00:00,18.9,92,0.0,3.2,0,0.0,0.0,21.1
2025-11-05 07:00:00,20.0,88,0.0,4.0,0,34.0,10.0,22.2
2025-11-05 08:00:00,22.1,80,0.0,4.3,0,180.0,97.0,24.5
2025-11-05 09:00:00,24.2,72,0.0,3.2,0,356.0,236.0,26.9
2025-11-05 10:00:00,26.1,63,0.0,3.1,0,511.0,370.0,28.8
2025-11-05 11:00:00,28.1,55,0.0,5.4,11,614.0,461.0,30.6
2025-11-05 12:00:00,29.3,43,0.0,8.0,24,631.0,468.0,30.4
2025-11-05 13:00:00,29.5,37,0.0,9.4,8,543.0,363.0,29.1
2025-11-05 14:00:00,29.4,35,0.0,10.2,7,457.0,294.0,28.6
2025-11-05 15:00:00,28.9,36,0.0,10.9,11,343.0,213.0,28.0
2025-11-05 16:00:00,28.0,39,0.0,10.2,2,197.0,107.0,27.4
2025-11-05 17:00:00,27.1,40,0.0,8.1,12,51.0,18.0,26.6
2025-11-05 18:00:00,25.9,45,0.0,9.2,7,0.0,0.0,25.5
2025-11-05 19:00:00,24.8,47,0.0,9.7,1,0.0,0.0,24.2
2025-11-05 20:00:00,23.8,49,0.0,8.9,0,0.0,0.0,23.1
2025-11-05 21:00:00,22.8,50,0.0,8.8,0,0.0,0.0,22.1
2025-11-05 22:00:00,22.0,51,0.0,8.9,0,0.0,0.0,21.1
2025-11-05 23:00:00,21.3,60,0.0,8.4,0,0.0,0.0,21.0
2025-11-06 00:00:00,20.5,60,0.0,9.8,0,0.0,0.0,19.8
2025-11-06 01:00:00,19.6,57,0.0,9.8,0,0.0,0.0,18.5
2025-11-06 02:00:00,18.8,50,0.0,9.4,0,0.0,0.0,16.9
2025-11-06 03:00:00,17.7,48,0.0,9.5,0,0.0,0.0,15.4
2025-11-06 04:00:00,16.8,51,0.0,9.4,0,0.0,0.0,14.6
2025-11-06 05:00:00,16.4,64,0.0,10.2,0,0.0,0.0,14.8
2025-11-06 06:00:00,15.8,66,0.0,8.9,0,0.0,0.0,14.4
2025-11-06 07:00:00,16.1,66,0.0,8.9,0,36.0,12.0,14.7
2025-11-06 08:00:00,17.7,63,0.0,7.6,0,192.0,107.0,16.7
2025-11-06 09:00:00,19.8,56,0.0,7.2,0,379.0,259.0,19.0
2025-11-06 10:00:00,22.1,47,0.0,8.4,0,537.0,396.0,20.9
2025-11-06 11:00:00,24.1,38,0.0,10.2,0,638.0,486.0,22.7
2025-11-06 12:00:00,25.2,32,0.0,9.5,0,678.0,521.0,23.9
2025-11-06 13:00:00,25.9,29,0.0,9.6,0,648.0,496.0,24.2
2025-11-06 14:00:00,26.1,29,0.0,9.9,0,553.0,412.0,23.8
2025-11-06 15:00:00,25.7,30,0.0,10.7,0,401.0,279.0,23.3
2025-11-06 16:00:00,24.8,33,0.0,9.3,0,218.0,128.0,22.8
2025-11-06 17:00:00,22.9,42,0.0,6.8,0,53.0,20.0,21.6
2025-11-06 18:00:00,21.7,47,0.0,6.3,0,0.0,0.0,20.8
2025-11-06 19:00:00,21.0,50,0.0,7.2,0,0.0,0.0,20.0
2025-11-06 20:00:00,20.2,52,0.0,7.6,0,0.0,0.0,19.1
2025-11-06 21:00:00,19.7,52,0.0,8.4,0,0.0,0.0,18.3
2025-11-06 22:00:00,19.1,52,0.0,8.4,0,0.0,0.0,17.5
2025-11-06 23:00:00,18.7,53,0.0,9.1,0,0.0,0.0,17.1
2025-11-07 00:00:00,17.8,55,0.0,8.4,0,0.0,0.0,16.2
2025-11-07 01:00:00,17.0,56,0.0,8.3,0,0.0,0.0,15.3
2025-11-07 02:00:00,16.4,58,0.0,8.1,0,0.0,0.0,14.7
2025-11-07 03:00:00,15.8,60,0.0,7.7,0,0.0,0.0,14.1
2025-11-07 04:00:00,15.4,61,0.0,7.6,0,0.0,0.0,13.7
2025-11-07 05:00:00,15.4,65,0.0,8.7,0,0.0,0.0,13.8
2025-11-07 06:00:00,14.8,67,0.0,8.2,0,0.0,0.0,13.2
2025-11-07 07:00:00,15.0,66,0.0,9.0,0,34.0,11.0,13.3
2025-11-07 08:00:00,16.5,62,0.0,8.3,0,185.0,102.0,15.0
2025-11-07 09:00:00,18.9,54,0.0,7.6,0,369.0,251.0,17.5
2025-11-07 10:00:00,21.3,46,0.0,7.5,0,526.0,387.0,20.0
2025-11-07 11:00:00,24.4,39,0.0,9.0,0,632.0,481.0,23.4
2025-11-07 12:00:00,26.1,32,0.0,9.3,0,669.0,515.0,24.9
2025-11-07 13:00:00,27.0,27,0.0,9.6,0,640.0,489.0,25.2
2025-11-07 14:00:00,27.3,24,0.0,10.0,0,544.0,405.0,24.6
2025-11-07 15:00:00,27.0,25,0.0,9.6,0,395.0,274.0,24.4
2025-11-07 16:00:00,25.9,29,0.0,8.4,0,214.0,125.0,23.7
2025-11-07 17:00:00,24.0,36,0.0,7.7,0,51.0,20.0,22.3
2025-11-07 18:00:00,22.7,40,0.0,7.6,0,0.0,0.0,21.1
2025-11-07 19:00:00,21.5,43,0.0,7.3,0,0.0,0.0,19.9
2025-11-07 20:00:00,20.5,45,0.0,7.4,0,0.0,0.0,18.9
2025-11-07 21:00:00,19.5,47,0.0,6.8,0,0.0,0.0,17.9
2025-11-07 22:00:00,18.7,48,0.0,7.0,0,0.0,0.0,17.0
2025-11-07 23:00:00,18.3,51,0.0,8.0,0,0.0,0.0,16.5
2025-11-08 00:00:00,17.3,53,0.0,7.9,0,0.0,0.0,15.6
2025-11-08 01:00:00,16.8,55,0.0,8.0,0,0.0,0.0,15.0
2025-11-08 02:00:00,16.3,56,0.0,8.2,0,0.0,0.0,14.4
2025-11-08 03:00:00,15.8,57,0.0,7.5,0,0.0,0.0,13.9
2025-11-08 04:00:00,15.2,58,0.0,6.5,0,0.0,0.0,13.4
2025-11-08 05:00:00,14.4,64,0.0,6.2,0,0.0,0.0,12.8
2025-11-08 06:00:00,13.9,66,0.0,5.2,0,0.0,0.0,12.4
2025-11-08 07:00:00,14.8,61,0.0,5.4,0,33.0,11.0,13.3
2025-11-08 08:00:00,16.8,56,0.0,6.1,0,186.0,103.0,15.3
2025-11-08 09:00:00,19.4,47,0.0,4.7,0,372.0,254.0,18.1
2025-11-08 10:00:00,22.0,38,0.0,5.5,0,532.0,393.0,20.5
2025-11-08 11:00:00,24.6,29,0.0,8.3,0,638.0,488.0,22.8
2025-11-08 12:00:00,25.9,25,0.0,9.4,0,676.0,522.0,24.0
2025-11-08 13:00:00,26.6,23,0.0,10.1,0,644.0,494.0,24.2
2025-11-08 14:00:00,26.8,22,0.0,10.7,0,546.0,407.0,23.6
2025-11-08 15:00:00,26.4,23,0.0,10.4,0,396.0,275.0,23.3
2025-11-08 16:00:00,25.4,26,0.0,9.3,0,213.0,125.0,22.7
2025-11-08 17:00:00,23.2,34,0.0,6.0,0,50.0,19.0,21.3
2025-11-08 18:00:00,22.1,39,0.0,5.7,0,0.0,0.0,20.5
2025-11-08 19:00:00,21.2,42,0.0,6.0,0,0.0,0.0,19.7
2025-11-08 20:00:00,20.2,45,0.0,6.1,0,0.0,0.0,18.7
2025-11-08 21:00:00,19.3,49,0.0,5.7,0,0.0,0.0,18.0
2025-11-08 22:00:00,18.7,49,0.0,5.9,0,0.0,0.0,17.3
2025-11-08 23:00:00,18.1,54,0.0,6.1,0,0.0,0.0,16.8
2025-11-09 00:00:00,17.5,53,0.0,6.7,0,0.0,0.0,15.9
2025-11-09 01:00:00,16.9,54,0.0,7.1,0,0.0,0.0,15.2
2025-11-09 02:00:00,16.3,55,0.0,6.4,0,0.0,0.0,14.6
2025-11-09 03:00:00,15.7,57,0.0,6.3,0,0.0,0.0,14.0
2025-11-09 04:00:00,15.1,59,0.0,6.2,0,0.0,0.0,13.4
2025-11-09 05:00:00,14.2,67,0.0,6.0,0,0.0,0.0,12.8
2025-11-09 06:00:00,14.1,66,0.0,5.8,0,0.0,0.0,12.6
2025-11-09 07:00:00,14.7,64,0.0,7.0,0,32.0,10.0,13.1
2025-11-09 08:00:00,16.4,60,0.0,6.5,0,180.0,99.0,15.1
2025-11-09 09:00:00,19.0,52,0.0,4.5,0,362.0,245.0,18.0
2025-11-09 10:00:00,21.7,44,0.0,4.9,0,518.0,381.0,20.7
2025-11-09 11:00:00,24.4,33,0.0,8.4,0,623.0,474.0,22.9
2025-11-09 12:00:00,25.9,28,0.0,8.6,0,663.0,510.0,24.3
2025-11-09 13:00:00,26.7,26,0.0,8.6,0,633.0,484.0,24.8
2025-11-09 14:00:00,26.8,25,0.0,9.0,0,538.0,400.0,24.3
2025-11-09 15:00:00,26.5,27,0.0,9.3,0,388.0,269.0,24.1
2025-11-09 16:00:00,25.6,30,0.0,9.0,0,208.0,121.0,23.4
2025-11-09 17:00:00,23.5,38,0.0,6.2,0,48.0,18.0,22.1
2025-11-09 18:00:00,22.4,41,0.0,6.9,0,0.0,0.0,21.0
2025-11-09 19:00:00,21.4,42,0.0,7.3,0,0.0,0.0,19.8
2025-11-09 20:00:00,20.5,43,0.0,7.1,0,0.0,0.0,18.7
2025-11-09 21:00:00,19.6,45,0.0,6.4,0,0.0,0.0,17.9
2025-11-09 22:00:00,19.1,45,0.0,6.6,0,0.0,0.0,17.3
2025-11-09 23:00:00,18.5,48,0.0,6.7,0,0.0,0.0,16.8
2025-11-10 00:00:00,17.8,51,0.0,6.9,0,0.0,0.0,16.1
2025-11-10 01:00:00,16.8,55,0.0,6.3,0,0.0,0.0,15.2
2025-11-10 02:00:00,16.1,58,0.0,5.9,0,0.0,0.0,14.6
2025-11-10 03:00:00,15.6,59,0.0,5.8,0,0.0,0.0,14.1
2025-11-10 04:00:00,15.0,61,0.0,5.5,0,0.0,0.0,13.5
2025-11-10 05:00:00,14.2,69,0.0,5.6,17,0.0,0.0,12.9
2025-11-10 06:00:00,13.9,70,0.0,5.2,0,0.0,0.0,12.7
2025-11-10 07:00:00,14.5,68,0.0,5.8,0,30.0,9.0,13.2
2025-11-10 08:00:00,16.4,63,0.0,5.5,0,176.0,96.0,15.4
2025-11-10 09:00:00,19.3,52,0.0,4.1,0,357.0,241.0,18.4
2025-11-10 10:00:00,22.0,43,0.0,4.0,0,512.0,376.0,21.0
2025-11-10 11:00:00,24.4,35,0.0,5.4,0,617.0,468.0,23.5
2025-11-10 12:00:00,26.1,28,0.0,7.2,0,655.0,503.0,24.6
2025-11-10 13:00:00,26.7,25,0.0,8.4,10,626.0,477.0,24.8
2025-11-10 14:00:00,27.0,24,0.0,8.8,60,532.0,394.0,24.4
2025-11-10 15:00:00,26.6,24,0.0,8.8,70,381.0,260.0,24.0
2025-11-10 16:00:00,25.7,26,0.0,8.1,64,202.0,110.0,23.2
2025-11-10 17:00:00,23.4,35,0.0,4.7,48,47.0,16.0,21.9
2025-11-10 18:00:00,22.3,38,0.0,4.6,0,0.0,0.0,20.9
2025-11-10 19:00:00,21.3,43,0.0,4.0,7,0.0,0.0,20.3
2025-11-10 20:00:00,20.5,45,0.0,3.2,49,0.0,0.0,19.6
2025-11-10 21:00:00,19.9,47,0.0,3.3,30,0.0,0.0,18.9
2025-11-10 22:00:00,19.4,47,0.0,3.8,83,0.0,0.0,18.2
2025-11-10 23:00:00,19.0,50,0.0,3.2,94,0.0,0.0,18.0
2025-11-11 00:00:00,17.5,53,0.0,3.3,9,0.0,0.0,16.4
2025-11-11 01:00:00,16.4,57,0.0,3.8,0,0.0,0.0,15.2
2025-11-11 02:00:00,15.4,59,0.0,5.5,0,0.0,0.0,13.9
2025-11-11 03:00:00,14.6,62,0.0,5.3,0,0.0,0.0,13.1
2025-11-11 04:00:00,14.1,63,0.0,5.4,0,0.0,0.0,12.6
2025-11-11 05:00:00,13.7,70,0.0,5.8,0,0.0,0.0,12.4
2025-11-11 06:00:00,13.7,70,0.0,5.9,0,0.0,0.0,12.3
2025-11-11 07:00:00,14.2,67,0.0,6.8,0,29.0,9.0,12.7
2025-11-11 08:00:00,16.4,61,0.0,7.0,0,172.0,93.0,15.0
2025-11-11 09:00:00,19.3,51,0.0,4.9,0,353.0,238.0,18.3
2025-11-11 10:00:00,22.2,42,0.0,5.2,0,509.0,373.0,21.0
2025-11-11 11:00:00,24.8,34,0.0,7.1,0,614.0,466.0,23.6
2025-11-11 12:00:00,26.4,28,0.0,9.2,0,652.0,501.0,24.7
2025-11-11 13:00:00,27.1,25,0.0,9.9,0,623.0,476.0,24.9
2025-11-11 14:00:00,27.4,23,0.0,10.3,0,530.0,393.0,24.5
2025-11-11 15:00:00,27.0,24,0.0,10.6,0,382.0,264.0,24.1
2025-11-11 16:00:00,26.0,27,0.0,9.4,0,203.0,117.0,23.4
2025-11-11 17:00:00,23.8,32,0.0,6.0,0,46.0,17.0,21.9
2025-11-11 18:00:00,22.6,37,0.0,6.0,0,0.0,0.0,21.0
2025-11-11 19:00:00,21.4,42,0.0,6.8,0,0.0,0.0,19.9
2025-11-11 20:00:00,20.4,47,0.0,6.7,0,0.0,0.0,19.0
2025-11-11 21:00:00,19.7,49,0.0,6.9,0,0.0,0.0,18.3
2025-11-11 22:00:00,19.1,49,0.0,7.5,0,0.0,0.0,17.5
2025-11-11 23:00:00,18.8,52,0.0,7.7,0,0.0,0.0,17.3
2025-11-12 00:00:00,17.8,54,0.0,7.1,0,0.0,0.0,16.3
2025-11-12 01:00:00,17.0,56,0.0,6.4,0,0.0,0.0,15.6
2025-11-12 02:00:00,16.4,58,0.0,6.1,0,0.0,0.0,15.0
2025-11-12 03:00:00,15.8,60,0.0,5.8,0,0.0,0.0,14.4
2025-11-12 04:00:00,15.2,62,0.0,6.5,0,0.0,0.0,13.7
2025-11-12 05:00:00,14.3,69,0.0,7.2,0,0.0,0.0,12.9
2025-11-12 06:00:00,14.0,70,0.0,7.6,0,0.0,0.0,12.5
2025-11-12 07:00:00,14.4,68,0.0,8.7,0,27.0,8.0,12.7
2025-11-12 08:00:00,16.3,62,0.0,7.8,0,168.0,90.0,14.8
2025-11-12 09:00:00,19.2,52,0.0,6.7,0,346.0,232.0,18.0
2025-11-12 10:00:00,22.2,43,0.0,7.1,0,500.0,366.0,20.9
2025-11-12 11:00:00,24.9,36,0.0,9.6,0,604.0,457.0,23.4
2025-11-12 12:00:00,26.6,29,0.0,11.8,0,643.0,492.0,24.6
2025-11-12 13:00:00,27.3,26,0.0,12.8,0,614.0,467.0,24.7
2025-11-12 14:00:00,27.5,24,0.0,12.8,0,521.0,385.0,24.4
2025-11-12 15:00:00,27.1,25,0.0,12.3,0,375.0,258.0,24.1
2025-11-12 16:00:00,26.2,26,0.0,10.7,0,199.0,114.0,23.5
2025-11-12 17:00:00,23.9,35,0.0,6.3,0,44.0,16.0,22.2
2025-11-12 18:00:00,22.8,39,0.0,5.6,0,0.0,0.0,21.4
2025-11-12 19:00:00,21.7,43,0.0,5.4,0,0.0,0.0,20.6
2025-11-12 20:00:00,20.8,47,0.0,5.1,0,0.0,0.0,19.8
2025-11-12 21:00:00,20.2,51,0.0,4.2,0,0.0,0.0,19.4
2025-11-12 22:00:00,19.4,53,0.0,4.2,0,0.0,0.0,18.6
2025-11-12 23:00:00,19.1,54,0.0,3.6,0,0.0,0.0,18.4
2025-11-13 00:00:00,17.3,59,0.0,5.8,0,0.0,0.0,16.2
2025-11-13 01:00:00,16.2,64,0.0,5.6,0,0.0,0.0,15.2
2025-11-13 02:00:00,15.4,69,0.0,5.4,0,0.0,0.0,14.5
2025-11-13 03:00:00,14.7,72,0.0,5.1,0,0.0,0.0,13.9
2025-11-13 04:00:00,14.3,75,0.0,5.4,0,0.0,0.0,13.4
2025-11-13 05:00:00,13.7,80,0.0,6.2,0,0.0,0.0,12.9
2025-11-13 06:00:00,13.2,81,0.0,5.5,0,0.0,0.0,12.4
2025-11-13 07:00:00,13.8,76,0.0,6.5,0,26.0,8.0,12.7
2025-11-13 08:00:00,15.7,68,0.0,6.3,0,165.0,88.0,14.7
2025-11-13 09:00:00,18.3,57,0.0,4.9,0,343.0,229.0,17.5
2025-11-13 10:00:00,21.2,47,0.0,4.9,0,497.0,361.0,20.3
2025-11-13 11:00:00,23.8,37,0.0,8.1,0,600.0,452.0,22.5
2025-11-13 12:00:00,25.2,33,0.0,9.4,0,640.0,488.0,23.7
2025-11-13 13:00:00,25.9,28,0.0,9.5,0,611.0,463.0,23.9
2025-11-13 14:00:00,26.3,26,0.0,9.7,0,519.0,382.0,23.6
2025-11-13 15:00:00,26.0,26,0.0,9.9,0,373.0,256.0,23.2
2025-11-13 16:00:00,25.1,29,0.0,8.9,0,197.0,113.0,22.7
2025-11-13 17:00:00,22.5,38,0.0,5.5,0,44.0,16.0,20.9
2025-11-13 18:00:00,21.5,40,0.0,6.2,0,0.0,0.0,19.9
2025-11-13 19:00:00,20.4,44,0.0,6.5,0,0.0,0.0,18.9
2025-11-13 20:00:00,19.3,48,0.0,6.5,0,0.0,0.0,17.8
2025-11-13 21:00:00,18.6,50,0.0,6.7,0,0.0,0.0,17.1
2025-11-13 22:00:00,17.9,52,0.0,6.5,0,0.0,0.0,16.4
2025-11-13 23:00:00,17.6,55,0.0,6.7,0,0.0,0.0,16.1
2025-11-14 00:00:00,16.7,57,0.0,6.7,0,0.0,0.0,15.2
2025-11-14 01:00:00,15.7,61,0.0,5.7,0,0.0,0.0,14.4
2025-11-14 02:00:00,15.0,64,0.0,5.4,0,0.0,0.0,13.8
2025-11-14 03:00:00,14.5,66,0.0,5.5,0,0.0,0.0,13.2
2025-11-14 04:00:00,13.9,68,0.0,5.8,0,0.0,0.0,12.5
2025-11-14 05:00:00,13.5,74,0.0,6.0,0,0.0,0.0,12.4
2025-11-14 06:00:00,13.3,75,0.0,5.6,0,0.0,0.0,12.2
2025-11-14 07:00:00,13.7,74,0.0,6.7,0,25.0,7.0,12.4
2025-11-14 08:00:00,15.6,67,0.0,6.2,0,162.0,86.0,14.5
2025-11-14 09:00:00,18.4,56,0.0,4.9,0,339.0,226.0,17.5
2025-11-14 10:00:00,21.1,46,0.0,5.2,0,493.0,358.0,20.0
2025-11-14 11:00:00,23.5,37,0.0,7.0,0,597.0,451.0,22.3
2025-11-14 12:00:00,25.1,29,0.0,8.6,0,637.0,486.0,23.2
2025-11-14 13:00:00,25.7,28,0.0,9.4,0,608.0,461.0,23.5
2025-11-14 14:00:00,26.0,26,0.0,9.5,0,515.0,379.0,23.4
2025-11-14 15:00:00,25.8,24,0.0,9.7,0,369.0,254.0,22.9
2025-11-14 16:00:00,24.9,27,0.0,8.9,0,194.0,111.0,22.3
2025-11-14 17:00:00,22.6,35,0.0,5.2,0,42.0,15.0,20.9
2025-11-14 18:00:00,21.9,38,0.0,5.4,0,0.0,0.0,20.3
2025-11-14 19:00:00,20.8,42,0.0,5.6,0,0.0,0.0,19.3
2025-11-14 20:00:00,19.6,46,0.0,5.6,0,0.0,0.0,18.2
2025-11-14 21:00:00,18.8,50,0.0,5.6,0,0.0,0.0,17.4
2025-11-14 22:00:00,18.1,52,0.0,5.6,0,0.0,0.0,16.7
2025-11-14 23:00:00,17.5,57,0.0,5.8,0,0.0,0.0,16.3
2025-11-15 00:00:00,16.9,56,0.0,6.0,0,0.0,0.0,15.5
2025-11-15 01:00:00,15.9,59,0.0,5.6,0,0.0,0.0,14.5
2025-11-15 02:00:00,15.2,62,0.0,5.4,0,0.0,0.0,13.8
2025-11-15 03:00:00,14.4,65,0.0,5.2,0,0.0,0.0,13.1
2025-11-15 04:00:00,13.7,69,0.0,4.9,0,0.0,0.0,12.4
2025-11-15 05:00:00,13.1,76,0.0,5.4,0,0.0,0.0,12.0
2025-11-15 06:00:00,12.8,77,0.0,5.6,0,0.0,0.0,11.6
2025-11-15 07:00:00,13.0,76,0.0,6.6,0,24.0,7.0,11.7
2025-11-15 08:00:00,15.1,67,0.0,6.2,0,160.0,85.0,14.0
2025-11-15 09:00:00,18.1,56,0.0,4.7,0,337.0,225.0,17.1
2025-11-15 10:00:00,21.0,45,0.0,5.1,0,492.0,358.0,19.8
2025-11-15 11:00:00,23.6,36,0.0,6.7,0,596.0,451.0,22.3
2025-11-15 12:00:00,25.3,29,0.0,7.5,0,636.0,486.0,23.7
2025-11-15 13:00:00,26.1,28,0.0,8.8,0,608.0,461.0,24.1
2025-11-15 14:00:00,26.6,25,0.0,10.0,0,515.0,380.0,23.9
2025-11-15 15:00:00,26.4,25,0.0,10.3,0,369.0,253.0,23.6
2025-11-15 16:00:00,25.5,28,0.0,9.0,0,193.0,110.0,23.1
2025-11-15 17:00:00,22.8,39,0.0,5.2,0,41.0,15.0,21.6
2025-11-15 18:00:00,22.2,39,0.0,5.9,0,0.0,0.0,20.7
2025-11-15 19:00:00,21.2,42,0.0,6.8,0,0.0,0.0,19.6
2025-11-15 20:00:00,20.3,45,0.0,7.2,0,0.0,0.0,18.7
2025-11-15 21:00:00,19.5,47,0.0,7.0,0,0.0,0.0,17.9
2025-11-15 22:00:00,18.7,49,0.0,6.3,0,0.0,0.0,17.2
2025-11-15 23:00:00,17.3,58,0.0,5.4,0,0.0,0.0,16.2
2025-11-16 00:00:00,16.2,59,0.0,5.2,0,0.0,0.0,15.0
2025-11-16 01:00:00,15.3,63,0.0,4.8,0,0.0,0.0,14.1
2025-11-16 02:00:00,14.6,67,0.0,4.6,0,0.0,0.0,13.5
2025-11-16 03:00:00,13.9,69,0.0,4.0,0,0.0,0.0,12.9
2025-11-16 04:00:00,13.3,70,0.0,4.7,0,0.0,0.0,12.0
2025-11-16 05:00:00,12.5,80,0.0,4.9,0,0.0,0.0,11.5
2025-11-16 06:00:00,12.3,79,0.0,4.7,0,0.0,0.0,11.3
2025-11-16 07:00:00,12.8,75,0.0,6.1,0,23.0,6.0,11.5
2025-11-16 08:00:00,15.0,66,0.0,6.9,0,157.0,82.0,13.6
2025-11-16 09:00:00,18.0,55,0.0,4.8,0,333.0,221.0,16.9
2025-11-16 10:00:00,21.0,45,0.0,5.7,0,487.0,354.0,19.8
2025-11-16 11:00:00,23.7,37,0.0,7.7,0,591.0,445.0,22.3
2025-11-16 12:00:00,25.6,29,0.0,10.2,0,631.0,481.0,23.6
2025-11-16 13:00:00,26.5,26,0.0,11.4,0,603.0,457.0,24.0
2025-11-16 14:00:00,26.8,24,0.0,11.6,0,511.0,376.0,23.7
2025-11-16 15:00:00,26.4,24,0.0,11.5,0,365.0,250.0,23.3
2025-11-16 16:00:00,25.5,26,0.0,9.8,0,191.0,108.0,22.8
2025-11-16 17:00:00,23.0,34,0.0,5.7,0,41.0,14.0,21.3
2025-11-16 18:00:00,22.3,36,0.0,6.2,0,0.0,0.0,20.5
2025-11-16 19:00:00,21.1,40,0.0,6.5,0,0.0,0.0,19.3
2025-11-16 20:00:00,19.7,45,0.0,5.7,0,0.0,0.0,18.2
2025-11-16 21:00:00,18.9,47,0.0,6.1,0,0.0,0.0,17.3
2025-11-16 22:00:00,18.3,48,0.0,6.5,0,0.0,0.0,16.5
2025-11-16 23:00:00,17.4,52,0.0,6.2,0,0.0,0.0,15.8
2025-11-17 00:00:00,15.9,56,0.0,5.8,0,0.0,0.0,14.3
2025-11-17 01:00:00,14.8,60,0.0,5.2,0,0.0,0.0,13.3
2025-11-17 02:00:00,14.3,62,0.0,5.2,0,0.0,0.0,12.7
2025-11-17 03:00:00,13.7,63,0.0,5.2,0,0.0,0.0,12.1
2025-11-17 04:00:00,13.2,65,0.0,5.4,0,0.0,0.0,11.5
2025-11-17 05:00:00,12.3,73,0.0,5.2,0,0.0,0.0,10.9
2025-11-17 06:00:00,12.3,73,0.0,5.5,0,0.0,0.0,10.8
2025-11-17 07:00:00,12.7,70,0.0,6.4,0,22.0,6.0,11.0
2025-11-17 08:00:00,14.8,63,0.0,6.8,0,154.0,80.0,13.2
2025-11-17 09:00:00,17.8,52,0.0,4.7,1,327.0,217.0,16.5
2025-11-17 10:00:00,20.6,42,0.0,4.4,0,479.0,347.0,19.3
2025-11-17 11:00:00,23.2,36,0.0,4.4,0,582.0,438.0,22.0
2025-11-17 12:00:00,25.0,30,0.0,5.9,0,622.0,474.0,23.6
2025-11-17 13:00:00,25.7,29,0.0,6.5,0,594.0,449.0,24.1
2025-11-17 14:00:00,26.0,28,0.0,6.1,0,503.0,368.0,24.2
2025-11-17 15:00:00,25.8,29,0.0,5.6,0,359.0,244.0,24.0
2025-11-17 16:00:00,25.1,30,0.0,5.3,0,186.0,104.0,23.4
2025-11-17 17:00:00,22.7,43,0.0,3.5,0,39.0,13.0,22.0
2025-11-17 18:00:00,22.0,43,0.0,2.7,0,0.0,0.0,21.3
2025-11-17 19:00:00,21.3,45,0.0,1.3,0,0.0,0.0,20.7
2025-11-17 20:00:00,20.4,48,0.0,1.6,0,0.0,0.0,19.9
2025-11-17 21:00:00,19.6,52,0.0,1.5,0,0.0,0.0,19.1
2025-11-17 22:00:00,18.8,55,0.0,1.1,0,0.0,0.0,18.6
2025-11-17 23:00:00,17.7,60,0.0,2.0,0,0.0,0.0,17.3
2025-11-18 00:00:00,16.6,64,0.0,2.1,0,0.0,0.0,16.1
2025-11-18 01:00:00,16.0,66,0.0,2.1,0,0.0,0.0,15.5
2025-11-18 02:00:00,15.5,67,0.0,1.7,0,0.0,0.0,15.1
2025-11-18 03:00:00,15.1,68,0.0,1.8,0,0.0,0.0,14.6
2025-11-18 04:00:00,14.2,72,0.0,3.3,0,0.0,0.0,13.4
2025-11-18 05:00:00,14.5,70,0.0,2.3,0,0.0,0.0,13.9
2025-11-18 06:00:00,13.5,74,0.0,4.2,0,0.0,0.0,12.6
2025-11-18 07:00:00,13.6,74,0.0,5.1,0,21.0,5.0,12.5
2025-11-18 08:00:00,15.3,68,0.0,4.9,5,149.0,76.0,14.4
2025-11-18 09:00:00,18.0,58,0.0,3.5,0,321.0,210.0,17.3
2025-11-18 10:00:00,20.8,48,0.0,3.9,0,471.0,339.0,20.0
2025-11-18 11:00:00,23.4,40,0.0,5.6,11,573.0,429.0,22.4
2025-11-18 12:00:00,24.9,34,0.0,6.9,9,612.0,462.0,23.8
2025-11-18 13:00:00,25.6,34,0.0,7.6,2,585.0,439.0,24.2
2025-11-18 14:00:00,25.8,34,0.0,7.7,2,495.0,360.0,24.3
2025-11-18 15:00:00,25.7,36,0.0,7.8,0,352.0,237.0,24.3
2025-11-18 16:00:00,24.9,41,0.0,7.5,2,182.0,100.0,24.0
2025-11-18 17:00:00,22.6,54,0.0,4.6,0,38.0,12.0,22.8
2025-11-18 18:00:00,21.9,59,0.0,3.4,0,0.0,0.0,22.4
2025-11-18 19:00:00,21.4,61,0.0,2.2,0,0.0,0.0,22.2
2025-11-18 20:00:00,20.9,63,0.0,0.9,0,0.0,0.0,21.9
2025-11-18 21:00:00,19.9,66,0.0,0.9,0,0.0,0.0,20.8
2025-11-18 22:00:00,18.5,70,0.0,3.8,0,0.0,0.0,18.8
2025-11-18 23:00:00,17.1,77,0.0,3.9,0,0.0,0.0,17.5
2025-11-19 00:00:00,16.2,80,0.0,3.2,0,0.0,0.0,16.6
2025-11-19 01:00:00,15.6,83,0.0,3.0,5,0.0,0.0,15.9
2025-11-19 02:00:00,15.2,83,0.0,4.0,0,0.0,0.0,15.3
2025-11-19 03:00:00,14.7,84,0.0,4.4,0,0.0,0.0,14.6
2025-11-19 04:00:00,14.2,83,0.0,4.0,0,0.0,0.0,14.0
2025-11-19 05:00:00,13.6,84,0.0,3.7,0,0.0,0.0,13.3
2025-11-19 06:00:00,13.3,83,0.0,4.0,0,0.0,0.0,12.8
2025-11-19 07:00:00,13.8,79,0.0,4.2,0,19.0,5.0,13.2
2025-11-19 08:00:00,15.7,71,0.0,2.2,0,145.0,73.0,15.5
2025-11-19 09:00:00,18.7,59,0.0,0.4,0,314.0,204.0,18.8
2025-11-19 10:00:00,21.7,50,0.0,1.1,0,464.0,331.0,21.8
2025-11-19 11:00:00,24.0,46,0.0,5.3,0,565.0,420.0,23.7
2025-11-19 12:00:00,25.3,40,0.0,5.9,36,603.0,454.0,25.0
2025-11-19 13:00:00,25.9,38,0.0,5.4,5,576.0,429.0,25.4
2025-11-19 14:00:00,26.0,37,0.0,4.8,5,486.0,351.0,25.4
2025-11-19 15:00:00,25.8,37,0.0,4.4,9,346.0,231.0,25.2
2025-11-19 16:00:00,25.1,40,0.0,4.8,2,178.0,97.0,24.5
2025-11-19 17:00:00,23.4,48,0.0,4.4,0,37.0,12.0,23.3
2025-11-19 18:00:00,22.5,56,0.0,3.5,0,0.0,0.0,22.9
2025-11-19 19:00:00,21.8,59,0.0,0.9,1,0.0,0.0,22.8
2025-11-19 20:00:00,21.1,63,0.0,0.4,5,0.0,0.0,22.3
2025-11-19 21:00:00,20.4,64,0.0,0.6,2,0.0,0.0,21.4
2025-11-19 22:00:00,20.0,65,0.0,0.7,0,0.0,0.0,20.9
2025-11-19 23:00:00,18.8,71,0.0,1.2,0,0.0,0.0,19.7
2025-11-20 00:00:00,18.1,73,0.0,1.3,2,0.0,0.0,18.9
2025-11-20 01:00:00,17.4,76,0.0,2.5,0,0.0,0.0,18.0
2025-11-20 02:00:00,16.4,80,0.0,4.2,0,0.0,0.0,16.6
2025-11-20 03:00:00,16.0,79,0.0,4.2,0,0.0,0.0,16.1
2025-11-20 04:00:00,15.3,81,0.0,4.6,0,0.0,0.0,15.2
2025-11-20 05:00:00,14.4,85,0.0,4.4,0,0.0,0.0,14.4
2025-11-20 06:00:00,14.1,85,0.0,4.2,0,0.0,0.0,14.0
2025-11-20 07:00:00,14.4,84,0.0,4.5,0,18.0,4.0,14.2
2025-11-20 08:00:00,16.2,76,0.0,3.4,0,140.0,68.0,16.3
2025-11-20 09:00:00,19.2,65,0.0,1.5,0,306.0,195.0,19.8
2025-11-20 10:00:00,22.2,54,0.0,1.1,0,454.0,321.0,22.8
2025-11-20 11:00:00,24.4,46,0.0,4.7,0,555.0,410.0,24.3
2025-11-20 12:00:00,25.6,42,0.0,5.3,0,596.0,447.0,25.6
2025-11-20 13:00:00,26.0,41,0.0,4.9,0,571.0,425.0,25.9
2025-11-20 14:00:00,26.1,40,0.0,4.5,0,482.0,347.0,25.9
2025-11-20 15:00:00,25.7,41,0.0,4.9,0,343.0,228.0,25.4
2025-11-20 16:00:00,25.0,43,0.0,5.6,0,176.0,95.0,24.6
2025-11-20 17:00:00,23.4,50,0.0,4.9,0,36.0,12.0,23.4
2025-11-20 18:00:00,22.0,57,0.0,4.1,0,0.0,0.0,22.4
2025-11-20 19:00:00,21.0,62,0.0,4.1,0,0.0,0.0,21.4
2025-11-20 20:00:00,20.6,63,0.0,2.0,0,0.0,0.0,21.3
2025-11-20 21:00:00,20.1,66,0.0,0.5,0,0.0,0.0,21.1
2025-11-20 22:00:00,19.2,68,0.0,0.7,0,0.0,0.0,20.1
2025-11-20 23:00:00,18.3,72,0.0,0.7,0,0.0,0.0,19.1
2025-11-21 00:00:00,17.5,73,0.0,0.6,0,0.0,0.0,18.2
2025-11-21 01:00:00,16.8,75,0.0,1.5,0,0.0,0.0,17.3
2025-11-21 02:00:00,16.4,75,0.0,1.4,0,0.0,0.0,16.8
2025-11-21 03:00:00,16.2,74,0.0,0.9,0,0.0,0.0,16.5
2025-11-21 04:00:00,15.9,75,0.0,0.9,0,0.0,0.0,16.2
2025-11-21 05:00:00,15.1,78,0.0,2.3,0,0.0,0.0,15.2
2025-11-21 06:00:00,14.5,81,0.0,4.1,0,0.0,0.0,14.3
2025-11-21 07:00:00,15.0,79,0.0,4.6,0,17.0,4.0,14.8
2025-11-21 08:00:00,17.7,69,0.0,5.3,0,137.0,67.0,17.5
2025-11-21 09:00:00,20.5,62,0.0,3.2,0,303.0,193.0,20.9
2025-11-21 10:00:00,22.8,55,0.0,4.7,0,451.0,318.0,23.2
2025-11-21 11:00:00,24.5,46,0.0,6.1,0,551.0,406.0,24.2
2025-11-21 12:00:00,25.6,40,0.0,4.7,0,592.0,442.0,25.5
2025-11-21 13:00:00,26.1,38,0.0,3.5,0,567.0,420.0,25.9
2025-11-21 14:00:00,26.2,38,0.0,3.1,0,479.0,343.0,25.9
2025-11-21 15:00:00,26.0,38,0.0,3.4,0,340.0,225.0,25.6
2025-11-21 16:00:00,25.4,39,0.0,4.6,0,175.0,94.0,24.9
2025-11-21 17:00:00,23.5,50,0.0,3.2,0,35.0,11.0,23.8
2025-11-21 18:00:00,22.9,55,0.0,0.7,0,0.0,0.0,23.9
2025-11-21 19:00:00,21.6,57,0.0,2.0,0,0.0,0.0,22.1
2025-11-21 20:00:00,20.6,61,0.0,2.7,0,0.0,0.0,21.1
2025-11-21 21:00:00,20.1,62,0.0,2.8,0,0.0,0.0,20.5
2025-11-21 22:00:00,19.3,66,0.0,3.1,0,0.0,0.0,19.8
2025-11-21 23:00:00,18.6,72,0.0,2.9,0,0.0,0.0,19.2
2025-11-22 00:00:00,18.2,73,0.0,1.3,0,0.0,0.0,19.0
2025-11-22 01:00:00,17.8,74,0.0,0.9,0,0.0,0.0,18.7
2025-11-22 02:00:00,17.4,76,0.0,0.3,0,0.0,0.0,18.3
2025-11-22 03:00:00,16.7,78,0.0,0.9,0,0.0,0.0,17.5
2025-11-22 04:00:00,15.9,80,0.0,2.1,0,0.0,0.0,16.3
2025-11-22 05:00:00,14.8,84,0.0,3.0,0,0.0,0.0,15.0
2025-11-22 06:00:00,14.1,87,0.0,3.5,0,0.0,0.0,14.2
2025-11-22 07:00:00,14.4,86,0.0,4.4,0,17.0,4.0,14.3
2025-11-22 08:00:00,16.7,76,0.0,5.2,0,138.0,68.0,16.6
2025-11-22 09:00:00,20.0,63,0.0,4.0,0,307.0,199.0,20.3
2025-11-22 10:00:00,22.9,51,0.0,4.7,0,457.0,327.0,22.9
2025-11-22 11:00:00,24.6,37,0.0,5.8,0,560.0,417.0,23.5
2025-11-22 12:00:00,25.7,32,0.0,6.0,0,600.0,454.0,24.5
2025-11-22 13:00:00,26.1,30,0.0,7.1,0,575.0,431.0,24.4
2025-11-22 14:00:00,26.2,29,0.0,7.7,0,487.0,354.0,24.2
2025-11-22 15:00:00,25.8,29,0.0,8.2,0,346.0,233.0,23.6
2025-11-22 16:00:00,25.0,30,0.0,7.9,0,178.0,98.0,22.9
2025-11-22 17:00:00,22.7,43,0.0,4.1,0,36.0,12.0,21.9
2025-11-22 18:00:00,21.8,46,0.0,3.6,0,0.0,0.0,21.2
2025-11-22 19:00:00,21.4,48,0.0,2.0,0,0.0,0.0,21.0
2025-11-22 20:00:00,20.8,50,0.0,1.4,0,0.0,0.0,20.5
2025-11-22 21:00:00,20.1,51,0.0,1.4,0,0.0,0.0,19.8
2025-11-22 22:00:00,19.4,53,0.0,1.6,0,0.0,0.0,19.0
2025-11-22 23:00:00,19.0,56,0.0,1.1,0,0.0,0.0,18.8
2025-11-23 00:00:00,17.8,59,0.0,2.1,0,0.0,0.0,17.4
2025-11-23 01:00:00,17.0,63,0.0,2.0,0,0.0,0.0,16.7
2025-11-23 02:00:00,16.1,68,0.0,1.5,0,0.0,0.0,15.9
2025-11-23 03:00:00,14.6,74,0.0,3.5,0,0.0,0.0,14.1
2025-11-23 04:00:00,13.7,78,0.0,3.9,0,0.0,0.0,13.1
2025-11-23 05:00:00,13.2,82,0.0,3.5,0,0.0,0.0,12.8
2025-11-23 06:00:00,13.2,82,0.0,2.5,0,0.0,0.0,12.8
2025-11-23 07:00:00,13.5,80,0.0,3.2,0,16.0,4.0,13.1
2025-11-23 08:00:00,15.8,70,0.0,4.0,0,135.0,66.0,15.2
2025-11-23 09:00:00,19.3,57,0.0,2.2,0,303.0,196.0,19.1
2025-11-23 10:00:00,22.1,46,0.0,1.8,0,453.0,323.0,21.8
2025-11-23 11:00:00,24.0,39,0.0,2.7,0,556.0,414.0,23.4
2025-11-23 12:00:00,25.5,31,0.0,5.1,0,597.0,451.0,24.4
2025-11-23 13:00:00,25.9,29,0.0,7.2,0,572.0,429.0,24.1
2025-11-23 14:00:00,25.9,28,0.0,7.8,0,485.0,353.0,23.7
2025-11-23 15:00:00,25.4,29,0.0,8.1,0,346.0,234.0,23.2
2025-11-23 16:00:00,24.4,33,0.0,7.9,0,178.0,99.0,22.5
2025-11-23 17:00:00,22.3,42,0.0,4.9,0,36.0,12.0,21.3
2025-11-23 18:00:00,21.5,46,0.0,4.4,0,0.0,0.0,20.7
2025-11-23 19:00:00,20.4,52,0.0,4.3,0,0.0,0.0,19.7
2025-11-23 20:00:00,19.4,56,0.0,4.3,0,0.0,0.0,18.9
2025-11-23 21:00:00,18.4,60,0.0,4.2,0,0.0,0.0,17.9
2025-11-23 22:00:00,17.8,63,0.0,3.1,0,0.0,0.0,17.5
2025-11-23 23:00:00,17.2,66,0.0,3.3,0,0.0,0.0,16.9
2025-11-24 00:00:00,16.3,69,0.0,3.1,0,0.0,0.0,16.0
2025-11-24 01:00:00,15.7,71,0.0,2.5,0,0.0,0.0,15.5
2025-11-24 02:00:00,14.8,75,0.0,3.6,0,0.0,0.0,14.3
2025-11-24 03:00:00,13.9,79,0.0,3.8,0,0.0,0.0,13.4
2025-11-24 04:00:00,13.2,81,0.0,4.5,0,0.0,0.0,12.5
2025-11-24 05:00:00,12.4,88,0.0,4.5,0,0.0,0.0,11.8
2025-11-24 06:00:00,12.2,88,0.0,4.0,0,0.0,0.0,11.7
2025-11-24 07:00:00,12.7,84,0.0,4.5,0,15.0,3.0,12.1
2025-11-24 08:00:00,14.7,75,0.0,4.5,0,133.0,65.0,14.1
2025-11-24 09:00:00,17.8,62,0.0,2.6,0,300.0,193.0,17.5
2025-11-24 10:00:00,20.6,52,0.0,2.2,0,449.0,320.0,20.3
2025-11-24 11:00:00,22.8,42,0.0,3.9,0,552.0,410.0,22.0
2025-11-24 12:00:00,24.2,36,0.0,4.6,0,595.0,449.0,23.3
2025-11-24 13:00:00,24.8,31,0.0,5.5,0,571.0,429.0,23.3
2025-11-24 14:00:00,25.0,30,0.0,6.3,0,484.0,353.0,23.1
2025-11-24 15:00:00,24.8,29,0.0,6.9,0,345.0,233.0,22.6
2025-11-24 16:00:00,23.9,31,0.0,6.9,0,178.0,98.0,21.9
2025-11-24 17:00:00,21.5,44,0.0,4.4,0,35.0,12.0,20.5
2025-11-24 18:00:00,20.7,47,0.0,3.9,0,0.0,0.0,19.8
2025-11-24 19:00:00,20.0,49,0.0,2.7,0,0.0,0.0,19.3
2025-11-24 20:00:00,19.0,52,0.0,3.1,0,0.0,0.0,18.3
2025-11-24 21:00:00,18.1,55,0.0,3.3,0,0.0,0.0,17.3
2025-11-24 22:00:00,17.2,58,0.0,3.4,0,0.0,0.0,16.4
2025-11-24 23:00:00,16.4,63,0.0,3.4,0,0.0,0.0,15.7
2025-11-25 00:00:00,15.3,66,0.0,3.6,0,0.0,0.0,14.5
2025-11-25 01:00:00,14.5,67,0.0,4.8,0,0.0,0.0,13.3
2025-11-25 02:00:00,13.6,72,0.0,4.0,0,0.0,0.0,12.6
2025-11-25 03:00:00,12.8,75,0.0,4.5,0,0.0,0.0,11.7
2025-11-25 04:00:00,12.2,77,0.0,4.4,0,0.0,0.0,11.1
2025-11-25 05:00:00,11.6,82,0.0,4.3,0,0.0,0.0,10.6
2025-11-25 06:00:00,11.4,83,0.0,4.5,0,0.0,0.0,10.3
2025-11-25 07:00:00,11.8,80,0.0,5.9,0,15.0,3.0,10.5
2025-11-25 08:00:00,13.7,72,0.0,6.5,0,133.0,65.0,12.4
2025-11-25 09:00:00,16.7,59,0.0,4.3,0,301.0,194.0,15.7
2025-11-25 10:00:00,19.5,50,0.0,4.8,0,451.0,322.0,18.5
2025-11-25 11:00:00,21.9,42,0.0,7.1,0,554.0,412.0,20.5
2025-11-25 12:00:00,23.3,36,0.0,8.3,0,595.0,449.0,21.6
2025-11-25 13:00:00,23.8,35,0.0,8.3,0,570.0,427.0,22.0
2025-11-25 14:00:00,24.0,34,0.0,8.6,0,483.0,351.0,22.0
2025-11-25 15:00:00,23.6,34,0.0,8.7,0,344.0,232.0,21.5
2025-11-25 16:00:00,22.8,35,0.0,8.3,0,177.0,98.0,20.7
2025-11-25 17:00:00,20.7,44,0.0,5.0,0,35.0,12.0,19.3
2025-11-25 18:00:00,20.0,46,0.0,5.2,0,0.0,0.0,18.6
2025-11-25 19:00:00,18.9,51,0.0,5.3,0,0.0,0.0,17.7
2025-11-25 20:00:00,17.8,55,0.0,5.4,0,0.0,0.0,16.7
2025-11-25 21:00:00,16.9,60,0.0,5.3,0,0.0,0.0,15.8
2025-11-25 22:00:00,16.0,63,0.0,5.2,0,0.0,0.0,15.0
2025-11-25 23:00:00,15.3,68,0.0,5.2,0,0.0,0.0,14.3
2025-11-26 00:00:00,14.8,67,0.0,5.4,0,0.0,0.0,13.6
2025-11-26 01:00:00,14.1,69,0.0,5.2,0,0.0,0.0,13.0
2025-11-26 02:00:00,13.3,73,0.0,4.7,0,0.0,0.0,12.2
2025-11-26 03:00:00,12.5,76,0.0,4.1,0,0.0,0.0,11.5
2025-11-26 04:00:00,11.9,79,0.0,4.0,0,0.0,0.0,10.8
2025-11-26 05:00:00,11.4,85,0.0,4.5,0,0.0,0.0,10.4
2025-11-26 06:00:00,11.2,86,0.0,4.1,0,0.0,0.0,10.2
2025-11-26 07:00:00,11.5,83,0.0,4.0,0,14.0,3.0,10.6
2025-11-26 08:00:00,13.5,74,0.0,4.3,0,130.0,63.0,12.6
2025-11-26 09:00:00,16.5,62,0.0,2.6,0,297.0,192.0,15.9
2025-11-26 10:00:00,19.3,51,0.0,2.0,0,449.0,321.0,18.8
2025-11-26 11:00:00,21.2,43,0.0,2.9,0,555.0,415.0,20.2
2025-11-26 12:00:00,22.9,35,0.0,3.4,0,599.0,454.0,21.8
2025-11-26 13:00:00,23.6,32,0.0,3.6,0,576.0,434.0,22.2
2025-11-26 14:00:00,23.9,31,0.0,3.9,0,488.0,357.0,22.2
2025-11-26 15:00:00,23.7,31,0.0,4.8,0,347.0,236.0,21.9
2025-11-26 16:00:00,22.9,33,0.0,5.4,0,178.0,99.0,21.0
2025-11-26 17:00:00,20.6,45,0.0,3.5,0,35.0,12.0,19.6
2025-11-26 18:00:00,19.6,46,0.0,4.0,0,0.0,0.0,18.4
2025-11-26 19:00:00,18.8,51,0.0,4.0,0,0.0,0.0,17.8
2025-11-26 20:00:00,18.4,52,0.0,2.8,0,0.0,0.0,17.5
2025-11-26 21:00:00,17.6,54,0.0,2.7,0,0.0,0.0,16.7
2025-11-26 22:00:00,17.2,56,0.0,1.0,0,0.0,0.0,16.7
2025-11-26 23:00:00,16.4,60,0.0,0.6,0,0.0,0.0,15.9
2025-11-27 00:00:00,15.9,61,0.0,0.4,0,0.0,0.0,15.3
2025-11-27 01:00:00,15.6,62,0.0,0.4,0,0.0,0.0,15.1
2025-11-27 02:00:00,14.8,65,0.0,0.6,0,0.0,0.0,14.2
2025-11-27 03:00:00,14.0,67,0.0,0.8,0,0.0,0.0,13.4
2025-11-27 04:00:00,13.4,70,0.0,1.0,0,0.0,0.0,12.7
2025-11-27 05:00:00,13.3,71,0.0,0.6,0,0.0,0.0,12.7
2025-11-27 06:00:00,12.8,74,0.0,1.1,0,0.0,0.0,12.1
2025-11-27 07:00:00,12.6,77,0.0,1.6,0,13.0,3.0,12.0
2025-11-27 08:00:00,14.5,71,0.0,2.8,0,129.0,63.0,13.9
2025-11-27 09:00:00,17.4,59,0.0,2.0,0,297.0,192.0,16.9
2025-11-27 10:00:00,19.9,47,0.0,3.0,0,448.0,321.0,19.0
2025-11-27 11:00:00,21.6,35,0.0,3.3,0,552.0,413.0,20.0
2025-11-27 12:00:00,23.2,31,0.0,3.1,0,594.0,450.0,21.8
2025-11-27 13:00:00,24.0,29,0.0,2.1,0,570.0,429.0,22.6
2025-11-27 14:00:00,24.4,29,0.0,2.1,0,483.0,353.0,22.9
2025-11-27 15:00:00,24.3,29,0.0,2.6,0,344.0,233.0,22.7
2025-11-27 16:00:00,23.5,32,0.0,3.1,0,176.0,98.0,22.0
2025-11-27 17:00:00,21.3,46,0.0,2.1,0,34.0,12.0,20.7
2025-11-27 18:00:00,20.3,49,0.0,2.2,0,0.0,0.0,19.8
2025-11-27 19:00:00,19.3,54,0.0,2.5,0,0.0,0.0,18.9
2025-11-27 20:00:00,18.6,58,0.0,2.5,0,0.0,0.0,18.3
2025-11-27 21:00:00,17.7,62,0.0,2.9,0,0.0,0.0,17.4
2025-11-27 22:00:00,16.9,66,0.0,3.4,0,0.0,0.0,16.5
2025-11-27 23:00:00,16.2,71,0.0,3.3,0,0.0,0.0,15.9
2025-11-28 00:00:00,15.3,74,0.0,3.7,0,0.0,0.0,14.9
2025-11-28 01:00:00,14.7,75,0.0,3.8,0,0.0,0.0,14.2
2025-11-28 02:00:00,14.2,76,0.0,3.1,1,0.0,0.0,13.7
2025-11-28 03:00:00,13.4,79,0.0,3.9,1,0.0,0.0,12.8
2025-11-28 04:00:00,12.5,84,0.0,4.8,0,0.0,0.0,11.8
2025-11-28 05:00:00,11.8,88,0.0,3.9,0,0.0,0.0,11.2
2025-11-28 06:00:00,11.5,88,0.0,3.8,0,0.0,0.0,10.8
2025-11-28 07:00:00,12.1,84,0.0,4.1,0,12.0,3.0,11.3
2025-11-28 08:00:00,14.2,73,0.0,6.3,0,123.0,60.0,13.1
2025-11-28 09:00:00,16.7,63,0.0,5.0,0,287.0,184.0,15.9
2025-11-28 10:00:00,19.3,53,0.0,4.8,0,434.0,309.0,18.4
2025-11-28 11:00:00,21.8,44,0.0,5.2,26,536.0,399.0,20.7
2025-11-28 12:00:00,23.6,36,0.0,5.3,55,537.0,366.0,22.2
2025-11-28 13:00:00,24.6,32,0.0,6.4,47,443.0,241.0,22.8
2025-11-28 14:00:00,25.2,30,0.0,7.0,23,415.0,262.0,23.3
2025-11-28 15:00:00,25.2,29,0.0,7.6,5,319.0,204.0,23.1
2025-11-28 16:00:00,24.3,33,0.0,7.7,0,166.0,88.0,22.4
2025-11-28 17:00:00,20.8,54,0.0,4.0,1,33.0,11.0,20.6
2025-11-28 18:00:00,20.5,52,0.0,4.7,0,0.0,0.0,19.9
2025-11-28 19:00:00,19.8,54,0.0,5.1,1,0.0,0.0,19.2
2025-11-28 20:00:00,19.1,57,0.0,5.6,5,0.0,0.0,18.4
2025-11-28 21:00:00,18.4,60,0.0,5.5,12,0.0,0.0,17.7
2025-11-28 22:00:00,17.6,64,0.0,5.4,1,0.0,0.0,17.0
2025-11-28 23:00:00,16.5,71,0.0,5.2,2,0.0,0.0,16.0
2025-11-29 00:00:00,15.9,71,0.0,5.6,0,0.0,0.0,15.3
2025-11-29 01:00:00,15.5,71,0.0,6.2,0,0.0,0.0,14.6
2025-11-29 02:00:00,15.0,72,0.0,6.5,0,0.0,0.0,14.0
2025-11-29 03:00:00,14.7,71,0.0,7.3,0,0.0,0.0,13.5
2025-11-29 04:00:00,14.4,71,0.0,7.4,0,0.0,0.0,13.0
2025-11-29 05:00:00,13.9,73,0.0,7.8,0,0.0,0.0,12.5
2025-11-29 06:00:00,13.7,73,0.0,7.5,0,0.0,0.0,12.3
2025-11-29 07:00:00,13.7,73,0.0,7.5,0,11.0,2.0,12.3
2025-11-29 08:00:00,15.1,68,0.0,8.0,0,118.0,54.0,13.8
2025-11-29 09:00:00,17.4,60,0.0,6.2,0,276.0,171.0,16.4
2025-11-29 10:00:00,20.1,49,0.0,6.2,0,425.0,299.0,19.0
2025-11-29 11:00:00,23.0,41,0.0,6.6,0,528.0,388.0,21.7
2025-11-29 12:00:00,25.1,32,0.0,8.2,0,570.0,426.0,23.3
2025-11-29 13:00:00,25.9,30,0.0,10.9,0,549.0,408.0,23.6
2025-11-29 14:00:00,25.9,32,0.0,11.5,0,466.0,335.0,23.6
2025-11-29 15:00:00,25.4,34,0.0,11.2,0,331.0,220.0,23.4
2025-11-29 16:00:00,24.5,36,0.0,9.4,0,169.0,90.0,22.7
2025-11-29 17:00:00,22.5,42,0.0,5.2,1,33.0,11.0,21.4
2025-11-29 18:00:00,21.5,44,0.0,5.2,0,0.0,0.0,20.4
2025-11-29 19:00:00,20.5,47,0.0,5.5,0,0.0,0.0,19.4
2025-11-29 20:00:00,19.5,50,0.0,6.1,0,0.0,0.0,18.2
2025-11-29 21:00:00,18.6,52,0.0,6.3,0,0.0,0.0,17.2
2025-11-29 22:00:00,17.7,53,0.0,5.8,0,0.0,0.0,16.3
2025-11-29 23:00:00,16.6,58,0.0,5.8,0,0.0,0.0,15.3
2025-11-30 00:00:00,16.1,57,0.0,6.5,0,0.0,0.0,14.5
2025-11-30 01:00:00,15.1,58,0.0,5.5,51,0.0,0.0,13.4
2025-11-30 02:00:00,14.0,60,0.0,4.7,76,0.0,0.0,12.3
2025-11-30 03:00:00,13.4,60,0.0,4.7,82,0.0,0.0,11.6
2025-11-30 04:00:00,12.8,61,0.0,5.0,95,0.0,0.0,11.0
2025-11-30 05:00:00,12.5,68,0.0,5.5,100,0.0,0.0,10.8
2025-11-30 06:00:00,11.7,71,0.0,5.6,100,0.0,0.0,10.0
2025-11-30 07:00:00,11.9,71,0.0,6.8,81,11.0,1.0,10.0
2025-11-30 08:00:00,13.4,65,0.0,7.4,98,117.0,49.0,11.5
2025-11-30 09:00:00,15.8,56,0.0,6.7,100,277.0,163.0,14.1
2025-11-30 10:00:00,18.5,47,0.0,7.1,98,427.0,286.0,16.6
2025-11-30 11:00:00,21.2,38,0.0,8.5,98,518.0,341.0,18.9
2025-11-30 12:00:00,23.0,32,0.0,10.4,99,555.0,368.0,20.3
2025-11-30 13:00:00,23.6,31,0.0,12.5,100,509.0,291.0,20.6
2025-11-30 14:00:00,23.4,31,0.0,12.9,99,380.0,152.0,20.4
2025-11-30 15:00:00,23.2,31,0.0,12.8,90,299.0,139.0,20.1
2025-11-30 16:00:00,22.5,32,0.0,10.6,52,171.0,85.0,19.7
2025-11-30 17:00:00,20.4,39,0.0,6.9,36,34.0,11.0,18.4
2025-11-30 18:00:00,19.5,42,0.0,7.3,16,0.0,0.0,17.5
2025-11-30 19:00:00,18.3,45,0.0,6.6,0,0.0,0.0,16.4
2025-11-30 20:00:00,17.2,47,0.0,5.8,0,0.0,0.0,15.3
2025-11-30 21:00:00,16.5,48,0.0,6.1,0,0.0,0.0,14.4
2025-11-30 22:00:00,15.7,48,0.0,5.9,0,0.0,0.0,13.5
2025-11-30 23:00:00,15.1,51,0.0,5.1,0,0.0,0.0,13.1
2025-12-01 00:00:00,13.9,51,0.0,5.7,0,0.0,0.0,11.6
2025-12-01 01:00:00,13.2,53,0.0,5.2,0,0.0,0.0,10.9
2025-12-01 02:00:00,12.6,55,0.0,4.2,0,0.0,0.0,10.5
2025-12-01 03:00:00,12.1,58,0.0,3.3,0,0.0,0.0,10.2
2025-12-01 04:00:00,11.6,60,0.0,3.1,0,0.0,0.0,9.8
2025-12-01 05:00:00,11.0,69,0.0,1.6,0,0.0,0.0,9.6
2025-12-01 06:00:00,10.2,73,0.0,0.7,0,0.0,0.0,9.0
2025-12-01 07:00:00,10.0,75,0.0,2.1,0,11.0,2.0,8.6
2025-12-01 08:00:00,12.2,65,0.0,3.7,0,122.0,60.0,10.6
2025-12-01 09:00:00,15.2,54,0.0,1.8,0,290.0,189.0,13.9
2025-12-01 10:00:00,18.1,44,0.0,1.8,0,440.0,317.0,16.7
2025-12-01 11:00:00,21.1,34,0.0,2.7,0,544.0,408.0,19.4
2025-12-01 12:00:00,23.2,28,0.0,4.8,0,587.0,448.0,21.2
2025-12-01 13:00:00,24.1,26,0.0,6.0,0,565.0,428.0,21.7
2025-12-01 14:00:00,24.3,26,0.0,6.5,0,479.0,352.0,21.8
2025-12-01 15:00:00,24.0,27,0.0,6.5,0,342.0,233.0,21.6
2025-12-01 16:00:00,23.1,30,0.0,5.0,0,175.0,98.0,21.1
2025-12-01 17:00:00,20.8,40,0.0,2.2,0,34.0,12.0,19.7
2025-12-01 18:00:00,20.0,43,0.0,1.8,0,0.0,0.0,18.9
2025-12-01 19:00:00,18.8,47,0.0,2.7,0,0.0,0.0,17.6
2025-12-01 20:00:00,17.9,51,0.0,2.7,0,0.0,0.0,16.8
2025-12-01 21:00:00,17.1,55,0.0,3.5,0,0.0,0.0,16.0
2025-12-01 22:00:00,16.3,58,0.0,4.4,0,0.0,0.0,15.1
2025-12-01 23:00:00,15.9,61,0.0,3.8,0,0.0,0.0,14.8
2025-12-02 00:00:00,14.9,65,0.0,3.3,0,0.0,0.0,13.9
2025-12-02 01:00:00,14.1,69,0.0,4.2,0,0.0,0.0,13.1
2025-12-02 02:00:00,13.6,70,0.0,5.0,0,0.0,0.0,12.3
2025-12-02 03:00:00,13.4,69,0.0,3.1,2,0.0,0.0,12.4
2025-12-02 04:00:00,13.2,69,0.0,3.1,3,0.0,0.0,12.1
2025-12-02 05:00:00,12.8,74,0.0,3.1,17,0.0,0.0,11.9
2025-12-02 06:00:00,12.7,72,0.0,4.1,8,0.0,0.0,11.5
2025-12-02 07:00:00,12.9,71,0.0,3.6,4,9.0,1.0,11.7
2025-12-02 08:00:00,15.0,61,0.0,3.7,2,110.0,47.0,13.8
2025-12-02 09:00:00,18.0,51,0.0,2.2,2,267.0,162.0,17.0
2025-12-02 10:00:00,20.8,43,0.0,2.7,0,413.0,284.0,19.8
2025-12-02 11:00:00,22.8,46,0.0,4.0,0,516.0,373.0,22.4
2025-12-02 12:00:00,24.2,46,0.0,3.5,0,561.0,414.0,24.4
2025-12-02 13:00:00,24.9,45,0.0,3.3,5,543.0,400.0,25.0
2025-12-02 14:00:00,25.2,42,0.0,4.3,12,459.0,327.0,25.0
2025-12-02 15:00:00,25.0,41,0.0,6.1,4,321.0,207.0,24.4
2025-12-02 16:00:00,24.2,44,0.0,7.5,21,164.0,85.0,23.5
2025-12-02 17:00:00,21.8,52,0.0,6.2,7,32.0,10.0,21.4
2025-12-02 18:00:00,20.9,51,0.0,6.3,0,0.0,0.0,20.1
2025-12-02 19:00:00,19.8,51,0.0,4.8,0,0.0,0.0,18.9
2025-12-02 20:00:00,18.6,55,0.0,4.5,0,0.0,0.0,17.8
2025-12-02 21:00:00,18.1,56,0.0,2.7,0,0.0,0.0,17.4
2025-12-02 22:00:00,16.7,59,0.0,4.5,0,0.0,0.0,15.7
2025-12-02 23:00:00,15.8,65,0.0,4.2,0,0.0,0.0,14.9
2025-12-03 00:00:00,14.4,67,0.0,4.5,0,0.0,0.0,13.3
2025-12-03 01:00:00,13.7,67,0.0,5.0,0,0.0,0.0,12.3
2025-12-03 02:00:00,12.8,68,0.0,4.4,0,0.0,0.0,11.3
2025-12-03 03:00:00,12.1,69,0.0,4.0,0,0.0,0.0,10.6
2025-12-03 04:00:00,11.3,71,0.0,4.2,0,0.0,0.0,9.7
2025-12-03 05:00:00,10.8,77,0.0,4.5,0,0.0,0.0,9.3
2025-12-03 06:00:00,10.3,79,0.0,4.3,0,0.0,0.0,8.8
2025-12-03 07:00:00,10.4,78,0.0,4.2,0,10.0,2.0,8.9
2025-12-03 08:00:00,12.5,69,0.0,5.1,0,118.0,57.0,10.9
2025-12-03 09:00:00,15.1,59,0.0,3.7,0,286.0,185.0,13.8
2025-12-03 10:00:00,17.9,49,0.0,5.0,0,439.0,316.0,16.3
2025-12-03 11:00:00,20.2,40,0.0,7.8,0,546.0,411.0,18.0
2025-12-03 12:00:00,21.7,34,0.0,8.0,0,591.0,451.0,19.6
2025-12-03 13:00:00,22.6,30,0.0,8.9,0,570.0,432.0,20.0
2025-12-03 14:00:00,22.9,29,0.0,9.7,0,484.0,357.0,19.9
2025-12-03 15:00:00,22.4,30,0.0,10.4,0,345.0,236.0,19.5
2025-12-03 16:00:00,21.4,34,0.0,9.4,0,177.0,100.0,18.8
2025-12-03 17:00:00,19.5,41,0.0,6.2,0,34.0,12.0,17.5
2025-12-03 18:00:00,18.8,45,0.0,6.4,0,0.0,0.0,17.0
2025-12-03 19:00:00,17.8,49,0.0,6.1,0,0.0,0.0,16.1
2025-12-03 20:00:00,16.8,52,0.0,6.6,9,0.0,0.0,15.1
2025-12-03 21:00:00,15.8,55,0.0,6.0,14,0.0,0.0,14.1
2025-12-03 22:00:00,14.9,57,0.0,5.7,49,0.0,0.0,13.2
2025-12-03 23:00:00,13.9,63,0.0,5.7,54,0.0,0.0,12.3
2025-12-04 00:00:00,12.9,66,0.0,6.1,71,0.0,0.0,11.2
2025-12-04 01:00:00,12.0,69,0.0,5.6,89,0.0,0.0,10.3
2025-12-04 02:00:00,11.5,70,0.0,5.9,37,0.0,0.0,9.7
2025-12-04 03:00:00,11.1,71,0.0,6.0,5,0.0,0.0,9.2
2025-12-04 04:00:00,10.7,72,0.0,5.9,0,0.0,0.0,8.8
2025-12-04 05:00:00,10.1,75,0.0,6.6,1,0.0,0.0,8.1
2025-12-04 06:00:00,9.8,75,0.0,7.2,7,0.0,0.0,7.6
2025-12-04 07:00:00,9.9,74,0.0,7.9,2,9.0,2.0,7.6
2025-12-04 08:00:00,11.4,68,0.0,9.1,14,117.0,56.0,9.0
2025-12-04 09:00:00,13.8,60,0.0,6.7,66,279.0,173.0,11.8
2025-12-04 10:00:00,16.4,51,0.0,7.3,82,412.0,258.0,14.4
2025-12-04 11:00:00,19.2,44,0.0,9.4,71,507.0,318.0,16.9
2025-12-04 12:00:00,20.8,38,0.0,9.8,15,566.0,392.0,18.4
2025-12-04 13:00:00,21.6,34,0.0,10.5,0,563.0,416.0,19.0
2025-12-04 14:00:00,21.9,32,0.0,10.5,0,484.0,357.0,19.0
2025-12-04 15:00:00,21.5,33,0.0,10.4,0,345.0,236.0,18.7
2025-12-04 16:00:00,20.6,36,0.0,10.0,0,178.0,100.0,17.9
2025-12-04 17:00:00,18.3,44,0.0,5.1,0,34.0,12.0,16.5
2025-12-04 18:00:00,17.5,47,0.0,4.9,0,0.0,0.0,15.8
2025-12-04 19:00:00,16.6,51,0.0,5.2,0,0.0,0.0,14.9
2025-12-04 20:00:00,15.7,54,0.0,5.9,0,0.0,0.0,13.9
2025-12-04 21:00:00,14.8,56,0.0,5.4,0,0.0,0.0,13.0
2025-12-04 22:00:00,14.0,58,0.0,5.5,0,0.0,0.0,12.1
2025-12-04 23:00:00,13.5,62,0.0,4.0,0,0.0,0.0,12.0
2025-12-05 00:00:00,12.3,65,0.0,4.6,0,0.0,0.0,10.6
2025-12-05 01:00:00,11.5,67,0.0,4.9,0,0.0,0.0,9.7
2025-12-05 02:00:00,10.9,68,0.0,4.8,0,0.0,0.0,9.0
2025-12-05 03:00:00,10.2,70,0.0,4.3,0,0.0,0.0,8.3
2025-12-05 04:00:00,9.5,74,0.0,4.7,0,0.0,0.0,7.5
2025-12-05 05:00:00,8.9,80,0.0,4.9,0,0.0,0.0,7.0
2025-12-05 06:00:00,8.6,81,0.0,4.5,0,0.0,0.0,6.8
2025-12-05 07:00:00,8.7,80,0.0,4.7,0,8.0,1.0,6.8
2025-12-05 08:00:00,10.5,71,0.0,5.2,0,113.0,54.0,8.6
2025-12-05 09:00:00,13.7,59,0.0,3.6,0,280.0,180.0,12.1
2025-12-05 10:00:00,16.8,47,0.0,3.9,0,432.0,310.0,15.0
2025-12-05 11:00:00,19.3,38,0.0,4.9,0,538.0,404.0,17.2
2025-12-05 12:00:00,20.8,31,0.0,5.2,0,582.0,443.0,18.6
2025-12-05 13:00:00,21.5,29,0.0,5.4,0,560.0,423.0,19.1
2025-12-05 14:00:00,21.8,31,0.0,5.6,0,475.0,348.0,19.5
2025-12-05 15:00:00,21.7,33,0.0,6.5,0,338.0,230.0,19.4
2025-12-05 16:00:00,20.8,37,0.0,7.5,0,174.0,97.0,18.6
2025-12-05 17:00:00,19.0,44,0.0,6.8,0,34.0,11.0,17.0
2025-12-05 18:00:00,18.2,48,0.0,5.2,0,0.0,0.0,16.6
2025-12-05 19:00:00,17.3,51,0.0,5.7,0,0.0,0.0,15.7
2025-12-05 20:00:00,16.2,56,0.0,5.6,0,0.0,0.0,14.6
2025-12-05 21:00:00,15.1,60,0.0,5.3,0,0.0,0.0,13.7
2025-12-05 22:00:00,14.4,62,0.0,5.6,0,0.0,0.0,12.9
2025-12-05 23:00:00,13.5,67,0.0,5.8,0,0.0,0.0,12.0
2025-12-06 00:00:00,12.9,66,0.0,5.9,0,0.0,0.0,11.2
2025-12-06 01:00:00,12.3,67,0.0,6.4,0,0.0,0.0,10.4
2025-12-06 02:00:00,11.8,68,0.0,7.0,0,0.0,0.0,9.8
2025-12-06 03:00:00,11.3,69,0.0,7.6,5,0.0,0.0,9.1
2025-12-06 04:00:00,10.9,70,0.0,8.1,97,0.0,0.0,8.6
2025-12-06 05:00:00,10.5,75,0.0,9.1,94,0.0,0.0,8.2
2025-12-06 06:00:00,10.2,76,0.0,9.3,0,0.0,0.0,7.9
2025-12-06 07:00:00,10.4,74,0.0,10.4,2,8.0,1.0,7.9
2025-12-06 08:00:00,11.9,68,0.0,11.5,0,110.0,52.0,9.2
2025-12-06 09:00:00,14.2,58,0.0,9.3,0,274.0,176.0,11.9
2025-12-06 10:00:00,16.8,49,0.0,9.3,12,426.0,306.0,14.4
2025-12-06 11:00:00,19.7,42,0.0,10.2,0,533.0,400.0,17.3
2025-12-06 12:00:00,21.9,35,0.0,10.2,85,579.0,441.0,19.6
2025-12-06 13:00:00,23.1,32,0.0,11.4,32,558.0,422.0,20.4
2025-12-06 14:00:00,23.6,32,0.0,11.9,55,474.0,346.0,20.8
2025-12-06 15:00:00,23.1,34,0.0,12.9,73,321.0,187.0,20.3
2025-12-06 16:00:00,22.1,36,0.0,10.9,98,165.0,75.0,19.5
2025-12-06 17:00:00,20.2,42,0.0,9.6,77,32.0,7.0,17.9
2025-12-06 18:00:00,19.4,42,0.0,10.2,87,0.0,0.0,16.9
2025-12-06 19:00:00,18.3,43,0.0,9.4,100,0.0,0.0,15.8
2025-12-06 20:00:00,17.6,44,0.0,8.9,84,0.0,0.0,15.1
2025-12-06 21:00:00,16.5,47,0.0,8.7,100,0.0,0.0,14.0
2025-12-06 22:00:00,15.9,50,0.0,8.8,96,0.0,0.0,13.4
2025-12-06 23:00:00,15.1,54,0.0,8.5,100,0.0,0.0,12.8
2025-12-07 00:00:00,14.5,57,0.0,8.3,99,0.0,0.0,12.3
2025-12-07 01:00:00,13.8,60,0.0,7.9,5,0.0,0.0,11.6
2025-12-07 02:00:00,13.2,63,0.0,8.0,13,0.0,0.0,11.0
2025-12-07 03:00:00,12.7,65,0.0,9.0,0,0.0,0.0,10.5
2025-12-07 04:00:00,12.3,67,0.0,9.4,0,0.0,0.0,10.0
2025-12-07 05:00:00,11.4,73,0.0,9.7,0,0.0,0.0,9.1
2025-12-07 06:00:00,10.8,76,0.0,9.0,0,0.0,0.0,8.6
2025-12-07 07:00:00,10.7,76,0.0,9.3,0,7.0,1.0,8.5
2025-12-07 08:00:00,12.1,70,0.0,10.4,0,106.0,50.0,9.8
2025-12-07 09:00:00,14.6,61,0.0,7.5,0,267.0,170.0,12.7
2025-12-07 10:00:00,17.4,52,0.0,7.9,0,416.0,297.0,15.5
2025-12-07 11:00:00,20.3,44,0.0,8.8,0,521.0,389.0,18.4
2025-12-07 12:00:00,22.4,39,0.0,9.0,0,567.0,431.0,20.6
2025-12-07 13:00:00,23.7,35,0.0,9.3,0,549.0,415.0,21.6
2025-12-07 14:00:00,24.1,35,0.0,9.6,0,468.0,344.0,22.1
2025-12-07 15:00:00,23.7,38,0.0,9.9,32,334.0,228.0,21.8
2025-12-07 16:00:00,22.7,41,0.0,9.7,77,171.0,93.0,21.0
2025-12-07 17:00:00,20.8,49,0.0,7.0,87,33.0,9.0,19.7
2025-12-07 18:00:00,20.3,52,0.0,8.1,72,0.0,0.0,19.1
2025-12-07 19:00:00,19.3,55,0.0,8.6,48,0.0,0.0,18.0
2025-12-07 20:00:00,18.3,58,0.0,8.2,97,0.0,0.0,17.0
2025-12-07 21:00:00,17.4,60,0.0,7.6,36,0.0,0.0,16.1
2025-12-07 22:00:00,16.6,61,0.0,7.4,56,0.0,0.0,15.3
2025-12-07 23:00:00,15.9,63,0.0,7.9,95,0.0,0.0,14.5
2025-12-08 00:00:00,15.2,64,0.0,8.0,100,0.0,0.0,13.6
2025-12-08 01:00:00,15.0,63,0.0,8.5,100,0.0,0.0,13.2
2025-12-08 02:00:00,14.6,62,0.0,8.4,99,0.0,0.0,12.7
2025-12-08 03:00:00,14.2,63,0.0,8.5,2,0.0,0.0,12.2
2025-12-08 04:00:00,13.7,65,0.0,8.7,2,0.0,0.0,11.7
2025-12-08 05:00:00,12.8,69,0.0,9.4,0,0.0,0.0,10.7
2025-12-08 06:00:00,12.2,72,0.0,9.3,0,0.0,0.0,10.1
2025-12-08 07:00:00,12.1,73,0.0,9.8,1,7.0,1.0,9.9
2025-12-08 08:00:00,13.5,67,0.0,10.8,0,104.0,49.0,11.2
2025-12-08 09:00:00,15.8,59,0.0,8.5,0,266.0,170.0,13.9
2025-12-08 10:00:00,18.6,49,0.0,8.6,0,417.0,298.0,16.7
2025-12-08 11:00:00,21.5,41,0.0,9.0,0,523.0,392.0,19.6
2025-12-08 12:00:00,23.6,36,0.0,9.5,0,571.0,435.0,21.8
2025-12-08 13:00:00,24.9,32,0.0,10.2,0,552.0,419.0,22.7
2025-12-08 14:00:00,25.2,31,0.0,11.7,0,469.0,346.0,22.7
2025-12-08 15:00:00,24.7,32,0.0,12.6,0,336.0,231.0,22.1
2025-12-08 16:00:00,23.7,35,0.0,11.1,0,175.0,99.0,21.3
2025-12-08 17:00:00,21.8,42,0.0,8.4,0,35.0,12.0,20.1
2025-12-08 18:00:00,20.7,47,0.0,9.4,0,0.0,0.0,19.0
2025-12-08 19:00:00,19.5,50,0.0,9.0,0,0.0,0.0,17.9
2025-12-08 20:00:00,18.6,51,0.0,8.7,0,0.0,0.0,16.8
2025-12-08 21:00:00,17.7,52,0.0,9.7,0,0.0,0.0,15.7
2025-12-08 22:00:00,16.8,53,0.0,9.6,0,0.0,0.0,14.7
2025-12-08 23:00:00,15.9,56,0.0,9.7,0,0.0,0.0,13.8
2025-12-09 00:00:00,15.0,58,0.0,9.5,0,0.0,0.0,12.7
2025-12-09 01:00:00,14.3,60,0.0,9.8,0,0.0,0.0,12.0
2025-12-09 02:00:00,13.7,63,0.0,10.1,0,0.0,0.0,11.3
2025-12-09 03:00:00,13.2,65,0.0,10.3,0,0.0,0.0,10.9
2025-12-09 04:00:00,12.8,67,0.0,10.5,0,0.0,0.0,10.5
2025-12-09 05:00:00,12.1,71,0.0,10.8,0,0.0,0.0,9.7
2025-12-09 06:00:00,11.7,72,0.0,10.4,0,0.0,0.0,9.4
2025-12-09 07:00:00,11.6,73,0.0,11.2,0,6.0,1.0,9.2
2025-12-09 08:00:00,12.8,68,0.0,12.7,0,106.0,51.0,10.2
2025-12-09 09:00:00,15.1,60,0.0,9.3,0,272.0,176.0,13.1
2025-12-09 10:00:00,17.9,51,0.0,8.9,0,424.0,306.0,16.0
2025-12-09 11:00:00,20.8,44,0.0,9.4,0,531.0,400.0,19.0
2025-12-09 12:00:00,22.9,38,0.0,10.7,0,576.0,440.0,20.8
2025-12-09 13:00:00,24.1,33,0.0,11.5,0,557.0,424.0,21.6
2025-12-09 14:00:00,24.5,31,0.0,11.7,0,476.0,352.0,21.8
2025-12-09 15:00:00,24.1,34,0.0,11.8,0,341.0,235.0,21.6
2025-12-09 16:00:00,23.1,38,0.0,11.0,0,176.0,100.0,20.9
2025-12-09 17:00:00,21.0,46,0.0,7.9,0,35.0,12.0,19.5
2025-12-09 18:00:00,20.3,49,0.0,8.3,0,0.0,0.0,18.9
2025-12-09 19:00:00,19.4,51,0.0,8.0,0,0.0,0.0,17.9
2025-12-09 20:00:00,18.7,52,0.0,8.3,1,0.0,0.0,17.1
2025-12-09 21:00:00,18.2,53,0.0,8.5,0,0.0,0.0,16.5
2025-12-09 22:00:00,17.5,55,0.0,8.9,0,0.0,0.0,15.7
2025-12-09 23:00:00,16.5,58,0.0,9.2,2,0.0,0.0,14.7
2025-12-10 00:00:00,15.3,62,0.0,9.3,20,0.0,0.0,13.4
2025-12-10 01:00:00,14.7,64,0.0,9.7,100,0.0,0.0,12.8
2025-12-10 02:00:00,14.2,66,0.0,9.5,0,0.0,0.0,12.2
2025-12-10 03:00:00,13.6,68,0.0,9.2,0,0.0,0.0,11.7
2025-12-10 04:00:00,13.2,70,0.0,9.4,0,0.0,0.0,11.2
2025-12-10 05:00:00,12.6,71,0.0,9.4,0,0.0,0.0,10.5
2025-12-10 06:00:00,12.1,73,0.0,9.4,3,0.0,0.0,10.1
2025-12-10 07:00:00,11.8,75,0.0,9.7,0,6.0,1.0,9.7
2025-12-10 08:00:00,13.0,70,0.0,10.3,9,103.0,48.0,10.8
2025-12-10 09:00:00,15.2,61,0.0,6.5,0,266.0,170.0,13.6
2025-12-10 10:00:00,17.9,52,0.0,5.9,0,417.0,299.0,16.5
2025-12-10 11:00:00,20.7,44,0.0,5.6,0,524.0,394.0,19.3
2025-12-10 12:00:00,22.7,38,0.0,7.1,0,570.0,435.0,21.1
2025-12-10 13:00:00,23.7,36,0.0,7.6,0,551.0,418.0,21.9
2025-12-10 14:00:00,24.1,35,0.0,8.9,0,471.0,347.0,22.1
2025-12-10 15:00:00,23.7,38,0.0,9.6,0,337.0,232.0,21.9
2025-12-10 16:00:00,22.8,43,0.0,8.2,3,174.0,98.0,21.5
2025-12-10 17:00:00,20.4,54,0.0,5.1,1,35.0,12.0,19.9
2025-12-10 18:00:00,20.3,53,0.0,5.7,0,0.0,0.0,19.5
2025-12-10 19:00:00,19.4,55,0.0,5.5,0,0.0,0.0,18.6
2025-12-10 20:00:00,18.4,58,0.0,5.2,0,0.0,0.0,17.6
2025-12-10 21:00:00,17.6,60,0.0,5.0,0,0.0,0.0,16.8
2025-12-10 22:00:00,17.0,61,0.0,5.4,20,0.0,0.0,16.1
2025-12-10 23:00:00,16.6,61,0.0,5.5,0,0.0,0.0,15.5
2025-12-11 00:00:00,15.2,64,0.0,6.0,0,0.0,0.0,13.9
2025-12-11 01:00:00,14.2,68,0.0,5.4,0,0.0,0.0,12.9
2025-12-11 02:00:00,13.2,73,0.0,5.0,0,0.0,0.0,12.0
2025-12-11 03:00:00,12.4,76,0.0,4.5,0,0.0,0.0,11.3
2025-12-11 04:00:00,12.1,78,0.0,5.1,0,0.0,0.0,10.8
2025-12-11 05:00:00,11.1,85,0.0,6.8,0,0.0,0.0,9.8
2025-12-11 06:00:00,10.8,86,0.0,6.4,0,0.0,0.0,9.4
2025-12-11 07:00:00,10.8,85,0.0,6.7,0,5.0,1.0,9.3
2025-12-11 08:00:00,12.4,76,0.0,6.9,0,99.0,46.0,11.0
2025-12-11 09:00:00,15.2,64,0.0,3.3,0,258.0,164.0,14.3
2025-12-11 10:00:00,18.3,52,0.0,3.7,0,408.0,291.0,17.2
2025-12-11 11:00:00,21.5,44,0.0,4.9,0,515.0,386.0,20.4
2025-12-11 12:00:00,23.5,37,0.0,7.1,0,564.0,430.0,21.9
2025-12-11 13:00:00,24.4,34,0.0,9.2,0,547.0,415.0,22.4
2025-12-11 14:00:00,24.7,33,0.0,10.4,0,468.0,345.0,22.4
2025-12-11 15:00:00,24.3,34,0.0,10.0,0,336.0,231.0,22.1
2025-12-11 16:00:00,23.4,38,0.0,8.0,0,175.0,99.0,21.7
2025-12-11 17:00:00,20.7,52,0.0,4.9,0,35.0,12.0,20.2
2025-12-11 18:00:00,20.0,55,0.0,4.4,0,0.0,0.0,19.6
2025-12-11 19:00:00,19.1,59,0.0,4.4,0,0.0,0.0,18.7
2025-12-11 20:00:00,18.2,62,0.0,4.5,0,0.0,0.0,17.8
2025-12-11 21:00:00,17.5,64,0.0,3.8,0,0.0,0.0,17.2
2025-12-11 22:00:00,17.1,65,0.0,3.0,0,0.0,0.0,16.8
2025-12-11 23:00:00,16.9,66,0.0,1.5,0,0.0,0.0,16.8
2025-12-12 00:00:00,15.4,71,0.0,2.7,0,0.0,0.0,15.0
2025-12-12 01:00:00,14.0,77,0.0,4.7,0,0.0,0.0,13.3
2025-12-12 02:00:00,13.2,80,0.0,5.2,0,0.0,0.0,12.4
2025-12-12 03:00:00,12.4,83,0.0,4.8,0,0.0,0.0,11.6
2025-12-12 04:00:00,11.8,85,0.0,4.5,0,0.0,0.0,10.9
2025-12-12 05:00:00,11.2,88,0.0,5.6,0,0.0,0.0,10.2
2025-12-12 06:00:00,10.5,90,0.0,4.4,0,0.0,0.0,9.6
2025-12-12 07:00:00,10.4,90,0.0,4.2,0,5.0,1.0,9.4
2025-12-12 08:00:00,12.2,82,0.0,5.1,0,99.0,47.0,11.2
2025-12-12 09:00:00,15.3,69,0.0,3.4,0,261.0,171.0,14.6
2025-12-12 10:00:00,18.4,56,0.0,2.9,0,408.0,291.0,17.8
2025-12-12 11:00:00,21.0,47,0.0,3.1,4,515.0,385.0,20.3
2025-12-12 12:00:00,22.9,40,0.0,3.4,4,564.0,430.0,22.0
2025-12-12 13:00:00,23.9,35,0.0,3.3,2,547.0,415.0,22.7
2025-12-12 14:00:00,24.4,32,0.0,3.6,0,467.0,344.0,22.9
2025-12-12 15:00:00,24.3,31,0.0,3.8,0,336.0,231.0,22.7
2025-12-12 16:00:00,23.5,34,0.0,4.0,20,175.0,99.0,22.1
2025-12-12 17:00:00,21.0,48,0.0,3.3,99,35.0,12.0,20.4
2025-12-12 18:00:00,19.9,53,0.0,3.5,94,0.0,0.0,19.4
2025-12-12 19:00:00,19.1,57,0.0,2.2,95,0.0,0.0,18.9
2025-12-12 20:00:00,18.4,61,0.0,2.2,0,0.0,0.0,18.3
2025-12-12 21:00:00,17.9,63,0.0,2.0,19,0.0,0.0,17.9
2025-12-12 22:00:00,17.2,66,0.0,2.4,0,0.0,0.0,17.0
2025-12-12 23:00:00,16.4,69,0.0,2.4,0,0.0,0.0,16.2
2025-12-13 00:00:00,15.3,75,0.0,2.3,13,0.0,0.0,15.2
2025-12-13 01:00:00,14.3,80,0.0,3.5,6,0.0,0.0,14.1
2025-12-13 02:00:00,13.9,82,0.0,1.9,0,0.0,0.0,13.8
2025-12-13 03:00:00,13.7,82,0.0,1.5,0,0.0,0.0,13.6
2025-12-13 04:00:00,13.4,83,0.0,0.9,4,0.0,0.0,13.4
2025-12-13 05:00:00,13.1,82,0.0,0.4,38,0.0,0.0,13.0
2025-12-13 06:00:00,12.8,83,0.0,0.0,97,0.0,0.0,12.7
2025-12-13 07:00:00,12.7,84,0.0,0.2,100,5.0,0.0,12.7
2025-12-13 08:00:00,14.1,79,0.0,3.1,13,76.0,14.0,13.8
2025-12-13 09:00:00,16.5,69,0.0,2.4,9,250.0,151.0,16.4
2025-12-13 10:00:00,19.3,58,0.0,3.0,4,403.0,285.0,19.1
2025-12-13 11:00:00,21.4,52,0.0,3.6,12,510.0,378.0,21.2
2025-12-13 12:00:00,23.1,44,0.0,2.8,13,559.0,423.0,22.8
2025-12-13 13:00:00,24.0,40,0.0,1.5,35,543.0,410.0,23.7
2025-12-13 14:00:00,24.5,37,0.0,1.1,100,462.0,332.0,24.1
2025-12-13 15:00:00,24.4,37,0.0,1.9,34,319.0,187.0,23.8
2025-12-13 16:00:00,23.8,39,0.0,3.5,73,174.0,98.0,22.9
2025-12-13 17:00:00,21.0,52,0.0,4.5,86,36.0,12.0,20.6
2025-12-13 18:00:00,20.2,57,0.0,4.0,78,0.0,0.0,20.0
2025-12-13 19:00:00,19.2,64,0.0,2.9,98,0.0,0.0,19.4
2025-12-13 20:00:00,18.2,68,0.0,2.4,100,0.0,0.0,18.5
2025-12-13 21:00:00,17.3,72,0.0,2.7,80,0.0,0.0,17.6
2025-12-13 22:00:00,16.3,77,0.0,4.0,100,0.0,0.0,16.4
2025-12-13 23:00:00,15.4,83,0.0,3.9,100,0.0,0.0,15.6
2025-12-14 00:00:00,14.7,85,0.0,3.1,100,0.0,0.0,15.0
2025-12-14 01:00:00,14.1,87,0.0,2.5,98,0.0,0.0,14.3
2025-12-14 02:00:00,13.7,89,0.0,1.8,74,0.0,0.0,13.9
2025-12-14 03:00:00,13.3,89,0.0,1.3,70,0.0,0.0,13.6
2025-12-14 04:00:00,13.0,90,0.0,0.8,12,0.0,0.0,13.2
2025-12-14 05:00:00,11.6,93,0.0,3.2,98,0.0,0.0,11.2
2025-12-14 06:00:00,11.2,94,0.0,4.3,3,0.0,0.0,10.6
2025-12-14 07:00:00,11.2,94,0.0,4.0,18,5.0,1.0,10.7
2025-12-14 08:00:00,13.5,86,0.0,4.5,1,95.0,42.0,13.2
2025-12-14 09:00:00,16.9,71,0.0,1.9,8,257.0,166.0,17.2
2025-12-14 10:00:00,19.8,60,0.0,1.3,4,407.0,291.0,20.1
2025-12-14 11:00:00,21.2,54,0.0,1.9,100,514.0,383.0,21.4
2025-12-14 12:00:00,22.8,48,0.0,0.8,100,523.0,331.0,23.1
2025-12-14 13:00:00,23.7,43,0.0,0.4,98,503.0,307.0,23.8
2025-12-14 14:00:00,24.2,41,0.0,0.5,83,442.0,277.0,24.1
2025-12-14 15:00:00,24.2,40,0.0,1.2,66,335.0,222.0,23.9
2025-12-14 16:00:00,23.4,51,0.0,1.0,100,173.0,90.0,24.1
2025-12-14 17:00:00,21.1,60,0.0,2.2,100,31.0,2.0,21.7
2025-12-14 18:00:00,20.2,60,0.0,3.1,100,0.0,0.0,20.5
2025-12-14 19:00:00,19.4,62,0.0,3.6,100,0.0,0.0,19.4
2025-12-14 20:00:00,18.8,65,0.0,3.1,100,0.0,0.0,19.0
2025-12-14 21:00:00,18.3,68,0.0,1.7,100,0.0,0.0,18.7
2025-12-14 22:00:00,17.9,69,0.0,0.6,92,0.0,0.0,18.5
2025-12-14 23:00:00,17.4,71,0.0,0.2,100,0.0,0.0,18.0
2025-12-15 00:00:00,16.3,75,0.0,0.9,100,0.0,0.0,16.7
2025-12-15 01:00:00,14.8,81,0.0,3.1,100,0.0,0.0,14.8
2025-12-15 02:00:00,13.6,88,0.0,5.2,98,0.0,0.0,13.3
2025-12-15 03:00:00,12.6,93,0.0,5.8,91,0.0,0.0,12.2
2025-12-15 04:00:00,12.0,95,0.0,5.0,75,0.0,0.0,11.6
2025-12-15 05:00:00,11.3,94,0.0,5.2,2,0.0,0.0,10.6
2025-12-15 06:00:00,10.9,95,0.0,5.0,22,0.0,0.0,10.2
2025-12-15 07:00:00,10.5,99,0.0,5.6,59,4.0,0.0,9.8
2025-12-15 08:00:00,11.5,97,0.0,6.3,100,79.0,25.0,10.8
2025-12-15 09:00:00,13.8,87,0.0,6.0,100,204.0,87.0,13.4
2025-12-15 10:00:00,16.1,76,0.0,4.3,20,355.0,192.0,16.0
2025-12-15 11:00:00,19.4,63,0.0,5.4,0,510.0,368.0,19.3
2025-12-15 12:00:00,21.7,51,0.0,6.1,0,567.0,432.0,21.2
2025-12-15 13:00:00,22.9,44,0.0,6.8,0,552.0,420.0,21.9
2025-12-15 14:00:00,23.3,46,0.0,7.4,0,473.0,350.0,22.5
2025-12-15 15:00:00,23.2,48,0.0,7.4,0,341.0,235.0,22.6
2025-12-15 16:00:00,22.4,50,0.0,7.1,0,179.0,102.0,21.8
2025-12-15 17:00:00,19.9,57,0.0,5.1,0,37.0,14.0,19.5
2025-12-15 18:00:00,19.1,60,0.0,4.8,0,0.0,0.0,18.7
2025-12-15 19:00:00,18.2,64,0.0,5.1,0,0.0,0.0,17.8
2025-12-15 20:00:00,17.3,68,0.0,5.4,0,0.0,0.0,16.8
2025-12-15 21:00:00,16.6,69,0.0,6.3,0,0.0,0.0,15.9
2025-12-15 22:00:00,16.2,68,0.0,7.7,0,0.0,0.0,15.1
2025-12-15 23:00:00,15.4,70,0.0,8.3,0,0.0,0.0,14.2
2025-12-16 00:00:00,14.4,73,0.0,7.9,0,0.0,0.0,13.1
2025-12-16 01:00:00,13.7,76,0.0,7.8,0,0.0,0.0,12.4
2025-12-16 02:00:00,13.2,79,0.0,8.0,0,0.0,0.0,11.9
2025-12-16 03:00:00,12.8,82,0.0,8.4,0,0.0,0.0,11.5
2025-12-16 04:00:00,12.5,85,0.0,8.9,0,0.0,0.0,11.2
2025-12-16 05:00:00,12.0,88,0.0,9.3,0,0.0,0.0,10.6
2025-12-16 06:00:00,11.8,89,0.0,9.3,0,0.0,0.0,10.4
2025-12-16 07:00:00,11.6,90,0.0,9.9,0,4.0,0.0,10.2
2025-12-16 08:00:00,13.0,83,0.0,11.2,0,93.0,42.0,11.4
2025-12-16 09:00:00,15.2,73,0.0,9.3,0,254.0,161.0,13.9
2025-12-16 10:00:00,17.8,62,0.0,10.3,0,406.0,291.0,16.4
2025-12-16 11:00:00,20.0,56,0.0,11.0,0,516.0,388.0,18.7
2025-12-16 12:00:00,21.9,48,0.0,11.7,0,566.0,433.0,20.5
2025-12-16 13:00:00,23.0,45,0.0,11.3,0,552.0,420.0,21.4
2025-12-16 14:00:00,23.3,45,0.0,11.1,0,474.0,351.0,21.9
2025-12-16 15:00:00,23.1,48,0.0,11.5,2,342.0,236.0,21.8
2025-12-16 16:00:00,22.2,52,0.0,11.1,0,180.0,103.0,21.2
2025-12-16 17:00:00,20.5,60,0.0,7.9,6,38.0,14.0,20.1
2025-12-16 18:00:00,19.6,64,0.0,8.1,2,0.0,0.0,19.2
2025-12-16 19:00:00,18.8,67,0.0,8.6,0,0.0,0.0,18.3
2025-12-16 20:00:00,18.1,69,0.0,8.9,0,0.0,0.0,17.5
2025-12-16 21:00:00,17.3,71,0.0,9.0,1,0.0,0.0,16.6
2025-12-16 22:00:00,16.6,74,0.0,8.9,16,0.0,0.0,15.9
2025-12-16 23:00:00,15.5,79,0.0,7.7,12,0.0,0.0,14.9
2025-12-17 00:00:00,14.6,83,0.0,7.9,0,0.0,0.0,14.0
2025-12-17 01:00:00,14.1,85,0.0,7.6,0,0.0,0.0,13.4
2025-12-17 02:00:00,13.5,86,0.0,8.0,3,0.0,0.0,12.7
2025-12-17 03:00:00,13.1,87,0.0,8.5,1,0.0,0.0,12.2
2025-12-17 04:00:00,12.7,88,0.0,9.1,4,0.0,0.0,11.6
2025-12-17 05:00:00,11.6,90,0.0,9.3,1,0.0,0.0,10.3
2025-12-17 06:00:00,11.4,90,0.0,9.0,0,0.0,0.0,10.1
2025-12-17 07:00:00,11.4,90,0.0,9.1,0,4.0,0.0,10.0
2025-12-17 08:00:00,12.9,82,0.0,10.5,0,91.0,41.0,11.3
2025-12-17 09:00:00,15.2,71,0.0,8.7,0,250.0,157.0,14.0
2025-12-17 10:00:00,17.8,62,0.0,8.9,0,402.0,286.0,16.6
2025-12-17 11:00:00,19.9,57,0.0,9.3,0,512.0,384.0,18.9
2025-12-17 12:00:00,21.8,51,0.0,9.2,0,562.0,428.0,20.9
2025-12-17 13:00:00,23.1,47,0.0,9.1,0,548.0,416.0,22.1
2025-12-17 14:00:00,23.8,45,0.0,8.7,0,472.0,348.0,22.8
2025-12-17 15:00:00,23.7,46,0.0,8.2,0,341.0,235.0,22.8
2025-12-17 16:00:00,22.8,50,0.0,7.6,0,180.0,103.0,22.3
2025-12-17 17:00:00,20.6,60,0.0,6.5,0,39.0,14.0,20.4
2025-12-17 18:00:00,19.6,64,0.0,7.1,0,0.0,0.0,19.4
2025-12-17 19:00:00,18.9,65,0.0,7.4,0,0.0,0.0,18.5
2025-12-17 20:00:00,18.1,66,0.0,6.9,0,0.0,0.0,17.6
2025-12-17 21:00:00,17.1,69,0.0,6.5,0,0.0,0.0,16.5
2025-12-17 22:00:00,16.1,72,0.0,5.7,0,0.0,0.0,15.6
2025-12-17 23:00:00,14.9,78,0.0,5.2,0,0.0,0.0,14.4
2025-12-18 00:00:00,14.4,79,0.0,5.3,0,0.0,0.0,13.8
2025-12-18 01:00:00,13.4,85,0.0,4.7,4,0.0,0.0,13.0
2025-12-18 02:00:00,12.8,87,0.0,4.4,80,0.0,0.0,12.3
2025-12-18 03:00:00,12.5,88,0.0,4.5,59,0.0,0.0,12.0
2025-12-18 04:00:00,12.0,89,0.0,4.7,44,0.0,0.0,11.4
2025-12-18 05:00:00,11.9,92,0.0,6.2,20,0.0,0.0,11.2
2025-12-18 06:00:00,11.8,93,0.0,6.0,27,0.0,0.0,11.1
2025-12-18 07:00:00,11.6,94,0.0,6.0,77,4.0,0.0,10.9
2025-12-18 08:00:00,12.9,89,0.0,6.7,91,91.0,39.0,12.3
2025-12-18 09:00:00,15.3,78,0.0,4.8,89,244.0,141.0,15.1
2025-12-18 10:00:00,17.8,68,0.0,5.0,97,388.0,255.0,17.6
2025-12-18 11:00:00,19.3,61,0.0,5.5,99,498.0,354.0,19.0
2025-12-18 12:00:00,21.0,52,0.0,5.7,100,537.0,369.0,20.4
2025-12-18 13:00:00,22.0,48,0.0,6.1,100,512.0,327.0,21.2
2025-12-18 14:00:00,22.5,47,0.0,7.0,100,433.0,259.0,21.7
2025-12-18 15:00:00,22.4,49,0.0,8.3,96,317.0,178.0,21.4
2025-12-18 16:00:00,21.6,53,0.0,7.8,42,175.0,89.0,20.9
2025-12-18 17:00:00,19.3,62,0.0,5.1,100,39.0,14.0,19.1
2025-12-18 18:00:00,18.2,69,0.0,4.9,100,0.0,0.0,18.2
2025-12-18 19:00:00,17.6,73,0.0,4.7,100,0.0,0.0,17.7
2025-12-18 20:00:00,17.0,76,0.0,4.7,100,0.0,0.0,17.1
2025-12-18 21:00:00,16.2,81,0.0,4.3,100,0.0,0.0,16.4
2025-12-18 22:00:00,15.4,85,0.0,4.0,100,0.0,0.0,15.7
2025-12-18 23:00:00,14.8,88,0.0,4.0,100,0.0,0.0,15.1
2025-12-19 00:00:00,13.9,91,0.0,5.0,100,0.0,0.0,13.9
2025-12-19 01:00:00,13.3,93,0.0,4.9,100,0.0,0.0,13.3
2025-12-19 02:00:00,13.0,94,0.0,5.2,100,0.0,0.0,12.9
2025-12-19 03:00:00,12.9,94,0.0,6.2,100,0.0,0.0,12.6
2025-12-19 04:00:00,12.4,95,0.0,6.8,100,0.0,0.0,11.9
2025-12-19 05:00:00,11.7,96,0.0,7.7,100,0.0,0.0,10.9
2025-12-19 06:00:00,11.2,97,0.0,6.3,99,0.0,0.0,10.5
2025-12-19 07:00:00,11.2,97,0.0,6.0,69,3.0,0.0,10.6
2025-12-19 08:00:00,12.1,95,0.0,6.4,98,74.0,20.0,11.6
2025-12-19 09:00:00,13.6,92,0.0,4.5,98,186.0,64.0,13.6
2025-12-19 10:00:00,16.2,78,0.0,4.0,63,344.0,181.0,16.4
2025-12-19 11:00:00,18.0,66,0.0,5.5,92,503.0,353.0,17.7
2025-12-19 12:00:00,20.0,55,0.0,7.0,99,563.0,419.0,19.2
2025-12-19 13:00:00,21.3,48,0.0,7.7,93,547.0,397.0,20.1
2025-12-19 14:00:00,21.9,44,0.0,7.3,77,470.0,330.0,20.6
2025-12-19 15:00:00,21.9,44,0.0,7.1,94,347.0,234.0,20.7
2025-12-19 16:00:00,21.0,50,0.0,6.9,40,185.0,103.0,20.0
2025-12-19 17:00:00,18.5,65,0.0,5.0,4,41.0,15.0,18.3
2025-12-19 18:00:00,17.6,70,0.0,5.1,1,0.0,0.0,17.5
2025-12-19 19:00:00,16.7,74,0.0,5.3,0,0.0,0.0,16.6
2025-12-19 20:00:00,15.8,78,0.0,5.2,0,0.0,0.0,15.6
2025-12-19 21:00:00,15.0,80,0.0,5.1,0,0.0,0.0,14.7
2025-12-19 22:00:00,14.2,83,0.0,4.8,0,0.0,0.0,13.9
2025-12-19 23:00:00,13.5,85,0.0,5.2,0,0.0,0.0,13.0
2025-12-20 00:00:00,12.7,86,0.0,5.1,0,0.0,0.0,12.0
2025-12-20 01:00:00,12.2,88,0.0,5.3,0,0.0,0.0,11.4
2025-12-20 02:00:00,11.6,89,0.0,5.1,0,0.0,0.0,10.8
2025-12-20 03:00:00,11.1,90,0.0,5.1,0,0.0,0.0,10.3
2025-12-20 04:00:00,10.7,92,0.0,5.2,0,0.0,0.0,9.7
2025-12-20 05:00:00,9.7,97,0.0,4.3,5,0.0,0.0,8.9
2025-12-20 06:00:00,9.6,98,0.0,3.4,34,0.0,0.0,8.9
2025-12-20 07:00:00,9.5,99,0.0,3.0,99,3.0,0.0,8.9
2025-12-20 08:00:00,10.7,95,0.0,2.1,98,74.0,23.0,10.3
2025-12-20 09:00:00,13.7,83,0.0,0.6,7,204.0,84.0,13.8
2025-12-20 10:00:00,17.0,68,0.0,1.3,24,363.0,213.0,17.2
2025-12-20 11:00:00,18.7,60,0.0,3.4,100,498.0,363.0,18.5
2025-12-20 12:00:00,20.3,54,0.0,3.0,100,544.0,395.0,20.0
2025-12-20 13:00:00,21.2,50,0.0,2.2,99,515.0,344.0,21.0
2025-12-20 14:00:00,21.8,48,0.0,1.1,98,445.0,297.0,21.7
2025-12-20 15:00:00,21.8,48,0.0,1.3,95,318.0,186.0,21.7
2025-12-20 16:00:00,21.2,51,0.0,2.5,95,173.0,89.0,21.0
2025-12-20 17:00:00,18.1,73,0.0,3.1,90,39.0,12.0,18.6
2025-12-20 18:00:00,17.2,75,0.0,6.1,88,0.0,0.0,17.1
2025-12-20 19:00:00,16.1,80,0.0,6.2,63,0.0,0.0,16.0
2025-12-20 20:00:00,15.1,84,0.0,6.4,54,0.0,0.0,14.8
2025-12-20 21:00:00,14.1,88,0.0,6.4,1,0.0,0.0,13.8
2025-12-20 22:00:00,13.3,91,0.0,6.9,1,0.0,0.0,12.8
2025-12-20 23:00:00,12.5,95,0.0,6.6,8,0.0,0.0,12.0
2025-12-21 00:00:00,12.0,96,0.0,5.3,63,0.0,0.0,11.6
2025-12-21 01:00:00,11.7,96,0.0,4.8,34,0.0,0.0,11.3
2025-12-21 02:00:00,11.3,97,0.0,4.5,10,0.0,0.0,10.9
2025-12-21 03:00:00,11.0,97,0.0,4.5,88,0.0,0.0,10.5
2025-12-21 04:00:00,10.7,98,0.0,4.8,100,0.0,0.0,10.1
2025-12-21 05:00:00,10.8,99,0.0,5.1,100,0.0,0.0,10.2
2025-12-21 06:00:00,11.0,98,0.0,5.7,100,0.0,0.0,10.3
2025-12-21 07:00:00,11.1,98,0.0,6.0,100,2.0,0.0,10.5
2025-12-21 08:00:00,11.5,98,0.0,5.5,100,51.0,4.0,11.0
2025-12-21 09:00:00,12.9,91,0.0,5.5,100,147.0,21.0,12.6
2025-12-21 10:00:00,15.1,81,0.0,5.1,100,298.0,103.0,14.9
2025-12-21 11:00:00,16.2,75,0.0,4.0,100,433.0,226.0,16.2
2025-12-21 12:00:00,18.1,67,0.0,3.8,100,502.0,313.0,18.1
2025-12-21 13:00:00,19.4,61,0.0,3.4,100,497.0,322.0,19.4
2025-12-21 14:00:00,20.2,57,0.0,3.4,93,414.0,232.0,20.1
2025-12-21 15:00:00,20.4,56,0.0,3.6,50,318.0,192.0,20.2
2025-12-21 16:00:00,19.8,59,0.0,4.0,13,174.0,94.0,19.7
2025-12-21 17:00:00,16.6,78,0.0,3.2,15,39.0,14.0,17.0
2025-12-21 18:00:00,16.0,80,0.0,3.3,21,0.0,0.0,16.3
2025-12-21 19:00:00,15.3,84,0.0,3.1,36,0.0,0.0,15.7
2025-12-21 20:00:00,14.8,87,0.0,3.3,6,0.0,0.0,15.1
2025-12-21 21:00:00,14.4,88,0.0,2.3,52,0.0,0.0,14.8
2025-12-21 22:00:00,13.8,91,0.0,3.7,19,0.0,0.0,13.9
2025-12-21 23:00:00,13.3,93,0.0,4.5,69,0.0,0.0,13.3
2025-12-22 00:00:00,12.6,95,0.0,4.1,68,0.0,0.0,12.6
2025-12-22 01:00:00,12.2,96,0.0,3.9,81,0.0,0.0,12.1
2025-12-22 02:00:00,11.7,98,0.0,4.0,21,0.0,0.0,11.5
2025-12-22 03:00:00,11.4,100,0.0,3.5,100,0.0,0.0,11.3
2025-12-22 04:00:00,11.4,100,0.0,2.9,100,0.0,0.0,11.3
2025-12-22 05:00:00,11.8,99,0.0,5.2,100,0.0,0.0,11.5
2025-12-22 06:00:00,11.9,100,0.0,4.2,100,0.0,0.0,11.8
2025-12-22 07:00:00,11.9,99,0.0,3.6,100,1.0,0.0,11.9
2025-12-22 08:00:00,12.1,98,0.0,3.9,100,38.0,3.0,12.1
2025-12-22 09:00:00,13.0,94,0.0,4.7,100,126.0,22.0,13.0
2025-12-22 10:00:00,15.1,83,0.0,3.1,42,243.0,57.0,15.3
2025-12-22 11:00:00,16.1,79,0.0,0.6,44,388.0,156.0,16.7
2025-12-22 12:00:00,18.3,71,0.0,1.6,30,521.0,350.0,19.0
2025-12-22 13:00:00,19.9,63,0.0,2.7,0,529.0,387.0,20.3
2025-12-22 14:00:00,21.0,57,0.0,3.5,0,463.0,339.0,21.1
2025-12-22 15:00:00,21.3,55,0.0,3.0,0,337.0,230.0,21.4
2025-12-22 16:00:00,20.8,60,0.0,2.0,0,181.0,103.0,21.4
2025-12-22 17:00:00,19.1,68,0.0,1.3,0,41.0,15.0,19.8
2025-12-22 18:00:00,17.9,73,0.0,2.7,0,0.0,0.0,18.5
2025-12-22 19:00:00,17.1,77,0.0,3.1,0,0.0,0.0,17.6
2025-12-22 20:00:00,16.4,80,0.0,4.3,0,0.0,0.0,16.7
2025-12-22 21:00:00,15.9,82,0.0,3.5,0,0.0,0.0,16.3
2025-12-22 22:00:00,15.4,84,0.0,2.5,0,0.0,0.0,15.9
2025-12-22 23:00:00,14.6,89,0.0,3.2,0,0.0,0.0,15.0
2025-12-23 00:00:00,13.5,94,0.0,3.4,1,0.0,0.0,13.7
2025-12-23 01:00:00,12.9,96,0.0,4.3,32,0.0,0.0,13.0
2025-12-23 02:00:00,12.7,97,0.0,4.3,53,0.0,0.0,12.7
2025-12-23 03:00:00,12.4,98,0.0,5.7,69,0.0,0.0,12.2
2025-12-23 04:00:00,12.4,98,0.0,7.2,81,0.0,0.0,12.0
2025-12-23 05:00:00,11.7,98,0.0,8.7,100,0.0,0.0,10.9
2025-12-23 06:00:00,11.6,98,0.0,8.2,100,0.0,0.0,10.7
2025-12-23 07:00:00,11.7,97,0.0,8.3,100,2.0,0.0,10.8
2025-12-23 08:00:00,12.6,96,0.0,9.1,100,52.0,7.0,11.9
2025-12-23 09:00:00,14.1,93,0.0,7.1,91,171.0,44.0,14.0
2025-12-23 10:00:00,16.8,79,0.0,6.8,7,347.0,199.0,16.7
2025-12-23 11:00:00,19.0,69,0.0,7.4,2,497.0,363.0,18.9
2025-12-23 12:00:00,21.0,61,0.0,7.6,0,552.0,415.0,20.9
2025-12-23 13:00:00,22.4,57,0.0,8.4,0,544.0,410.0,22.2
2025-12-23 14:00:00,23.1,53,0.0,9.5,0,471.0,346.0,22.6
2025-12-23 15:00:00,22.9,54,0.0,9.9,0,344.0,236.0,22.4
2025-12-23 16:00:00,22.0,59,0.0,9.3,0,186.0,106.0,21.8
2025-12-23 17:00:00,20.5,65,0.0,7.8,0,43.0,16.0,20.5
2025-12-23 18:00:00,19.4,71,0.0,8.2,0,0.0,0.0,19.4
2025-12-23 19:00:00,18.3,76,0.0,8.9,0,0.0,0.0,18.3
2025-12-23 20:00:00,17.4,78,0.0,9.2,0,0.0,0.0,17.1
2025-12-23 21:00:00,16.6,80,0.0,9.3,0,0.0,0.0,16.2
2025-12-23 22:00:00,15.9,82,0.0,9.9,0,0.0,0.0,15.3
2025-12-23 23:00:00,15.2,84,0.0,10.4,0,0.0,0.0,14.4
2025-12-24 00:00:00,14.5,87,0.0,10.2,0,0.0,0.0,13.7
2025-12-24 01:00:00,14.1,88,0.0,9.8,0,0.0,0.0,13.3
2025-12-24 02:00:00,13.7,89,0.0,9.8,0,0.0,0.0,12.9
2025-12-24 03:00:00,13.4,90,0.0,9.6,0,0.0,0.0,12.5
2025-12-24 04:00:00,12.9,90,0.0,9.2,0,0.0,0.0,12.0
2025-12-24 05:00:00,12.5,91,0.0,9.6,0,0.0,0.0,11.4
2025-12-24 06:00:00,11.9,90,0.0,9.6,0,0.0,0.0,10.6
2025-12-24 07:00:00,11.6,90,0.0,9.6,0,2.0,0.0,10.2
2025-12-24 08:00:00,12.6,84,0.0,9.7,0,84.0,37.0,11.2
2025-12-24 09:00:00,14.6,75,0.0,8.6,0,245.0,152.0,13.3
2025-12-24 10:00:00,16.7,67,0.0,8.8,0,400.0,283.0,15.5
2025-12-24 11:00:00,18.9,60,0.0,10.4,0,514.0,384.0,17.6
2025-12-24 12:00:00,20.4,45,0.0,12.1,0,569.0,434.0,18.3
2025-12-24 13:00:00,21.0,41,0.0,11.8,0,559.0,425.0,18.6
2025-12-24 14:00:00,21.1,40,0.0,11.6,0,485.0,359.0,18.7
2025-12-24 15:00:00,20.8,42,0.0,11.7,0,356.0,247.0,18.3
2025-12-24 16:00:00,20.0,44,0.0,10.9,0,193.0,112.0,17.7
2025-12-24 17:00:00,18.6,50,0.0,7.2,0,45.0,17.0,17.0
2025-12-24 18:00:00,17.5,57,0.0,5.5,0,0.0,0.0,16.4
2025-12-24 19:00:00,16.3,64,0.0,4.6,0,0.0,0.0,15.5
2025-12-24 20:00:00,15.5,67,0.0,4.9,0,0.0,0.0,14.6
2025-12-24 21:00:00,14.7,68,0.0,5.4,0,0.0,0.0,13.6
2025-12-24 22:00:00,14.1,69,0.0,5.8,0,0.0,0.0,12.8
2025-12-24 23:00:00,13.0,74,0.0,5.4,0,0.0,0.0,11.8
2025-12-25 00:00:00,12.3,75,0.0,5.4,0,0.0,0.0,11.0
2025-12-25 01:00:00,11.9,75,0.0,6.0,0,0.0,0.0,10.4
2025-12-25 02:00:00,11.3,76,0.0,6.5,0,0.0,0.0,9.7
2025-12-25 03:00:00,10.8,77,0.0,6.6,0,0.0,0.0,9.0
2025-12-25 04:00:00,10.2,78,0.0,6.9,0,0.0,0.0,8.3
2025-12-25 05:00:00,9.8,82,0.0,7.8,0,0.0,0.0,7.8
2025-12-25 06:00:00,9.4,82,0.0,7.1,0,0.0,0.0,7.5
2025-12-25 07:00:00,9.3,81,0.0,7.5,0,2.0,0.0,7.2
2025-12-25 08:00:00,10.7,74,0.0,8.0,0,83.0,36.0,8.5
2025-12-25 09:00:00,13.1,64,0.0,4.5,0,243.0,152.0,11.6
2025-12-25 10:00:00,15.9,53,0.0,4.0,0,400.0,285.0,14.4
2025-12-25 11:00:00,18.5,46,0.0,5.2,0,515.0,387.0,16.9
2025-12-25 12:00:00,19.9,43,0.0,5.8,0,569.0,434.0,18.3
2025-12-25 13:00:00,20.7,40,0.0,6.7,0,559.0,426.0,18.8
2025-12-25 14:00:00,21.0,38,0.0,6.7,0,486.0,362.0,19.0
2025-12-25 15:00:00,20.8,39,0.0,6.5,13,358.0,250.0,18.9
2025-12-25 16:00:00,19.9,45,0.0,4.7,15,195.0,115.0,18.5
2025-12-25 17:00:00,17.9,54,0.0,4.4,15,46.0,18.0,16.8
2025-12-25 18:00:00,17.1,57,0.0,4.7,98,0.0,0.0,16.0
2025-12-25 19:00:00,16.0,65,0.0,4.1,100,0.0,0.0,15.2
2025-12-25 20:00:00,15.2,69,0.0,3.8,100,0.0,0.0,14.5
2025-12-25 21:00:00,14.6,73,0.0,3.0,100,0.0,0.0,14.1
2025-12-25 22:00:00,14.1,75,0.0,2.2,100,0.0,0.0,13.7
2025-12-25 23:00:00,13.2,79,0.0,2.1,98,0.0,0.0,12.8
2025-12-26 00:00:00,12.9,79,0.0,1.5,100,0.0,0.0,12.4
2025-12-26 01:00:00,12.6,79,0.0,1.3,98,0.0,0.0,12.2
2025-12-26 02:00:00,11.9,82,0.0,2.3,99,0.0,0.0,11.2
2025-12-26 03:00:00,11.3,83,0.0,2.8,100,0.0,0.0,10.5
2025-12-26 04:00:00,10.7,85,0.0,4.3,100,0.0,0.0,9.6
2025-12-26 05:00:00,10.4,87,0.0,4.7,100,0.0,0.0,9.3
2025-12-26 06:00:00,10.1,87,0.0,4.3,100,0.0,0.0,8.9
2025-12-26 07:00:00,9.9,86,0.0,3.4,100,2.0,0.0,8.8
2025-12-26 08:00:00,11.3,79,0.0,3.3,100,59.0,2.0,10.2
2025-12-26 09:00:00,13.7,68,0.0,2.3,99,200.0,55.0,12.8
2025-12-26 10:00:00,16.3,58,0.0,3.0,100,347.0,161.0,15.3
2025-12-26 11:00:00,18.3,52,0.0,5.9,90,438.0,218.0,17.0
2025-12-26 12:00:00,19.8,43,0.0,7.5,7,497.0,281.0,17.9
2025-12-26 13:00:00,20.7,39,0.0,7.6,0,555.0,421.0,18.7
2025-12-26 14:00:00,21.1,38,0.0,8.4,40,482.0,357.0,18.9
2025-12-26 15:00:00,20.8,40,0.0,8.4,73,352.0,241.0,18.7
2025-12-26 16:00:00,20.0,44,0.0,8.2,99,191.0,108.0,18.1
2025-12-26 17:00:00,18.6,51,0.0,6.0,100,43.0,9.0,17.3
2025-12-26 18:00:00,17.7,59,0.0,3.9,89,0.0,0.0,17.0
2025-12-26 19:00:00,16.7,65,0.0,4.2,52,0.0,0.0,16.1
2025-12-26 20:00:00,16.0,69,0.0,4.6,0,0.0,0.0,15.4
2025-12-26 21:00:00,15.2,73,0.0,4.6,0,0.0,0.0,14.6
2025-12-26 22:00:00,14.5,77,0.0,4.5,91,0.0,0.0,13.9
2025-12-26 23:00:00,13.9,81,0.0,4.8,99,0.0,0.0,13.4
2025-12-27 00:00:00,12.8,85,0.0,5.1,37,0.0,0.0,12.1
2025-12-27 01:00:00,12.2,87,0.0,4.4,97,0.0,0.0,11.6
2025-12-27 02:00:00,11.8,89,0.0,4.9,91,0.0,0.0,11.1
2025-12-27 03:00:00,11.2,92,0.0,5.1,0,0.0,0.0,10.4
2025-12-27 04:00:00,10.6,95,0.0,5.1,98,0.0,0.0,9.8
2025-12-27 05:00:00,10.1,98,0.0,5.4,50,0.0,0.0,9.3
2025-12-27 06:00:00,9.8,98,0.0,5.4,99,0.0,0.0,8.8
2025-12-27 07:00:00,9.7,98,0.0,5.2,100,2.0,0.0,8.8
2025-12-27 08:00:00,10.7,94,0.0,5.6,100,60.0,6.0,9.8
2025-12-27 09:00:00,12.5,86,0.0,4.4,99,186.0,59.0,11.9
2025-12-27 10:00:00,15.1,73,0.0,4.4,100,316.0,138.0,14.5
2025-12-27 11:00:00,17.3,65,0.0,5.2,99,448.0,259.0,16.8
2025-12-27 12:00:00,19.1,56,0.0,6.1,95,527.0,345.0,18.2
2025-12-27 13:00:00,20.0,52,0.0,6.4,80,516.0,329.0,19.1
2025-12-27 14:00:00,20.5,51,0.0,6.8,82,436.0,257.0,19.5
2025-12-27 15:00:00,20.5,50,0.0,7.6,42,332.0,193.0,19.3
2025-12-27 16:00:00,19.8,54,0.0,7.5,82,186.0,95.0,18.7
2025-12-27 17:00:00,18.2,66,0.0,4.0,85,45.0,13.0,18.1
2025-12-27 18:00:00,17.6,67,0.0,4.1,99,0.0,0.0,17.4
2025-12-27 19:00:00,16.9,71,0.0,3.9,73,0.0,0.0,16.8
2025-12-27 20:00:00,16.3,75,0.0,3.0,9,0.0,0.0,16.4
2025-12-27 21:00:00,15.5,77,0.0,2.7,1,0.0,0.0,15.5
2025-12-27 22:00:00,14.9,79,0.0,1.4,0,0.0,0.0,15.1
2025-12-27 23:00:00,13.8,85,0.0,2.4,73,0.0,0.0,13.9
2025-12-28 00:00:00,12.9,88,0.0,3.8,21,0.0,0.0,12.6
2025-12-28 01:00:00,12.1,91,0.0,4.5,0,0.0,0.0,11.6
2025-12-28 02:00:00,11.5,92,0.0,4.7,0,0.0,0.0,10.9
2025-12-28 03:00:00,10.9,94,0.0,4.7,0,0.0,0.0,10.2
2025-12-28 04:00:00,10.1,95,0.0,4.2,0,0.0,0.0,9.3
2025-12-28 05:00:00,9.6,97,0.0,4.5,10,0.0,0.0,8.7
2025-12-28 06:00:00,9.6,97,0.0,4.3,39,0.0,0.0,8.7
2025-12-28 07:00:00,9.4,99,0.0,4.7,56,2.0,0.0,8.4
2025-12-28 08:00:00,10.1,96,0.0,4.9,100,65.0,15.0,9.2
2025-12-28 09:00:00,11.9,89,0.0,4.2,96,184.0,61.0,11.4
2025-12-28 10:00:00,15.2,74,0.0,3.8,68,358.0,189.0,14.8
2025-12-28 11:00:00,17.7,64,0.0,5.6,48,518.0,395.0,17.0
2025-12-28 12:00:00,19.1,56,0.0,6.3,0,567.0,430.0,18.4
2025-12-28 13:00:00,20.1,52,0.0,6.2,0,561.0,428.0,19.2
2025-12-28 14:00:00,20.5,50,0.0,5.9,0,489.0,363.0,19.5
2025-12-28 15:00:00,20.4,50,0.0,5.0,12,361.0,252.0,19.6
2025-12-28 16:00:00,19.8,55,0.0,5.6,0,199.0,117.0,19.1
2025-12-28 17:00:00,18.0,64,0.0,4.5,41,49.0,19.0,17.7
2025-12-28 18:00:00,17.0,71,0.0,3.7,30,0.0,0.0,17.0
2025-12-28 19:00:00,16.7,73,0.0,2.3,95,0.0,0.0,16.9
2025-12-28 20:00:00,15.8,76,0.0,2.9,100,0.0,0.0,15.9
2025-12-28 21:00:00,14.9,81,0.0,3.1,93,0.0,0.0,15.0
2025-12-28 22:00:00,14.1,85,0.0,2.3,2,0.0,0.0,14.3
2025-12-28 23:00:00,13.3,89,0.0,1.2,76,0.0,0.0,13.6
2025-12-29 00:00:00,13.0,89,0.0,0.3,41,0.0,0.0,13.4
2025-12-29 01:00:00,12.7,91,0.0,0.2,15,0.0,0.0,13.0
2025-12-29 02:00:00,11.4,98,0.0,0.4,16,0.0,0.0,11.7
2025-12-29 03:00:00,11.1,99,0.0,1.9,100,0.0,0.0,11.0
2025-12-29 04:00:00,11.0,99,0.0,3.4,100,0.0,0.0,10.7
2025-12-29 05:00:00,10.6,98,0.0,3.9,100,0.0,0.0,10.1
2025-12-29 06:00:00,10.6,97,0.0,3.8,100,0.0,0.0,10.1
2025-12-29 07:00:00,10.7,95,0.0,3.1,100,1.0,0.0,10.2
2025-12-29 08:00:00,10.9,95,0.0,3.2,100,43.0,4.0,10.5
2025-12-29 09:00:00,11.6,96,0.0,3.4,100,135.0,20.0,11.4
2025-12-29 10:00:00,13.4,86,0.0,2.4,72,215.0,33.0,13.4
2025-12-29 11:00:00,15.3,77,0.0,4.1,48,373.0,120.0,15.1
2025-12-29 12:00:00,17.5,65,0.0,4.9,28,528.0,348.0,17.0
2025-12-29 13:00:00,18.9,53,0.0,5.5,3,551.0,404.0,17.9
2025-12-29 14:00:00,19.8,46,0.0,5.6,0,487.0,361.0,18.4
2025-12-29 15:00:00,19.9,44,0.0,5.6,0,361.0,252.0,18.4
2025-12-29 16:00:00,19.2,49,0.0,5.6,0,200.0,119.0,17.9
2025-12-29 17:00:00,16.8,66,0.0,4.0,0,50.0,20.0,16.3
2025-12-29 18:00:00,15.7,73,0.0,3.8,0,0.0,0.0,15.3
2025-12-29 19:00:00,15.0,78,0.0,3.6,0,0.0,0.0,14.8
2025-12-29 20:00:00,14.4,81,0.0,3.4,0,0.0,0.0,14.2
2025-12-29 21:00:00,13.7,84,0.0,2.5,0,0.0,0.0,13.6
2025-12-29 22:00:00,12.9,87,0.0,2.1,88,0.0,0.0,12.8
2025-12-29 23:00:00,12.0,92,0.0,3.2,97,0.0,0.0,11.8
2025-12-30 00:00:00,11.2,96,0.0,3.2,89,0.0,0.0,10.9
2025-12-30 01:00:00,10.7,98,0.0,2.9,57,0.0,0.0,10.4
2025-12-30 02:00:00,10.6,97,0.0,2.6,82,0.0,0.0,10.2
2025-12-30 03:00:00,10.4,99,0.0,3.3,99,0.0,0.0,9.9
2025-12-30 04:00:00,9.8,99,0.0,5.0,100,0.0,0.0,9.0
2025-12-30 05:00:00,9.8,99,0.0,4.4,100,0.0,0.0,9.1
2025-12-30 06:00:00,9.7,99,0.0,4.2,100,0.0,0.0,9.0
2025-12-30 07:00:00,9.7,99,0.0,4.4,100,1.0,0.0,8.9
2025-12-30 08:00:00,10.0,98,0.0,4.1,100,46.0,4.0,9.2
2025-12-30 09:00:00,10.9,97,0.0,4.7,100,147.0,29.0,10.3
2025-12-30 10:00:00,13.8,80,0.0,3.6,11,291.0,82.0,13.4
2025-12-30 11:00:00,16.7,67,0.0,5.0,77,511.0,376.0,16.0
2025-12-30 12:00:00,18.6,56,0.0,6.0,4,538.0,361.0,17.6
2025-12-30 13:00:00,19.9,47,0.0,6.5,0,560.0,428.0,18.5
2025-12-30 14:00:00,20.4,46,0.0,7.2,0,491.0,367.0,18.9
2025-12-30 15:00:00,20.4,45,0.0,7.6,0,365.0,258.0,18.8
2025-12-30 16:00:00,19.6,52,0.0,7.4,0,204.0,124.0,18.4
2025-12-30 17:00:00,17.9,62,0.0,5.0,0,52.0,22.0,17.3
2025-12-30 18:00:00,16.7,69,0.0,4.8,0,0.0,0.0,16.3
2025-12-30 19:00:00,15.9,72,0.0,4.8,0,0.0,0.0,15.5
2025-12-30 20:00:00,15.3,74,0.0,4.8,0,0.0,0.0,14.8
2025-12-30 21:00:00,14.8,76,0.0,3.5,0,0.0,0.0,14.4
2025-12-30 22:00:00,14.2,78,0.0,3.1,0,0.0,0.0,13.8
2025-12-30 23:00:00,13.4,80,0.0,2.4,0,0.0,0.0,13.1
2025-12-31 00:00:00,12.8,80,0.0,0.8,0,0.0,0.0,12.5
2025-12-31 01:00:00,12.2,82,0.0,1.2,0,0.0,0.0,11.8
2025-12-31 02:00:00,11.2,86,0.0,2.3,0,0.0,0.0,10.5
2025-12-31 03:00:00,10.3,90,0.0,2.4,55,0.0,0.0,9.5
2025-12-31 04:00:00,9.4,95,0.0,3.6,11,0.0,0.0,8.5
2025-12-31 05:00:00,9.1,99,0.0,4.7,49,0.0,0.0,8.1
2025-12-31 06:00:00,9.2,99,0.0,5.8,98,0.0,0.0,8.0
2025-12-31 07:00:00,9.2,98,0.0,6.3,100,1.0,0.0,8.0
2025-12-31 08:00:00,10.4,93,0.0,7.6,100,56.0,12.0,9.1
2025-12-31 09:00:00,11.6,91,0.0,6.0,95,180.0,56.0,10.8
2025-12-31 10:00:00,14.2,77,0.0,5.9,8,336.0,171.0,13.4
2025-12-31 11:00:00,16.2,71,0.0,7.5,23,508.0,364.0,15.4
2025-12-31 12:00:00,17.8,68,0.0,7.1,25,541.0,375.0,17.3
2025-12-31 13:00:00,18.9,64,0.0,6.4,100,531.0,363.0,18.5
2025-12-31 14:00:00,19.4,61,0.0,6.3,69,438.0,248.0,19.0
2025-12-31 15:00:00,19.3,61,0.0,8.2,100,332.0,185.0,18.5
2025-12-31 16:00:00,18.3,65,0.0,8.4,98,170.0,58.0,17.6
2025-12-31 17:00:00,14.7,80,0.0,9.4,15,43.0,5.0,13.7
2025-12-31 18:00:00,13.4,86,0.0,11.2,7,0.0,0.0,12.0
2025-12-31 19:00:00,12.4,89,0.0,10.5,97,0.0,0.0,11.1
2025-12-31 20:00:00,12.1,90,0.0,9.6,13,0.0,0.0,10.8
2025-12-31 21:00:00,11.8,91,0.0,9.3,10,0.0,0.0,10.6
2025-12-31 22:00:00,11.6,93,0.0,9.3,8,0.0,0.0,10.3
2025-12-31 23:00:00,11.4,96,0.0,9.5,20,0.0,0.0,10.3
2026-01-01 00:00:00,11.1,97,0.0,8.3,26,0.0,0.0,10.1
2026-01-01 01:00:00,10.9,97,0.0,7.8,26,0.0,0.0,9.8
2026-01-01 02:00:00,10.6,97,0.0,7.1,91,0.0,0.0,9.6
2026-01-01 03:00:00,10.5,98,0.0,6.0,100,0.0,0.0,9.7
2026-01-01 04:00:00,10.5,98,0.0,6.3,100,0.0,0.0,9.6
2026-01-01 05:00:00,10.7,99,0.0,7.2,100,0.0,0.0,9.8
2026-01-01 06:00:00,10.9,98,1.1,8.7,100,0.0,0.0,9.8
2026-01-01 07:00:00,11.0,98,0.5,9.8,100,1.0,0.0,9.8
2026-01-01 08:00:00,11.5,96,0.0,9.6,100,40.0,4.0,10.4
2026-01-01 09:00:00,12.2,94,0.0,6.9,100,74.0,0.0,11.6
2026-01-01 10:00:00,13.2,91,0.0,7.2,100,127.0,1.0,12.6
2026-01-01 11:00:00,14.0,88,0.0,7.3,100,90.0,0.0,13.6
2026-01-01 12:00:00,15.5,82,0.0,4.7,100,302.0,66.0,15.5
2026-01-01 13:00:00,16.6,78,0.0,3.9,100,313.0,54.0,16.9
2026-01-01 14:00:00,16.9,77,0.0,3.3,100,232.0,35.0,17.3
2026-01-01 15:00:00,16.9,77,0.0,3.1,100,174.0,21.0,17.4
2026-01-01 16:00:00,16.8,78,0.0,3.5,100,100.0,10.0,17.2
2026-01-01 17:00:00,15.5,81,0.0,3.4,100,22.0,0.0,15.6
2026-01-01 18:00:00,15.0,85,0.0,3.8,95,0.0,0.0,15.1
2026-01-01 19:00:00,14.4,88,0.0,1.8,84,0.0,0.0,14.9
2026-01-01 20:00:00,14.2,88,0.0,1.5,95,0.0,0.0,14.6
2026-01-01 21:00:00,14.1,89,0.0,2.7,59,0.0,0.0,14.4
2026-01-01 22:00:00,13.3,91,0.0,4.1,17,0.0,0.0,13.2
2026-01-01 23:00:00,13.2,93,0.0,5.0,100,0.0,0.0,13.1
2026-01-02 00:00:00,13.3,94,0.0,6.1,100,0.0,0.0,13.1
2026-01-02 01:00:00,13.4,92,0.0,6.9,100,0.0,0.0,13.0
2026-01-02 02:00:00,13.2,92,0.0,7.4,100,0.0,0.0,12.7
2026-01-02 03:00:00,13.1,92,0.0,9.0,100,0.0,0.0,12.4
2026-01-02 04:00:00,13.0,92,0.0,8.7,100,0.0,0.0,12.2
2026-01-02 05:00:00,12.4,93,0.0,9.7,100,0.0,0.0,11.4
2026-01-02 06:00:00,12.8,90,0.0,9.2,100,0.0,0.0,11.8
2026-01-02 07:00:00,12.7,89,0.0,8.1,100,1.0,0.0,11.7
2026-01-02 08:00:00,13.1,85,0.0,9.0,55,65.0,18.0,12.0
2026-01-02 09:00:00,14.1,78,0.0,9.7,39,212.0,99.0,12.8
2026-01-02 10:00:00,15.4,70,0.0,8.5,45,328.0,158.0,14.1
2026-01-02 11:00:00,15.9,67,0.0,8.9,32,434.0,242.0,14.5
2026-01-02 12:00:00,16.8,60,0.0,9.2,29,469.0,256.0,15.2
2026-01-02 13:00:00,17.3,56,0.0,10.2,27,494.0,297.0,15.4
2026-01-02 14:00:00,17.5,55,0.0,9.2,20,473.0,325.0,15.7
2026-01-02 15:00:00,17.4,55,0.0,8.3,6,357.0,231.0,15.7
2026-01-02 16:00:00,16.9,58,0.0,7.6,3,207.0,120.0,15.4
2026-01-02 17:00:00,15.0,67,0.0,8.7,44,56.0,21.0,13.5
2026-01-02 18:00:00,13.8,75,0.0,5.5,6,0.0,0.0,12.8
2026-01-02 19:00:00,13.1,80,0.0,4.6,13,0.0,0.0,12.3
2026-01-02 20:00:00,12.3,84,0.0,3.6,10,0.0,0.0,11.7
2026-01-02 21:00:00,12.0,84,0.0,2.2,1,0.0,0.0,11.5
2026-01-02 22:00:00,11.1,88,0.0,3.9,21,0.0,0.0,10.3
2026-01-02 23:00:00,11.2,90,0.0,3.0,84,0.0,0.0,10.6
2026-01-03 00:00:00,11.8,89,0.0,2.7,100,0.0,0.0,11.4
2026-01-03 01:00:00,12.0,88,0.0,3.1,99,0.0,0.0,11.6
2026-01-03 02:00:00,11.9,90,0.0,3.2,100,0.0,0.0,11.5
2026-01-03 03:00:00,11.8,90,0.0,3.3,90,0.0,0.0,11.4
2026-01-03 04:00:00,11.6,88,0.0,2.3,100,0.0,0.0,11.2
2026-01-03 05:00:00,10.7,94,0.0,4.9,100,0.0,0.0,10.0
2026-01-03 06:00:00,11.1,92,0.0,5.1,100,0.0,0.0,10.3
2026-01-03 07:00:00,11.3,91,0.0,4.0,100,1.0,0.0,10.6
2026-01-03 08:00:00,11.8,88,0.0,3.6,100,38.0,2.0,11.3
2026-01-03 09:00:00,13.0,83,0.0,4.4,100,124.0,18.0,12.4
2026-01-03 10:00:00,13.9,75,0.0,6.6,100,193.0,33.0,12.8
2026-01-03 11:00:00,14.8,70,0.0,6.6,100,298.0,95.0,13.7
2026-01-03 12:00:00,15.7,65,0.0,5.5,97,355.0,90.0,14.7
2026-01-03 13:00:00,16.6,59,0.0,5.2,44,386.0,137.0,15.4
2026-01-03 14:00:00,17.0,55,0.0,5.3,34,354.0,152.0,15.6
2026-01-03 15:00:00,17.1,54,0.0,5.4,40,300.0,150.0,15.6
2026-01-03 16:00:00,16.6,55,0.0,5.5,22,180.0,84.0,15.1
2026-01-03 17:00:00,14.3,70,0.0,3.6,5,50.0,16.0,13.4
2026-01-03 18:00:00,13.3,73,0.0,3.8,12,0.0,0.0,12.3
2026-01-03 19:00:00,12.6,76,0.0,3.2,1,0.0,0.0,11.7
2026-01-03 20:00:00,12.3,77,0.0,1.8,2,0.0,0.0,11.5
2026-01-03 21:00:00,12.3,76,0.0,1.1,0,0.0,0.0,11.6
2026-01-03 22:00:00,12.2,75,0.0,0.7,3,0.0,0.0,11.6
2026-01-03 23:00:00,11.3,81,0.0,1.5,0,0.0,0.0,10.6
2026-01-04 00:00:00,10.7,83,0.0,1.8,0,0.0,0.0,9.9
2026-01-04 01:00:00,9.9,87,0.0,2.1,0,0.0,0.0,9.0
2026-01-04 02:00:00,9.1,91,0.0,3.2,0,0.0,0.0,8.0
2026-01-04 03:00:00,8.5,93,0.0,4.0,4,0.0,0.0,7.3
2026-01-04 04:00:00,8.7,94,0.0,4.4,46,0.0,0.0,7.4
2026-01-04 05:00:00,8.7,96,0.0,4.8,27,0.0,0.0,7.5
2026-01-04 06:00:00,9.1,96,0.0,6.3,99,0.0,0.0,7.8
2026-01-04 07:00:00,9.3,94,0.0,6.3,99,1.0,0.0,8.0
2026-01-04 08:00:00,10.4,90,0.0,5.2,100,46.0,2.0,9.3
2026-01-04 09:00:00,11.9,83,0.0,5.0,41,150.0,37.0,10.9
2026-01-04 10:00:00,13.7,75,0.0,5.2,36,281.0,130.0,12.7
2026-01-04 11:00:00,15.1,68,0.0,9.2,21,350.0,185.0,13.5
2026-01-04 12:00:00,16.1,61,0.0,7.4,55,411.0,176.0,14.6
2026-01-04 13:00:00,16.5,58,0.0,7.3,38,363.0,118.0,14.9
2026-01-04 14:00:00,16.9,56,0.0,6.9,31,341.0,113.0,15.3
2026-01-04 15:00:00,17.1,55,0.0,5.9,23,318.0,163.0,15.6
2026-01-04 16:00:00,16.5,56,0.0,5.9,18,204.0,109.0,15.0
2026-01-04 17:00:00,14.8,68,0.0,3.8,12,58.0,21.0,13.9
2026-01-04 18:00:00,13.6,74,0.0,4.7,16,0.0,0.0,12.6
2026-01-04 19:00:00,12.8,79,0.0,4.2,85,0.0,0.0,11.9
2026-01-04 20:00:00,12.7,80,0.0,3.6,100,0.0,0.0,11.9
2026-01-04 21:00:00,12.8,81,0.0,4.2,75,0.0,0.0,12.1
2026-01-04 22:00:00,12.3,85,0.0,4.3,38,0.0,0.0,11.6
2026-01-04 23:00:00,11.4,89,0.0,5.1,30,0.0,0.0,10.6
2026-01-05 00:00:00,11.1,88,0.0,6.2,0,0.0,0.0,9.9
2026-01-05 01:00:00,10.4,86,0.0,6.7,0,0.0,0.0,8.9
2026-01-05 02:00:00,10.0,85,0.0,6.1,0,0.0,0.0,8.5
2026-01-05 03:00:00,9.5,85,0.0,5.2,0,0.0,0.0,7.9
2026-01-05 04:00:00,9.2,85,0.0,5.2,1,0.0,0.0,7.6
2026-01-05 05:00:00,8.6,89,0.0,5.2,0,0.0,0.0,7.0
2026-01-05 06:00:00,8.6,90,0.0,4.6,0,0.0,0.0,7.2
2026-01-05 07:00:00,8.5,90,0.0,3.6,0,1.0,0.0,7.2
2026-01-05 08:00:00,10.1,87,0.0,5.6,0,75.0,31.0,8.7
2026-01-05 09:00:00,12.0,80,0.0,3.9,0,234.0,142.0,11.0
2026-01-05 10:00:00,13.8,71,0.0,4.5,0,391.0,272.0,12.7
2026-01-05 11:00:00,14.6,68,0.0,6.0,16,509.0,375.0,13.4
2026-01-05 12:00:00,15.8,64,0.0,5.4,5,548.0,382.0,14.7
2026-01-05 13:00:00,16.6,61,0.0,4.6,4,562.0,418.0,15.8
2026-01-05 14:00:00,17.2,60,0.0,5.6,1,494.0,362.0,16.2
2026-01-05 15:00:00,17.2,61,0.0,6.2,0,371.0,254.0,16.1
2026-01-05 16:00:00,16.6,64,0.0,8.6,85,211.0,124.0,15.3
2026-01-05 17:00:00,15.0,74,0.0,5.8,34,58.0,19.0,14.3
2026-01-05 18:00:00,14.1,79,0.0,5.8,20,0.0,0.0,13.5
2026-01-05 19:00:00,13.2,84,0.0,4.9,98,0.0,0.0,12.6
2026-01-05 20:00:00,12.8,86,0.0,4.1,6,0.0,0.0,12.4
2026-01-05 21:00:00,12.2,88,0.0,4.8,3,0.0,0.0,11.5
2026-01-05 22:00:00,11.3,90,0.0,4.9,11,0.0,0.0,10.5
2026-01-05 23:00:00,11.0,91,0.0,5.2,2,0.0,0.0,10.1
2026-01-06 00:00:00,10.4,92,0.0,4.5,0,0.0,0.0,9.5
2026-01-06 01:00:00,9.9,93,0.0,5.1,0,0.0,0.0,8.9
2026-01-06 02:00:00,9.5,94,0.0,5.1,1,0.0,0.0,8.4
2026-01-06 03:00:00,9.0,95,0.0,4.5,3,0.0,0.0,7.9
2026-01-06 04:00:00,8.5,98,0.0,4.7,71,0.0,0.0,7.3
2026-01-06 05:00:00,8.7,99,0.0,5.5,69,0.0,0.0,7.5
2026-01-06 06:00:00,8.6,99,0.0,4.0,99,0.0,0.0,7.5
2026-01-06 07:00:00,9.0,98,0.0,4.7,97,1.0,0.0,8.0
2026-01-06 08:00:00,9.9,96,0.0,6.7,92,54.0,6.0,8.8
2026-01-06 09:00:00,11.4,92,0.0,5.0,37,185.0,56.0,10.7
2026-01-06 10:00:00,13.4,84,0.0,6.0,10,357.0,206.0,12.8
2026-01-06 11:00:00,14.2,75,0.0,8.2,39,493.0,341.0,13.0
2026-01-06 12:00:00,15.4,69,0.0,7.6,34,546.0,377.0,14.2
2026-01-06 13:00:00,16.4,64,0.0,7.7,0,559.0,410.0,15.2
2026-01-06 14:00:00,17.0,61,0.0,7.6,0,497.0,362.0,15.8
2026-01-06 15:00:00,17.1,63,0.0,7.4,0,375.0,260.0,15.9
2026-01-06 16:00:00,16.5,67,0.0,7.8,0,215.0,128.0,15.4
2026-01-06 17:00:00,14.6,73,0.0,6.0,0,62.0,25.0,13.6
2026-01-06 18:00:00,13.2,79,0.0,5.7,0,0.0,0.0,12.3
2026-01-06 19:00:00,12.5,82,0.0,5.6,0,0.0,0.0,11.5
2026-01-06 20:00:00,11.7,86,0.0,5.3,0,0.0,0.0,10.7
2026-01-06 21:00:00,10.9,89,0.0,5.1,0,0.0,0.0,9.9
2026-01-06 22:00:00,10.3,92,0.0,5.2,0,0.0,0.0,9.2
2026-01-06 23:00:00,9.6,96,0.0,4.8,0,0.0,0.0,8.6
2026-01-07 00:00:00,9.7,96,0.0,5.0,0,0.0,0.0,8.7
2026-01-07 01:00:00,9.5,97,0.0,5.1,0,0.0,0.0,8.4
2026-01-07 02:00:00,9.0,97,0.0,5.0,1,0.0,0.0,7.9
2026-01-07 03:00:00,7.9,99,0.0,5.0,15,0.0,0.0,6.5
2026-01-07 04:00:00,7.9,100,0.0,4.9,100,0.0,0.0,6.6
2026-01-07 05:00:00,8.5,99,0.0,6.7,100,0.0,0.0,7.1
2026-01-07 06:00:00,8.7,99,0.0,5.2,100,0.0,0.0,7.6
2026-01-07 07:00:00,8.9,99,0.0,7.0,100,1.0,0.0,7.5
2026-01-07 08:00:00,9.5,98,0.0,8.2,100,36.0,3.0,8.1
2026-01-07 09:00:00,9.9,98,0.0,9.1,100,84.0,7.0,8.4
2026-01-07 10:00:00,10.5,94,0.0,10.7,100,162.0,19.0,8.9
2026-01-07 11:00:00,11.6,84,0.0,7.4,63,289.0,45.0,10.3
2026-01-07 12:00:00,13.4,77,0.0,5.1,64,494.0,243.0,12.5
2026-01-07 13:00:00,14.5,73,0.0,5.2,16,548.0,361.0,13.7
2026-01-07 14:00:00,15.3,69,0.0,5.5,16,502.0,358.0,14.3
2026-01-07 15:00:00,15.4,69,0.0,4.9,4,384.0,265.0,14.6
2026-01-07 16:00:00,15.0,71,0.0,4.7,2,222.0,131.0,14.3
2026-01-07 17:00:00,12.7,82,0.0,4.0,4,65.0,26.0,12.0
2026-01-07 18:00:00,11.9,84,0.0,5.6,3,0.0,0.0,10.9
2026-01-07 19:00:00,11.2,87,0.0,6.6,0,0.0,0.0,10.0
2026-01-07 20:00:00,10.5,90,0.0,6.3,0,0.0,0.0,9.2
2026-01-07 21:00:00,10.1,91,0.0,6.8,0,0.0,0.0,8.7
2026-01-07 22:00:00,9.9,91,0.0,7.4,0,0.0,0.0,8.4
2026-01-07 23:00:00,9.3,96,0.0,6.9,12,0.0,0.0,7.9
2026-01-08 00:00:00,8.4,98,0.0,6.0,28,0.0,0.0,7.0
2026-01-08 01:00:00,8.8,98,0.0,7.5,100,0.0,0.0,7.2
2026-01-08 02:00:00,8.9,98,0.0,8.1,100,0.0,0.0,7.3
2026-01-08 03:00:00,9.1,98,0.0,8.7,100,0.0,0.0,7.5
2026-01-08 04:00:00,8.8,99,0.0,7.8,100,0.0,0.0,7.2
2026-01-08 05:00:00,7.5,100,0.0,5.3,100,0.0,0.0,6.1
2026-01-08 06:00:00,7.7,98,0.0,4.6,100,0.0,0.0,6.3
2026-01-08 07:00:00,7.7,96,0.0,4.6,100,1.0,0.0,6.2
2026-01-08 08:00:00,7.8,95,0.0,4.1,100,29.0,2.0,6.4
2026-01-08 09:00:00,8.1,95,0.0,2.8,100,102.0,12.0,7.0
2026-01-08 10:00:00,9.0,92,0.0,3.6,100,186.0,20.0,7.8
2026-01-08 11:00:00,10.2,82,0.0,3.3,79,332.0,75.0,9.0
2026-01-08 12:00:00,12.2,76,0.0,3.1,40,547.0,325.0,11.2
2026-01-08 13:00:00,13.4,73,0.0,4.1,28,554.0,365.0,12.4
2026-01-08 14:00:00,14.2,68,0.0,4.3,0,496.0,323.0,13.1
2026-01-08 15:00:00,14.4,67,0.0,3.3,0,391.0,270.0,13.5
2026-01-08 16:00:00,14.1,69,0.0,3.0,0,228.0,138.0,13.2
2026-01-08 17:00:00,13.3,73,0.0,2.1,0,68.0,29.0,12.6
2026-01-08 18:00:00,11.8,79,0.0,4.0,0,0.0,0.0,10.7
2026-01-08 19:00:00,10.8,85,0.0,4.8,0,0.0,0.0,9.7
2026-01-08 20:00:00,10.2,88,0.0,4.5,0,0.0,0.0,9.0
2026-01-08 21:00:00,9.6,90,0.0,4.1,0,0.0,0.0,8.4
2026-01-08 22:00:00,8.9,93,0.0,4.3,0,0.0,0.0,7.7
2026-01-08 23:00:00,8.6,97,0.0,3.9,0,0.0,0.0,7.6
2026-01-09 00:00:00,8.3,100,0.0,4.2,100,0.0,0.0,7.2
2026-01-09 01:00:00,8.4,100,0.0,4.1,100,0.0,0.0,7.3
2026-01-09 02:00:00,8.3,98,0.0,4.8,100,0.0,0.0,7.0
2026-01-09 03:00:00,7.9,96,0.0,5.3,100,0.0,0.0,6.4
2026-01-09 04:00:00,7.6,97,0.0,6.0,100,0.0,0.0,5.9
2026-01-09 05:00:00,7.5,97,0.0,3.9,100,0.0,0.0,6.1
2026-01-09 06:00:00,7.7,95,0.7,2.7,100,0.0,0.0,6.5
2026-01-09 07:00:00,7.8,95,0.0,1.8,100,1.0,0.0,6.8
2026-01-09 08:00:00,8.2,95,0.0,3.3,100,43.0,2.0,7.1
2026-01-09 09:00:00,9.3,96,0.0,2.9,100,150.0,30.0,8.5
2026-01-09 10:00:00,11.4,89,0.0,0.9,68,301.0,126.0,11.1
2026-01-09 11:00:00,13.4,78,0.0,2.1,22,446.0,264.0,12.9
2026-01-09 12:00:00,15.3,67,0.0,1.8,17,526.0,351.0,14.7
2026-01-09 13:00:00,16.5,59,0.0,0.2,14,536.0,378.0,16.1
2026-01-09 14:00:00,17.1,54,0.0,1.5,6,467.0,316.0,16.3
2026-01-09 15:00:00,17.3,52,0.0,2.0,9,379.0,257.0,16.3
2026-01-09 16:00:00,16.9,55,0.0,2.5,9,217.0,125.0,16.0
2026-01-09 17:00:00,15.0,65,0.0,3.4,8,65.0,26.0,14.1
2026-01-09 18:00:00,13.8,70,0.0,5.1,4,1.0,0.0,12.6
2026-01-09 19:00:00,12.9,78,0.0,5.4,3,0.0,0.0,11.8
2026-01-09 20:00:00,12.2,82,0.0,6.0,1,0.0,0.0,11.1
2026-01-09 21:00:00,11.2,87,0.0,5.1,1,0.0,0.0,10.1
2026-01-09 22:00:00,10.4,89,0.0,4.5,0,0.0,0.0,9.3
2026-01-09 23:00:00,10.0,91,0.0,4.4,0,0.0,0.0,8.9
2026-01-10 00:00:00,9.4,93,0.0,4.5,0,0.0,0.0,8.2
2026-01-10 01:00:00,8.8,95,0.0,4.8,0,0.0,0.0,7.6
2026-01-10 02:00:00,8.5,96,0.0,4.7,0,0.0,0.0,7.2
2026-01-10 03:00:00,8.2,97,0.0,5.0,0,0.0,0.0,6.8
2026-01-10 04:00:00,7.8,98,0.0,5.1,1,0.0,0.0,6.4
2026-01-10 05:00:00,7.2,98,0.0,4.7,1,0.0,0.0,5.7
2026-01-10 06:00:00,7.0,98,0.0,4.8,5,0.0,0.0,5.4
2026-01-10 07:00:00,6.6,98,0.0,5.4,39,1.0,0.0,4.9
2026-01-10 08:00:00,7.9,96,0.0,6.7,62,72.0,27.0,6.1
2026-01-10 09:00:00,9.5,92,0.0,5.7,31,217.0,103.0,8.2
2026-01-10 10:00:00,11.5,85,0.0,5.3,2,374.0,223.0,10.5
2026-01-10 11:00:00,13.4,75,0.0,6.1,2,520.0,384.0,12.2
2026-01-10 12:00:00,15.2,66,0.0,6.2,0,587.0,449.0,14.2
2026-01-10 13:00:00,16.5,58,0.0,7.0,0,587.0,451.0,15.2
2026-01-10 14:00:00,17.1,54,0.0,7.6,0,520.0,391.0,15.4
2026-01-10 15:00:00,17.0,54,0.0,7.6,0,395.0,282.0,15.3
2026-01-10 16:00:00,16.3,58,0.0,7.8,0,232.0,144.0,14.6
2026-01-10 17:00:00,14.9,66,0.0,7.7,0,71.0,30.0,13.4
2026-01-10 18:00:00,13.6,72,0.0,6.3,0,1.0,0.0,12.3
2026-01-10 19:00:00,12.9,73,0.0,7.5,0,0.0,0.0,11.4
2026-01-10 20:00:00,12.1,76,0.0,7.1,0,0.0,0.0,10.5
2026-01-10 21:00:00,11.0,80,0.0,6.9,0,0.0,0.0,9.4
2026-01-10 22:00:00,10.2,82,0.0,6.4,0,0.0,0.0,8.6
2026-01-10 23:00:00,9.6,86,0.0,5.6,0,0.0,0.0,8.1
2026-01-11 00:00:00,9.4,86,0.0,6.7,0,0.0,0.0,7.7
2026-01-11 01:00:00,8.8,88,0.0,7.2,0,0.0,0.0,6.9
2026-01-11 02:00:00,8.2,90,0.0,6.9,0,0.0,0.0,6.3
2026-01-11 03:00:00,7.7,92,0.0,7.0,0,0.0,0.0,5.7
2026-01-11 04:00:00,7.2,93,0.0,7.3,0,0.0,0.0,5.2
2026-01-11 05:00:00,6.6,95,0.0,7.1,0,0.0,0.0,4.5
2026-01-11 06:00:00,6.3,95,0.0,5.9,0,0.0,0.0,4.4
2026-01-11 07:00:00,6.0,96,0.0,6.2,0,1.0,0.0,3.9
2026-01-11 08:00:00,6.9,95,0.0,8.1,0,76.0,29.0,4.7
2026-01-11 09:00:00,8.6,88,0.0,7.5,0,233.0,127.0,6.6
2026-01-11 10:00:00,10.9,77,0.0,7.3,0,408.0,283.0,9.1
2026-01-11 11:00:00,12.6,69,0.0,7.6,0,541.0,410.0,10.7
2026-01-11 12:00:00,14.4,57,0.0,7.7,0,609.0,473.0,12.6
2026-01-11 13:00:00,15.8,48,0.0,8.4,0,608.0,473.0,13.6
2026-01-11 14:00:00,16.4,45,0.0,9.4,0,540.0,411.0,13.7
2026-01-11 15:00:00,16.3,46,0.0,9.8,0,412.0,299.0,13.6
2026-01-11 16:00:00,15.5,52,0.0,9.1,0,244.0,156.0,13.1
2026-01-11 17:00:00,13.7,61,0.0,7.4,0,76.0,34.0,11.7
2026-01-11 18:00:00,12.5,66,0.0,8.2,0,1.0,0.0,10.4
2026-01-11 19:00:00,11.6,69,0.0,9.0,0,0.0,0.0,9.3
2026-01-11 20:00:00,10.8,73,0.0,9.7,0,0.0,0.0,8.4
2026-01-11 21:00:00,10.1,75,0.0,9.2,0,0.0,0.0,7.8
2026-01-11 22:00:00,9.3,80,0.0,7.4,0,0.0,0.0,7.2
2026-01-11 23:00:00,8.7,83,0.0,8.2,0,0.0,0.0,6.4
2026-01-12 00:00:00,8.2,85,0.0,8.2,0,0.0,0.0,6.0
2026-01-12 01:00:00,7.7,86,0.0,7.8,0,0.0,0.0,5.5
2026-01-12 02:00:00,7.1,88,0.0,7.5,0,0.0,0.0,4.8
2026-01-12 03:00:00,6.6,89,0.0,6.5,0,0.0,0.0,4.3
2026-01-12 04:00:00,6.0,89,0.0,6.2,0,0.0,0.0,3.8
2026-01-12 05:00:00,5.4,92,0.0,6.1,0,0.0,0.0,3.1
2026-01-12 06:00:00,5.1,93,0.0,6.2,0,0.0,0.0,2.7
2026-01-12 07:00:00,4.9,93,0.0,6.7,2,1.0,0.0,2.4
2026-01-12 08:00:00,5.9,91,0.0,7.0,0,79.0,32.0,3.5
2026-01-12 09:00:00,8.1,85,0.0,4.6,1,243.0,140.0,6.3
2026-01-12 10:00:00,10.9,72,0.0,4.1,0,426.0,312.0,9.3
2026-01-12 11:00:00,13.2,62,0.0,3.5,0,552.0,426.0,11.7
2026-01-12 12:00:00,15.3,49,0.0,3.6,0,617.0,482.0,13.9
2026-01-12 13:00:00,16.5,41,0.0,4.4,0,615.0,480.0,14.7
2026-01-12 14:00:00,17.1,37,0.0,5.3,0,545.0,417.0,14.6
2026-01-12 15:00:00,17.2,37,0.0,4.7,0,416.0,302.0,14.8
2026-01-12 16:00:00,16.6,47,0.0,2.0,0,247.0,158.0,15.1
2026-01-12 17:00:00,14.9,53,0.0,2.3,0,79.0,35.0,13.4
2026-01-12 18:00:00,13.3,57,0.0,4.0,0,1.0,0.0,11.5
2026-01-12 19:00:00,12.3,60,0.0,3.4,0,0.0,0.0,10.5
2026-01-12 20:00:00,11.5,64,0.0,3.6,0,0.0,0.0,9.7
2026-01-12 21:00:00,10.6,70,0.0,5.2,0,0.0,0.0,8.6
2026-01-12 22:00:00,10.0,73,0.0,3.7,0,0.0,0.0,8.3
2026-01-12 23:00:00,9.4,76,0.0,3.0,0,0.0,0.0,7.8
2026-01-13 00:00:00,8.6,79,0.0,1.6,0,0.0,0.0,7.2
2026-01-13 01:00:00,8.4,80,0.0,0.8,2,0.0,0.0,7.1
2026-01-13 02:00:00,7.8,83,0.0,1.0,16,0.0,0.0,6.5
2026-01-13 03:00:00,7.2,86,0.0,1.9,33,0.0,0.0,5.7
2026-01-13 04:00:00,6.7,89,0.0,3.5,13,0.0,0.0,4.9
2026-01-13 05:00:00,5.4,95,0.0,3.3,22,0.0,0.0,3.6
2026-01-13 06:00:00,5.0,99,0.0,3.6,94,0.0,0.0,3.2
2026-01-13 07:00:00,5.0,100,0.0,3.2,100,1.0,0.0,3.2
2026-01-13 08:00:00,6.4,98,0.0,3.6,100,60.0,11.0,4.8
2026-01-13 09:00:00,9.0,92,0.0,3.9,99,189.0,66.0,7.8
2026-01-13 10:00:00,10.7,87,0.0,2.7,12,313.0,125.0,9.9
2026-01-13 11:00:00,14.0,69,0.0,3.4,10,437.0,230.0,13.1
2026-01-13 12:00:00,16.7,55,0.0,5.0,2,583.0,411.0,15.5
2026-01-13 13:00:00,18.1,48,0.0,7.1,18,607.0,468.0,16.6
2026-01-13 14:00:00,18.5,48,0.0,8.4,92,537.0,401.0,16.5
2026-01-13 15:00:00,18.3,51,0.0,9.2,23,408.0,285.0,16.4
2026-01-13 16:00:00,17.3,56,0.0,9.0,35,240.0,142.0,15.6
2026-01-13 17:00:00,15.7,57,0.0,6.7,2,79.0,34.0,13.9
2026-01-13 18:00:00,14.3,61,0.0,6.2,0,1.0,0.0,12.6
2026-01-13 19:00:00,13.1,66,0.0,6.0,0,0.0,0.0,11.4
2026-01-13 20:00:00,11.8,72,0.0,5.6,0,0.0,0.0,10.1
2026-01-13 21:00:00,10.7,77,0.0,5.1,0,0.0,0.0,9.1
2026-01-13 22:00:00,9.9,80,0.0,4.5,0,0.0,0.0,8.4
2026-01-13 23:00:00,9.1,84,0.0,5.1,0,0.0,0.0,7.4
2026-01-14 00:00:00,8.4,87,0.0,5.2,0,0.0,0.0,6.6
2026-01-14 01:00:00,7.9,89,0.0,5.4,0,0.0,0.0,6.1
2026-01-14 02:00:00,7.7,90,0.0,5.9,0,0.0,0.0,5.8
2026-01-14 03:00:00,7.3,92,0.0,6.2,0,0.0,0.0,5.3
2026-01-14 04:00:00,6.7,94,0.0,6.8,6,0.0,0.0,4.6
2026-01-14 05:00:00,5.9,97,0.0,7.4,79,0.0,0.0,3.7
2026-01-14 06:00:00,5.7,99,0.0,8.2,100,0.0,0.0,3.4
2026-01-14 07:00:00,5.6,99,0.0,7.7,100,1.0,0.0,3.3
2026-01-14 08:00:00,5.9,96,0.0,6.8,100,44.0,3.0,3.7
2026-01-14 09:00:00,7.1,89,0.0,6.8,88,152.0,33.0,5.0
2026-01-14 10:00:00,9.7,76,0.0,5.8,19,347.0,153.0,7.7
2026-01-14 11:00:00,12.5,64,0.0,5.8,8,552.0,422.0,10.6
2026-01-14 12:00:00,15.0,53,0.0,6.5,0,618.0,478.0,13.4
2026-01-14 13:00:00,16.6,45,0.0,7.5,0,621.0,485.0,14.6
2026-01-14 14:00:00,17.4,42,0.0,8.2,0,553.0,425.0,14.8
2026-01-14 15:00:00,17.4,42,0.0,9.1,0,425.0,311.0,14.8
2026-01-14 16:00:00,16.6,48,0.0,8.5,0,255.0,165.0,14.2
2026-01-14 17:00:00,15.1,55,0.0,6.6,0,83.0,38.0,13.2
2026-01-14 18:00:00,13.4,65,0.0,5.2,0,1.0,0.0,11.8
2026-01-14 19:00:00,12.5,72,0.0,5.3,0,0.0,0.0,11.1
2026-01-14 20:00:00,11.8,77,0.0,5.5,0,0.0,0.0,10.4
2026-01-14 21:00:00,11.2,80,0.0,5.7,0,0.0,0.0,9.7
2026-01-14 22:00:00,10.4,84,0.0,5.6,0,0.0,0.0,8.9
2026-01-14 23:00:00,9.4,88,0.0,5.7,0,0.0,0.0,7.8
2026-01-15 00:00:00,8.6,89,0.0,5.0,0,0.0,0.0,7.1
2026-01-15 01:00:00,8.2,91,0.0,3.5,0,0.0,0.0,6.8
2026-01-15 02:00:00,7.7,92,0.0,3.6,0,0.0,0.0,6.3
2026-01-15 03:00:00,7.2,94,0.0,3.8,0,0.0,0.0,5.7
2026-01-15 04:00:00,6.7,96,0.0,3.6,0,0.0,0.0,5.2
2026-01-15 05:00:00,5.8,100,0.0,4.9,100,0.0,0.0,4.0
2026-01-15 06:00:00,6.1,100,0.0,6.2,100,0.0,0.0,4.1
2026-01-15 07:00:00,6.0,98,0.0,7.6,100,1.0,0.0,3.8
2026-01-15 08:00:00,6.9,96,0.0,7.5,100,48.0,5.0,4.9
2026-01-15 09:00:00,8.2,97,0.0,7.6,100,150.0,28.0,6.4
2026-01-15 10:00:00,10.8,81,0.0,5.2,41,297.0,87.0,9.4
2026-01-15 11:00:00,12.6,67,0.0,5.8,6,517.0,342.0,10.9
2026-01-15 12:00:00,15.1,54,0.0,6.2,0,607.0,463.0,13.5
2026-01-15 13:00:00,16.9,45,0.0,7.6,0,610.0,475.0,14.8
2026-01-15 14:00:00,17.8,42,0.0,9.3,0,544.0,416.0,15.1
2026-01-15 15:00:00,17.9,42,0.0,10.4,0,418.0,305.0,15.1
2026-01-15 16:00:00,17.3,48,0.0,10.2,0,251.0,162.0,14.8
2026-01-15 17:00:00,15.8,59,0.0,8.1,0,83.0,38.0,14.0
2026-01-15 18:00:00,14.3,65,0.0,7.5,0,2.0,0.0,12.6
2026-01-15 19:00:00,13.4,69,0.0,7.0,0,0.0,0.0,11.7
2026-01-15 20:00:00,12.5,71,0.0,7.2,0,0.0,0.0,10.8
2026-01-15 21:00:00,11.7,72,0.0,6.9,0,0.0,0.0,9.9
2026-01-15 22:00:00,10.9,75,0.0,6.2,23,0.0,0.0,9.1
2026-01-15 23:00:00,9.7,82,0.0,5.6,21,0.0,0.0,8.1
2026-01-16 00:00:00,8.9,84,0.0,5.2,38,0.0,0.0,7.2
2026-01-16 01:00:00,8.3,86,0.0,4.7,45,0.0,0.0,6.6
2026-01-16 02:00:00,7.8,87,0.0,5.0,8,0.0,0.0,6.0
2026-01-16 03:00:00,7.4,89,0.0,5.2,8,0.0,0.0,5.5
2026-01-16 04:00:00,6.9,90,0.0,5.1,34,0.0,0.0,5.0
2026-01-16 05:00:00,6.2,93,0.0,4.9,31,0.0,0.0,4.2
2026-01-16 06:00:00,6.1,93,0.0,5.0,5,0.0,0.0,4.1
2026-01-16 07:00:00,6.2,92,0.0,6.1,2,1.0,0.0,4.1
2026-01-16 08:00:00,7.8,86,0.0,8.7,23,78.0,33.0,5.4
2026-01-16 09:00:00,10.8,75,0.0,5.9,3,248.0,158.0,9.0
2026-01-16 10:00:00,14.0,62,0.0,4.3,17,416.0,303.0,12.5
2026-01-16 11:00:00,16.6,51,0.0,4.2,53,542.0,416.0,15.0
2026-01-16 12:00:00,18.5,41,0.0,4.1,57,608.0,473.0,17.0
2026-01-16 13:00:00,19.8,35,0.0,4.1,98,610.0,474.0,18.1
2026-01-16 14:00:00,20.5,33,0.0,4.2,99,536.0,392.0,18.4
2026-01-16 15:00:00,20.5,35,0.0,4.3,15,411.0,282.0,18.5
2026-01-16 16:00:00,19.8,41,0.0,3.1,2,254.0,163.0,18.4
2026-01-16 17:00:00,17.3,55,0.0,2.9,100,85.0,41.0,16.4
2026-01-16 18:00:00,15.6,60,0.0,3.2,97,2.0,0.0,14.6
2026-01-16 19:00:00,14.5,66,0.0,3.3,100,0.0,0.0,13.5
2026-01-16 20:00:00,13.8,68,0.0,2.5,100,0.0,0.0,12.9
2026-01-16 21:00:00,13.2,70,0.0,2.1,100,0.0,0.0,12.3
2026-01-16 22:00:00,12.2,72,0.0,2.5,95,0.0,0.0,11.1
2026-01-16 23:00:00,11.2,77,0.0,4.9,95,0.0,0.0,9.7
2026-01-17 00:00:00,10.5,79,0.0,3.1,98,0.0,0.0,9.2
2026-01-17 01:00:00,10.3,79,0.0,1.2,98,0.0,0.0,9.3
2026-01-17 02:00:00,9.6,82,0.0,2.4,100,0.0,0.0,8.4
2026-01-17 03:00:00,9.0,85,0.0,4.3,100,0.0,0.0,7.5
2026-01-17 04:00:00,8.4,88,0.0,3.6,100,0.0,0.0,7.0
2026-01-17 05:00:00,7.9,91,0.0,3.2,100,0.0,0.0,6.5
2026-01-17 06:00:00,7.8,90,0.0,3.3,99,0.0,0.0,6.3
2026-01-17 07:00:00,7.8,90,0.0,1.7,100,1.0,0.0,6.6
2026-01-17 08:00:00,9.4,88,0.0,3.3,100,73.0,23.0,8.2
2026-01-17 09:00:00,12.1,79,0.0,2.7,98,217.0,95.0,11.3
2026-01-17 10:00:00,15.6,65,0.0,2.1,100,391.0,227.0,15.0
2026-01-17 11:00:00,18.3,54,0.0,2.1,100,530.0,358.0,17.7
2026-01-17 12:00:00,20.7,45,0.0,1.3,100,593.0,415.0,20.3
2026-01-17 13:00:00,21.9,40,0.0,0.9,100,585.0,396.0,21.4
2026-01-17 14:00:00,22.5,39,0.0,1.1,100,518.0,336.0,21.8
2026-01-17 15:00:00,22.6,39,0.0,1.0,99,406.0,263.0,21.9
2026-01-17 16:00:00,22.0,45,0.0,1.4,99,238.0,122.0,21.6
2026-01-17 17:00:00,19.7,53,0.0,2.3,100,82.0,26.0,19.3
2026-01-17 18:00:00,17.6,57,0.0,4.4,100,2.0,0.0,16.7
2026-01-17 19:00:00,16.3,65,0.0,5.0,99,0.0,0.0,15.5
2026-01-17 20:00:00,15.4,72,0.0,3.6,100,0.0,0.0,15.0
2026-01-17 21:00:00,14.5,78,0.0,3.3,94,0.0,0.0,14.2
2026-01-17 22:00:00,13.6,82,0.0,3.2,71,0.0,0.0,13.3
2026-01-17 23:00:00,12.8,87,0.0,3.9,99,0.0,0.0,12.4
2026-01-18 00:00:00,12.0,88,0.0,3.1,77,0.0,0.0,11.6
2026-01-18 01:00:00,11.5,89,0.0,2.9,17,0.0,0.0,11.0
2026-01-18 02:00:00,11.1,89,0.0,2.5,11,0.0,0.0,10.6
2026-01-18 03:00:00,10.7,90,0.0,2.1,0,0.0,0.0,10.2
2026-01-18 04:00:00,10.1,92,0.0,2.3,2,0.0,0.0,9.4
2026-01-18 05:00:00,8.1,100,0.0,3.1,99,0.0,0.0,7.2
2026-01-18 06:00:00,8.2,99,0.0,2.9,100,0.0,0.0,7.3
2026-01-18 07:00:00,8.2,99,0.0,3.9,100,1.0,0.0,7.0
2026-01-18 08:00:00,9.3,97,0.0,3.9,100,54.0,10.0,8.4
2026-01-18 09:00:00,10.7,94,0.0,4.3,100,155.0,30.0,10.0
2026-01-18 10:00:00,13.0,85,0.0,3.3,42,268.0,62.0,12.7
2026-01-18 11:00:00,16.8,71,0.0,4.0,1,492.0,290.0,16.7
2026-01-18 12:00:00,20.2,56,0.0,4.8,2,615.0,491.0,20.2
2026-01-18 13:00:00,21.5,49,0.0,6.0,10,595.0,455.0,21.0
2026-01-18 14:00:00,22.0,46,0.0,6.9,13,516.0,376.0,20.9
2026-01-18 15:00:00,22.0,43,0.0,5.6,20,395.0,270.0,20.9
2026-01-18 16:00:00,21.6,43,0.0,4.9,16,233.0,133.0,20.5
2026-01-18 17:00:00,20.2,50,0.0,4.8,25,82.0,34.0,19.3
2026-01-18 18:00:00,18.8,61,0.0,5.7,13,2.0,0.0,18.3
2026-01-18 19:00:00,17.6,71,0.0,5.7,9,0.0,0.0,17.5
2026-01-18 20:00:00,16.3,79,0.0,4.6,16,0.0,0.0,16.5
2026-01-18 21:00:00,15.6,82,0.0,4.6,16,0.0,0.0,15.7
2026-01-18 22:00:00,14.9,86,0.0,4.9,84,0.0,0.0,14.9
2026-01-18 23:00:00,14.1,89,0.0,5.2,25,0.0,0.0,14.1
2026-01-19 00:00:00,13.7,89,0.0,5.4,93,0.0,0.0,13.5
2026-01-19 01:00:00,13.8,87,0.0,6.0,15,0.0,0.0,13.4
2026-01-19 02:00:00,13.3,87,0.0,5.8,23,0.0,0.0,12.8
2026-01-19 03:00:00,12.4,89,0.0,5.1,3,0.0,0.0,11.8
2026-01-19 04:00:00,11.5,91,0.0,4.8,3,0.0,0.0,10.8
2026-01-19 05:00:00,11.3,91,0.0,4.0,15,0.0,0.0,10.6
2026-01-19 06:00:00,10.9,92,0.0,2.5,19,0.0,0.0,10.4
2026-01-19 07:00:00,10.7,92,0.0,2.1,35,1.0,0.0,10.3
2026-01-19 08:00:00,12.3,87,0.0,4.1,37,77.0,32.0,11.8
2026-01-19 09:00:00,15.0,74,0.0,1.9,19,240.0,143.0,14.8
2026-01-19 10:00:00,18.2,60,0.0,1.0,6,401.0,278.0,18.1
2026-01-19 11:00:00,20.7,46,0.0,0.7,13,531.0,395.0,20.2
2026-01-19 12:00:00,23.6,29,0.0,0.9,8,606.0,463.0,22.6
2026-01-19 13:00:00,24.7,22,0.0,1.7,6,602.0,451.0,22.9
2026-01-19 14:00:00,25.1,21,0.0,2.8,12,543.0,407.0,22.7
2026-01-19 15:00:00,25.0,21,0.0,3.7,2,424.0,306.0,22.5
2026-01-19 16:00:00,24.4,23,0.0,4.9,0,259.0,167.0,21.8
2026-01-19 17:00:00,22.3,28,0.0,3.7,0,90.0,41.0,20.1
2026-01-19 18:00:00,20.2,37,0.0,4.1,0,3.0,0.0,18.3
2026-01-19 19:00:00,19.0,46,0.0,3.6,0,0.0,0.0,17.6
2026-01-19 20:00:00,18.0,53,0.0,4.4,1,0.0,0.0,16.8
2026-01-19 21:00:00,17.1,60,0.0,3.8,2,0.0,0.0,16.4
2026-01-19 22:00:00,16.3,67,0.0,3.5,0,0.0,0.0,15.8
2026-01-19 23:00:00,15.1,75,0.0,5.2,0,0.0,0.0,14.5
2026-01-20 00:00:00,14.3,79,0.0,5.1,0,0.0,0.0,13.7
2026-01-20 01:00:00,13.3,82,0.0,4.8,0,0.0,0.0,12.7
2026-01-20 02:00:00,12.8,82,0.0,4.5,0,0.0,0.0,12.1
2026-01-20 03:00:00,12.5,80,0.0,3.8,0,0.0,0.0,11.7
2026-01-20 04:00:00,11.8,82,0.0,4.5,0,0.0,0.0,10.8
2026-01-20 05:00:00,11.0,85,0.0,5.5,0,0.0,0.0,9.8
2026-01-20 06:00:00,10.6,85,0.0,6.2,0,0.0,0.0,9.2
2026-01-20 07:00:00,10.2,85,0.0,6.1,0,2.0,0.0,8.7
2026-01-20 08:00:00,12.0,75,0.0,7.6,0,82.0,37.0,10.3
2026-01-20 09:00:00,15.3,62,0.0,5.8,0,252.0,161.0,13.9
2026-01-20 10:00:00,18.7,51,0.0,4.8,0,419.0,304.0,17.6
2026-01-20 11:00:00,21.7,44,0.0,7.0,0,546.0,416.0,20.3
2026-01-20 12:00:00,23.5,36,0.0,7.9,0,614.0,478.0,22.1
2026-01-20 13:00:00,24.2,31,0.0,8.0,15,617.0,481.0,22.5
2026-01-20 14:00:00,24.3,32,0.0,8.7,50,553.0,422.0,22.1
2026-01-20 15:00:00,23.9,33,0.0,8.4,55,427.0,304.0,21.8
2026-01-20 16:00:00,23.2,35,0.0,8.1,37,258.0,159.0,21.2
2026-01-20 17:00:00,22.1,33,0.0,6.6,12,91.0,39.0,19.9
2026-01-20 18:00:00,20.4,41,0.0,5.9,0,3.0,0.0,18.7
2026-01-20 19:00:00,19.1,51,0.0,4.9,0,0.0,0.0,18.0
2026-01-20 20:00:00,18.1,60,0.0,5.0,0,0.0,0.0,17.4
2026-01-20 21:00:00,17.2,68,0.0,4.7,0,0.0,0.0,16.8
2026-01-20 22:00:00,16.5,72,0.0,4.7,0,0.0,0.0,16.2
2026-01-20 23:00:00,15.9,78,0.0,4.9,0,0.0,0.0,15.7
2026-01-21 00:00:00,14.5,81,0.0,5.1,0,0.0,0.0,14.2
2026-01-21 01:00:00,13.8,82,0.0,4.4,0,0.0,0.0,13.4
2026-01-21 02:00:00,13.0,83,0.0,4.0,0,0.0,0.0,12.4
2026-01-21 03:00:00,12.5,83,0.0,3.4,0,0.0,0.0,11.9
2026-01-21 04:00:00,11.6,85,0.0,4.5,0,0.0,0.0,10.8
2026-01-21 05:00:00,11.1,94,0.0,4.4,16,0.0,0.0,10.4
2026-01-21 06:00:00,10.2,96,0.0,4.1,38,0.0,0.0,9.5
2026-01-21 07:00:00,9.7,99,0.0,5.3,57,1.0,0.0,8.8
2026-01-21 08:00:00,10.6,94,0.0,4.6,58,67.0,21.0,9.8
2026-01-21 09:00:00,13.2,81,0.0,4.0,4,213.0,99.0,12.6
2026-01-21 10:00:00,16.9,63,0.0,3.6,0,401.0,257.0,16.3
2026-01-21 11:00:00,20.4,50,0.0,5.5,0,550.0,417.0,19.5
2026-01-21 12:00:00,22.3,40,0.0,7.6,0,619.0,479.0,21.1
2026-01-21 13:00:00,23.0,36,0.0,8.7,0,623.0,484.0,21.4
2026-01-21 14:00:00,23.2,34,0.0,9.1,0,560.0,427.0,21.0
2026-01-21 15:00:00,22.9,34,0.0,9.2,0,437.0,319.0,20.6
2026-01-21 16:00:00,22.1,36,0.0,8.6,0,271.0,177.0,19.9
2026-01-21 17:00:00,20.8,39,0.0,6.9,0,97.0,46.0,18.9
2026-01-21 18:00:00,19.3,44,0.0,5.5,0,3.0,0.0,17.6
2026-01-21 19:00:00,18.1,49,0.0,4.8,0,0.0,0.0,16.6
2026-01-21 20:00:00,16.9,56,0.0,4.8,0,0.0,0.0,15.7
2026-01-21 21:00:00,16.1,62,0.0,4.8,0,0.0,0.0,15.0
2026-01-21 22:00:00,15.4,65,0.0,2.9,0,0.0,0.0,14.7
2026-01-21 23:00:00,14.8,69,0.0,3.7,0,0.0,0.0,14.0
2026-01-22 00:00:00,13.8,72,0.0,3.2,0,0.0,0.0,13.0
2026-01-22 01:00:00,13.3,73,0.0,2.4,0,0.0,0.0,12.5
2026-01-22 02:00:00,12.5,76,0.0,3.3,0,0.0,0.0,11.5
2026-01-22 03:00:00,11.6,78,0.0,3.6,0,0.0,0.0,10.5
2026-01-22 04:00:00,11.3,77,0.0,2.9,0,0.0,0.0,10.1
2026-01-22 05:00:00,10.5,81,0.0,3.1,0,0.0,0.0,9.4
2026-01-22 06:00:00,10.1,82,0.0,1.9,0,0.0,0.0,9.0
2026-01-22 07:00:00,10.0,82,0.0,0.9,0,2.0,0.0,9.1
2026-01-22 08:00:00,11.8,74,0.0,1.1,0,86.0,40.0,10.9
2026-01-22 09:00:00,15.4,61,0.0,2.1,0,261.0,171.0,14.5
2026-01-22 10:00:00,19.0,44,0.0,2.5,0,431.0,317.0,17.8
2026-01-22 11:00:00,21.5,39,0.0,3.3,0,558.0,428.0,20.3
2026-01-22 12:00:00,23.5,37,0.0,3.9,0,623.0,486.0,22.8
2026-01-22 13:00:00,24.6,34,0.0,4.3,0,627.0,490.0,23.9
2026-01-22 14:00:00,25.0,34,0.0,6.4,0,563.0,432.0,23.6
2026-01-22 15:00:00,24.8,36,0.0,7.6,0,439.0,321.0,23.4
2026-01-22 16:00:00,23.8,41,0.0,10.1,0,271.0,176.0,22.2
2026-01-22 17:00:00,21.9,50,0.0,9.7,32,97.0,45.0,20.8
2026-01-22 18:00:00,20.4,59,0.0,8.2,73,4.0,0.0,19.9
2026-01-22 19:00:00,19.5,66,0.0,9.4,99,0.0,0.0,19.0
2026-01-22 20:00:00,19.0,68,0.0,10.9,98,0.0,0.0,18.3
2026-01-22 21:00:00,18.7,69,0.0,12.1,89,0.0,0.0,17.8
2026-01-22 22:00:00,18.1,70,0.0,12.4,36,0.0,0.0,17.1
2026-01-22 23:00:00,17.9,70,0.0,14.6,15,0.0,0.0,16.5
2026-01-23 00:00:00,17.1,72,0.0,14.4,88,0.0,0.0,15.6
2026-01-23 01:00:00,16.6,74,0.0,15.4,48,0.0,0.0,14.9
2026-01-23 02:00:00,16.2,74,0.0,16.2,92,0.0,0.0,14.3
2026-01-23 03:00:00,16.2,73,0.0,11.6,72,0.0,0.0,14.9
2026-01-23 04:00:00,16.3,71,0.0,10.4,67,0.0,0.0,15.1
2026-01-23 05:00:00,15.7,75,0.0,15.2,72,0.0,0.0,13.9
2026-01-23 06:00:00,15.3,77,0.0,15.8,52,0.0,0.0,13.4
2026-01-23 07:00:00,15.1,78,0.0,15.5,100,1.0,0.0,13.2
2026-01-23 08:00:00,14.6,85,3.9,8.7,100,33.0,2.0,14.0
2026-01-23 09:00:00,14.4,88,2.4,13.1,100,19.0,0.0,13.3
2026-01-23 10:00:00,14.7,88,1.0,18.1,100,76.0,5.0,12.8
2026-01-23 11:00:00,14.1,90,1.8,17.6,100,74.0,0.0,12.3
2026-01-23 12:00:00,14.6,89,0.7,18.8,81,87.0,0.0,12.7
2026-01-23 13:00:00,16.1,84,1.6,16.5,57,334.0,147.0,14.7
2026-01-23 14:00:00,17.5,75,0.0,17.7,100,417.0,222.0,15.8
2026-01-23 15:00:00,16.8,82,2.4,11.3,71,147.0,15.0,16.4
2026-01-23 16:00:00,16.7,84,0.1,12.3,100,140.0,44.0,16.2
2026-01-23 17:00:00,15.5,85,8.6,14.7,70,25.0,2.0,14.3
2026-01-23 18:00:00,14.4,88,0.7,6.2,98,3.0,0.0,14.2
2026-01-23 19:00:00,14.4,91,0.2,9.5,48,0.0,0.0,13.9
2026-01-23 20:00:00,14.2,92,0.2,8.8,43,0.0,0.0,13.8
2026-01-23 21:00:00,13.7,93,0.2,4.6,25,0.0,0.0,13.8
2026-01-23 22:00:00,13.1,92,0.1,1.2,20,0.0,0.0,13.4
2026-01-23 23:00:00,12.9,95,0.0,2.8,100,0.0,0.0,13.1
2026-01-24 00:00:00,12.5,95,0.0,1.2,100,0.0,0.0,12.9
2026-01-24 01:00:00,12.9,94,0.0,6.1,100,0.0,0.0,12.6
2026-01-24 02:00:00,12.3,97,0.0,10.0,97,0.0,0.0,11.4
2026-01-24 03:00:00,11.2,97,0.0,10.1,100,0.0,0.0,10.0
2026-01-24 04:00:00,9.7,89,0.0,12.0,100,0.0,0.0,7.4
2026-01-24 05:00:00,9.9,75,0.0,10.6,100,0.0,0.0,7.2
2026-01-24 06:00:00,9.3,70,0.0,10.8,100,0.0,0.0,6.3
2026-01-24 07:00:00,9.0,70,0.0,10.1,98,1.0,0.0,6.1
2026-01-24 08:00:00,9.6,69,0.0,8.1,80,67.0,27.0,7.0
2026-01-24 09:00:00,10.8,65,0.0,8.4,48,218.0,110.0,8.2
2026-01-24 10:00:00,12.2,59,0.0,8.6,34,376.0,221.0,9.6
2026-01-24 11:00:00,14.0,50,0.0,9.8,13,523.0,362.0,11.1
2026-01-24 12:00:00,15.4,45,0.0,9.4,38,613.0,454.0,12.8
2026-01-24 13:00:00,16.1,44,0.0,9.5,7,623.0,459.0,13.7
2026-01-24 14:00:00,16.4,46,0.0,10.3,6,559.0,412.0,13.6
2026-01-24 15:00:00,16.2,49,0.0,10.9,100,445.0,321.0,13.4
2026-01-24 16:00:00,15.4,52,0.0,10.4,100,264.0,146.0,12.7
2026-01-24 17:00:00,14.0,60,0.0,9.6,100,93.0,26.0,11.7
2026-01-24 18:00:00,12.5,66,0.0,8.9,100,4.0,0.0,10.2
2026-01-24 19:00:00,11.6,69,0.0,8.8,98,0.0,0.0,9.4
2026-01-24 20:00:00,10.7,71,0.0,8.7,100,0.0,0.0,8.4
2026-01-24 21:00:00,10.0,73,0.0,8.5,100,0.0,0.0,7.6
2026-01-24 22:00:00,9.4,74,0.0,9.0,100,0.0,0.0,6.8
2026-01-24 23:00:00,9.1,75,0.0,10.7,100,0.0,0.0,6.2
2026-01-25 00:00:00,8.8,75,0.0,9.0,100,0.0,0.0,6.1
2026-01-25 01:00:00,8.4,76,0.0,9.2,100,0.0,0.0,5.7
2026-01-25 02:00:00,8.3,76,0.0,8.1,100,0.0,0.0,5.7
2026-01-25 03:00:00,7.7,79,0.0,7.7,100,0.0,0.0,5.1
2026-01-25 04:00:00,7.2,81,0.0,7.3,96,0.0,0.0,4.7
2026-01-25 05:00:00,6.9,84,0.0,7.7,96,0.0,0.0,4.4
2026-01-25 06:00:00,6.8,85,0.0,6.3,76,0.0,0.0,4.5
2026-01-25 07:00:00,6.4,86,0.0,9.2,2,2.0,0.0,3.7
2026-01-25 08:00:00,7.1,84,0.0,9.4,0,88.0,37.0,4.4
2026-01-25 09:00:00,8.9,78,0.0,9.8,0,266.0,171.0,6.2
2026-01-25 10:00:00,11.2,72,0.0,8.8,0,442.0,322.0,9.0
2026-01-25 11:00:00,13.6,65,0.0,9.6,0,576.0,441.0,11.5
2026-01-25 12:00:00,15.1,59,0.0,10.0,0,648.0,507.0,13.4
2026-01-25 13:00:00,16.0,54,0.0,9.1,0,651.0,510.0,14.4
2026-01-25 14:00:00,16.4,53,0.0,8.1,0,586.0,451.0,14.6
2026-01-25 15:00:00,16.5,53,0.0,7.1,0,459.0,338.0,14.6
2026-01-25 16:00:00,15.9,57,0.0,5.7,0,288.0,190.0,14.3
2026-01-25 17:00:00,14.2,73,0.0,4.0,8,108.0,52.0,13.4
2026-01-25 18:00:00,12.8,75,0.0,5.3,0,5.0,1.0,11.5
2026-01-25 19:00:00,12.0,77,0.0,5.3,0,0.0,0.0,10.7
2026-01-25 20:00:00,11.2,79,0.0,5.4,0,0.0,0.0,9.8
2026-01-25 21:00:00,10.6,79,0.0,6.0,0,0.0,0.0,9.0
2026-01-25 22:00:00,9.9,81,0.0,5.4,0,0.0,0.0,8.3
2026-01-25 23:00:00,9.2,85,0.0,4.8,0,0.0,0.0,7.7
2026-01-26 00:00:00,8.7,86,0.0,4.7,0,0.0,0.0,7.1
2026-01-26 01:00:00,8.2,88,0.0,4.4,0,0.0,0.0,6.6
2026-01-26 02:00:00,7.8,89,0.0,4.9,81,0.0,0.0,6.0
2026-01-26 03:00:00,7.5,89,0.0,5.6,34,0.0,0.0,5.6
2026-01-26 04:00:00,6.9,90,0.0,4.7,9,0.0,0.0,5.0
2026-01-26 05:00:00,6.3,93,0.0,4.9,0,0.0,0.0,4.4
2026-01-26 06:00:00,6.4,92,0.0,4.6,0,0.0,0.0,4.5
2026-01-26 07:00:00,6.2,93,0.0,4.2,0,2.0,0.0,4.3
2026-01-26 08:00:00,7.9,89,0.0,4.3,0,89.0,40.0,6.3
2026-01-26 09:00:00,10.5,83,0.0,2.2,0,266.0,170.0,9.5
2026-01-26 10:00:00,13.1,76,0.0,1.0,0,440.0,319.0,12.6
2026-01-26 11:00:00,15.2,68,0.0,0.8,0,571.0,435.0,15.0
2026-01-26 12:00:00,17.1,62,0.0,1.0,0,644.0,502.0,17.5
2026-01-26 13:00:00,18.1,58,0.0,0.9,0,647.0,504.0,18.5
2026-01-26 14:00:00,18.7,55,0.0,1.5,0,582.0,446.0,18.5
2026-01-26 15:00:00,18.8,54,0.0,1.0,0,456.0,334.0,18.5
2026-01-26 16:00:00,18.5,56,0.0,2.2,21,286.0,188.0,18.1
2026-01-26 17:00:00,17.0,69,0.0,3.8,100,106.0,43.0,16.8
2026-01-26 18:00:00,16.2,73,0.0,3.3,100,3.0,0.0,16.1
2026-01-26 19:00:00,15.2,77,0.0,4.3,78,0.0,0.0,14.8
2026-01-26 20:00:00,14.2,79,0.0,3.3,38,0.0,0.0,13.9
2026-01-26 21:00:00,13.4,77,0.0,0.9,22,0.0,0.0,13.1
2026-01-26 22:00:00,12.6,79,0.0,3.2,0,0.0,0.0,11.8
2026-01-26 23:00:00,12.9,77,0.0,1.0,0,0.0,0.0,12.5
2026-01-27 00:00:00,12.2,80,0.0,4.1,1,0.0,0.0,11.2
2026-01-27 01:00:00,11.6,83,0.0,3.9,0,0.0,0.0,10.7
2026-01-27 02:00:00,11.1,86,0.0,5.7,0,0.0,0.0,9.9
2026-01-27 03:00:00,11.3,83,0.0,7.1,0,0.0,0.0,9.8
2026-01-27 04:00:00,11.4,81,0.0,8.1,1,0.0,0.0,9.7
2026-01-27 05:00:00,11.2,81,0.0,7.8,3,0.0,0.0,9.6
2026-01-27 06:00:00,11.4,79,0.0,8.0,5,0.0,0.0,9.7
2026-01-27 07:00:00,11.5,80,0.0,7.9,34,2.0,0.0,9.8
2026-01-27 08:00:00,12.7,79,0.0,8.8,88,71.0,27.0,11.1
2026-01-27 09:00:00,13.9,75,0.8,2.5,62,158.0,44.0,13.4
2026-01-27 10:00:00,14.7,77,9.5,5.3,62,270.0,121.0,14.1
2026-01-27 11:00:00,15.9,77,0.0,8.3,38,401.0,230.0,15.2
2026-01-27 12:00:00,18.1,73,0.1,10.5,17,533.0,328.0,17.6
2026-01-27 13:00:00,19.3,72,0.0,14.4,20,584.0,411.0,18.7
2026-01-27 14:00:00,19.7,72,0.0,13.2,98,481.0,314.0,19.3
2026-01-27 15:00:00,19.2,75,0.2,10.6,51,287.0,121.0,19.2
2026-01-27 16:00:00,18.8,78,0.0,16.2,60,212.0,102.0,18.0
2026-01-27 17:00:00,15.9,91,0.0,8.5,45,79.0,20.0,16.1
2026-01-27 18:00:00,15.0,93,1.3,9.2,100,5.0,0.0,14.9
2026-01-27 19:00:00,14.5,92,0.4,10.3,100,0.0,0.0,14.0
2026-01-27 20:00:00,14.4,91,0.0,9.8,100,0.0,0.0,13.9
2026-01-27 21:00:00,14.4,92,0.0,8.3,100,0.0,0.0,14.2
2026-01-27 22:00:00,13.8,95,0.0,8.1,20,0.0,0.0,13.6
2026-01-27 23:00:00,13.3,96,0.0,9.2,25,0.0,0.0,12.8
2026-01-28 00:00:00,12.4,97,0.1,3.6,89,0.0,0.0,12.5
2026-01-28 01:00:00,13.0,93,3.5,1.9,62,0.0,0.0,13.3
2026-01-28 02:00:00,12.2,96,1.1,4.1,84,0.0,0.0,12.1
2026-01-28 03:00:00,12.3,95,2.9,0.8,48,0.0,0.0,12.7
2026-01-28 04:00:00,12.5,94,0.0,4.6,79,0.0,0.0,12.3
2026-01-28 05:00:00,11.7,95,0.0,5.8,76,0.0,0.0,11.2
2026-01-28 06:00:00,12.5,97,0.0,8.0,100,0.0,0.0,11.9
2026-01-28 07:00:00,12.7,98,0.0,6.3,100,1.0,0.0,12.5
2026-01-28 08:00:00,13.4,94,0.0,8.0,100,38.0,1.0,12.9
2026-01-28 09:00:00,13.9,91,0.0,9.1,100,121.0,0.0,13.3
2026-01-28 10:00:00,14.4,88,0.0,7.6,100,184.0,11.0,14.0
2026-01-28 11:00:00,16.0,81,0.0,7.5,53,275.0,20.0,15.8
2026-01-28 12:00:00,16.8,76,0.0,6.0,23,345.0,53.0,16.7
2026-01-28 13:00:00,17.7,70,0.0,3.9,22,465.0,202.0,17.8
2026-01-28 14:00:00,18.2,66,0.0,4.3,27,413.0,179.0,18.0
2026-01-28 15:00:00,18.4,63,0.0,5.9,32,335.0,154.0,17.9
2026-01-28 16:00:00,18.0,63,0.0,7.5,41,219.0,91.0,17.1
2026-01-28 17:00:00,16.9,71,0.0,5.1,6,97.0,36.0,16.7
2026-01-28 18:00:00,15.2,79,0.0,4.6,9,6.0,1.0,14.9
2026-01-28 19:00:00,14.5,83,0.0,5.3,0,0.0,0.0,14.2
2026-01-28 20:00:00,13.6,86,0.0,4.9,0,0.0,0.0,13.2
2026-01-28 21:00:00,12.8,87,0.0,4.7,0,0.0,0.0,12.4
2026-01-28 22:00:00,12.2,88,0.0,4.5,0,0.0,0.0,11.7
2026-01-28 23:00:00,11.8,93,0.0,5.1,0,0.0,0.0,11.2
2026-01-29 00:00:00,12.0,93,0.0,6.2,0,0.0,0.0,11.4
2026-01-29 01:00:00,11.8,94,0.0,7.5,0,0.0,0.0,11.0
2026-01-29 02:00:00,11.5,95,0.0,7.9,0,0.0,0.0,10.5
2026-01-29 03:00:00,10.9,96,0.0,7.2,0,0.0,0.0,9.9
2026-01-29 04:00:00,10.4,96,0.0,6.5,0,0.0,0.0,9.4
2026-01-29 05:00:00,10.5,100,0.0,6.8,100,0.0,0.0,9.6
2026-01-29 06:00:00,10.6,100,0.0,6.2,100,0.0,0.0,9.8
2026-01-29 07:00:00,10.8,99,0.0,7.0,100,2.0,0.0,9.9
2026-01-29 08:00:00,11.1,99,0.0,7.7,100,44.0,0.0,10.2
2026-01-29 09:00:00,11.9,94,0.0,9.1,100,145.0,17.0,10.9
2026-01-29 10:00:00,13.8,88,0.0,8.5,83,283.0,55.0,13.1
2026-01-29 11:00:00,15.3,80,0.0,9.8,49,466.0,211.0,14.4
2026-01-29 12:00:00,16.8,71,0.0,8.0,34,553.0,300.0,16.0
2026-01-29 13:00:00,17.7,67,0.0,7.3,28,613.0,417.0,17.5
2026-01-29 14:00:00,18.3,66,0.0,7.5,2,574.0,407.0,17.8
2026-01-29 15:00:00,18.4,64,0.0,7.1,1,463.0,332.0,17.8
2026-01-29 16:00:00,18.0,67,0.0,6.9,0,296.0,193.0,17.5
2026-01-29 17:00:00,16.1,77,0.0,6.4,23,116.0,55.0,15.8
2026-01-29 18:00:00,14.3,84,0.0,5.0,96,7.0,1.0,14.1
2026-01-29 19:00:00,13.9,85,0.0,5.3,98,0.0,0.0,13.5
2026-01-29 20:00:00,13.4,86,0.0,5.2,28,0.0,0.0,12.9
2026-01-29 21:00:00,12.4,89,0.0,5.0,4,0.0,0.0,11.9
2026-01-29 22:00:00,11.7,91,0.0,4.8,11,0.0,0.0,11.0
2026-01-29 23:00:00,11.1,92,0.0,4.5,34,0.0,0.0,10.4
2026-01-30 00:00:00,10.8,93,0.0,5.0,30,0.0,0.0,10.0
2026-01-30 01:00:00,10.3,94,0.0,5.2,96,0.0,0.0,9.4
2026-01-30 02:00:00,10.1,94,0.0,5.4,100,0.0,0.0,9.0
2026-01-30 03:00:00,10.4,92,0.0,6.8,100,0.0,0.0,9.2
2026-01-30 04:00:00,10.5,91,0.0,7.1,77,0.0,0.0,9.2
2026-01-30 05:00:00,9.7,94,0.0,4.9,100,0.0,0.0,8.6
2026-01-30 06:00:00,8.9,94,0.0,4.1,73,0.0,0.0,7.8
2026-01-30 07:00:00,8.5,95,0.0,3.7,84,3.0,0.0,7.4
2026-01-30 08:00:00,10.8,92,0.0,7.2,66,78.0,19.0,9.6
2026-01-30 09:00:00,12.7,89,0.0,6.0,31,275.0,177.0,12.1
2026-01-30 10:00:00,14.8,80,0.0,6.6,84,445.0,316.0,14.3
2026-01-30 11:00:00,16.6,73,0.0,6.7,85,560.0,387.0,16.2
2026-01-30 12:00:00,18.1,65,0.0,6.1,52,646.0,481.0,18.2
2026-01-30 13:00:00,19.0,61,0.0,5.2,70,659.0,507.0,19.3
2026-01-30 14:00:00,19.5,59,0.0,5.2,100,596.0,451.0,19.4
2026-01-30 15:00:00,19.5,58,0.0,6.0,100,409.0,205.0,18.9
2026-01-30 16:00:00,18.9,61,0.0,5.6,98,238.0,72.0,18.4
2026-01-30 17:00:00,17.6,75,0.0,3.9,95,92.0,15.0,17.9
2026-01-30 18:00:00,16.1,78,0.0,2.4,80,7.0,0.0,16.4
2026-01-30 19:00:00,15.3,80,0.0,0.6,23,0.0,0.0,15.7
2026-01-30 20:00:00,14.4,83,0.0,0.6,4,0.0,0.0,14.7
2026-01-30 21:00:00,13.6,86,0.0,1.0,0,0.0,0.0,13.8
2026-01-30 22:00:00,12.9,87,0.0,1.1,0,0.0,0.0,12.9
2026-01-30 23:00:00,12.6,89,0.0,1.6,17,0.0,0.0,12.6
2026-01-31 00:00:00,12.0,91,0.0,2.2,45,0.0,0.0,11.9
2026-01-31 01:00:00,10.9,99,0.0,2.3,7,0.0,0.0,10.7
2026-01-31 02:00:00,10.5,99,0.0,1.5,100,0.0,0.0,10.4
2026-01-31 03:00:00,10.0,100,0.0,1.8,100,0.0,0.0,9.7
2026-01-31 04:00:00,10.3,99,0.0,2.2,100,0.0,0.0,10.0
2026-01-31 05:00:00,9.2,100,0.0,3.2,100,0.0,0.0,8.4
2026-01-31 06:00:00,9.4,100,0.0,3.0,100,0.0,0.0,8.8
2026-01-31 07:00:00,9.6,99,0.0,3.7,100,2.0,0.0,8.8
2026-01-31 08:00:00,10.6,98,0.0,4.0,100,54.0,4.0,10.0
2026-01-31 09:00:00,12.0,96,0.0,2.9,100,142.0,18.0,12.0
2026-01-31 10:00:00,14.3,92,0.0,4.3,84,291.0,78.0,14.6
2026-01-31 11:00:00,16.8,79,0.0,5.9,1,522.0,317.0,16.9
2026-01-31 12:00:00,18.3,70,0.0,7.2,1,640.0,489.0,18.6
2026-01-31 13:00:00,19.3,63,0.0,8.2,0,649.0,501.0,19.3
2026-01-31 14:00:00,19.8,62,0.0,8.3,0,585.0,445.0,19.5
2026-01-31 15:00:00,19.9,63,0.0,6.7,5,461.0,334.0,19.8
2026-01-31 16:00:00,19.5,66,0.0,7.2,2,286.0,181.0,19.4
2026-01-31 17:00:00,17.7,75,0.0,8.5,11,115.0,54.0,17.4
2026-01-31 18:00:00,16.2,82,0.0,7.3,7,7.0,1.0,16.1
2026-01-31 19:00:00,15.4,86,0.0,7.4,12,0.0,0.0,15.2
2026-01-31 20:00:00,14.8,88,0.0,7.8,12,0.0,0.0,14.6
2026-01-31 21:00:00,14.5,89,0.0,8.5,59,0.0,0.0,14.1
2026-01-31 22:00:00,14.1,90,0.0,8.5,14,0.0,0.0,13.6
2026-01-31 23:00:00,13.9,90,0.0,8.7,77,0.0,0.0,13.3
2026-02-01 00:00:00,13.3,91,0.3,2.8,90,0.0,0.0,13.4
2026-02-01 01:00:00,13.7,86,3.7,13.0,79,0.0,0.0,12.2
2026-02-01 02:00:00,13.8,83,0.7,12.0,82,0.0,0.0,12.3
2026-02-01 03:00:00,12.7,84,4.2,3.7,97,0.0,0.0,12.2
2026-02-01 04:00:00,12.4,87,0.0,3.7,58,0.0,0.0,12.0
2026-02-01 05:00:00,13.0,94,4.1,9.0,72,0.0,0.0,12.3
2026-02-01 06:00:00,12.9,93,0.2,7.1,30,0.0,0.0,12.4
2026-02-01 07:00:00,12.9,92,0.0,8.7,20,3.0,0.0,12.1
2026-02-01 08:00:00,14.0,90,0.0,9.4,33,83.0,31.0,13.3
2026-02-01 09:00:00,15.5,88,0.0,5.3,23,225.0,118.0,15.8
2026-02-01 10:00:00,17.6,80,0.0,6.2,28,392.0,249.0,18.0
2026-02-01 11:00:00,18.3,72,0.0,8.9,20,523.0,365.0,17.9
2026-02-01 12:00:00,19.3,68,0.0,8.2,13,582.0,403.0,19.3
2026-02-01 13:00:00,20.1,67,0.0,7.3,8,602.0,421.0,20.5
2026-02-01 14:00:00,20.7,66,0.0,6.0,4,561.0,406.0,21.2
2026-02-01 15:00:00,20.8,66,0.0,4.3,14,448.0,313.0,21.6
2026-02-01 16:00:00,20.6,68,0.0,3.4,87,277.0,164.0,21.5
2026-02-01 17:00:00,19.4,78,0.0,3.6,21,111.0,47.0,20.7
2026-02-01 18:00:00,17.6,83,0.0,4.0,5,8.0,1.0,18.6
2026-02-01 19:00:00,16.7,87,0.0,3.2,2,0.0,0.0,17.7
2026-02-01 20:00:00,15.9,89,0.0,3.1,1,0.0,0.0,16.7
2026-02-01 21:00:00,15.4,90,0.0,1.8,0,0.0,0.0,16.3
2026-02-01 22:00:00,15.0,91,0.0,1.3,0,0.0,0.0,15.9
2026-02-01 23:00:00,14.3,95,0.0,2.9,0,0.0,0.0,14.9
2026-02-02 00:00:00,14.2,95,0.0,0.6,0,0.0,0.0,15.1
2026-02-02 01:00:00,13.8,98,0.0,5.1,32,0.0,0.0,14.2
2026-02-02 02:00:00,13.5,100,0.0,4.3,100,0.0,0.0,14.0
2026-02-02 03:00:00,12.8,100,0.0,2.2,100,0.0,0.0,13.4
2026-02-02 04:00:00,12.7,99,0.0,1.0,100,0.0,0.0,13.3
2026-02-02 05:00:00,13.2,97,0.0,2.9,100,0.0,0.0,13.6
2026-02-02 06:00:00,13.4,95,0.0,2.5,100,0.0,0.0,13.8
2026-02-02 07:00:00,13.2,95,0.0,3.1,100,2.0,0.0,13.5
2026-02-02 08:00:00,13.5,97,0.0,4.1,100,53.0,4.0,13.8
2026-02-02 09:00:00,14.2,96,0.0,6.5,100,150.0,22.0,14.4
2026-02-02 10:00:00,15.4,93,0.0,8.1,100,280.0,73.0,15.6
2026-02-02 11:00:00,16.3,89,0.0,8.6,100,416.0,128.0,16.5
2026-02-02 12:00:00,17.8,82,0.0,8.7,100,490.0,196.0,18.0
2026-02-02 13:00:00,18.8,74,0.0,7.6,66,480.0,184.0,19.0
2026-02-02 14:00:00,19.5,69,0.0,6.9,99,535.0,332.0,19.7
2026-02-02 15:00:00,19.7,68,0.0,6.4,40,442.0,266.0,19.9
2026-02-02 16:00:00,19.4,69,0.0,6.7,86,300.0,185.0,19.6
2026-02-02 17:00:00,17.5,76,0.0,6.8,97,118.0,50.0,17.6
2026-02-02 18:00:00,16.0,83,0.0,5.5,78,9.0,1.0,16.2
2026-02-02 19:00:00,15.5,86,0.0,6.0,47,0.0,0.0,15.6
2026-02-02 20:00:00,14.7,88,0.0,5.8,0,0.0,0.0,14.7
2026-02-02 21:00:00,14.1,90,0.0,5.9,0,0.0,0.0,14.0
2026-02-02 22:00:00,13.4,92,0.0,5.5,0,0.0,0.0,13.2
2026-02-02 23:00:00,13.0,95,0.0,5.0,0,0.0,0.0,12.9
2026-02-03 00:00:00,12.9,95,0.0,5.1,0,0.0,0.0,12.8
2026-02-03 01:00:00,12.3,95,0.0,5.1,0,0.0,0.0,12.1
2026-02-03 02:00:00,11.9,95,0.0,3.5,0,0.0,0.0,11.7
2026-02-03 03:00:00,11.5,96,0.0,4.6,0,0.0,0.0,11.0
2026-02-03 04:00:00,10.4,97,0.0,5.1,0,0.0,0.0,9.6
2026-02-03 05:00:00,10.7,100,0.0,5.4,100,0.0,0.0,10.0
2026-02-03 06:00:00,10.4,99,0.0,6.4,100,0.0,0.0,9.5
2026-02-03 07:00:00,10.5,98,0.0,6.6,100,3.0,0.0,9.5
2026-02-03 08:00:00,11.3,98,0.0,5.2,100,71.0,15.0,10.8
2026-02-03 09:00:00,12.1,98,0.0,3.8,100,185.0,51.0,12.1
2026-02-03 10:00:00,14.6,89,0.0,3.1,65,342.0,130.0,15.0
2026-02-03 11:00:00,16.3,82,0.0,3.5,38,533.0,317.0,16.8
2026-02-03 12:00:00,17.9,74,0.0,4.3,2,651.0,477.0,18.9
2026-02-03 13:00:00,18.8,65,0.0,5.6,13,661.0,499.0,19.3
2026-02-03 14:00:00,19.4,61,0.0,5.8,13,608.0,464.0,19.4
2026-02-03 15:00:00,19.6,58,0.0,3.8,34,483.0,355.0,19.4
2026-02-03 16:00:00,19.4,57,0.0,2.7,56,311.0,205.0,19.2
2026-02-03 17:00:00,18.6,65,0.0,1.7,100,126.0,57.0,18.9
2026-02-03 18:00:00,17.1,66,0.0,2.2,100,9.0,0.0,16.9
2026-02-03 19:00:00,16.2,69,0.0,2.5,100,0.0,0.0,16.0
2026-02-03 20:00:00,15.6,74,0.0,3.1,100,0.0,0.0,15.4
2026-02-03 21:00:00,15.1,77,0.0,3.3,100,0.0,0.0,14.9
2026-02-03 22:00:00,14.5,79,0.0,3.3,11,0.0,0.0,14.2
2026-02-03 23:00:00,14.1,82,0.0,1.9,39,0.0,0.0,14.2
2026-02-04 00:00:00,13.5,83,0.0,1.4,20,0.0,0.0,13.5
2026-02-04 01:00:00,12.5,88,0.0,2.8,80,0.0,0.0,12.2
2026-02-04 02:00:00,11.7,91,0.0,3.1,87,0.0,0.0,11.3
2026-02-04 03:00:00,11.4,92,0.0,3.1,81,0.0,0.0,10.9
2026-02-04 04:00:00,11.1,92,0.0,3.3,87,0.0,0.0,10.5
2026-02-04 05:00:00,11.1,93,0.0,4.8,80,0.0,0.0,10.4
2026-02-04 06:00:00,10.8,93,0.0,5.2,36,0.0,0.0,10.0
2026-02-04 07:00:00,10.7,93,0.0,5.4,14,4.0,0.0,9.7
2026-02-04 08:00:00,12.7,88,0.0,7.8,0,104.0,48.0,11.7
2026-02-04 09:00:00,14.8,84,0.0,4.3,0,288.0,187.0,14.8
2026-02-04 10:00:00,17.0,76,0.0,4.7,0,466.0,340.0,17.1
2026-02-04 11:00:00,18.2,66,0.0,6.8,0,601.0,460.0,18.0
2026-02-04 12:00:00,19.2,60,0.0,8.1,0,676.0,527.0,19.2
2026-02-04 13:00:00,19.9,56,0.0,8.7,0,681.0,532.0,19.7
2026-02-04 14:00:00,20.2,54,0.0,9.8,0,618.0,475.0,19.3
2026-02-04 15:00:00,20.1,54,0.0,9.8,0,492.0,363.0,18.8
2026-02-04 16:00:00,19.5,56,0.0,9.4,0,320.0,214.0,18.2
2026-02-04 17:00:00,18.5,62,0.0,6.9,0,133.0,67.0,17.8
2026-02-04 18:00:00,16.6,71,0.0,6.8,0,11.0,2.0,15.9
2026-02-04 19:00:00,15.8,76,0.0,6.9,0,0.0,0.0,15.2
2026-02-04 20:00:00,15.1,79,0.0,7.9,0,0.0,0.0,14.3
2026-02-04 21:00:00,14.4,81,0.0,8.3,0,0.0,0.0,13.6
2026-02-04 22:00:00,13.7,83,0.0,7.8,0,0.0,0.0,12.8
2026-02-04 23:00:00,13.4,85,0.0,7.4,0,0.0,0.0,12.6
2026-02-05 00:00:00,13.2,86,0.0,8.4,0,0.0,0.0,12.2
2026-02-05 01:00:00,12.7,87,0.0,8.4,0,0.0,0.0,11.6
2026-02-05 02:00:00,12.3,88,0.0,8.6,0,0.0,0.0,11.1
2026-02-05 03:00:00,11.9,88,0.0,8.8,0,0.0,0.0,10.7
2026-02-05 04:00:00,11.5,89,0.0,9.0,0,0.0,0.0,10.1
2026-02-05 05:00:00,11.0,88,0.0,9.9,0,0.0,0.0,9.3
2026-02-05 06:00:00,10.7,88,0.0,9.1,0,0.0,0.0,9.0
2026-02-05 07:00:00,10.6,87,0.0,8.7,0,4.0,1.0,8.9
2026-02-05 08:00:00,11.8,85,0.0,9.3,0,107.0,50.0,10.2
2026-02-05 09:00:00,13.8,79,0.0,7.1,0,294.0,193.0,12.8
2026-02-05 10:00:00,16.0,72,0.0,7.0,0,475.0,349.0,15.3
2026-02-05 11:00:00,18.5,63,0.0,8.6,0,613.0,472.0,18.0
2026-02-05 12:00:00,20.0,54,0.0,9.9,0,689.0,541.0,19.5
2026-02-05 13:00:00,20.9,48,0.0,10.5,0,694.0,546.0,20.0
2026-02-05 14:00:00,21.3,44,0.0,11.5,0,629.0,487.0,19.6
2026-02-05 15:00:00,21.0,45,0.0,11.9,0,502.0,373.0,18.9
2026-02-05 16:00:00,20.4,48,0.0,10.7,72,327.0,222.0,18.5
2026-02-05 17:00:00,19.1,55,0.0,7.7,0,132.0,59.0,17.9
2026-02-05 18:00:00,16.7,67,0.0,6.4,0,12.0,2.0,15.9
2026-02-05 19:00:00,15.8,72,0.0,6.4,0,0.0,0.0,15.1
2026-02-05 20:00:00,15.3,72,0.0,6.7,0,0.0,0.0,14.4
2026-02-05 21:00:00,14.8,72,0.0,7.0,0,0.0,0.0,13.7
2026-02-05 22:00:00,14.1,73,0.0,6.9,0,0.0,0.0,12.9
2026-02-05 23:00:00,13.3,78,0.0,6.6,0,0.0,0.0,12.2
2026-02-06 00:00:00,13.1,77,0.0,6.7,0,0.0,0.0,11.9
2026-02-06 01:00:00,12.5,79,0.0,6.3,0,0.0,0.0,11.3
2026-02-06 02:00:00,12.1,80,0.0,6.6,0,0.0,0.0,10.8
2026-02-06 03:00:00,11.8,81,0.0,7.1,0,0.0,0.0,10.3
2026-02-06 04:00:00,11.5,81,0.0,7.2,0,0.0,0.0,10.0
2026-02-06 05:00:00,11.1,83,0.0,8.0,0,0.0,0.0,9.5
2026-02-06 06:00:00,10.9,83,0.0,8.8,0,0.0,0.0,9.1
2026-02-06 07:00:00,10.8,83,0.0,9.9,0,5.0,1.0,8.8
2026-02-06 08:00:00,12.4,76,0.0,11.2,0,109.0,52.0,10.3
2026-02-06 09:00:00,14.7,71,0.0,9.4,0,296.0,195.0,13.2
2026-02-06 10:00:00,17.3,63,0.0,9.3,0,476.0,351.0,16.0
2026-02-06 11:00:00,20.2,55,0.0,10.9,0,613.0,473.0,19.2
2026-02-06 12:00:00,21.8,47,0.0,12.9,0,687.0,540.0,20.7
2026-02-06 13:00:00,22.5,44,0.0,14.4,0,691.0,543.0,21.0
2026-02-06 14:00:00,22.6,45,0.0,13.8,0,626.0,484.0,21.0
2026-02-06 15:00:00,22.3,48,0.0,12.9,0,499.0,371.0,20.6
2026-02-06 16:00:00,21.7,52,0.0,11.6,0,326.0,220.0,20.4
2026-02-06 17:00:00,20.5,56,0.0,8.9,0,138.0,71.0,19.6
2026-02-06 18:00:00,18.6,65,0.0,7.7,0,12.0,3.0,18.1
2026-02-06 19:00:00,17.7,71,0.0,7.2,0,0.0,0.0,17.3
2026-02-06 20:00:00,17.1,71,0.0,7.5,0,0.0,0.0,16.6
2026-02-06 21:00:00,16.6,71,0.0,7.4,0,0.0,0.0,15.9
2026-02-06 22:00:00,16.1,71,0.0,7.7,0,0.0,0.0,15.3
2026-02-06 23:00:00,15.8,73,0.0,7.4,0,0.0,0.0,15.0
2026-02-07 00:00:00,15.1,74,0.0,7.0,0,0.0,0.0,14.2
2026-02-07 01:00:00,14.5,77,0.0,6.7,4,0.0,0.0,13.6
2026-02-07 02:00:00,13.9,79,0.0,6.9,34,0.0,0.0,12.9
2026-02-07 03:00:00,13.3,82,0.0,8.1,23,0.0,0.0,12.2
2026-02-07 04:00:00,12.7,84,0.0,9.0,37,0.0,0.0,11.4
2026-02-07 05:00:00,12.6,86,0.0,9.4,64,0.0,0.0,11.3
2026-02-07 06:00:00,12.5,86,0.0,9.1,38,0.0,0.0,11.2
2026-02-07 07:00:00,12.5,86,0.0,9.4,34,5.0,1.0,11.2
2026-02-07 08:00:00,13.8,83,0.0,10.5,82,108.0,49.0,12.6
2026-02-07 09:00:00,16.1,75,0.0,8.5,5,292.0,188.0,15.3
2026-02-07 10:00:00,18.5,67,0.0,8.6,7,472.0,345.0,17.9
2026-02-07 11:00:00,20.8,59,0.0,10.3,0,608.0,466.0,20.4
2026-02-07 12:00:00,22.3,53,0.0,11.4,0,684.0,536.0,22.1
2026-02-07 13:00:00,23.3,47,0.0,13.0,0,688.0,540.0,22.6
2026-02-07 14:00:00,23.6,46,0.0,14.7,0,626.0,483.0,22.2
2026-02-07 15:00:00,23.5,45,0.0,15.1,0,501.0,372.0,21.5
2026-02-07 16:00:00,22.8,48,0.0,13.6,0,330.0,223.0,21.2
2026-02-07 17:00:00,21.6,53,0.0,9.3,0,141.0,73.0,20.8
2026-02-07 18:00:00,19.7,63,0.0,7.6,0,13.0,3.0,19.4
2026-02-07 19:00:00,18.8,67,0.0,7.7,0,0.0,0.0,18.4
2026-02-07 20:00:00,18.4,64,0.0,9.1,0,0.0,0.0,17.5
2026-02-07 21:00:00,17.6,66,0.0,8.1,0,0.0,0.0,16.7
2026-02-07 22:00:00,16.8,72,0.0,7.7,0,0.0,0.0,16.1
2026-02-07 23:00:00,16.0,79,0.0,6.9,0,0.0,0.0,15.6
2026-02-08 00:00:00,15.5,79,0.0,6.8,0,0.0,0.0,15.0
2026-02-08 01:00:00,14.8,77,0.0,6.4,0,0.0,0.0,14.1
2026-02-08 02:00:00,14.1,76,0.0,6.2,3,0.0,0.0,13.2
2026-02-08 03:00:00,13.5,77,0.0,6.3,46,0.0,0.0,12.4
2026-02-08 04:00:00,12.7,79,0.0,6.2,18,0.0,0.0,11.6
2026-02-08 05:00:00,11.9,82,0.0,6.4,19,0.0,0.0,10.6
2026-02-08 06:00:00,11.6,82,0.0,7.3,6,0.0,0.0,10.1
2026-02-08 07:00:00,11.4,81,0.0,8.0,33,6.0,1.0,9.8
2026-02-08 08:00:00,13.0,76,0.0,9.5,70,116.0,56.0,11.3
2026-02-08 09:00:00,15.4,66,0.0,7.0,28,310.0,206.0,14.2
2026-02-08 10:00:00,17.9,56,0.0,7.3,58,494.0,365.0,16.6
2026-02-08 11:00:00,20.6,46,0.0,9.3,97,631.0,486.0,19.3
2026-02-08 12:00:00,21.9,40,0.0,10.8,94,686.0,500.0,20.4
2026-02-08 13:00:00,22.6,35,0.0,11.8,39,702.0,532.0,20.8
2026-02-08 14:00:00,22.8,36,0.0,11.2,13,648.0,503.0,20.9
2026-02-08 15:00:00,22.5,38,0.0,10.6,1,519.0,389.0,20.3
2026-02-08 16:00:00,21.9,40,0.0,9.7,0,343.0,235.0,19.9
2026-02-08 17:00:00,20.5,45,0.0,7.1,0,148.0,79.0,19.0
2026-02-08 18:00:00,18.1,55,0.0,5.4,0,15.0,3.0,17.1
2026-02-08 19:00:00,17.1,60,0.0,5.5,0,0.0,0.0,16.1
2026-02-08 20:00:00,16.2,63,0.0,5.6,6,0.0,0.0,15.2
2026-02-08 21:00:00,15.7,65,0.0,5.5,38,0.0,0.0,14.6
2026-02-08 22:00:00,15.3,65,0.0,4.6,88,0.0,0.0,14.3
2026-02-08 23:00:00,14.7,70,0.0,4.6,77,0.0,0.0,13.8
2026-02-09 00:00:00,14.1,70,0.0,4.1,37,0.0,0.0,13.2
2026-02-09 01:00:00,13.3,73,0.0,4.3,39,0.0,0.0,12.2
2026-02-09 02:00:00,12.5,76,0.0,3.8,34,0.0,0.0,11.5
2026-02-09 03:00:00,11.8,78,0.0,3.4,68,0.0,0.0,10.7
2026-02-09 04:00:00,10.9,81,0.0,3.8,70,0.0,0.0,9.7
2026-02-09 05:00:00,10.5,86,0.0,4.1,100,0.0,0.0,9.5
2026-02-09 06:00:00,11.0,85,0.0,3.7,99,0.0,0.0,10.0
2026-02-09 07:00:00,11.2,85,0.0,3.9,100,5.0,0.0,10.2
2026-02-09 08:00:00,13.0,77,0.0,4.5,100,84.0,8.0,12.1
2026-02-09 09:00:00,15.9,68,0.0,0.2,100,227.0,64.0,15.9
2026-02-09 10:00:00,19.2,52,0.0,1.9,83,411.0,202.0,18.7
2026-02-09 11:00:00,21.7,41,0.0,4.5,100,587.0,381.0,20.7
2026-02-09 12:00:00,23.2,36,0.0,4.9,100,680.0,482.0,22.5
2026-02-09 13:00:00,23.7,35,0.0,5.5,70,630.0,374.0,22.7
2026-02-09 14:00:00,24.0,36,0.0,6.2,45,605.0,407.0,22.9
2026-02-09 15:00:00,23.9,38,0.0,6.7,88,515.0,378.0,22.6
2026-02-09 16:00:00,23.2,41,0.0,7.8,11,325.0,195.0,21.7
2026-02-09 17:00:00,22.0,42,0.0,8.3,1,145.0,70.0,20.4
2026-02-09 18:00:00,20.2,48,0.0,6.8,0,15.0,4.0,18.9
2026-02-09 19:00:00,18.3,57,0.0,4.4,3,0.0,0.0,17.6
2026-02-09 20:00:00,17.2,63,0.0,5.0,2,0.0,0.0,16.5
2026-02-09 21:00:00,16.2,66,0.0,4.9,2,0.0,0.0,15.5
2026-02-09 22:00:00,15.5,68,0.0,5.1,1,0.0,0.0,14.6
2026-02-09 23:00:00,14.9,75,0.0,5.7,0,0.0,0.0,14.2
2026-02-10 00:00:00,14.1,79,0.0,5.2,0,0.0,0.0,13.5
2026-02-10 01:00:00,13.6,80,0.0,5.2,2,0.0,0.0,12.9
2026-02-10 02:00:00,13.0,80,0.0,4.6,13,0.0,0.0,12.3
2026-02-10 03:00:00,12.6,80,0.0,4.5,58,0.0,0.0,11.7
2026-02-10 04:00:00,12.4,80,0.0,5.6,92,0.0,0.0,11.3
2026-02-10 05:00:00,11.8,86,0.0,5.3,99,0.0,0.0,10.8
2026-02-10 06:00:00,11.7,86,0.0,5.0,34,0.0,0.0,10.8
2026-02-10 07:00:00,11.6,86,0.0,5.0,5,6.0,1.0,10.7
2026-02-10 08:00:00,13.8,76,0.0,5.9,33,115.0,55.0,12.8
2026-02-10 09:00:00,17.0,63,0.0,4.2,3,293.0,180.0,16.3
2026-02-10 10:00:00,20.2,52,0.0,5.1,0,480.0,351.0,19.4
2026-02-10 11:00:00,22.7,43,0.0,6.1,0,616.0,474.0,22.1
2026-02-10 12:00:00,25.0,35,0.0,5.8,0,691.0,541.0,24.6
2026-02-10 13:00:00,26.2,30,0.0,5.2,0,697.0,547.0,25.6
2026-02-10 14:00:00,26.9,27,0.0,4.3,1,634.0,491.0,25.9
2026-02-10 15:00:00,27.2,26,0.0,3.1,9,502.0,369.0,25.7
2026-02-10 16:00:00,26.9,25,0.0,1.5,19,329.0,218.0,25.5
2026-02-10 17:00:00,25.1,34,0.0,7.2,17,145.0,75.0,23.5
2026-02-10 18:00:00,22.9,47,0.0,6.5,5,15.0,3.0,22.2
2026-02-10 19:00:00,21.3,54,0.0,3.9,0,0.0,0.0,21.3
2026-02-10 20:00:00,20.2,60,0.0,3.8,0,0.0,0.0,20.3
2026-02-10 21:00:00,19.3,65,0.0,4.5,0,0.0,0.0,19.4
2026-02-10 22:00:00,18.6,68,0.0,5.6,0,0.0,0.0,18.5
2026-02-10 23:00:00,17.5,76,0.0,4.7,0,0.0,0.0,17.8
2026-02-11 00:00:00,16.6,79,0.0,4.1,0,0.0,0.0,16.9
2026-02-11 01:00:00,16.2,80,0.0,2.5,18,0.0,0.0,16.7
2026-02-11 02:00:00,16.3,79,0.0,1.5,27,0.0,0.0,16.9
2026-02-11 03:00:00,16.0,80,0.0,3.3,16,0.0,0.0,16.2
2026-02-11 04:00:00,15.3,82,0.0,2.6,7,0.0,0.0,15.6
2026-02-11 05:00:00,14.7,84,0.0,5.2,2,0.0,0.0,14.5
2026-02-11 06:00:00,14.6,84,0.0,4.7,21,0.0,0.0,14.5
2026-02-11 07:00:00,15.2,81,0.0,4.9,1,6.0,1.0,15.0
2026-02-11 08:00:00,17.2,71,0.0,5.8,0,118.0,56.0,16.9
2026-02-11 09:00:00,20.2,58,0.0,4.8,0,306.0,203.0,20.0
2026-02-11 10:00:00,23.0,46,0.0,6.8,0,483.0,355.0,22.2
2026-02-11 11:00:00,25.1,37,0.0,9.0,0,619.0,476.0,24.0
2026-02-11 12:00:00,26.4,32,0.0,9.2,0,696.0,545.0,25.5
2026-02-11 13:00:00,27.0,32,0.0,10.1,0,704.0,553.0,26.0
2026-02-11 14:00:00,27.1,31,0.0,11.1,0,641.0,496.0,25.6
2026-02-11 15:00:00,26.8,32,0.0,11.6,0,515.0,383.0,24.8
2026-02-11 16:00:00,25.9,36,0.0,11.6,0,341.0,232.0,24.1
2026-02-11 17:00:00,24.7,39,0.0,10.7,0,151.0,79.0,23.0
2026-02-11 18:00:00,23.2,46,0.0,8.1,0,16.0,4.0,22.2
2026-02-11 19:00:00,22.2,52,0.0,7.7,0,0.0,0.0,21.6
2026-02-11 20:00:00,21.1,56,0.0,7.7,0,0.0,0.0,20.6
2026-02-11 21:00:00,20.3,56,0.0,8.6,0,0.0,0.0,19.4
2026-02-11 22:00:00,19.3,57,0.0,8.1,0,0.0,0.0,18.3
2026-02-11 23:00:00,18.5,60,0.0,8.5,0,0.0,0.0,17.4
2026-02-12 00:00:00,17.7,61,0.0,7.8,0,0.0,0.0,16.5
2026-02-12 01:00:00,17.0,62,0.0,7.0,0,0.0,0.0,15.9
2026-02-12 02:00:00,16.2,63,0.0,6.3,0,0.0,0.0,15.1
2026-02-12 03:00:00,15.4,65,0.0,6.1,0,0.0,0.0,14.2
2026-02-12 04:00:00,14.5,68,0.0,6.0,0,0.0,0.0,13.3
2026-02-12 05:00:00,14.1,76,0.0,7.6,0,0.0,0.0,13.0
2026-02-12 06:00:00,13.4,80,0.0,6.5,0,0.0,0.0,12.4
2026-02-12 07:00:00,13.0,82,0.0,6.9,0,8.0,1.0,11.9
2026-02-12 08:00:00,14.5,74,0.0,7.9,0,126.0,62.0,13.3
2026-02-12 09:00:00,17.0,63,0.0,7.6,0,322.0,216.0,15.9
2026-02-12 10:00:00,19.7,53,0.0,8.0,16,507.0,377.0,18.4
2026-02-12 11:00:00,22.2,46,0.0,9.1,4,645.0,500.0,21.4
2026-02-12 12:00:00,24.0,35,0.0,12.0,2,719.0,567.0,22.5
2026-02-12 13:00:00,24.8,28,0.0,12.6,96,725.0,571.0,22.8
2026-02-12 14:00:00,25.1,27,0.0,12.4,0,661.0,512.0,22.5
2026-02-12 15:00:00,24.8,28,0.0,11.4,32,534.0,402.0,22.0
2026-02-12 16:00:00,24.2,30,0.0,9.8,58,356.0,245.0,21.6
2026-02-12 17:00:00,22.7,37,0.0,10.1,77,159.0,85.0,20.5
2026-02-12 18:00:00,21.2,42,0.0,7.1,99,18.0,4.0,19.6
2026-02-12 19:00:00,20.3,47,0.0,6.0,100,0.0,0.0,19.0
2026-02-12 20:00:00,19.3,53,0.0,5.5,2,0.0,0.0,18.3
2026-02-12 21:00:00,18.2,57,0.0,5.0,45,0.0,0.0,17.3
2026-02-12 22:00:00,17.8,56,0.0,4.8,83,0.0,0.0,16.8
2026-02-12 23:00:00,17.3,58,0.0,5.7,100,0.0,0.0,16.1
2026-02-13 00:00:00,16.7,59,0.0,5.8,100,0.0,0.0,15.4
2026-02-13 01:00:00,15.9,62,0.0,6.0,100,0.0,0.0,14.7
2026-02-13 02:00:00,15.2,65,0.0,6.0,100,0.0,0.0,13.9
2026-02-13 03:00:00,14.7,67,0.0,6.1,100,0.0,0.0,13.4
2026-02-13 04:00:00,13.8,70,0.0,4.9,100,0.0,0.0,12.6
2026-02-13 05:00:00,13.2,79,0.0,5.4,99,0.0,0.0,12.3
2026-02-13 06:00:00,12.8,79,0.0,4.9,100,0.0,0.0,11.8
2026-02-13 07:00:00,12.7,78,0.0,6.0,74,8.0,1.0,11.5
2026-02-13 08:00:00,14.4,68,0.0,6.9,100,123.0,54.0,13.0
2026-02-13 09:00:00,17.2,55,0.0,6.6,99,292.0,144.0,15.7
2026-02-13 10:00:00,20.0,44,0.0,7.8,100,471.0,288.0,18.2
2026-02-13 11:00:00,22.5,37,0.0,9.7,96,603.0,386.0,20.7
2026-02-13 12:00:00,24.0,32,0.0,8.8,95,703.0,516.0,22.6
2026-02-13 13:00:00,24.9,30,0.0,8.0,98,704.0,510.0,23.7
2026-02-13 14:00:00,25.4,29,0.0,7.2,98,629.0,430.0,23.8
2026-02-13 15:00:00,25.5,30,0.0,7.4,99,491.0,298.0,23.5
2026-02-13 16:00:00,24.9,32,0.0,7.2,49,335.0,194.0,23.1
2026-02-13 17:00:00,23.6,33,0.0,7.6,77,157.0,80.0,21.5
2026-02-13 18:00:00,22.0,39,0.0,5.4,45,19.0,4.0,20.5
2026-02-13 19:00:00,20.6,48,0.0,4.3,53,0.0,0.0,19.8
2026-02-13 20:00:00,19.3,55,0.0,2.9,38,0.0,0.0,18.9
2026-02-13 21:00:00,19.2,57,0.0,0.7,89,0.0,0.0,19.3
2026-02-13 22:00:00,18.8,56,0.0,0.7,50,0.0,0.0,18.6
2026-02-13 23:00:00,18.6,62,0.0,0.5,100,0.0,0.0,18.8
2026-02-14 00:00:00,18.2,59,0.0,1.2,100,0.0,0.0,18.1
2026-02-14 01:00:00,17.3,61,0.0,2.1,88,0.0,0.0,16.9
2026-02-14 02:00:00,15.7,68,0.0,3.5,91,0.0,0.0,15.2
2026-02-14 03:00:00,14.3,74,0.0,4.9,98,0.0,0.0,13.5
2026-02-14 04:00:00,13.4,77,0.0,4.4,47,0.0,0.0,12.6
2026-02-14 05:00:00,12.8,84,0.0,4.2,81,0.0,0.0,12.2
2026-02-14 06:00:00,12.6,84,0.0,4.3,87,0.0,0.0,11.9
2026-02-14 07:00:00,12.5,81,0.0,5.8,100,9.0,1.0,11.5
2026-02-14 08:00:00,14.6,69,0.0,6.9,88,121.0,47.0,13.3
2026-02-14 09:00:00,17.9,54,0.0,6.0,7,312.0,188.0,16.6
2026-02-14 10:00:00,21.5,41,0.0,7.1,0,508.0,378.0,19.8
2026-02-14 11:00:00,24.0,33,0.0,8.3,0,648.0,505.0,22.5
2026-02-14 12:00:00,25.6,29,0.0,8.6,0,723.0,572.0,24.4
2026-02-14 13:00:00,26.4,28,0.0,9.5,0,730.0,579.0,25.1
2026-02-14 14:00:00,26.9,26,0.0,10.6,0,665.0,520.0,24.9
2026-02-14 15:00:00,26.5,29,0.0,11.4,0,536.0,403.0,24.0
2026-02-14 16:00:00,25.8,33,0.0,10.2,1,358.0,247.0,23.8
2026-02-14 17:00:00,24.7,33,0.0,10.4,0,162.0,88.0,22.5
2026-02-14 18:00:00,23.3,37,0.0,7.6,0,20.0,5.0,21.5
2026-02-14 19:00:00,22.2,42,0.0,5.7,0,0.0,0.0,21.0
2026-02-14 20:00:00,21.1,47,0.0,4.7,0,0.0,0.0,20.2
2026-02-14 21:00:00,20.5,50,0.0,5.2,0,0.0,0.0,19.6
2026-02-14 22:00:00,20.1,52,0.0,5.3,0,0.0,0.0,19.3
2026-02-14 23:00:00,19.0,60,0.0,4.6,0,0.0,0.0,18.6
2026-02-15 00:00:00,17.7,65,0.0,4.7,0,0.0,0.0,17.3
2026-02-15 01:00:00,16.6,70,0.0,4.2,0,0.0,0.0,16.3
2026-02-15 02:00:00,15.8,74,0.0,4.3,0,0.0,0.0,15.5
2026-02-15 03:00:00,15.2,76,0.0,4.9,0,0.0,0.0,14.8
2026-02-15 04:00:00,14.5,78,0.0,5.2,0,0.0,0.0,13.9
2026-02-15 05:00:00,13.5,87,0.0,4.9,0,0.0,0.0,13.1
2026-02-15 06:00:00,13.6,85,0.0,4.9,0,0.0,0.0,13.2
2026-02-15 07:00:00,13.9,83,0.0,5.1,0,9.0,2.0,13.5
2026-02-15 08:00:00,16.4,71,0.0,5.9,0,128.0,63.0,15.9
2026-02-15 09:00:00,19.9,57,0.0,5.2,0,322.0,215.0,19.4
2026-02-15 10:00:00,22.9,46,0.0,7.1,0,507.0,376.0,22.1
2026-02-15 11:00:00,25.3,39,0.0,9.6,0,647.0,503.0,24.6
2026-02-15 12:00:00,26.8,33,0.0,11.5,0,725.0,574.0,25.9
2026-02-15 13:00:00,27.7,30,0.0,12.1,0,733.0,581.0,26.5
2026-02-15 14:00:00,28.1,26,0.0,12.3,0,670.0,525.0,26.2
2026-02-15 15:00:00,27.9,26,0.0,11.9,0,543.0,410.0,25.2
2026-02-15 16:00:00,27.3,26,0.0,11.4,0,365.0,254.0,24.6
2026-02-15 17:00:00,26.1,28,0.0,8.6,0,167.0,92.0,23.9
2026-02-15 18:00:00,23.9,36,0.0,4.4,0,21.0,6.0,22.7
2026-02-15 19:00:00,23.1,40,0.0,2.3,0,0.0,0.0,22.4
2026-02-15 20:00:00,22.5,42,0.0,1.4,0,0.0,0.0,22.0
2026-02-15 21:00:00,21.4,45,0.0,1.9,0,0.0,0.0,20.8
2026-02-15 22:00:00,20.3,49,0.0,2.2,0,0.0,0.0,19.8
2026-02-15 23:00:00,19.9,53,0.0,0.6,0,0.0,0.0,19.8
2026-02-16 00:00:00,19.4,56,0.0,0.2,0,0.0,0.0,19.5
2026-02-16 01:00:00,19.4,56,0.0,0.2,0,0.0,0.0,19.5
2026-02-16 02:00:00,19.1,56,0.0,0.4,0,0.0,0.0,19.0
2026-02-16 03:00:00,17.8,61,0.0,1.5,0,0.0,0.0,17.6
2026-02-16 04:00:00,15.8,71,0.0,5.5,0,0.0,0.0,15.1
2026-02-16 05:00:00,14.0,85,0.0,5.2,0,0.0,0.0,13.7
2026-02-16 06:00:00,13.1,89,0.0,4.1,51,0.0,0.0,12.9
2026-02-16 07:00:00,13.5,87,0.0,4.4,4,10.0,2.0,13.2
2026-02-16 08:00:00,16.6,70,0.0,5.2,0,134.0,68.0,16.2
2026-02-16 09:00:00,21.1,51,0.0,3.7,0,331.0,223.0,20.7
2026-02-16 10:00:00,24.6,38,0.0,3.2,0,515.0,384.0,23.9
2026-02-16 11:00:00,27.0,30,0.0,3.3,0,654.0,509.0,26.7
2026-02-16 12:00:00,29.0,23,0.0,1.6,0,730.0,578.0,28.9
2026-02-16 13:00:00,29.9,19,0.0,1.9,0,735.0,583.0,29.5
2026-02-16 14:00:00,30.3,18,0.0,3.9,0,670.0,524.0,28.9
2026-02-16 15:00:00,30.3,17,0.0,6.3,3,545.0,413.0,27.7
2026-02-16 16:00:00,29.3,20,0.0,7.7,14,336.0,217.0,26.6
2026-02-16 17:00:00,25.5,40,0.0,12.1,0,155.0,79.0,24.0
2026-02-16 18:00:00,24.3,43,0.0,8.7,0,21.0,5.0,23.3
2026-02-16 19:00:00,23.3,47,0.0,8.1,0,0.0,0.0,22.6
2026-02-16 20:00:00,22.3,52,0.0,7.0,1,0.0,0.0,21.9
2026-02-16 21:00:00,21.3,57,0.0,6.7,0,0.0,0.0,21.0
2026-02-16 22:00:00,20.4,60,0.0,5.5,0,0.0,0.0,20.3
2026-02-16 23:00:00,19.7,64,0.0,7.2,1,0.0,0.0,19.5
2026-02-17 00:00:00,19.2,66,0.0,6.3,1,0.0,0.0,19.1
2026-02-17 01:00:00,18.3,70,0.0,5.9,2,0.0,0.0,18.2
2026-02-17 02:00:00,17.5,72,0.0,7.0,1,0.0,0.0,17.2
2026-02-17 03:00:00,16.8,74,0.0,7.5,0,0.0,0.0,16.4
2026-02-17 04:00:00,16.3,76,0.0,8.1,0,0.0,0.0,15.7
2026-02-17 05:00:00,16.1,73,0.0,9.5,0,0.0,0.0,15.1
2026-02-17 06:00:00,15.9,74,0.0,9.7,0,0.0,0.0,14.9
2026-02-17 07:00:00,16.0,73,0.0,10.1,0,10.0,2.0,14.9
2026-02-17 08:00:00,17.7,65,0.0,9.1,0,134.0,67.0,16.7
2026-02-17 09:00:00,20.5,55,0.0,8.4,0,328.0,220.0,19.6
2026-02-17 10:00:00,23.6,43,0.0,10.6,0,512.0,380.0,22.1
2026-02-17 11:00:00,25.9,34,0.0,11.8,0,653.0,507.0,24.5
2026-02-17 12:00:00,27.7,29,0.0,9.5,0,732.0,580.0,26.9
2026-02-17 13:00:00,28.8,27,0.0,8.2,0,738.0,585.0,28.1
2026-02-17 14:00:00,29.2,25,0.0,7.6,0,672.0,525.0,28.1
2026-02-17 15:00:00,29.0,27,0.0,8.5,0,543.0,408.0,27.2
2026-02-17 16:00:00,28.2,30,0.0,9.9,2,364.0,252.0,26.5
2026-02-17 17:00:00,26.8,33,0.0,12.5,3,166.0,90.0,24.7
2026-02-17 18:00:00,25.0,42,0.0,7.5,2,22.0,6.0,24.2
2026-02-17 19:00:00,23.6,49,0.0,4.2,2,0.0,0.0,23.6
2026-02-17 20:00:00,22.5,56,0.0,4.9,9,0.0,0.0,22.7
2026-02-17 21:00:00,21.4,63,0.0,4.9,13,0.0,0.0,22.0
2026-02-17 22:00:00,20.3,69,0.0,4.4,16,0.0,0.0,21.0
2026-02-17 23:00:00,19.6,76,0.0,3.0,1,0.0,0.0,20.8
2026-02-18 00:00:00,18.9,78,0.0,4.0,0,0.0,0.0,20.0
2026-02-18 01:00:00,18.3,80,0.0,3.9,4,0.0,0.0,19.2
2026-02-18 02:00:00,18.0,79,0.0,4.6,45,0.0,0.0,18.7
2026-02-18 03:00:00,17.6,80,0.0,0.5,100,0.0,0.0,18.8
2026-02-18 04:00:00,17.5,81,0.0,2.3,99,0.0,0.0,18.5
2026-02-18 05:00:00,18.4,80,0.0,7.7,84,0.0,0.0,18.8
2026-02-18 06:00:00,18.7,78,0.0,6.3,100,0.0,0.0,19.3
2026-02-18 07:00:00,17.9,80,0.0,7.2,100,4.0,0.0,18.2
2026-02-18 08:00:00,18.4,79,0.4,3.3,100,59.0,11.0,19.4
2026-02-18 09:00:00,19.0,76,0.0,4.9,99,121.0,21.0,19.8
2026-02-18 10:00:00,19.7,70,0.0,2.7,100,157.0,12.0,20.6
2026-02-18 11:00:00,19.1,73,0.1,4.6,99,225.0,10.0,19.7
2026-02-18 12:00:00,22.3,52,0.4,5.3,100,513.0,246.0,22.1
2026-02-18 13:00:00,23.4,41,0.0,7.9,100,426.0,102.0,22.1
2026-02-18 14:00:00,23.9,39,0.0,9.2,100,448.0,135.0,22.3
2026-02-18 15:00:00,23.3,43,0.0,7.9,100,349.0,85.0,22.2
2026-02-18 16:00:00,22.8,45,0.0,2.3,100,200.0,24.0,22.5
2026-02-18 17:00:00,17.7,81,0.0,0.6,100,62.0,3.0,19.0
2026-02-18 18:00:00,17.2,87,0.0,2.7,100,11.0,0.0,18.4
2026-02-18 19:00:00,16.7,89,0.0,2.3,100,0.0,0.0,18.0
2026-02-18 20:00:00,16.6,88,0.0,0.5,100,0.0,0.0,18.0
2026-02-18 21:00:00,16.6,87,0.0,1.0,100,0.0,0.0,17.8
2026-02-18 22:00:00,16.1,89,0.0,2.7,100,0.0,0.0,17.1
2026-02-18 23:00:00,16.9,86,0.0,0.6,100,0.0,0.0,18.2
2026-02-19 00:00:00,16.4,88,0.0,2.2,86,0.0,0.0,17.5
2026-02-19 01:00:00,15.9,90,0.0,3.5,3,0.0,0.0,16.7
2026-02-19 02:00:00,15.1,92,0.0,3.8,4,0.0,0.0,15.7
2026-02-19 03:00:00,14.7,93,0.0,3.1,3,0.0,0.0,15.3
2026-02-19 04:00:00,14.1,93,0.0,3.6,7,0.0,0.0,14.5
2026-02-19 05:00:00,14.8,85,0.0,5.7,20,0.0,0.0,14.6
2026-02-19 06:00:00,13.9,86,0.0,4.8,15,0.0,0.0,13.7
2026-02-19 07:00:00,14.3,86,0.0,4.5,4,11.0,2.0,14.2
2026-02-19 08:00:00,16.6,79,0.0,4.1,2,135.0,64.0,16.9
2026-02-19 09:00:00,19.5,70,0.0,1.9,0,326.0,213.0,20.4
2026-02-19 10:00:00,22.5,53,0.0,2.4,2,512.0,376.0,22.8
2026-02-19 11:00:00,24.3,42,0.0,1.3,0,647.0,493.0,24.9
2026-02-19 12:00:00,25.8,37,0.0,1.4,29,725.0,568.0,26.8
2026-02-19 13:00:00,26.0,36,0.0,1.8,45,708.0,544.0,26.8
2026-02-19 14:00:00,26.3,35,0.0,1.5,22,636.0,466.0,26.6
2026-02-19 15:00:00,26.3,33,0.0,2.5,47,471.0,311.0,25.6
2026-02-19 16:00:00,25.0,36,0.0,7.6,51,244.0,123.0,23.6
2026-02-19 17:00:00,23.8,53,0.0,1.4,5,127.0,56.0,24.7
2026-02-19 18:00:00,22.2,62,0.0,3.2,21,21.0,5.0,23.2
2026-02-19 19:00:00,21.2,65,0.0,4.6,10,0.0,0.0,21.9
2026-02-19 20:00:00,20.5,70,0.0,1.9,6,0.0,0.0,21.9
2026-02-19 21:00:00,19.6,74,0.0,4.6,0,0.0,0.0,20.5
2026-02-19 22:00:00,18.8,78,0.0,4.6,0,0.0,0.0,19.7
2026-02-19 23:00:00,18.5,82,0.0,3.9,0,0.0,0.0,19.7
2026-02-20 00:00:00,17.7,85,0.0,4.3,0,0.0,0.0,18.8
2026-02-20 01:00:00,17.2,86,0.0,2.9,0,0.0,0.0,18.4
2026-02-20 02:00:00,16.8,86,0.0,3.5,0,0.0,0.0,17.7
2026-02-20 03:00:00,16.4,87,0.0,3.1,0,0.0,0.0,17.3
2026-02-20 04:00:00,16.0,87,0.0,3.3,0,0.0,0.0,16.7
2026-02-20 05:00:00,15.0,93,0.0,5.1,0,0.0,0.0,15.5
2026-02-20 06:00:00,15.1,92,0.0,4.4,0,0.0,0.0,15.6
2026-02-20 07:00:00,15.4,91,0.0,4.0,0,13.0,2.0,16.0
2026-02-20 08:00:00,17.4,81,0.0,4.1,0,139.0,67.0,18.2
2026-02-20 09:00:00,20.2,68,0.0,2.7,0,337.0,225.0,21.1
2026-02-20 10:00:00,23.3,51,0.0,3.6,0,521.0,386.0,23.6
2026-02-20 11:00:00,25.5,42,0.0,5.3,0,660.0,510.0,25.9
2026-02-20 12:00:00,27.0,36,0.0,5.5,0,734.0,578.0,27.5
2026-02-20 13:00:00,27.7,33,0.0,7.2,0,741.0,584.0,27.8
2026-02-20 14:00:00,27.9,32,0.0,9.2,0,675.0,524.0,27.2
2026-02-20 15:00:00,27.5,32,0.0,10.2,0,545.0,407.0,25.9
2026-02-20 16:00:00,26.8,34,0.0,10.4,1,359.0,240.0,25.1
2026-02-20 17:00:00,25.5,39,0.0,9.6,0,172.0,92.0,24.2
2026-02-20 18:00:00,23.7,47,0.0,5.6,0,25.0,7.0,23.4
2026-02-20 19:00:00,22.3,55,0.0,5.0,0,0.0,0.0,22.5
2026-02-20 20:00:00,21.0,64,0.0,4.6,0,0.0,0.0,21.6
2026-02-20 21:00:00,20.1,67,0.0,4.9,0,0.0,0.0,20.6
2026-02-20 22:00:00,19.5,67,0.0,5.1,0,0.0,0.0,19.7
2026-02-20 23:00:00,18.9,71,0.0,5.3,0,0.0,0.0,19.2
2026-02-21 00:00:00,18.2,71,0.0,5.7,0,0.0,0.0,18.2
2026-02-21 01:00:00,17.6,72,0.0,5.8,0,0.0,0.0,17.5
2026-02-21 02:00:00,16.9,75,0.0,5.5,0,0.0,0.0,16.8
2026-02-21 03:00:00,16.1,78,0.0,5.2,0,0.0,0.0,16.0
2026-02-21 04:00:00,15.6,79,0.0,5.8,0,0.0,0.0,15.4
2026-02-21 05:00:00,14.9,87,0.0,7.4,0,0.0,0.0,14.6
2026-02-21 06:00:00,14.8,88,0.0,6.7,0,0.0,0.0,14.6
2026-02-21 07:00:00,15.0,86,0.0,7.3,0,14.0,3.0,14.7
2026-02-21 08:00:00,16.9,77,0.0,6.8,0,146.0,75.0,16.7
2026-02-21 09:00:00,19.9,65,0.0,6.5,0,343.0,231.0,19.9
2026-02-21 10:00:00,22.8,55,0.0,7.1,0,526.0,390.0,22.8
2026-02-21 11:00:00,24.9,50,0.0,8.8,0,665.0,515.0,25.4
2026-02-21 12:00:00,26.2,44,0.0,10.2,0,740.0,582.0,26.7
2026-02-21 13:00:00,27.0,40,0.0,10.5,0,746.0,589.0,27.3
2026-02-21 14:00:00,27.2,38,0.0,10.9,0,682.0,531.0,26.9
2026-02-21 15:00:00,27.1,39,0.0,11.0,0,553.0,415.0,26.0
2026-02-21 16:00:00,26.4,40,0.0,10.8,0,376.0,260.0,25.3
2026-02-21 17:00:00,25.4,40,0.0,9.4,0,178.0,99.0,24.3
2026-02-21 18:00:00,23.5,48,0.0,5.4,0,26.0,8.0,23.2
2026-02-21 19:00:00,22.0,56,0.0,4.8,0,0.0,0.0,22.2
2026-02-21 20:00:00,21.1,63,0.0,4.0,0,0.0,0.0,21.7
2026-02-21 21:00:00,20.8,63,0.0,3.4,0,0.0,0.0,21.5
2026-02-21 22:00:00,20.2,64,0.0,4.0,0,0.0,0.0,20.6
2026-02-21 23:00:00,19.2,72,0.0,5.3,0,0.0,0.0,19.8
2026-02-22 00:00:00,18.4,75,0.0,6.1,0,0.0,0.0,18.7
2026-02-22 01:00:00,17.5,76,0.0,5.7,0,0.0,0.0,17.6
2026-02-22 02:00:00,16.6,79,0.0,4.9,0,0.0,0.0,16.7
2026-02-22 03:00:00,16.0,80,0.0,5.4,0,0.0,0.0,15.9
2026-02-22 04:00:00,15.2,83,0.0,5.3,0,0.0,0.0,15.1
2026-02-22 05:00:00,14.7,88,0.0,5.6,0,0.0,0.0,14.8
2026-02-22 06:00:00,14.8,88,0.0,5.1,0,0.0,0.0,14.9
2026-02-22 07:00:00,15.1,86,0.0,4.9,0,15.0,3.0,15.2
2026-02-22 08:00:00,17.5,74,0.0,4.5,0,153.0,80.0,17.7
2026-02-22 09:00:00,21.4,58,0.0,3.3,0,355.0,243.0,21.7
2026-02-22 10:00:00,24.7,42,0.0,4.7,0,543.0,408.0,24.2
2026-02-22 11:00:00,26.8,30,0.0,7.1,0,683.0,534.0,26.0
2026-02-22 12:00:00,27.9,25,0.0,7.6,0,758.0,602.0,27.0
2026-02-22 13:00:00,28.4,23,0.0,8.5,0,762.0,606.0,27.3
2026-02-22 14:00:00,28.4,24,0.0,9.0,0,695.0,545.0,26.9
2026-02-22 15:00:00,28.2,25,0.0,9.0,0,565.0,428.0,26.0
2026-02-22 16:00:00,27.6,27,0.0,8.8,0,386.0,270.0,25.5
2026-02-22 17:00:00,26.4,35,0.0,8.4,0,185.0,104.0,25.1
2026-02-22 18:00:00,24.8,39,0.0,5.6,0,27.0,8.0,24.0
2026-02-22 19:00:00,23.4,44,0.0,3.4,0,0.0,0.0,23.0
2026-02-22 20:00:00,22.9,46,0.0,2.4,0,0.0,0.0,22.7
2026-02-22 21:00:00,21.6,55,0.0,2.6,0,0.0,0.0,21.8
2026-02-22 22:00:00,20.2,62,0.0,3.6,0,0.0,0.0,20.6
2026-02-22 23:00:00,19.7,70,0.0,2.7,0,0.0,0.0,20.6
2026-02-23 00:00:00,19.1,71,0.0,1.3,0,0.0,0.0,20.1
2026-02-23 01:00:00,19.0,72,0.0,1.3,0,0.0,0.0,20.0
2026-02-23 02:00:00,18.9,72,0.0,0.9,0,0.0,0.0,19.9
2026-02-23 03:00:00,17.4,77,0.0,3.6,0,0.0,0.0,17.9
2026-02-23 04:00:00,16.8,78,0.0,2.3,0,0.0,0.0,17.3
2026-02-23 05:00:00,14.8,87,0.0,2.7,0,0.0,0.0,15.2
2026-02-23 06:00:00,14.8,87,0.0,2.7,0,0.0,0.0,15.2
2026-02-23 07:00:00,15.4,83,0.0,4.5,0,16.0,4.0,15.5
2026-02-23 08:00:00,18.6,67,0.0,3.2,0,155.0,82.0,18.8
2026-02-23 09:00:00,22.4,53,0.0,0.4,0,357.0,245.0,23.0
2026-02-23 10:00:00,25.2,41,0.0,0.9,0,542.0,407.0,25.4
2026-02-23 11:00:00,27.1,32,0.0,4.4,0,680.0,531.0,27.0
2026-02-23 12:00:00,28.8,25,0.0,6.0,12,758.0,601.0,28.4
2026-02-23 13:00:00,29.4,22,0.0,8.7,9,734.0,567.0,28.0
2026-02-23 14:00:00,29.4,20,0.0,11.1,9,648.0,477.0,26.9
2026-02-23 15:00:00,29.2,19,0.0,11.7,9,539.0,393.0,25.9
2026-02-23 16:00:00,28.6,20,0.0,11.3,6,377.0,257.0,25.3
2026-02-23 17:00:00,27.8,23,0.0,7.5,0,178.0,99.0,25.4
2026-02-23 18:00:00,24.7,39,0.0,4.6,0,29.0,9.0,23.9
2026-02-23 19:00:00,23.6,49,0.0,2.1,0,0.0,0.0,24.0
2026-02-23 20:00:00,22.6,53,0.0,2.0,0,0.0,0.0,23.1
2026-02-23 21:00:00,21.7,57,0.0,2.1,0,0.0,0.0,22.2
2026-02-23 22:00:00,21.4,58,0.0,0.9,0,0.0,0.0,22.1
2026-02-23 23:00:00,20.0,67,0.0,2.5,0,0.0,0.0,20.8
2026-02-24 00:00:00,19.4,68,0.0,1.6,0,0.0,0.0,20.2
2026-02-24 01:00:00,19.0,68,0.0,1.5,0,0.0,0.0,19.7
2026-02-24 02:00:00,18.1,72,0.0,3.1,0,0.0,0.0,18.6
2026-02-24 03:00:00,17.8,72,0.0,2.7,0,0.0,0.0,18.2
2026-02-24 04:00:00,17.2,73,0.0,4.2,0,0.0,0.0,17.3
2026-02-24 05:00:00,15.9,82,0.0,4.4,0,0.0,0.0,16.1
2026-02-24 06:00:00,16.1,80,0.0,2.6,0,0.0,0.0,16.6
2026-02-24 07:00:00,16.6,78,0.0,0.6,0,17.0,4.0,17.4
2026-02-24 08:00:00,19.3,66,0.0,1.7,0,160.0,85.0,19.9
2026-02-24 09:00:00,22.4,54,0.0,1.5,0,364.0,250.0,23.0
2026-02-24 10:00:00,25.0,42,0.0,2.8,0,552.0,415.0,25.0
2026-02-24 11:00:00,26.5,35,0.0,3.9,0,693.0,542.0,26.9
2026-02-24 12:00:00,28.5,28,0.0,5.1,0,768.0,610.0,28.6
2026-02-24 13:00:00,29.4,22,0.0,8.1,0,771.0,612.0,28.4
2026-02-24 14:00:00,29.6,18,0.0,9.9,1,690.0,533.0,27.4
2026-02-24 15:00:00,29.3,18,0.0,10.7,2,562.0,416.0,26.1
2026-02-24 16:00:00,28.5,20,0.0,11.4,2,390.0,269.0,25.2
2026-02-24 17:00:00,27.1,26,0.0,10.0,2,189.0,107.0,24.5
2026-02-24 18:00:00,24.7,39,0.0,5.2,0,30.0,9.0,23.9
2026-02-24 19:00:00,23.2,50,0.0,4.6,0,0.0,0.0,23.2
2026-02-24 20:00:00,22.0,59,0.0,4.7,0,0.0,0.0,22.4
2026-02-24 21:00:00,21.6,61,0.0,2.6,0,0.0,0.0,22.4
2026-02-24 22:00:00,20.9,63,0.0,3.5,0,0.0,0.0,21.5
2026-02-24 23:00:00,20.3,66,0.0,3.4,0,0.0,0.0,21.0
2026-02-25 00:00:00,20.1,65,0.0,0.9,0,0.0,0.0,21.0
2026-02-25 01:00:00,20.1,64,0.0,0.6,0,0.0,0.0,20.9
2026-02-25 02:00:00,18.7,69,0.0,2.8,0,0.0,0.0,19.1
2026-02-25 03:00:00,17.2,75,0.0,4.1,0,0.0,0.0,17.4
2026-02-25 04:00:00,15.9,78,0.0,4.0,0,0.0,0.0,16.0
2026-02-25 05:00:00,14.9,85,0.0,5.1,0,0.0,0.0,14.8
2026-02-25 06:00:00,15.0,83,0.0,4.8,0,0.0,0.0,14.9
2026-02-25 07:00:00,15.2,81,0.0,5.3,0,19.0,5.0,15.0
2026-02-25 08:00:00,18.1,66,0.0,4.9,0,166.0,91.0,17.9
2026-02-25 09:00:00,21.8,51,0.0,4.1,0,374.0,259.0,21.5
2026-02-25 10:00:00,25.0,36,0.0,5.5,0,565.0,427.0,23.9
2026-02-25 11:00:00,27.3,24,0.0,7.6,0,708.0,556.0,25.8
2026-02-25 12:00:00,28.3,21,0.0,9.6,0,785.0,626.0,26.8
2026-02-25 13:00:00,28.8,19,0.0,10.5,0,791.0,632.0,27.1
2026-02-25 14:00:00,29.0,18,0.0,10.5,0,724.0,572.0,26.8
2026-02-25 15:00:00,28.8,18,0.0,11.0,0,589.0,450.0,25.6
2026-02-25 16:00:00,28.1,19,0.0,11.1,0,403.0,284.0,24.6
2026-02-25 17:00:00,27.2,20,0.0,9.6,0,197.0,113.0,24.0
2026-02-25 18:00:00,24.3,33,0.0,5.0,0,32.0,10.0,22.8
2026-02-25 19:00:00,23.1,42,0.0,4.5,0,0.0,0.0,22.3
2026-02-25 20:00:00,22.7,42,0.0,3.9,0,0.0,0.0,21.9
2026-02-25 21:00:00,22.2,40,0.0,3.5,0,0.0,0.0,21.1
2026-02-25 22:00:00,21.4,42,0.0,5.1,0,0.0,0.0,20.1
2026-02-25 23:00:00,21.2,50,0.0,4.2,0,0.0,0.0,20.7
2026-02-26 00:00:00,19.2,56,0.0,5.6,0,0.0,0.0,18.4
2026-02-26 01:00:00,17.8,61,0.0,5.1,0,0.0,0.0,17.0
2026-02-26 02:00:00,17.0,64,0.0,4.5,0,0.0,0.0,16.3
2026-02-26 03:00:00,16.3,66,0.0,5.1,0,0.0,0.0,15.5
2026-02-26 04:00:00,15.7,69,0.0,5.2,0,0.0,0.0,14.9
2026-02-26 05:00:00,15.5,77,0.0,5.1,0,0.0,0.0,15.2
2026-02-26 06:00:00,15.5,77,0.0,5.1,0,0.0,0.0,15.1
2026-02-26 07:00:00,16.1,73,0.0,6.1,0,19.0,5.0,15.6
2026-02-26 08:00:00,18.6,63,0.0,6.5,0,166.0,89.0,18.0
2026-02-26 09:00:00,22.0,51,0.0,6.0,0,370.0,255.0,21.5
2026-02-26 10:00:00,25.0,42,0.0,7.2,0,560.0,422.0,24.3
2026-02-26 11:00:00,27.4,32,0.0,10.0,0,701.0,550.0,26.5
2026-02-26 12:00:00,28.9,23,0.0,12.3,0,782.0,624.0,27.3
2026-02-26 13:00:00,29.5,20,0.0,13.5,0,789.0,631.0,27.4
2026-02-26 14:00:00,29.7,17,0.0,14.4,0,723.0,571.0,26.8
2026-02-26 15:00:00,29.4,18,0.0,14.5,0,590.0,451.0,25.8
2026-02-26 16:00:00,28.7,20,0.0,14.3,0,405.0,287.0,25.0
2026-02-26 17:00:00,27.9,23,0.0,12.4,0,198.0,114.0,24.7
2026-02-26 18:00:00,26.0,30,0.0,6.5,0,32.0,10.0,24.2
2026-02-26 19:00:00,24.2,38,0.0,4.9,0,0.0,0.0,23.2
2026-02-26 20:00:00,23.3,41,0.0,4.9,0,0.0,0.0,22.4
2026-02-26 21:00:00,22.8,40,0.0,5.5,0,0.0,0.0,21.6
2026-02-26 22:00:00,21.8,41,0.0,5.6,0,0.0,0.0,20.5
2026-02-26 23:00:00,21.3,47,0.0,4.3,0,0.0,0.0,20.4
2026-02-27 00:00:00,20.3,50,0.0,4.4,0,0.0,0.0,19.5
2026-02-27 01:00:00,19.3,53,0.0,4.5,0,0.0,0.0,18.4
2026-02-27 02:00:00,18.7,56,0.0,3.9,0,0.0,0.0,18.0
2026-02-27 03:00:00,17.7,60,0.0,4.5,0,0.0,0.0,16.9
2026-02-27 04:00:00,17.2,63,0.0,3.5,0,0.0,0.0,16.7
2026-02-27 05:00:00,16.0,75,0.0,4.9,0,0.0,0.0,15.8
2026-02-27 06:00:00,16.1,73,0.0,6.5,0,0.0,0.0,15.5
2026-02-27 07:00:00,16.4,68,0.0,7.5,0,21.0,5.0,15.5
2026-02-27 08:00:00,19.1,57,0.0,7.0,0,169.0,92.0,18.2
2026-02-27 09:00:00,23.0,44,0.0,4.5,0,374.0,259.0,22.4
2026-02-27 10:00:00,26.5,33,0.0,5.2,0,563.0,425.0,25.5
2026-02-27 11:00:00,28.8,23,0.0,6.3,0,704.0,552.0,27.7
2026-02-27 12:00:00,30.3,19,0.0,8.3,0,780.0,623.0,29.0
2026-02-27 13:00:00,30.8,18,0.0,11.0,0,786.0,628.0,29.1
2026-02-27 14:00:00,30.8,18,0.0,11.1,0,720.0,568.0,28.7
2026-02-27 15:00:00,30.6,18,0.0,10.6,0,588.0,449.0,27.7
2026-02-27 16:00:00,29.9,20,0.0,10.3,0,401.0,283.0,27.0
2026-02-27 17:00:00,29.6,17,0.0,9.4,0,199.0,115.0,26.4
2026-02-27 18:00:00,27.2,25,0.0,4.1,0,33.0,11.0,25.4
2026-02-27 19:00:00,25.7,31,0.0,3.3,5,0.0,0.0,24.5
2026-02-27 20:00:00,24.4,41,0.0,3.7,0,0.0,0.0,23.9
2026-02-27 21:00:00,23.9,45,0.0,2.8,0,0.0,0.0,23.8
2026-02-27 22:00:00,23.0,48,0.0,1.8,0,0.0,0.0,23.1
2026-02-27 23:00:00,23.1,48,0.0,1.3,98,0.0,0.0,23.4
2026-02-28 00:00:00,23.3,53,0.0,4.7,94,0.0,0.0,23.6
2026-02-28 01:00:00,22.3,60,0.0,2.4,91,0.0,0.0,23.3
2026-02-28 02:00:00,22.0,59,0.0,3.4,100,0.0,0.0,22.6
2026-02-28 03:00:00,21.9,59,0.0,1.8,100,0.0,0.0,22.8
2026-02-28 04:00:00,21.8,60,0.0,0.5,100,0.0,0.0,22.9
2026-02-28 05:00:00,21.6,61,0.0,2.5,100,0.0,0.0,22.3
2026-02-28 06:00:00,21.3,60,0.0,3.9,96,0.0,0.0,21.8
2026-02-28 07:00:00,21.3,60,0.0,3.7,97,14.0,2.0,21.7
2026-02-28 08:00:00,23.2,50,0.0,1.5,5,100.0,39.0,23.6
2026-02-28 09:00:00,26.5,38,0.0,1.0,0,361.0,244.0,26.6
2026-02-28 10:00:00,28.8,28,0.0,2.0,0,568.0,432.0,28.2
2026-02-28 11:00:00,31.0,18,0.0,6.8,23,707.0,555.0,29.5
2026-02-28 12:00:00,31.8,17,0.0,10.9,8,747.0,578.0,29.9
2026-02-28 13:00:00,31.9,17,0.0,13.5,4,754.0,583.0,29.5
2026-02-28 14:00:00,31.6,17,0.0,13.4,5,695.0,532.0,28.8
2026-02-28 15:00:00,31.2,18,0.0,13.0,5,559.0,409.0,27.9
2026-02-28 16:00:00,30.4,20,0.0,13.4,13,381.0,260.0,27.2
2026-02-28 17:00:00,29.6,23,0.0,13.0,16,187.0,104.0,26.8
2026-02-28 18:00:00,27.9,31,0.0,7.8,0,33.0,11.0,26.5
2026-02-28 19:00:00,26.3,38,0.0,4.3,0,0.0,0.0,25.9
2026-02-28 20:00:00,25.0,47,0.0,3.7,0,0.0,0.0,25.3
2026-02-28 21:00:00,24.5,48,0.0,2.9,0,0.0,0.0,24.9
2026-02-28 22:00:00,23.8,49,0.0,2.5,0,0.0,0.0,24.2
2026-02-28 23:00:00,22.5,55,0.0,5.4,0,0.0,0.0,22.6
2026-03-01 00:00:00,21.0,58,0.0,5.1,0,0.0,0.0,21.0
2026-03-01 01:00:00,20.0,61,0.0,4.9,0,0.0,0.0,19.9
2026-03-01 02:00:00,19.4,63,0.0,5.4,0,0.0,0.0,19.2
2026-03-01 03:00:00,18.5,67,0.0,5.0,0,0.0,0.0,18.4
2026-03-01 04:00:00,17.9,69,0.0,5.2,0,0.0,0.0,17.8
2026-03-01 05:00:00,17.3,78,0.0,7.4,0,0.0,0.0,17.3
2026-03-01 06:00:00,17.2,77,0.0,6.7,0,0.0,0.0,17.2
2026-03-01 07:00:00,17.5,73,0.0,7.6,0,24.0,7.0,17.2
2026-03-01 08:00:00,19.7,63,0.0,6.1,0,178.0,98.0,19.6
2026-03-01 09:00:00,23.1,52,0.0,6.5,0,385.0,268.0,22.9
2026-03-01 10:00:00,26.1,42,0.0,8.3,0,575.0,435.0,25.7
2026-03-01 11:00:00,28.9,27,0.0,11.8,0,716.0,563.0,27.5
2026-03-01 12:00:00,30.2,22,0.0,14.1,0,792.0,633.0,28.5
2026-03-01 13:00:00,30.6,21,0.0,15.8,0,795.0,635.0,28.5
2026-03-01 14:00:00,30.6,22,0.0,16.8,0,725.0,571.0,28.1
2026-03-01 15:00:00,30.3,23,0.0,16.4,0,591.0,451.0,27.2
2026-03-01 16:00:00,29.7,24,0.0,15.8,0,409.0,289.0,26.6
2026-03-01 17:00:00,28.7,26,0.0,13.3,0,203.0,118.0,25.9
2026-03-01 18:00:00,27.1,30,0.0,8.2,0,36.0,12.0,25.4
2026-03-01 19:00:00,26.0,35,0.0,6.8,0,0.0,0.0,24.8
2026-03-01 20:00:00,25.3,37,0.0,8.5,0,0.0,0.0,23.9
2026-03-01 21:00:00,24.2,40,0.0,7.7,0,0.0,0.0,23.0
2026-03-01 22:00:00,22.9,43,0.0,6.6,5,0.0,0.0,21.8
2026-03-01 23:00:00,21.7,51,0.0,6.2,25,0.0,0.0,21.1
2026-03-02 00:00:00,20.7,52,0.0,5.6,5,0.0,0.0,20.0
2026-03-02 01:00:00,19.8,54,0.0,5.5,0,0.0,0.0,19.1
2026-03-02 02:00:00,18.8,57,0.0,5.3,3,0.0,0.0,18.1
2026-03-02 03:00:00,18.5,58,0.0,6.7,0,0.0,0.0,17.5
2026-03-02 04:00:00,17.9,61,0.0,6.8,2,0.0,0.0,16.9
2026-03-02 05:00:00,17.5,70,0.0,7.6,0,0.0,0.0,17.0
2026-03-02 06:00:00,17.2,71,0.0,7.6,0,0.0,0.0,16.6
2026-03-02 07:00:00,17.4,70,0.0,8.7,0,25.0,7.0,16.7
2026-03-02 08:00:00,19.6,61,0.0,8.0,1,179.0,99.0,19.0
2026-03-02 09:00:00,23.0,49,0.0,8.5,2,385.0,267.0,22.2
2026-03-02 10:00:00,26.1,39,0.0,9.0,2,573.0,433.0,25.2
2026-03-02 11:00:00,28.4,32,0.0,12.7,0,714.0,560.0,27.5
2026-03-02 12:00:00,30.0,25,0.0,15.3,2,787.0,626.0,28.5
2026-03-02 13:00:00,30.8,22,0.0,16.9,0,792.0,631.0,28.6
2026-03-02 14:00:00,30.8,23,0.0,17.1,0,727.0,573.0,28.4
2026-03-02 15:00:00,30.5,23,0.0,16.2,1,596.0,454.0,27.5
2026-03-02 16:00:00,29.6,26,0.0,15.8,0,414.0,293.0,26.8
2026-03-02 17:00:00,28.5,29,0.0,15.9,0,205.0,119.0,25.8
2026-03-02 18:00:00,27.1,35,0.0,9.4,0,36.0,12.0,25.7
2026-03-02 19:00:00,26.1,40,0.0,8.4,0,0.0,0.0,25.3
2026-03-02 20:00:00,25.3,41,0.0,9.9,0,0.0,0.0,24.2
2026-03-02 21:00:00,24.3,42,0.0,8.3,0,0.0,0.0,23.3
2026-03-02 22:00:00,23.4,42,0.0,9.4,0,0.0,0.0,22.0
2026-03-02 23:00:00,22.7,46,0.0,10.3,0,0.0,0.0,21.2
2026-03-03 00:00:00,22.2,44,0.0,10.7,0,0.0,0.0,20.5
2026-03-03 01:00:00,21.6,45,0.0,9.9,0,0.0,0.0,19.9
2026-03-03 02:00:00,20.6,49,0.0,9.7,0,0.0,0.0,19.0
2026-03-03 03:00:00,19.7,54,0.0,9.6,0,0.0,0.0,18.3
2026-03-03 04:00:00,18.8,57,0.0,8.6,0,0.0,0.0,17.6
2026-03-03 05:00:00,18.3,62,0.0,9.4,0,0.0,0.0,17.2
2026-03-03 06:00:00,17.7,64,0.0,9.3,0,0.0,0.0,16.6
2026-03-03 07:00:00,17.9,64,0.0,10.5,0,27.0,8.0,16.6
2026-03-03 08:00:00,19.7,57,0.0,9.0,0,187.0,105.0,18.6
2026-03-03 09:00:00,22.8,47,0.0,10.7,0,397.0,278.0,21.4
2026-03-03 10:00:00,25.8,39,0.0,12.5,0,588.0,446.0,24.4
2026-03-03 11:00:00,28.6,32,0.0,15.3,0,729.0,573.0,27.5
2026-03-03 12:00:00,30.4,26,0.0,17.8,0,803.0,642.0,28.8
2026-03-03 13:00:00,31.1,24,0.0,18.5,0,806.0,645.0,29.2
2026-03-03 14:00:00,31.4,24,0.0,18.0,0,738.0,582.0,29.3
2026-03-03 15:00:00,31.3,25,0.0,16.6,0,604.0,462.0,28.7
2026-03-03 16:00:00,30.3,30,0.0,16.2,0,419.0,298.0,28.2
2026-03-03 17:00:00,29.1,30,0.0,14.7,0,208.0,122.0,26.9
2026-03-03 18:00:00,27.7,34,0.0,11.1,0,38.0,13.0,26.2
2026-03-03 19:00:00,26.6,35,0.0,10.9,0,0.0,0.0,25.0
2026-03-03 20:00:00,25.8,36,0.0,11.1,0,0.0,0.0,24.1
2026-03-03 21:00:00,25.0,37,0.0,10.4,0,0.0,0.0,23.2
2026-03-03 22:00:00,24.3,37,0.0,9.9,0,0.0,0.0,22.5
2026-03-03 23:00:00,23.5,41,0.0,8.9,0,0.0,0.0,22.0
2026-03-04 00:00:00,22.1,45,0.0,8.7,0,0.0,0.0,20.7
2026-03-04 01:00:00,21.0,48,0.0,7.4,0,0.0,0.0,19.8
2026-03-04 02:00:00,20.2,52,0.0,7.1,0,0.0,0.0,19.1
2026-03-04 03:00:00,19.4,56,0.0,6.9,0,0.0,0.0,18.4
2026-03-04 04:00:00,18.8,59,0.0,7.0,0,0.0,0.0,18.0
2026-03-04 05:00:00,18.6,64,0.0,8.1,0,0.0,0.0,17.9
2026-03-04 06:00:00,18.3,66,0.0,8.5,0,0.0,0.0,17.5
2026-03-04 07:00:00,18.7,64,0.0,9.4,0,28.0,8.0,17.8
2026-03-04 08:00:00,21.0,56,0.0,8.4,0,186.0,104.0,20.3
2026-03-04 09:00:00,24.5,46,0.0,7.7,0,393.0,274.0,24.0
2026-03-04 10:00:00,27.9,37,0.0,9.4,0,581.0,440.0,27.3
2026-03-04 11:00:00,30.3,32,0.0,11.9,0,720.0,565.0,30.0
2026-03-04 12:00:00,32.1,27,0.0,13.6,0,795.0,633.0,31.7
2026-03-04 13:00:00,32.9,26,0.0,15.7,0,799.0,637.0,32.3
2026-03-04 14:00:00,33.2,27,0.0,16.6,0,731.0,576.0,32.2
2026-03-04 15:00:00,33.1,27,0.0,16.6,0,598.0,456.0,31.3
2026-03-04 16:00:00,32.2,31,0.0,16.4,0,415.0,294.0,30.7
2026-03-04 17:00:00,31.2,35,0.0,14.2,0,207.0,120.0,30.4
2026-03-04 18:00:00,29.8,38,0.0,12.0,0,38.0,13.0,29.4
2026-03-04 19:00:00,29.0,38,0.0,13.5,0,0.0,0.0,28.1
2026-03-04 20:00:00,28.5,37,0.0,13.5,0,0.0,0.0,27.3
2026-03-04 21:00:00,27.7,38,0.0,13.2,0,0.0,0.0,26.4
2026-03-04 22:00:00,26.8,40,0.0,12.3,0,0.0,0.0,25.6
2026-03-04 23:00:00,26.0,47,0.0,12.2,0,0.0,0.0,25.5
2026-03-05 00:00:00,24.2,55,0.0,10.0,0,0.0,0.0,24.3
2026-03-05 01:00:00,23.3,59,0.0,9.8,0,0.0,0.0,23.4
2026-03-05 02:00:00,22.6,62,0.0,9.7,0,0.0,0.0,22.8
2026-03-05 03:00:00,21.9,66,0.0,9.6,0,0.0,0.0,22.2
2026-03-05 04:00:00,21.3,69,0.0,10.0,0,0.0,0.0,21.6
2026-03-05 05:00:00,21.0,68,0.0,11.6,0,0.0,0.0,20.8
2026-03-05 06:00:00,20.9,68,0.0,11.1,0,0.0,0.0,20.8
2026-03-05 07:00:00,21.1,67,0.0,10.9,0,29.0,9.0,21.1
2026-03-05 08:00:00,22.8,60,0.0,8.9,0,189.0,106.0,23.1
2026-03-05 09:00:00,25.5,51,0.0,9.2,0,395.0,276.0,25.7
2026-03-05 10:00:00,28.3,43,0.0,10.0,0,583.0,442.0,28.5
2026-03-05 11:00:00,30.8,36,0.0,11.3,0,724.0,569.0,31.5
2026-03-05 12:00:00,32.8,31,0.0,12.9,0,800.0,638.0,33.3
2026-03-05 13:00:00,33.8,28,0.0,15.8,0,803.0,641.0,33.6
2026-03-05 14:00:00,34.0,29,0.0,16.7,0,734.0,579.0,33.5
2026-03-05 15:00:00,33.8,31,0.0,16.2,0,600.0,458.0,33.1
2026-03-05 16:00:00,32.8,37,0.0,16.1,0,416.0,294.0,32.6
2026-03-05 17:00:00,32.3,33,0.0,15.9,0,208.0,121.0,31.2
2026-03-05 18:00:00,31.0,35,0.0,11.7,0,40.0,13.0,30.5
2026-03-05 19:00:00,29.7,38,0.0,10.7,0,0.0,0.0,29.4
2026-03-05 20:00:00,28.8,38,0.0,10.8,0,0.0,0.0,28.3
2026-03-05 21:00:00,28.0,38,0.0,10.2,0,0.0,0.0,27.3
2026-03-05 22:00:00,27.2,38,0.0,9.7,0,0.0,0.0,26.3
2026-03-05 23:00:00,26.6,42,0.0,9.3,0,0.0,0.0,26.0
2026-03-06 00:00:00,25.1,46,0.0,7.5,0,0.0,0.0,24.8
2026-03-06 01:00:00,23.4,54,0.0,5.5,0,0.0,0.0,23.6
2026-03-06 02:00:00,22.2,59,0.0,4.8,0,0.0,0.0,22.7
2026-03-06 03:00:00,21.4,60,0.0,5.1,0,0.0,0.0,21.6
2026-03-06 04:00:00,20.8,61,0.0,5.6,0,0.0,0.0,20.8
2026-03-06 05:00:00,20.0,66,0.0,5.3,0,0.0,0.0,20.3
2026-03-06 06:00:00,19.5,69,0.0,4.4,0,0.0,0.0,20.0
2026-03-06 07:00:00,20.4,66,0.0,4.1,0,31.0,10.0,21.0
2026-03-06 08:00:00,22.7,59,0.0,3.2,0,195.0,111.0,23.6
2026-03-06 09:00:00,25.7,52,0.0,3.1,0,404.0,283.0,26.9
2026-03-06 10:00:00,28.5,45,0.0,3.5,0,591.0,449.0,30.0
2026-03-06 11:00:00,30.9,38,0.0,5.9,0,730.0,574.0,32.7
2026-03-06 12:00:00,33.0,30,0.0,7.7,0,806.0,643.0,34.4
2026-03-06 13:00:00,34.1,24,0.0,10.4,0,809.0,647.0,34.3
2026-03-06 14:00:00,34.5,21,0.0,11.0,0,742.0,586.0,33.7
2026-03-06 15:00:00,34.4,20,0.0,11.3,0,610.0,467.0,32.6
2026-03-06 16:00:00,33.7,21,0.0,11.1,0,426.0,303.0,31.5
2026-03-06 17:00:00,31.8,30,0.0,10.7,0,216.0,128.0,30.8
2026-03-06 18:00:00,30.4,34,0.0,5.6,0,41.0,14.0,30.4
2026-03-06 19:00:00,29.4,37,0.0,4.5,0,0.0,0.0,29.6
2026-03-06 20:00:00,29.2,39,0.0,5.2,0,0.0,0.0,29.6
2026-03-06 21:00:00,27.4,47,0.0,3.8,0,0.0,0.0,28.5
2026-03-06 22:00:00,26.0,54,0.0,4.1,0,0.0,0.0,27.4
2026-03-06 23:00:00,25.2,66,0.0,3.7,0,0.0,0.0,27.8
2026-03-07 00:00:00,24.6,69,0.0,3.0,0,0.0,0.0,27.4
2026-03-07 01:00:00,23.9,73,0.0,3.1,0,0.0,0.0,26.7
2026-03-07 02:00:00,23.3,75,0.0,2.4,0,0.0,0.0,26.1
2026-03-07 03:00:00,22.6,78,0.0,2.4,0,0.0,0.0,25.4
2026-03-07 04:00:00,21.9,81,0.0,2.5,0,0.0,0.0,24.6
2026-03-07 05:00:00,20.8,87,0.0,3.6,0,0.0,0.0,23.4
2026-03-07 06:00:00,20.1,89,0.0,4.2,0,0.0,0.0,22.5
2026-03-07 07:00:00,21.0,86,0.0,4.6,0,33.0,10.0,23.4
2026-03-07 08:00:00,22.9,77,0.0,3.2,0,196.0,111.0,25.6
2026-03-07 09:00:00,25.8,65,0.0,3.3,0,403.0,281.0,28.5
2026-03-07 10:00:00,28.9,52,0.0,4.0,0,591.0,447.0,31.4
2026-03-07 11:00:00,31.3,40,0.0,4.0,0,731.0,574.0,33.9
2026-03-07 12:00:00,33.6,30,0.0,2.9,0,808.0,644.0,35.9
2026-03-07 13:00:00,34.8,24,0.0,4.7,0,810.0,647.0,36.1
2026-03-07 14:00:00,35.3,22,0.0,6.7,0,742.0,585.0,35.5
2026-03-07 15:00:00,35.2,21,0.0,8.4,0,608.0,464.0,34.1
2026-03-07 16:00:00,34.5,21,0.0,9.3,0,423.0,300.0,32.8
2026-03-07 17:00:00,33.0,24,0.0,8.4,0,215.0,127.0,31.7
2026-03-07 18:00:00,31.3,27,0.0,5.1,0,42.0,15.0,30.6
2026-03-07 19:00:00,29.5,35,0.0,2.7,0,0.0,0.0,29.8
2026-03-07 20:00:00,28.7,39,0.0,2.8,0,0.0,0.0,29.3
2026-03-07 21:00:00,27.9,44,0.0,2.5,0,0.0,0.0,29.0
2026-03-07 22:00:00,26.8,51,0.0,1.8,0,0.0,0.0,28.6
2026-03-07 23:00:00,26.1,56,0.0,2.2,0,0.0,0.0,28.1
2026-03-08 00:00:00,25.0,61,0.0,2.5,0,0.0,0.0,27.0
2026-03-08 01:00:00,24.2,66,0.0,2.7,0,0.0,0.0,26.4
2026-03-08 02:00:00,23.0,73,0.0,3.7,0,0.0,0.0,25.3
2026-03-08 03:00:00,22.5,75,0.0,3.2,0,0.0,0.0,24.8
2026-03-08 04:00:00,21.5,78,0.0,4.3,0,0.0,0.0,23.6
2026-03-08 05:00:00,20.8,80,0.0,3.1,0,0.0,0.0,22.8
2026-03-08 06:00:00,20.8,79,0.0,1.5,0,0.0,0.0,23.0
2026-03-08 07:00:00,21.6,75,0.0,1.9,0,34.0,11.0,23.7
2026-03-08 08:00:00,24.8,62,0.0,2.2,0,199.0,113.0,26.9
2026-03-08 09:00:00,28.2,48,0.0,2.6,0,408.0,286.0,29.9
2026-03-08 10:00:00,30.9,37,0.0,3.3,0,595.0,451.0,32.2
2026-03-08 11:00:00,33.1,29,0.0,5.6,0,734.0,577.0,34.2
2026-03-08 12:00:00,35.1,22,0.0,8.3,0,809.0,645.0,35.4
2026-03-08 13:00:00,35.7,20,0.0,11.1,0,812.0,649.0,35.4
2026-03-08 14:00:00,35.8,20,0.0,11.4,0,744.0,587.0,35.1
2026-03-08 15:00:00,35.6,20,0.0,11.8,0,612.0,468.0,33.9
2026-03-08 16:00:00,34.6,23,0.0,12.1,0,427.0,304.0,32.9
2026-03-08 17:00:00,33.3,27,0.0,12.1,6,218.0,129.0,32.0
2026-03-08 18:00:00,32.0,28,0.0,8.0,95,44.0,15.0,31.1
2026-03-08 19:00:00,30.4,33,0.0,4.6,98,0.0,0.0,30.4
2026-03-08 20:00:00,29.4,37,0.0,4.7,0,0.0,0.0,29.7
2026-03-08 21:00:00,28.6,41,0.0,4.0,0,0.0,0.0,29.3
2026-03-08 22:00:00,27.3,43,0.0,4.7,0,0.0,0.0,27.8
2026-03-08 23:00:00,26.4,50,0.0,6.0,0,0.0,0.0,27.2
2026-03-09 00:00:00,25.1,55,0.0,5.8,13,0.0,0.0,26.1
2026-03-09 01:00:00,24.2,58,0.0,6.5,95,0.0,0.0,25.0
2026-03-09 02:00:00,23.2,61,0.0,6.8,1,0.0,0.0,23.9
2026-03-09 03:00:00,22.3,63,0.0,5.8,0,0.0,0.0,23.1
2026-03-09 04:00:00,21.9,64,0.0,5.8,0,0.0,0.0,22.5
2026-03-09 05:00:00,21.0,73,0.0,4.8,0,0.0,0.0,22.3
2026-03-09 06:00:00,20.7,73,0.0,5.5,0,0.0,0.0,21.8
2026-03-09 07:00:00,21.3,70,0.0,7.3,1,36.0,11.0,22.1
2026-03-09 08:00:00,23.8,60,0.0,5.3,8,201.0,115.0,24.9
2026-03-09 09:00:00,26.9,52,0.0,5.8,4,407.0,285.0,28.1
2026-03-09 10:00:00,29.6,46,0.0,6.0,28,589.0,440.0,31.3
2026-03-09 11:00:00,32.1,38,0.0,9.4,71,729.0,569.0,33.8
2026-03-09 12:00:00,34.0,31,0.0,10.0,67,802.0,632.0,35.3
2026-03-09 13:00:00,35.1,25,0.0,10.9,38,803.0,626.0,35.7
2026-03-09 14:00:00,35.5,24,0.0,11.2,1,741.0,581.0,35.5
2026-03-09 15:00:00,35.1,27,0.0,10.7,74,609.0,465.0,34.9
2026-03-09 16:00:00,34.4,27,0.0,10.4,91,423.0,294.0,33.8
2026-03-09 17:00:00,32.7,33,0.0,11.7,100,208.0,105.0,32.4
2026-03-09 18:00:00,31.4,38,0.0,8.7,98,40.0,7.0,31.9
2026-03-09 19:00:00,30.5,42,0.0,5.3,100,0.0,0.0,31.8
2026-03-09 20:00:00,29.2,48,0.0,3.9,40,0.0,0.0,31.0
2026-03-09 21:00:00,28.3,53,0.0,3.6,5,0.0,0.0,30.6
2026-03-09 22:00:00,27.7,55,0.0,2.1,0,0.0,0.0,30.3
2026-03-09 23:00:00,26.8,62,0.0,2.2,0,0.0,0.0,29.8
2026-03-10 00:00:00,25.9,65,0.0,3.3,0,0.0,0.0,28.7
2026-03-10 01:00:00,25.1,70,0.0,2.9,0,0.0,0.0,28.2
2026-03-10 02:00:00,24.4,74,0.0,0.3,0,0.0,0.0,27.9
2026-03-10 03:00:00,23.5,76,0.0,1.5,16,0.0,0.0,26.6
2026-03-10 04:00:00,22.8,76,0.0,1.3,14,0.0,0.0,25.7
2026-03-10 05:00:00,23.5,75,0.0,0.3,60,0.0,0.0,26.7
2026-03-10 06:00:00,22.7,79,0.0,0.4,86,0.0,0.0,25.9
2026-03-10 07:00:00,22.4,79,0.0,2.2,23,35.0,8.0,25.2
2026-03-10 08:00:00,25.2,67,0.0,0.6,5,190.0,88.0,28.3
2026-03-10 09:00:00,27.9,58,0.0,1.0,21,410.0,278.0,31.1
2026-03-10 10:00:00,30.4,49,0.0,0.6,93,601.0,455.0,33.6
2026-03-10 11:00:00,31.9,42,0.0,2.4,94,736.0,572.0,35.3
2026-03-10 12:00:00,34.2,33,0.0,4.7,39,796.0,604.0,36.9
2026-03-10 13:00:00,35.3,27,0.0,8.3,0,805.0,629.0,36.6
2026-03-10 14:00:00,35.5,25,0.0,10.2,0,741.0,582.0,35.8
2026-03-10 15:00:00,35.2,25,0.0,11.0,38,611.0,465.0,34.5
2026-03-10 16:00:00,34.7,23,0.0,11.1,1,428.0,302.0,33.3
2026-03-10 17:00:00,33.7,22,0.0,10.4,0,221.0,130.0,31.8
2026-03-10 18:00:00,31.8,30,0.0,6.8,0,46.0,16.0,31.4
2026-03-10 19:00:00,30.7,37,0.0,4.6,0,0.0,0.0,31.5
2026-03-10 20:00:00,29.2,47,0.0,1.3,1,0.0,0.0,31.3
2026-03-10 21:00:00,28.1,50,0.0,1.0,0,0.0,0.0,30.2
2026-03-10 22:00:00,27.3,50,0.0,1.3,0,0.0,0.0,29.1
2026-03-10 23:00:00,26.6,54,0.0,1.3,0,0.0,0.0,28.7
2026-03-11 00:00:00,25.8,55,0.0,1.2,0,0.0,0.0,27.7
2026-03-11 01:00:00,24.5,59,0.0,3.2,0,0.0,0.0,26.0
2026-03-11 02:00:00,23.6,63,0.0,2.6,0,0.0,0.0,25.3
2026-03-11 03:00:00,22.7,67,0.0,2.0,0,0.0,0.0,24.6
2026-03-11 04:00:00,22.1,71,0.0,1.7,0,0.0,0.0,24.1
2026-03-11 05:00:00,21.0,77,0.0,5.1,1,0.0,0.0,22.6
2026-03-11 06:00:00,20.5,78,0.0,4.0,16,0.0,0.0,22.1
2026-03-11 07:00:00,21.7,71,0.0,5.4,0,41.0,14.0,23.0
2026-03-11 08:00:00,24.6,59,0.0,3.8,0,215.0,125.0,26.1
2026-03-11 09:00:00,28.4,44,0.0,4.8,3,425.0,301.0,29.3
2026-03-11 10:00:00,31.8,29,0.0,8.1,4,615.0,468.0,31.4
2026-03-11 11:00:00,34.2,21,0.0,11.3,0,754.0,595.0,33.4
2026-03-11 12:00:00,35.9,15,0.0,13.3,6,830.0,664.0,34.3
2026-03-11 13:00:00,36.3,14,0.0,15.7,63,835.0,669.0,34.1
2026-03-11 14:00:00,36.2,13,0.0,16.9,0,764.0,596.0,33.2
2026-03-11 15:00:00,36.0,14,0.0,15.5,0,629.0,483.0,32.8
2026-03-11 16:00:00,35.6,14,0.0,15.2,5,440.0,314.0,32.0
2026-03-11 17:00:00,34.3,15,0.0,12.5,0,226.0,135.0,31.1
2026-03-11 18:00:00,31.8,21,0.0,4.8,93,47.0,17.0,30.2
2026-03-11 19:00:00,30.7,24,0.0,4.2,99,0.0,0.0,29.5
2026-03-11 20:00:00,29.6,27,0.0,5.2,100,0.0,0.0,28.4
2026-03-11 21:00:00,29.0,28,0.0,6.4,77,0.0,0.0,27.7
2026-03-11 22:00:00,27.6,28,0.0,5.9,97,0.0,0.0,26.1
2026-03-11 23:00:00,26.6,36,0.0,6.8,98,0.0,0.0,25.7
2026-03-12 00:00:00,25.0,39,0.0,5.6,100,0.0,0.0,24.2
2026-03-12 01:00:00,24.3,41,0.0,5.3,97,0.0,0.0,23.5
2026-03-12 02:00:00,23.4,44,0.0,5.2,100,0.0,0.0,22.8
2026-03-12 03:00:00,22.5,48,0.0,4.4,84,0.0,0.0,22.1
2026-03-12 04:00:00,21.6,52,0.0,4.5,97,0.0,0.0,21.3
2026-03-12 05:00:00,21.2,68,0.0,5.8,83,0.0,0.0,22.0
2026-03-12 06:00:00,21.2,67,0.0,7.2,100,0.0,0.0,21.8
2026-03-12 07:00:00,22.4,58,0.0,8.5,75,40.0,8.0,22.4
2026-03-12 08:00:00,25.0,45,0.0,6.4,16,214.0,113.0,24.7
2026-03-12 09:00:00,28.1,34,0.0,7.7,68,435.0,308.0,27.2
2026-03-12 10:00:00,31.1,25,0.0,9.8,99,620.0,461.0,29.6
2026-03-12 11:00:00,33.9,18,0.0,14.2,100,759.0,565.0,31.9
2026-03-12 12:00:00,35.4,11,0.0,16.0,100,803.0,557.0,32.4
2026-03-12 13:00:00,35.7,11,0.0,13.6,100,724.0,385.0,32.7
2026-03-12 14:00:00,35.9,10,0.0,13.2,100,717.0,464.0,32.7
2026-03-12 15:00:00,35.5,11,0.0,13.5,100,593.0,375.0,31.7
2026-03-12 16:00:00,34.9,11,0.0,10.7,100,359.0,137.0,31.3
2026-03-12 17:00:00,32.5,18,0.0,10.3,100,190.0,61.0,29.8
2026-03-12 18:00:00,30.8,23,0.0,5.3,88,44.0,9.0,29.3
2026-03-12 19:00:00,29.5,27,0.0,4.3,38,0.0,0.0,28.4
2026-03-12 20:00:00,28.5,30,0.0,4.2,97,0.0,0.0,27.6
2026-03-12 21:00:00,27.9,32,0.0,3.8,89,0.0,0.0,27.3
2026-03-12 22:00:00,27.0,33,0.0,5.5,0,0.0,0.0,26.0
2026-03-12 23:00:00,26.7,44,0.0,6.7,0,0.0,0.0,26.7
2026-03-13 00:00:00,25.6,48,0.0,6.2,0,0.0,0.0,25.9
2026-03-13 01:00:00,24.7,52,0.0,5.7,6,0.0,0.0,25.2
2026-03-13 02:00:00,24.1,55,0.0,6.7,73,0.0,0.0,24.5
2026-03-13 03:00:00,23.5,59,0.0,7.7,100,0.0,0.0,24.0
2026-03-13 04:00:00,23.0,65,0.0,6.9,100,0.0,0.0,24.1
2026-03-13 05:00:00,22.1,76,0.0,5.9,91,0.0,0.0,24.0
2026-03-13 06:00:00,21.7,79,0.0,5.9,100,0.0,0.0,23.7
2026-03-13 07:00:00,22.1,77,0.0,7.7,100,41.0,7.0,23.8
2026-03-13 08:00:00,24.0,68,0.0,7.2,100,199.0,80.0,25.6
2026-03-13 09:00:00,26.3,56,0.0,8.0,100,375.0,174.0,27.4
2026-03-13 10:00:00,28.7,44,0.0,9.2,100,580.0,369.0,29.2
2026-03-13 11:00:00,30.7,31,0.0,10.8,100,707.0,449.0,30.4
2026-03-13 12:00:00,32.1,25,0.0,10.9,100,760.0,474.0,31.7
2026-03-13 13:00:00,32.5,24,0.0,12.7,100,722.0,397.0,31.5
2026-03-13 14:00:00,32.4,25,0.0,13.4,100,651.0,326.0,31.0
2026-03-13 15:00:00,32.2,24,0.0,13.3,100,547.0,294.0,30.1
2026-03-13 16:00:00,31.8,22,0.0,13.4,70,407.0,228.0,29.1
2026-03-13 17:00:00,30.0,25,0.0,14.0,95,215.0,103.0,27.4
2026-03-13 18:00:00,28.9,30,0.0,10.1,32,50.0,17.0,27.2
2026-03-13 19:00:00,27.9,33,0.0,8.1,24,0.0,0.0,26.8
2026-03-13 20:00:00,27.1,36,0.0,7.8,98,0.0,0.0,26.1
2026-03-13 21:00:00,26.4,37,0.0,7.5,100,0.0,0.0,25.4
2026-03-13 22:00:00,26.3,35,0.0,11.1,100,0.0,0.0,24.6
2026-03-13 23:00:00,25.4,41,0.0,9.9,100,0.0,0.0,24.3
2026-03-14 00:00:00,24.6,41,0.0,9.9,100,0.0,0.0,23.2
2026-03-14 01:00:00,23.9,42,0.0,8.7,52,0.0,0.0,22.7
2026-03-14 02:00:00,23.1,44,0.0,7.9,100,0.0,0.0,22.1
2026-03-14 03:00:00,22.3,47,0.0,5.9,100,0.0,0.0,21.6
2026-03-14 04:00:00,21.6,50,0.0,6.0,98,0.0,0.0,21.0
2026-03-14 05:00:00,20.7,59,0.0,6.1,100,0.0,0.0,20.6
2026-03-14 06:00:00,20.1,62,0.0,5.5,99,0.0,0.0,20.2
2026-03-14 07:00:00,20.8,60,0.0,7.2,9,35.0,3.0,20.6
2026-03-14 08:00:00,22.8,54,0.0,6.2,26,199.0,84.0,22.8
2026-03-14 09:00:00,25.9,43,0.0,6.5,24,439.0,312.0,25.6
2026-03-14 10:00:00,28.9,30,0.0,7.2,20,627.0,477.0,28.2
2026-03-14 11:00:00,31.1,22,0.0,7.7,97,773.0,622.0,30.6
2026-03-14 12:00:00,32.4,19,0.0,9.5,100,708.0,386.0,30.9
2026-03-14 13:00:00,32.3,18,0.0,10.9,98,540.0,144.0,29.4
2026-03-14 14:00:00,32.8,17,0.0,10.5,57,561.0,220.0,30.0
2026-03-14 15:00:00,33.1,19,0.0,10.1,68,592.0,405.0,30.8
2026-03-14 16:00:00,31.8,21,0.0,12.8,96,390.0,215.0,29.2
2026-03-14 17:00:00,31.5,16,0.0,5.7,11,158.0,49.0,29.0
2026-03-14 18:00:00,30.0,19,0.0,4.7,63,50.0,17.0,27.8
2026-03-14 19:00:00,28.4,26,0.0,2.9,38,0.0,0.0,27.2
2026-03-14 20:00:00,27.5,32,0.0,0.4,6,0.0,0.0,27.3
2026-03-14 21:00:00,26.5,33,0.0,1.0,5,0.0,0.0,26.0
2026-03-14 22:00:00,25.4,35,0.0,4.4,0,0.0,0.0,24.4
2026-03-14 23:00:00,25.3,39,0.0,6.6,2,0.0,0.0,24.4
2026-03-15 00:00:00,23.6,44,0.0,5.2,67,0.0,0.0,23.0
2026-03-15 01:00:00,22.8,48,0.0,5.2,100,0.0,0.0,22.4
2026-03-15 02:00:00,22.6,51,0.0,4.1,100,0.0,0.0,22.5
2026-03-15 03:00:00,18.4,76,1.7,13.1,100,0.0,0.0,17.8
2026-03-15 04:00:00,18.5,78,0.0,10.0,100,0.0,0.0,18.5
2026-03-15 05:00:00,18.2,83,0.0,8.6,100,0.0,0.0,18.6
2026-03-15 06:00:00,18.6,89,0.7,11.5,100,0.0,0.0,19.2
2026-03-15 07:00:00,19.5,82,0.0,8.6,100,18.0,0.0,20.4
2026-03-15 08:00:00,20.8,66,0.0,11.5,35,127.0,26.0,20.5
2026-03-15 09:00:00,23.6,52,0.0,10.1,30,400.0,251.0,23.1
2026-03-15 10:00:00,25.5,43,0.2,13.5,41,560.0,380.0,24.2
2026-03-15 11:00:00,25.7,47,0.0,10.6,23,674.0,454.0,25.9
2026-03-15 12:00:00,26.8,44,0.0,13.0,5,814.0,629.0,27.5
2026-03-15 13:00:00,27.3,41,0.0,13.8,8,821.0,647.0,27.6
2026-03-15 14:00:00,26.4,47,0.0,11.5,59,720.0,542.0,27.0
2026-03-15 15:00:00,26.0,50,0.0,13.5,34,443.0,228.0,25.5
2026-03-15 16:00:00,26.1,46,0.0,13.9,61,384.0,231.0,25.2
2026-03-15 17:00:00,27.3,35,0.0,13.6,33,186.0,77.0,25.4
2026-03-15 18:00:00,25.4,41,0.0,13.0,16,48.0,16.0,23.8
2026-03-15 19:00:00,24.2,46,0.0,14.1,3,0.0,0.0,22.7
2026-03-15 20:00:00,23.3,50,0.0,14.8,0,0.0,0.0,21.8
2026-03-15 21:00:00,22.3,54,0.0,13.1,0,0.0,0.0,21.2
2026-03-15 22:00:00,21.1,59,0.0,12.6,0,0.0,0.0,20.2
2026-03-15 23:00:00,21.1,66,0.0,11.6,24,0.0,0.0,20.9
2026-03-16 00:00:00,20.8,66,0.0,11.1,7,0.0,0.0,20.6
2026-03-16 01:00:00,19.5,65,0.0,11.5,0,0.0,0.0,18.6
2026-03-16 02:00:00,19.0,66,0.0,12.1,2,0.0,0.0,17.9
2026-03-16 03:00:00,18.5,67,0.0,12.4,83,0.0,0.0,17.4
2026-03-16 04:00:00,17.9,70,0.0,9.8,18,0.0,0.0,17.2
2026-03-16 05:00:00,17.4,73,0.0,12.3,2,0.0,0.0,16.3
2026-03-16 06:00:00,17.4,72,0.0,11.2,0,0.0,0.0,16.4
2026-03-16 07:00:00,18.1,69,0.0,9.9,0,51.0,19.0,17.3
2026-03-16 08:00:00,20.0,60,0.0,10.7,0,233.0,139.0,19.0
2026-03-16 09:00:00,22.6,49,0.0,12.0,0,446.0,318.0,21.2
2026-03-16 10:00:00,25.0,42,0.0,13.3,18,633.0,484.0,23.9
2026-03-16 11:00:00,27.4,37,0.0,14.0,34,769.0,603.0,27.0
2026-03-16 12:00:00,29.1,34,0.0,16.3,0,838.0,658.0,28.7
2026-03-16 13:00:00,30.3,30,0.0,16.5,15,846.0,679.0,29.7
2026-03-16 14:00:00,30.8,24,0.3,9.7,34,680.0,492.0,29.6
2026-03-16 15:00:00,30.6,18,0.0,9.4,43,468.0,305.0,27.8
2026-03-16 16:00:00,29.9,22,0.0,10.3,20,371.0,218.0,27.2
2026-03-16 17:00:00,26.9,34,0.0,12.4,20,220.0,119.0,24.9
2026-03-16 18:00:00,25.9,38,0.0,9.1,7,49.0,17.0,24.6
2026-03-16 19:00:00,24.6,45,0.0,9.0,28,0.0,0.0,23.9
2026-03-16 20:00:00,23.2,52,0.0,7.7,72,0.0,0.0,23.0
2026-03-16 21:00:00,22.4,56,0.0,11.3,100,0.0,0.0,21.7
2026-03-16 22:00:00,21.7,56,0.0,5.5,100,0.0,0.0,21.7
2026-03-16 23:00:00,21.9,60,0.0,9.5,100,0.0,0.0,21.7
2026-03-17 00:00:00,20.8,65,0.0,7.6,100,0.0,0.0,21.0
2026-03-17 01:00:00,20.0,70,0.0,7.7,57,0.0,0.0,20.2
2026-03-17 02:00:00,19.3,70,0.0,8.2,49,0.0,0.0,19.3
2026-03-17 03:00:00,18.8,69,0.0,6.9,72,0.0,0.0,18.7
2026-03-17 04:00:00,18.5,68,0.0,6.1,67,0.0,0.0,18.3
2026-03-17 05:00:00,17.6,73,0.0,4.0,34,0.0,0.0,17.9
2026-03-17 06:00:00,17.4,73,0.0,3.4,95,0.0,0.0,17.7
2026-03-17 07:00:00,18.3,68,0.0,3.5,100,52.0,15.0,18.5
2026-03-17 08:00:00,20.4,58,0.0,1.5,1,204.0,72.0,20.7
2026-03-17 09:00:00,23.8,46,0.0,2.4,2,449.0,320.0,23.8
2026-03-17 10:00:00,27.0,35,0.0,3.2,91,638.0,489.0,27.1
2026-03-17 11:00:00,28.5,36,0.0,5.1,98,768.0,588.0,29.7
2026-03-17 12:00:00,29.9,33,0.0,5.4,71,826.0,622.0,31.4
2026-03-17 13:00:00,30.8,30,0.0,5.0,28,831.0,644.0,32.3
2026-03-17 14:00:00,31.5,27,0.0,5.1,13,764.0,596.0,32.2
2026-03-17 15:00:00,31.3,26,0.0,8.1,8,591.0,429.0,30.2
2026-03-17 16:00:00,30.8,25,0.0,7.6,15,424.0,294.0,29.3
2026-03-17 17:00:00,28.9,33,0.0,10.7,1,216.0,124.0,27.6
2026-03-17 18:00:00,27.3,39,0.0,9.6,2,52.0,19.0,26.5
2026-03-17 19:00:00,25.9,45,0.0,8.4,99,0.0,0.0,25.7
2026-03-17 20:00:00,25.0,48,0.0,6.7,100,0.0,0.0,25.0
2026-03-17 21:00:00,24.0,52,0.0,4.9,100,0.0,0.0,24.3
2026-03-17 22:00:00,23.1,55,0.0,4.4,100,0.0,0.0,23.6
2026-03-17 23:00:00,22.8,62,0.0,4.0,100,0.0,0.0,23.8
2026-03-18 00:00:00,22.2,64,0.0,3.6,100,0.0,0.0,23.3
2026-03-18 01:00:00,21.5,67,0.0,3.3,98,0.0,0.0,22.7
2026-03-18 02:00:00,20.9,70,0.0,3.1,100,0.0,0.0,22.2
2026-03-18 03:00:00,20.8,69,0.0,3.0,100,0.0,0.0,22.0
2026-03-18 04:00:00,21.0,68,0.0,2.5,58,0.0,0.0,22.3
2026-03-18 05:00:00,19.5,79,0.0,4.0,16,0.0,0.0,20.8
2026-03-18 06:00:00,19.3,79,0.0,3.5,0,0.0,0.0,20.7
2026-03-18 07:00:00,20.3,73,0.0,4.4,2,55.0,20.0,21.4
2026-03-18 08:00:00,22.5,64,0.0,2.7,1,236.0,140.0,23.8
2026-03-18 09:00:00,25.6,51,0.0,3.1,7,444.0,312.0,26.8
2026-03-18 10:00:00,28.0,43,0.0,2.2,19,624.0,463.0,29.6
2026-03-18 11:00:00,29.2,38,0.0,1.1,30,759.0,585.0,31.4
2026-03-18 12:00:00,31.5,29,0.0,2.3,29,834.0,662.0,33.4
2026-03-18 13:00:00,32.2,25,0.0,2.4,80,822.0,642.0,33.6
2026-03-18 14:00:00,30.2,32,0.5,9.0,79,694.0,493.0,30.1
2026-03-18 15:00:00,29.4,31,0.4,4.8,100,493.0,288.0,28.7
2026-03-18 16:00:00,28.8,33,0.0,2.2,98,334.0,171.0,28.7
2026-03-18 17:00:00,26.7,39,0.0,13.0,100,158.0,55.0,25.2
2026-03-18 18:00:00,21.8,67,1.4,14.5,100,18.0,0.0,21.5
2026-03-18 19:00:00,21.8,68,0.2,11.0,100,0.0,0.0,22.0
2026-03-18 20:00:00,21.2,71,0.0,8.0,100,0.0,0.0,22.0
2026-03-18 21:00:00,21.0,71,0.7,4.5,100,0.0,0.0,22.2
2026-03-18 22:00:00,20.9,71,0.2,10.8,100,0.0,0.0,21.1
2026-03-18 23:00:00,22.4,60,0.3,12.3,100,0.0,0.0,22.0
2026-03-19 00:00:00,22.0,58,0.0,7.7,100,0.0,0.0,21.9
2026-03-19 01:00:00,21.7,61,0.0,6.0,100,0.0,0.0,22.0
2026-03-19 02:00:00,21.7,58,0.0,7.9,93,0.0,0.0,21.5
2026-03-19 03:00:00,21.1,58,0.2,8.3,64,0.0,0.0,20.6
2026-03-19 04:00:00,20.5,62,0.0,5.4,10,0.0,0.0,20.5
2026-03-19 05:00:00,21.4,69,0.0,12.5,97,0.0,0.0,21.4
2026-03-19 06:00:00,21.4,70,0.0,4.2,98,0.0,0.0,22.6
2026-03-19 07:00:00,22.1,66,0.0,7.7,100,43.0,12.0,22.8
2026-03-19 08:00:00,22.7,64,0.0,1.5,92,104.0,25.0,24.3
2026-03-19 09:00:00,24.4,56,0.0,1.9,50,296.0,117.0,25.8
2026-03-19 10:00:00,27.1,46,0.0,2.9,92,642.0,476.0,28.7
2026-03-19 11:00:00,26.8,49,0.0,5.4,100,575.0,278.0,28.0
2026-03-19 12:00:00,26.0,49,0.6,4.6,83,231.0,1.0,26.8
2026-03-19 13:00:00,24.8,59,2.6,9.3,80,600.0,318.0,25.9
2026-03-19 14:00:00,24.8,57,0.0,12.5,99,708.0,450.0,25.8
2026-03-19 15:00:00,24.2,58,0.0,11.3,67,338.0,103.0,24.4
2026-03-19 16:00:00,23.4,62,0.0,9.3,98,336.0,160.0,23.9
2026-03-19 17:00:00,22.2,68,0.0,16.6,92,148.0,45.0,21.8
2026-03-19 18:00:00,19.5,82,0.0,10.0,94,43.0,11.0,20.2
2026-03-19 19:00:00,19.0,85,0.0,8.9,76,0.0,0.0,19.9
2026-03-19 20:00:00,18.6,88,0.0,11.1,100,0.0,0.0,19.3
2026-03-19 21:00:00,18.6,85,0.0,12.1,96,0.0,0.0,18.9
2026-03-19 22:00:00,18.3,83,0.0,10.9,84,0.0,0.0,18.6
2026-03-19 23:00:00,18.3,83,0.0,4.1,34,0.0,0.0,19.4
2026-03-20 00:00:00,17.8,88,0.0,6.7,45,0.0,0.0,18.8
2026-03-20 01:00:00,17.3,91,0.0,5.9,99,0.0,0.0,18.4
2026-03-20 02:00:00,17.2,90,0.0,6.3,100,0.0,0.0,18.2
2026-03-20 03:00:00,17.4,88,0.0,3.8,100,0.0,0.0,18.6
2026-03-20 04:00:00,17.1,89,0.0,3.2,100,0.0,0.0,18.3
2026-03-20 05:00:00,16.9,97,0.0,9.2,100,0.0,0.0,17.7
2026-03-20 06:00:00,16.8,95,0.3,11.4,100,0.0,0.0,17.2
2026-03-20 07:00:00,17.1,94,0.9,10.5,100,19.0,0.0,17.6
2026-03-20 08:00:00,17.5,91,0.3,6.9,100,37.0,0.0,18.5
2026-03-20 09:00:00,17.9,89,0.1,6.0,100,76.0,0.0,19.0
2026-03-20 10:00:00,18.2,86,0.3,7.3,100,121.0,6.0,19.1
2026-03-20 11:00:00,18.4,85,0.2,6.2,100,332.0,41.0,19.4
2026-03-20 12:00:00,18.6,80,0.3,5.2,100,250.0,14.0,19.5
2026-03-20 13:00:00,19.0,79,0.1,4.3,100,272.0,3.0,20.2
2026-03-20 14:00:00,20.0,75,0.0,2.7,88,426.0,129.0,21.4
2026-03-20 15:00:00,20.5,72,0.1,3.6,98,455.0,209.0,21.7
2026-03-20 16:00:00,20.6,69,0.0,4.0,100,343.0,190.0,21.6
2026-03-20 17:00:00,19.9,74,0.2,4.1,34,215.0,111.0,21.0
2026-03-20 18:00:00,18.9,82,0.0,3.9,40,48.0,15.0,20.2
2026-03-20 19:00:00,17.9,86,0.0,3.8,26,0.0,0.0,19.2
2026-03-20 20:00:00,17.2,89,0.0,3.6,6,0.0,0.0,18.5
2026-03-20 21:00:00,16.6,91,0.0,3.1,8,0.0,0.0,17.8
2026-03-20 22:00:00,16.4,91,0.0,0.4,3,0.0,0.0,18.0
2026-03-20 23:00:00,16.5,93,0.0,0.2,0,0.0,0.0,18.2
2026-03-21 00:00:00,16.5,93,0.0,0.7,0,0.0,0.0,18.2
2026-03-21 01:00:00,15.9,96,0.0,3.1,0,0.0,0.0,17.1
2026-03-21 02:00:00,15.6,97,0.0,5.7,1,0.0,0.0,16.5
2026-03-21 03:00:00,15.1,98,0.0,3.8,2,0.0,0.0,16.1
2026-03-21 04:00:00,14.8,100,0.0,4.3,100,0.0,0.0,15.7
2026-03-21 05:00:00,15.0,99,0.0,5.6,100,0.0,0.0,15.8
2026-03-21 06:00:00,15.1,98,0.0,3.9,100,0.0,0.0,16.1
2026-03-21 07:00:00,15.1,99,0.0,2.3,100,36.0,0.0,16.4
2026-03-21 08:00:00,15.6,98,0.0,3.1,100,139.0,16.0,16.9
2026-03-21 09:00:00,18.1,87,0.0,1.8,66,351.0,107.0,19.8
2026-03-21 10:00:00,20.3,78,0.0,4.0,18,635.0,454.0,22.5
2026-03-21 11:00:00,22.5,67,0.0,5.4,13,778.0,601.0,25.2
2026-03-21 12:00:00,23.9,59,0.0,5.5,32,851.0,670.0,26.8
2026-03-21 13:00:00,24.8,52,0.0,7.2,72,850.0,670.0,27.0
2026-03-21 14:00:00,25.5,46,0.0,8.9,95,727.0,551.0,26.2
2026-03-21 15:00:00,25.3,47,0.0,9.6,100,589.0,398.0,25.1
2026-03-21 16:00:00,24.9,49,0.0,8.6,100,353.0,154.0,24.6
2026-03-21 17:00:00,24.4,52,0.0,7.1,100,174.0,40.0,24.7
2026-03-21 18:00:00,22.2,67,0.0,4.8,100,45.0,6.0,23.4
2026-03-21 19:00:00,21.6,71,0.0,4.0,99,0.0,0.0,23.0
2026-03-21 20:00:00,20.8,73,0.0,4.4,100,0.0,0.0,22.0
2026-03-21 21:00:00,20.3,74,0.0,5.4,100,0.0,0.0,21.3
2026-03-21 22:00:00,19.9,76,0.0,4.5,100,0.0,0.0,21.1
2026-03-21 23:00:00,20.3,73,0.0,5.8,94,0.0,0.0,21.2
2026-03-22 00:00:00,19.3,74,0.0,6.2,2,0.0,0.0,19.9
2026-03-22 01:00:00,18.4,77,0.0,5.6,0,0.0,0.0,19.0
2026-03-22 02:00:00,17.5,81,0.0,4.5,0,0.0,0.0,18.2
2026-03-22 03:00:00,17.3,81,0.0,6.2,12,0.0,0.0,17.6
2026-03-22 04:00:00,16.7,82,0.0,7.3,1,0.0,0.0,16.8
2026-03-22 05:00:00,16.2,85,0.0,6.5,9,0.0,0.0,16.4
2026-03-22 06:00:00,16.2,86,0.0,5.3,0,0.0,0.0,16.7
2026-03-22 07:00:00,17.3,83,0.0,6.2,3,66.0,25.0,17.9
2026-03-22 08:00:00,19.3,78,0.0,5.0,0,249.0,146.0,20.3
2026-03-22 09:00:00,21.2,70,0.0,6.8,33,459.0,322.0,22.1
2026-03-22 10:00:00,23.0,60,0.0,7.5,2,641.0,478.0,24.0
2026-03-22 11:00:00,25.0,53,0.0,9.7,1,775.0,598.0,26.5
2026-03-22 12:00:00,26.1,49,0.0,11.3,9,842.0,660.0,27.6
2026-03-22 13:00:00,26.6,48,0.0,12.0,1,837.0,650.0,27.9
2026-03-22 14:00:00,27.0,46,0.0,10.7,59,764.0,590.0,28.1
2026-03-22 15:00:00,27.1,45,0.0,10.5,34,616.0,447.0,27.2
2026-03-22 16:00:00,26.7,45,0.0,10.5,12,440.0,296.0,26.4
2026-03-22 17:00:00,26.2,48,0.0,8.1,5,230.0,131.0,26.4
2026-03-22 18:00:00,23.5,63,0.0,5.3,38,56.0,20.0,24.8
2026-03-22 19:00:00,22.5,67,0.0,5.4,100,0.0,0.0,23.7
2026-03-22 20:00:00,22.3,67,0.0,3.9,52,0.0,0.0,23.7
2026-03-22 21:00:00,21.9,66,0.0,1.5,100,0.0,0.0,23.3
2026-03-22 22:00:00,21.9,63,0.0,0.9,60,0.0,0.0,23.2
2026-03-22 23:00:00,21.5,66,0.0,4.1,86,0.0,0.0,22.5
2026-03-23 00:00:00,21.1,68,0.0,5.0,100,0.0,0.0,22.0
2026-03-23 01:00:00,20.4,71,0.0,5.5,98,0.0,0.0,21.2
2026-03-23 02:00:00,19.6,75,0.0,4.8,100,0.0,0.0,20.6
2026-03-23 03:00:00,19.2,76,0.1,5.9,100,0.0,0.0,19.9
2026-03-23 04:00:00,18.4,82,0.3,3.8,100,0.0,0.0,19.6
2026-03-23 05:00:00,18.7,82,0.8,13.4,100,0.0,0.0,18.6
2026-03-23 06:00:00,18.0,87,1.3,13.0,100,0.0,0.0,18.1
2026-03-23 07:00:00,17.9,90,2.6,10.7,100,17.0,0.0,18.4
2026-03-23 08:00:00,18.4,86,2.7,7.0,100,78.0,4.0,19.4
2026-03-23 09:00:00,19.4,85,1.6,0.6,99,155.0,16.0,21.7
2026-03-23 10:00:00,21.6,75,0.0,1.6,63,267.0,76.0,23.8
2026-03-23 11:00:00,23.2,65,0.0,6.6,97,460.0,188.0,24.3
2026-03-23 12:00:00,24.3,60,0.2,5.1,100,378.0,77.0,25.6
2026-03-23 13:00:00,25.0,55,0.0,4.7,45,324.0,44.0,26.1
2026-03-23 14:00:00,26.4,50,0.0,2.3,5,669.0,446.0,28.5
2026-03-23 15:00:00,26.9,48,0.0,2.3,6,623.0,457.0,28.7
2026-03-23 16:00:00,26.7,49,0.0,5.0,11,432.0,290.0,27.6
2026-03-23 17:00:00,26.8,49,0.0,5.6,35,233.0,133.0,27.6
2026-03-23 18:00:00,24.7,64,0.0,3.6,20,52.0,17.0,26.8
2026-03-23 19:00:00,24.0,65,0.0,1.2,5,0.0,0.0,26.2
2026-03-23 20:00:00,22.2,73,0.0,4.2,2,0.0,0.0,24.1
2026-03-23 21:00:00,21.3,76,0.0,4.8,1,0.0,0.0,23.0
2026-03-23 22:00:00,20.7,77,0.0,5.8,0,0.0,0.0,22.1
2026-03-23 23:00:00,20.6,81,0.0,5.1,23,0.0,0.0,22.5
2026-03-24 00:00:00,20.3,84,0.0,3.6,0,0.0,0.0,22.5
2026-03-24 01:00:00,20.0,85,0.0,2.9,0,0.0,0.0,22.1
2026-03-24 02:00:00,19.4,87,0.0,0.9,2,0.0,0.0,21.8
2026-03-24 03:00:00,19.0,88,0.0,1.1,0,0.0,0.0,21.3
2026-03-24 04:00:00,18.5,90,0.0,3.9,0,0.0,0.0,20.3
2026-03-24 05:00:00,18.1,89,0.0,5.1,0,0.0,0.0,19.5
2026-03-24 06:00:00,18.3,89,0.0,4.1,0,0.0,0.0,19.9
2026-03-24 07:00:00,19.3,86,0.0,6.6,0,71.0,26.0,20.8
2026-03-24 08:00:00,21.6,78,0.0,4.2,0,259.0,154.0,23.8
2026-03-24 09:00:00,24.3,67,0.0,5.6,12,471.0,331.0,26.3
2026-03-24 10:00:00,26.3,56,0.0,7.6,9,655.0,493.0,28.1
2026-03-24 11:00:00,28.1,45,0.0,9.4,12,786.0,610.0,29.7
2026-03-24 12:00:00,29.0,38,0.0,10.6,68,823.0,617.0,30.1
2026-03-24 13:00:00,29.5,35,0.0,11.6,45,814.0,603.0,30.0
2026-03-24 14:00:00,29.7,34,0.0,11.3,4,757.0,571.0,29.8
2026-03-24 15:00:00,29.4,34,0.0,12.1,0,641.0,478.0,28.7
2026-03-24 16:00:00,28.8,35,0.0,12.0,0,457.0,320.0,27.6
2026-03-24 17:00:00,28.3,37,0.0,10.8,0,245.0,144.0,27.3
2026-03-24 18:00:00,25.2,56,0.0,5.0,0,62.0,22.0,26.4
2026-03-24 19:00:00,24.2,60,0.0,4.3,0,0.0,0.0,25.6
2026-03-24 20:00:00,23.5,62,0.0,4.8,0,0.0,0.0,24.8
2026-03-24 21:00:00,22.6,62,0.0,6.2,2,0.0,0.0,23.3
2026-03-24 22:00:00,21.2,62,0.0,6.1,17,0.0,0.0,21.5
2026-03-24 23:00:00,20.7,68,0.0,6.0,27,0.0,0.0,21.3
2026-03-25 00:00:00,20.4,67,0.0,5.6,0,0.0,0.0,20.8
2026-03-25 01:00:00,20.0,67,0.0,5.2,1,0.0,0.0,20.4
2026-03-25 02:00:00,19.6,68,0.0,3.7,98,0.0,0.0,20.2
2026-03-25 03:00:00,18.5,73,0.0,5.4,78,0.0,0.0,18.9
2026-03-25 04:00:00,17.7,76,0.0,4.9,53,0.0,0.0,18.1
2026-03-25 05:00:00,17.8,79,0.0,5.4,0,0.0,0.0,18.3
2026-03-25 06:00:00,18.0,78,0.0,5.5,0,0.0,0.0,18.5
2026-03-25 07:00:00,19.2,74,0.0,6.7,0,76.0,29.0,19.7
2026-03-25 08:00:00,21.8,66,0.0,4.0,0,271.0,164.0,23.0
2026-03-25 09:00:00,24.9,55,0.0,4.2,0,486.0,345.0,25.9
2026-03-25 10:00:00,27.2,43,0.0,6.0,0,672.0,510.0,28.2
2026-03-25 11:00:00,29.1,35,0.0,7.3,0,807.0,630.0,30.2
2026-03-25 12:00:00,30.2,32,0.0,8.0,9,873.0,690.0,31.4
2026-03-25 13:00:00,31.0,29,0.0,9.5,4,867.0,684.0,31.7
2026-03-25 14:00:00,31.5,27,0.0,10.5,10,791.0,617.0,31.4
2026-03-25 15:00:00,31.3,27,0.0,12.0,31,645.0,484.0,30.1
2026-03-25 16:00:00,30.9,28,0.0,11.3,97,456.0,316.0,29.2
2026-03-25 17:00:00,30.2,28,0.0,10.1,24,238.0,130.0,28.6
2026-03-25 18:00:00,28.2,33,0.0,4.2,99,60.0,21.0,27.7
2026-03-25 19:00:00,27.3,37,0.0,3.0,99,0.0,0.0,27.3
2026-03-25 20:00:00,26.7,40,0.0,2.6,98,0.0,0.0,26.9
2026-03-25 21:00:00,26.3,42,0.0,1.2,72,0.0,0.0,26.8
2026-03-25 22:00:00,25.1,43,0.0,2.7,94,0.0,0.0,25.2
2026-03-25 23:00:00,25.3,52,0.0,0.9,26,0.0,0.0,26.7
2026-03-26 00:00:00,24.6,50,0.0,6.5,80,0.0,0.0,24.7
2026-03-26 01:00:00,22.9,57,0.0,5.1,99,0.0,0.0,23.5
2026-03-26 02:00:00,22.8,63,0.0,3.4,22,0.0,0.0,24.1
2026-03-26 03:00:00,21.8,66,0.0,2.4,3,0.0,0.0,23.2
2026-03-26 04:00:00,21.6,65,0.0,3.1,36,0.0,0.0,22.7
2026-03-26 05:00:00,21.0,70,0.0,4.4,27,0.0,0.0,22.1
2026-03-26 06:00:00,21.2,70,0.0,2.4,18,1.0,0.0,22.6
2026-03-26 07:00:00,22.4,64,0.0,4.0,25,74.0,27.0,23.6
2026-03-26 08:00:00,24.9,53,0.0,2.6,27,258.0,152.0,26.1
2026-03-26 09:00:00,27.4,46,0.0,3.7,37,468.0,326.0,28.5
2026-03-26 10:00:00,29.7,39,0.0,4.2,38,605.0,435.0,30.8
2026-03-26 11:00:00,33.0,26,0.0,7.0,59,703.0,486.0,33.2
2026-03-26 12:00:00,34.5,21,0.0,8.6,99,832.0,629.0,34.6
2026-03-26 13:00:00,34.8,19,0.0,8.4,100,768.0,533.0,34.4
2026-03-26 14:00:00,34.3,21,0.0,11.9,100,618.0,327.0,32.6
2026-03-26 15:00:00,33.1,23,0.0,14.7,98,424.0,170.0,30.8
2026-03-26 16:00:00,32.3,26,0.0,12.8,100,346.0,139.0,30.5
2026-03-26 17:00:00,31.9,24,0.0,8.8,100,141.0,23.0,30.4
2026-03-26 18:00:00,31.1,27,0.0,8.3,100,29.0,0.0,29.9
2026-03-26 19:00:00,30.1,33,0.0,6.2,100,0.0,0.0,29.8
2026-03-26 20:00:00,28.9,38,0.0,3.9,50,0.0,0.0,29.3
2026-03-26 21:00:00,28.3,40,0.0,8.2,100,0.0,0.0,28.2
2026-03-26 22:00:00,27.7,39,0.0,8.7,100,0.0,0.0,27.2
2026-03-26 23:00:00,25.3,58,0.0,1.7,77,0.0,0.0,27.3
2026-03-27 00:00:00,25.7,51,0.0,4.1,53,0.0,0.0,26.7
2026-03-27 01:00:00,25.0,51,0.0,7.3,34,0.0,0.0,25.3
2026-03-27 02:00:00,23.7,57,0.0,7.1,39,0.0,0.0,24.2
2026-03-27 03:00:00,23.1,59,0.0,5.6,33,0.0,0.0,23.8
2026-03-27 04:00:00,22.4,62,0.0,4.7,100,0.0,0.0,23.3
2026-03-27 05:00:00,22.5,65,0.0,9.4,40,0.0,0.0,23.0
2026-03-27 06:00:00,22.1,67,0.0,11.6,95,1.0,0.0,22.3
2026-03-27 07:00:00,22.7,65,0.0,9.0,96,55.0,10.0,23.3
2026-03-27 08:00:00,23.6,60,0.0,12.6,97,200.0,64.0,23.5
2026-03-27 09:00:00,25.6,50,0.0,11.0,55,438.0,259.0,25.4
2026-03-27 10:00:00,27.0,44,0.1,10.8,82,495.0,272.0,26.6
2026-03-27 11:00:00,24.9,57,0.5,12.4,93,704.0,442.0,25.9
2026-03-27 12:00:00,26.9,47,0.0,7.4,88,454.0,202.0,27.2
2026-03-27 13:00:00,28.9,37,0.0,4.6,48,693.0,403.0,30.0
2026-03-27 14:00:00,29.3,33,0.0,9.5,61,683.0,435.0,29.0
2026-03-27 15:00:00,29.3,35,0.0,8.1,32,524.0,325.0,28.9
2026-03-27 16:00:00,29.2,36,0.0,6.7,31,390.0,234.0,29.0
2026-03-27 17:00:00,28.6,34,0.0,11.0,9,198.0,90.0,27.3
2026-03-27 18:00:00,28.0,35,0.0,8.3,2,61.0,21.0,27.1
2026-03-27 19:00:00,27.2,39,0.0,5.1,1,0.0,0.0,27.1
2026-03-27 20:00:00,26.5,42,0.0,5.6,2,0.0,0.0,26.5
2026-03-27 21:00:00,25.6,45,0.0,3.8,4,0.0,0.0,25.9
2026-03-27 22:00:00,25.2,46,0.0,3.8,1,0.0,0.0,25.4
2026-03-27 23:00:00,24.4,59,0.0,3.7,3,0.0,0.0,25.9
2026-03-28 00:00:00,23.8,57,0.0,4.1,0,0.0,0.0,24.7
2026-03-28 01:00:00,23.1,58,0.0,4.4,0,0.0,0.0,23.9
2026-03-28 02:00:00,22.4,61,0.0,4.9,0,0.0,0.0,23.1
2026-03-28 03:00:00,21.6,64,0.0,5.6,5,0.0,0.0,22.3
2026-03-28 04:00:00,20.8,67,0.0,5.8,0,0.0,0.0,21.5
2026-03-28 05:00:00,20.9,71,0.0,6.1,95,0.0,0.0,21.8
2026-03-28 06:00:00,21.0,70,0.0,4.3,8,1.0,0.0,22.2
2026-03-28 07:00:00,22.1,65,0.0,3.5,5,81.0,30.0,23.3
2026-03-28 08:00:00,24.7,54,0.0,3.4,47,272.0,162.0,25.7
2026-03-28 09:00:00,27.1,44,0.0,4.0,37,481.0,335.0,27.7
2026-03-28 10:00:00,28.8,38,0.0,2.3,55,663.0,492.0,30.2
2026-03-28 11:00:00,30.3,34,0.0,4.4,98,797.0,612.0,32.1
2026-03-28 12:00:00,31.8,30,0.0,5.6,98,803.0,508.0,33.2
2026-03-28 13:00:00,32.7,28,0.0,7.9,90,833.0,591.0,33.7
2026-03-28 14:00:00,33.0,26,0.0,9.4,87,741.0,497.0,33.0
2026-03-28 15:00:00,32.9,25,0.0,11.0,100,637.0,456.0,31.8
2026-03-28 16:00:00,32.3,26,0.0,9.2,99,435.0,263.0,31.0
2026-03-28 17:00:00,31.8,23,0.0,7.5,94,224.0,94.0,30.2
2026-03-28 18:00:00,30.9,26,0.0,6.0,26,64.0,20.0,29.8
2026-03-28 19:00:00,29.6,31,0.0,3.1,98,0.0,0.0,29.4
2026-03-28 20:00:00,29.0,33,0.0,3.2,100,0.0,0.0,28.8
2026-03-28 21:00:00,28.1,35,0.0,4.9,2,0.0,0.0,27.7
2026-03-28 22:00:00,26.8,40,0.0,4.3,35,0.0,0.0,26.7
2026-03-28 23:00:00,26.0,47,0.0,6.2,82,0.0,0.0,26.4
2026-03-29 00:00:00,25.2,50,0.0,7.1,89,0.0,0.0,25.4
2026-03-29 01:00:00,24.2,55,0.0,7.3,2,0.0,0.0,24.7
2026-03-29 02:00:00,23.5,59,0.0,7.3,97,0.0,0.0,24.1
2026-03-29 03:00:00,23.1,60,0.0,7.2,86,0.0,0.0,23.6
2026-03-29 04:00:00,22.8,61,0.0,6.7,98,0.0,0.0,23.3
2026-03-29 05:00:00,23.0,62,0.0,8.3,88,0.0,0.0,23.6
2026-03-29 06:00:00,23.2,61,0.0,8.8,69,1.0,0.0,23.6
2026-03-29 07:00:00,24.1,57,0.0,9.4,100,82.0,31.0,24.4
2026-03-29 08:00:00,26.1,50,0.0,9.2,91,250.0,117.0,26.3
2026-03-29 09:00:00,28.5,42,0.0,10.5,74,407.0,185.0,28.4
2026-03-29 10:00:00,31.1,35,0.0,13.3,51,652.0,456.0,31.0
2026-03-29 11:00:00,32.8,33,0.0,12.4,98,725.0,492.0,33.3
2026-03-29 12:00:00,33.0,33,0.0,8.4,5,700.0,370.0,34.2
2026-03-29 13:00:00,34.4,31,0.0,6.0,46,797.0,590.0,36.5
2026-03-29 14:00:00,34.9,29,0.0,5.1,100,675.0,476.0,36.4
2026-03-29 15:00:00,35.0,29,0.0,4.6,100,516.0,261.0,35.7
2026-03-29 16:00:00,32.8,31,0.0,3.2,75,277.0,88.0,33.5
2026-03-29 17:00:00,29.3,52,0.0,3.7,35,174.0,63.0,31.8
2026-03-29 18:00:00,30.3,51,0.0,3.6,27,57.0,18.0,33.1
2026-03-29 19:00:00,29.8,44,0.0,11.3,0,0.0,0.0,30.2
2026-03-29 20:00:00,28.1,50,0.0,12.0,4,0.0,0.0,28.7
2026-03-29 21:00:00,27.3,51,0.0,8.5,16,0.0,0.0,28.2
2026-03-29 22:00:00,26.6,52,0.0,6.1,89,0.0,0.0,27.7
2026-03-29 23:00:00,26.2,55,0.0,5.3,43,0.0,0.0,27.6
2026-03-30 00:00:00,25.7,56,0.0,6.3,81,0.0,0.0,26.9
2026-03-30 01:00:00,24.8,58,0.0,8.0,100,0.0,0.0,25.7
2026-03-30 02:00:00,23.8,63,0.0,5.9,99,0.0,0.0,25.0
2026-03-30 03:00:00,23.4,64,0.0,5.6,99,0.0,0.0,24.7
2026-03-30 04:00:00,22.5,69,0.0,4.5,100,0.0,0.0,24.1
2026-03-30 05:00:00,21.7,78,0.0,4.8,73,0.0,0.0,23.7
2026-03-30 06:00:00,22.0,76,0.0,3.7,100,2.0,0.0,24.1
2026-03-30 07:00:00,23.6,69,0.0,4.5,96,82.0,20.0,25.6
2026-03-30 08:00:00,26.3,51,0.0,6.1,71,267.0,136.0,27.2
2026-03-30 09:00:00,29.4,34,0.0,7.0,45,491.0,342.0,29.0
2026-03-30 10:00:00,31.6,30,0.0,8.7,100,653.0,448.0,31.5
2026-03-30 11:00:00,33.3,26,0.0,9.0,76,714.0,418.0,33.2
2026-03-30 12:00:00,34.7,21,0.0,8.7,95,831.0,583.0,34.9
2026-03-30 13:00:00,31.3,30,0.2,21.8,100,756.0,450.0,29.7
2026-03-30 14:00:00,31.6,28,0.0,16.7,100,417.0,86.0,29.5
2026-03-30 15:00:00,29.5,38,0.0,16.4,100,399.0,91.0,28.3
2026-03-30 16:00:00,30.0,35,0.0,10.8,100,345.0,118.0,29.2
2026-03-30 17:00:00,27.6,46,0.0,11.2,100,177.0,34.0,27.5
2026-03-30 18:00:00,27.5,45,0.0,7.1,100,30.0,4.0,27.9
2026-03-30 19:00:00,27.0,51,0.0,1.5,100,0.0,0.0,28.9
2026-03-30 20:00:00,26.3,50,0.0,5.2,100,0.0,0.0,27.1
2026-03-30 21:00:00,25.0,58,0.0,8.8,100,0.0,0.0,25.7
2026-03-30 22:00:00,24.2,62,0.0,5.5,100,0.0,0.0,25.7
2026-03-30 23:00:00,24.3,66,0.0,7.8,100,0.0,0.0,25.8
2026-03-31 00:00:00,23.7,68,0.0,3.6,100,0.0,0.0,25.8
2026-03-31 01:00:00,23.4,69,0.0,4.5,76,0.0,0.0,25.4
2026-03-31 02:00:00,22.5,74,0.0,4.1,22,0.0,0.0,24.6
2026-03-31 03:00:00,22.0,75,0.0,4.0,100,0.0,0.0,24.0
2026-03-31 04:00:00,21.8,76,0.0,4.4,87,0.0,0.0,23.7
2026-03-31 05:00:00,21.3,76,0.0,5.0,91,0.0,0.0,23.0
2026-03-31 06:00:00,21.5,76,0.0,2.1,81,2.0,0.0,23.7
2026-03-31 07:00:00,23.2,68,0.0,1.3,1,84.0,25.0,25.4
2026-03-31 08:00:00,26.3,52,0.0,3.0,21,279.0,167.0,27.8
2026-03-31 09:00:00,29.7,34,0.0,4.6,100,485.0,333.0,29.6
2026-03-31 10:00:00,31.7,27,0.0,4.6,56,625.0,394.0,31.5
2026-03-31 11:00:00,33.4,23,0.0,1.3,100,776.0,558.0,34.6
2026-03-31 12:00:00,35.0,20,0.0,5.0,80,715.0,362.0,34.9
2026-03-31 13:00:00,32.2,25,0.0,4.3,91,536.0,234.0,31.4
2026-03-31 14:00:00,32.8,23,0.0,7.8,77,638.0,353.0,31.9
2026-03-31 15:00:00,30.8,28,0.2,5.9,76,512.0,284.0,30.0
2026-03-31 16:00:00,29.3,35,0.0,7.7,86,260.0,95.0,28.9
2026-03-31 17:00:00,24.8,57,0.0,6.5,100,164.0,49.0,25.7
2026-03-31 18:00:00,24.7,59,0.1,5.6,72,11.0,0.0,26.0
2026-03-31 19:00:00,24.6,59,0.0,6.4,76,0.0,0.0,25.8
2026-03-31 20:00:00,23.8,68,0.0,2.4,73,0.0,0.0,26.1
2026-03-31 21:00:00,23.4,67,0.0,3.8,45,0.0,0.0,25.2
2026-03-31 22:00:00,23.4,65,0.0,6.2,64,0.0,0.0,24.6
2026-03-31 23:00:00,23.7,66,0.0,13.0,98,0.0,0.0,24.2
2026-04-01 00:00:00,22.6,67,0.0,8.2,7,0.0,0.0,23.4
2026-04-01 01:00:00,22.1,66,0.0,7.0,2,0.0,0.0,22.9
2026-04-01 02:00:00,21.0,73,0.0,3.3,2,0.0,0.0,22.6
2026-04-01 03:00:00,20.4,75,0.0,3.6,2,0.0,0.0,21.8
2026-04-01 04:00:00,19.9,77,0.0,3.1,97,0.0,0.0,21.4
2026-04-01 05:00:00,19.6,82,0.0,2.7,38,0.0,0.0,21.5
2026-04-01 06:00:00,19.8,79,0.0,2.6,99,2.0,0.0,21.5
2026-04-01 07:00:00,21.3,70,0.0,2.8,89,91.0,32.0,22.8
2026-04-01 08:00:00,23.8,60,0.0,1.5,16,281.0,166.0,25.4
2026-04-01 09:00:00,26.9,48,0.0,0.9,27,492.0,343.0,28.4
2026-04-01 10:00:00,29.4,37,0.0,1.3,36,628.0,437.0,30.7
2026-04-01 11:00:00,31.4,33,0.0,6.7,87,751.0,541.0,32.6
2026-04-01 12:00:00,32.6,29,0.0,5.4,98,815.0,597.0,34.1
2026-04-01 13:00:00,33.1,26,0.0,5.5,99,693.0,401.0,33.5
2026-04-01 14:00:00,31.5,28,0.0,2.0,97,550.0,223.0,31.4
2026-04-01 15:00:00,32.2,26,0.0,4.8,100,459.0,176.0,31.6
2026-04-01 16:00:00,31.7,28,0.0,3.8,92,312.0,108.0,31.4
2026-04-01 17:00:00,31.8,29,0.0,6.0,96,147.0,26.0,31.4
2026-04-01 18:00:00,30.0,36,0.0,7.7,85,52.0,8.0,29.8
2026-04-01 19:00:00,28.4,42,0.0,6.3,83,0.0,0.0,28.9
2026-04-01 20:00:00,26.9,51,0.0,4.7,100,0.0,0.0,28.2
2026-04-01 21:00:00,26.4,51,0.0,4.8,52,0.0,0.0,27.5
2026-04-01 22:00:00,25.7,51,0.0,5.2,55,0.0,0.0,26.5
2026-04-01 23:00:00,25.7,61,0.0,4.9,98,0.0,0.0,27.7
2026-04-02 00:00:00,25.2,63,0.0,4.4,52,0.0,0.0,27.2
2026-04-02 01:00:00,23.9,67,0.0,4.6,98,0.0,0.0,25.8
2026-04-02 02:00:00,23.5,65,0.0,4.9,88,0.0,0.0,25.0
2026-04-02 03:00:00,22.8,68,0.0,4.6,45,0.0,0.0,24.4
2026-04-02 04:00:00,22.3,68,0.0,3.5,57,0.0,0.0,23.9
2026-04-02 05:00:00,21.7,72,0.0,4.5,46,0.0,0.0,23.3
2026-04-02 06:00:00,21.9,71,0.0,4.1,78,3.0,0.0,23.5
2026-04-02 07:00:00,23.6,62,0.0,2.7,100,86.0,24.0,25.2
2026-04-02 08:00:00,25.9,56,0.0,1.1,77,220.0,62.0,27.9
2026-04-02 09:00:00,29.1,45,0.0,2.5,9,438.0,246.0,30.8
2026-04-02 10:00:00,32.2,35,0.0,2.7,62,668.0,492.0,34.0
2026-04-02 11:00:00,32.1,34,0.0,6.2,100,783.0,570.0,33.9
2026-04-02 12:00:00,33.7,27,0.0,3.7,98,607.0,301.0,34.1
2026-04-02 13:00:00,34.3,25,0.0,5.0,95,621.0,248.0,34.5
2026-04-02 14:00:00,32.3,30,0.0,3.4,71,477.0,167.0,32.6
2026-04-02 15:00:00,33.4,27,0.0,2.8,73,442.0,193.0,33.5
2026-04-02 16:00:00,33.4,27,0.0,4.5,63,354.0,154.0,33.3
2026-04-02 17:00:00,33.8,28,0.0,13.6,100,213.0,94.0,32.6
2026-04-02 18:00:00,32.5,31,0.0,4.9,16,49.0,4.0,32.7
2026-04-02 19:00:00,31.1,34,0.0,9.1,10,0.0,0.0,30.7
2026-04-02 20:00:00,29.6,42,0.0,4.7,0,0.0,0.0,30.7
2026-04-02 21:00:00,28.9,42,0.0,5.5,1,0.0,0.0,29.6
2026-04-02 22:00:00,27.1,57,0.0,3.5,0,0.0,0.0,29.4
2026-04-02 23:00:00,26.7,55,0.0,5.0,0,0.0,0.0,28.4
2026-04-03 00:00:00,26.0,57,0.0,5.7,0,0.0,0.0,27.5
2026-04-03 01:00:00,25.0,62,0.0,4.1,98,0.0,0.0,26.9
2026-04-03 02:00:00,24.7,61,0.0,3.2,100,0.0,0.0,26.5
2026-04-03 03:00:00,24.8,60,0.0,1.9,100,0.0,0.0,26.7
2026-04-03 04:00:00,24.0,60,0.0,4.0,100,0.0,0.0,25.4
2026-04-03 05:00:00,23.2,67,0.0,13.9,100,0.0,0.0,23.4
2026-04-03 06:00:00,22.6,62,0.0,14.6,100,2.0,0.0,22.2
2026-04-03 07:00:00,22.3,64,0.0,13.3,100,44.0,0.0,22.0
2026-04-03 08:00:00,23.5,62,0.0,11.6,96,148.0,10.0,23.7
2026-04-03 09:00:00,25.7,55,0.0,11.5,63,355.0,107.0,26.1
2026-04-03 10:00:00,27.8,45,0.0,14.7,97,568.0,316.0,27.4
2026-04-03 11:00:00,29.3,41,0.0,11.9,74,654.0,340.0,29.7
2026-04-03 12:00:00,30.1,39,0.0,10.0,94,640.0,313.0,30.7
2026-04-03 13:00:00,31.3,37,0.0,6.9,95,773.0,493.0,33.1
2026-04-03 14:00:00,32.1,33,0.0,6.3,100,666.0,378.0,33.0
2026-04-03 15:00:00,27.5,49,0.0,9.3,100,296.0,76.0,28.0
2026-04-03 16:00:00,27.7,47,0.0,5.3,100,244.0,54.0,28.7
2026-04-03 17:00:00,28.3,41,0.0,15.3,99,203.0,70.0,27.3
2026-04-03 18:00:00,25.8,53,0.0,10.0,100,61.0,11.0,26.2
2026-04-03 19:00:00,25.3,55,0.0,10.0,100,0.0,0.0,25.7
2026-04-03 20:00:00,23.6,58,0.0,15.5,100,0.0,0.0,22.9
2026-04-03 21:00:00,23.3,60,0.4,4.2,92,0.0,0.0,24.3
2026-04-03 22:00:00,22.6,63,0.0,5.5,98,0.0,0.0,23.5
2026-04-03 23:00:00,22.8,72,0.0,6.0,100,0.0,0.0,24.6
2026-04-04 00:00:00,22.6,76,0.0,6.0,100,0.0,0.0,24.7
2026-04-04 01:00:00,22.4,75,0.0,6.5,100,0.0,0.0,24.2
2026-04-04 02:00:00,22.1,73,0.0,6.3,100,0.0,0.0,23.6
2026-04-04 03:00:00,21.3,79,0.0,3.5,100,0.0,0.0,23.5
2026-04-04 04:00:00,21.2,81,0.0,2.2,100,0.0,0.0,23.7
2026-04-04 05:00:00,21.4,83,0.0,5.4,100,0.0,0.0,23.6
2026-04-04 06:00:00,21.3,83,0.0,6.2,100,3.0,0.0,23.4
2026-04-04 07:00:00,22.1,79,0.0,5.6,100,79.0,14.0,24.3
2026-04-04 08:00:00,23.8,69,0.0,3.7,100,180.0,35.0,26.0
2026-04-04 09:00:00,25.9,56,0.0,5.2,100,284.0,39.0,27.4
2026-04-04 10:00:00,27.4,41,0.0,6.2,87,360.0,57.0,27.4
2026-04-04 11:00:00,29.7,35,0.0,9.1,100,670.0,380.0,29.9
2026-04-04 12:00:00,30.3,35,0.0,6.0,90,764.0,486.0,31.8
2026-04-04 13:00:00,29.9,37,1.0,2.9,95,797.0,540.0,32.3
2026-04-04 14:00:00,24.2,62,1.3,7.1,79,396.0,101.0,25.3
2026-04-04 15:00:00,26.1,51,0.0,2.4,71,446.0,208.0,27.4
2026-04-04 16:00:00,27.1,47,0.0,4.3,97,390.0,208.0,28.1
2026-04-04 17:00:00,26.0,54,0.0,3.7,99,196.0,57.0,27.5
2026-04-04 18:00:00,25.5,65,0.0,2.3,100,51.0,8.0,28.2
2026-04-04 19:00:00,24.9,66,0.0,3.9,100,0.0,0.0,27.3
2026-04-04 20:00:00,24.2,69,0.0,3.4,100,0.0,0.0,26.6
2026-04-04 21:00:00,23.3,73,0.0,3.0,100,0.0,0.0,25.9
2026-04-04 22:00:00,22.8,73,0.0,4.5,100,0.0,0.0,24.8
2026-04-04 23:00:00,22.3,77,0.0,3.9,38,0.0,0.0,24.6
2026-04-05 00:00:00,22.9,66,0.0,9.3,97,0.0,0.0,23.7
2026-04-05 01:00:00,21.8,70,0.0,4.1,91,0.0,0.0,23.3
2026-04-05 02:00:00,21.4,68,0.0,3.8,28,0.0,0.0,22.5
2026-04-05 03:00:00,20.7,69,0.0,4.8,22,0.0,0.0,21.5
2026-04-05 04:00:00,19.8,74,0.0,4.5,13,0.0,0.0,20.8
2026-04-05 05:00:00,19.9,82,0.0,3.2,9,0.0,0.0,21.7
2026-04-05 06:00:00,20.2,77,0.0,5.5,37,4.0,0.0,21.5
2026-04-05 07:00:00,20.7,71,0.5,10.4,68,80.0,25.0,20.9
2026-04-05 08:00:00,21.7,70,0.2,0.8,21,179.0,58.0,23.7
2026-04-05 09:00:00,24.8,58,0.0,5.7,14,480.0,319.0,26.1
2026-04-05 10:00:00,26.0,54,0.0,4.6,9,640.0,441.0,27.9
2026-04-05 11:00:00,28.9,34,0.0,5.8,45,770.0,554.0,29.9
2026-04-05 12:00:00,28.8,32,0.0,6.7,55,640.0,397.0,28.5
2026-04-05 13:00:00,28.0,35,0.2,13.6,23,681.0,424.0,27.0
2026-04-05 14:00:00,28.8,31,0.0,8.0,8,685.0,483.0,28.5
2026-04-05 15:00:00,29.3,29,0.0,5.8,25,578.0,388.0,28.5
2026-04-05 16:00:00,28.7,29,0.0,8.1,25,415.0,261.0,27.2
2026-04-05 17:00:00,27.2,45,0.0,1.0,37,241.0,132.0,28.3
2026-04-05 18:00:00,26.4,60,0.0,0.8,16,64.0,19.0,29.2
2026-04-05 19:00:00,24.8,62,0.0,3.5,21,1.0,0.0,26.7
2026-04-05 20:00:00,23.7,70,0.0,1.8,2,0.0,0.0,26.3
2026-04-05 21:00:00,22.9,73,0.0,1.3,1,0.0,0.0,25.5
2026-04-05 22:00:00,22.2,74,0.0,2.5,0,0.0,0.0,24.5
2026-04-05 23:00:00,24.8,37,0.0,10.9,10,0.0,0.0,22.9
2026-04-06 00:00:00,23.5,42,0.0,7.4,5,0.0,0.0,22.3
2026-04-06 01:00:00,22.7,46,0.0,7.0,8,0.0,0.0,21.8
2026-04-06 02:00:00,21.7,55,0.0,4.1,8,0.0,0.0,21.8
2026-04-06 03:00:00,21.1,57,0.0,3.5,2,0.0,0.0,21.2
2026-04-06 04:00:00,20.8,59,0.0,2.5,1,0.0,0.0,21.2
2026-04-06 05:00:00,21.5,60,0.0,0.7,23,0.0,0.0,22.4
2026-04-06 06:00:00,21.4,62,0.0,0.8,0,5.0,0.0,22.5
2026-04-06 07:00:00,22.7,56,0.0,4.5,0,105.0,41.0,23.1
2026-04-06 08:00:00,24.7,48,0.0,2.5,0,304.0,183.0,25.3
2026-04-06 09:00:00,27.1,41,0.0,2.6,0,514.0,359.0,27.5
2026-04-06 10:00:00,29.4,28,0.0,5.1,19,694.0,516.0,29.2
2026-04-06 11:00:00,30.2,21,0.0,8.1,6,743.0,534.0,29.1
2026-04-06 12:00:00,31.2,20,0.0,8.3,2,849.0,635.0,30.7
2026-04-06 13:00:00,31.7,19,0.0,9.6,37,844.0,625.0,30.9
2026-04-06 14:00:00,31.5,19,0.0,8.9,31,729.0,511.0,30.0
2026-04-06 15:00:00,31.3,20,0.0,7.6,13,620.0,433.0,29.5
2026-04-06 16:00:00,31.1,21,0.0,9.9,25,472.0,318.0,28.6
2026-04-06 17:00:00,28.7,29,0.0,17.7,40,243.0,128.0,25.9
2026-04-06 18:00:00,26.7,34,0.0,9.4,36,65.0,20.0,25.2
2026-04-06 19:00:00,26.5,35,0.0,7.1,9,1.0,0.0,25.4
2026-04-06 20:00:00,25.6,37,0.0,8.5,2,0.0,0.0,24.3
2026-04-06 21:00:00,24.3,41,0.0,4.8,2,0.0,0.0,23.7
2026-04-06 22:00:00,23.8,41,0.0,5.7,4,0.0,0.0,22.9
2026-04-06 23:00:00,23.7,43,0.0,9.6,22,0.0,0.0,22.4
2026-04-07 00:00:00,23.6,46,0.0,10.1,100,0.0,0.0,22.4
2026-04-07 01:00:00,23.8,46,0.0,6.0,90,0.0,0.0,23.4
2026-04-07 02:00:00,23.0,47,0.0,8.0,0,0.0,0.0,22.1
2026-04-07 03:00:00,22.0,49,0.0,6.9,23,0.0,0.0,21.3
2026-04-07 04:00:00,21.2,57,0.0,4.9,19,0.0,0.0,21.2
2026-04-07 05:00:00,20.5,59,0.0,3.8,66,0.0,0.0,20.6
2026-04-07 06:00:00,20.8,57,0.0,9.6,70,5.0,0.0,20.0
2026-04-07 07:00:00,21.4,56,0.0,9.7,87,103.0,36.0,20.7
2026-04-07 08:00:00,24.0,47,0.0,7.8,100,300.0,172.0,23.4
2026-04-07 09:00:00,27.1,38,0.0,10.8,100,494.0,300.0,25.9
2026-04-07 10:00:00,28.8,32,0.0,13.8,100,546.0,251.0,26.9
2026-04-07 11:00:00,28.4,33,0.0,15.5,100,528.0,149.0,26.3
2026-04-07 12:00:00,28.4,35,0.2,14.7,100,643.0,251.0,27.2
2026-04-07 13:00:00,25.9,41,0.4,12.8,100,360.0,58.0,24.5
2026-04-07 14:00:00,25.6,43,0.2,0.8,100,225.0,15.0,26.0
2026-04-07 15:00:00,23.0,56,1.3,5.1,100,94.0,0.0,23.4
2026-04-07 16:00:00,21.7,69,0.8,0.8,100,81.0,1.0,23.5
2026-04-07 17:00:00,22.2,66,0.4,9.6,2,74.0,6.0,22.6
2026-04-07 18:00:00,21.1,72,0.0,9.3,6,76.0,26.0,21.7
2026-04-07 19:00:00,20.2,73,0.0,10.2,66,1.0,0.0,20.4
2026-04-07 20:00:00,19.7,71,0.2,11.2,100,0.0,0.0,19.5
2026-04-07 21:00:00,18.2,85,2.1,7.5,100,0.0,0.0,18.9
2026-04-07 22:00:00,18.1,88,1.9,7.7,100,0.0,0.0,19.0
2026-04-07 23:00:00,18.0,90,0.9,9.9,8,0.0,0.0,18.8
2026-04-08 00:00:00,17.7,90,0.0,6.4,100,0.0,0.0,18.9
2026-04-08 01:00:00,17.8,90,0.1,7.5,100,0.0,0.0,18.8
2026-04-08 02:00:00,17.0,89,0.6,11.9,100,0.0,0.0,17.0
2026-04-08 03:00:00,17.3,92,0.2,9.0,100,0.0,0.0,18.0
2026-04-08 04:00:00,17.2,93,0.0,2.3,15,0.0,0.0,18.9
2026-04-08 05:00:00,17.2,98,0.0,6.3,100,0.0,0.0,18.7
2026-04-08 06:00:00,17.1,91,0.9,8.1,100,4.0,0.0,17.7
2026-04-08 07:00:00,17.8,88,0.4,8.6,55,24.0,0.0,18.4
2026-04-08 08:00:00,18.5,86,0.2,5.1,30,149.0,28.0,19.9
2026-04-08 09:00:00,20.6,73,0.0,5.6,38,485.0,304.0,21.6
2026-04-08 10:00:00,22.0,64,0.1,4.8,15,645.0,431.0,23.5
2026-04-08 11:00:00,23.2,56,0.2,1.3,23,809.0,609.0,26.1
2026-04-08 12:00:00,24.4,55,0.0,1.3,36,767.0,524.0,27.2
2026-04-08 13:00:00,25.1,52,0.0,2.6,30,804.0,561.0,27.8
2026-04-08 14:00:00,25.5,48,0.0,4.6,19,717.0,464.0,27.1
2026-04-08 15:00:00,25.3,48,0.0,5.0,23,585.0,401.0,25.8
2026-04-08 16:00:00,25.2,48,0.2,5.4,39,434.0,282.0,25.5
2026-04-08 17:00:00,22.3,60,1.2,6.3,46,211.0,100.0,22.7
2026-04-08 18:00:00,21.8,66,0.0,6.7,1,62.0,15.0,22.6
2026-04-08 19:00:00,20.6,68,0.0,11.8,9,1.0,0.0,20.3
2026-04-08 20:00:00,19.8,68,0.0,10.9,3,0.0,0.0,19.4
2026-04-08 21:00:00,19.1,72,0.0,9.1,1,0.0,0.0,19.0
2026-04-08 22:00:00,18.7,75,0.0,9.3,0,0.0,0.0,18.7
2026-04-08 23:00:00,19.3,82,0.0,8.5,3,0.0,0.0,20.1
2026-04-09 00:00:00,18.8,80,0.0,8.9,5,0.0,0.0,19.3
2026-04-09 01:00:00,18.3,81,0.0,8.5,2,0.0,0.0,18.7
2026-04-09 02:00:00,17.7,84,0.0,8.9,0,0.0,0.0,18.1
2026-04-09 03:00:00,17.2,90,0.0,8.8,0,0.0,0.0,17.8
2026-04-09 04:00:00,16.8,94,0.0,6.7,4,0.0,0.0,17.8
2026-04-09 05:00:00,16.1,94,0.0,5.2,2,0.0,0.0,17.0
2026-04-09 06:00:00,16.9,93,0.0,5.9,16,6.0,0.0,18.0
2026-04-09 07:00:00,17.9,91,0.0,4.7,35,100.0,33.0,19.4
2026-04-09 08:00:00,19.5,84,0.0,4.5,10,266.0,126.0,21.2
2026-04-09 09:00:00,21.7,76,0.0,3.6,0,514.0,341.0,23.8
2026-04-09 10:00:00,23.8,67,0.0,2.5,0,701.0,517.0,27.1
2026-04-09 11:00:00,26.2,46,0.0,1.7,23,829.0,630.0,29.0
2026-04-09 12:00:00,27.5,35,0.0,6.4,27,777.0,526.0,28.1
2026-04-09 13:00:00,28.2,26,0.0,7.5,3,775.0,524.0,27.7
2026-04-09 14:00:00,28.7,25,0.0,8.9,3,729.0,514.0,27.5
2026-04-09 15:00:00,28.7,23,0.0,11.1,2,641.0,458.0,26.5
2026-04-09 16:00:00,28.2,23,0.0,12.4,1,483.0,330.0,25.2
2026-04-09 17:00:00,28.1,31,0.0,4.9,35,268.0,154.0,27.2
2026-04-09 18:00:00,25.8,51,0.0,3.1,15,71.0,23.0,26.9
2026-04-09 19:00:00,24.8,52,0.0,2.2,2,1.0,0.0,25.8
2026-04-09 20:00:00,24.0,54,0.0,2.1,2,0.0,0.0,25.0
2026-04-09 21:00:00,23.1,55,0.0,2.2,0,0.0,0.0,23.9
2026-04-09 22:00:00,22.3,49,0.0,11.9,0,0.0,0.0,20.8
2026-04-09 23:00:00,21.6,55,0.0,6.8,0,0.0,0.0,21.2
2026-04-10 00:00:00,20.0,63,0.0,5.4,2,0.0,0.0,20.1
2026-04-10 01:00:00,19.5,64,0.0,5.4,0,0.0,0.0,19.5
2026-04-10 02:00:00,19.0,66,0.0,5.6,0,0.0,0.0,19.0
2026-04-10 03:00:00,18.4,69,0.0,5.2,0,0.0,0.0,18.4
2026-04-10 04:00:00,17.8,69,0.0,6.1,1,0.0,0.0,17.6
2026-04-10 05:00:00,18.0,70,0.0,8.4,4,0.0,0.0,17.5
2026-04-10 06:00:00,18.2,69,0.0,9.5,0,7.0,1.0,17.5
2026-04-10 07:00:00,19.2,66,0.0,8.1,0,119.0,48.0,18.8
2026-04-10 08:00:00,21.1,59,0.0,9.4,0,322.0,194.0,20.6
2026-04-10 09:00:00,23.5,49,0.0,11.5,0,535.0,373.0,22.4
2026-04-10 10:00:00,25.5,40,0.0,14.7,0,717.0,532.0,24.5
2026-04-10 11:00:00,27.9,33,0.0,14.6,0,847.0,647.0,27.4
2026-04-10 12:00:00,29.4,28,0.0,16.5,0,907.0,701.0,28.6
2026-04-10 13:00:00,30.4,25,0.0,17.7,0,896.0,692.0,29.1
2026-04-10 14:00:00,31.0,22,0.0,18.6,0,816.0,621.0,28.8
2026-04-10 15:00:00,31.2,21,0.0,19.4,0,673.0,495.0,28.0
2026-04-10 16:00:00,31.0,20,0.0,19.9,0,482.0,329.0,26.9
2026-04-10 17:00:00,31.2,18,0.0,19.0,0,269.0,154.0,27.0
2026-04-10 18:00:00,29.9,20,0.0,15.3,0,80.0,28.0,26.3
2026-04-10 19:00:00,28.3,24,0.0,12.8,0,1.0,0.0,25.3
2026-04-10 20:00:00,26.9,28,0.0,13.6,0,0.0,0.0,24.1
2026-04-10 21:00:00,26.2,31,0.0,15.3,0,0.0,0.0,23.3
2026-04-10 22:00:00,25.7,32,0.0,14.6,0,0.0,0.0,23.0
2026-04-10 23:00:00,25.7,34,0.0,14.2,0,0.0,0.0,23.3
2026-04-11 00:00:00,25.1,37,0.0,13.2,0,0.0,0.0,22.9
2026-04-11 01:00:00,24.4,39,0.0,12.6,2,0.0,0.0,22.4
2026-04-11 02:00:00,23.8,41,0.0,12.2,2,0.0,0.0,22.0
2026-04-11 03:00:00,22.8,44,0.0,9.2,45,0.0,0.0,21.4
2026-04-11 04:00:00,22.2,46,0.0,9.4,32,0.0,0.0,20.8
2026-04-11 05:00:00,21.9,50,0.0,9.2,3,0.0,0.0,20.8
2026-04-11 06:00:00,21.7,52,0.0,9.6,1,8.0,1.0,20.7
2026-04-11 07:00:00,22.9,49,0.0,7.4,8,118.0,47.0,22.3
2026-04-11 08:00:00,25.0,43,0.0,8.7,0,312.0,183.0,24.2
2026-04-11 09:00:00,27.5,35,0.0,10.1,0,522.0,362.0,26.2
2026-04-11 10:00:00,29.4,30,0.0,11.3,28,704.0,522.0,28.6
2026-04-11 11:00:00,31.1,27,0.0,11.7,22,786.0,552.0,30.7
2026-04-11 12:00:00,32.6,23,0.0,11.9,100,831.0,548.0,32.1
2026-04-11 13:00:00,32.6,22,0.0,14.3,32,642.0,299.0,30.5
2026-04-11 14:00:00,32.9,21,0.0,13.9,95,685.0,422.0,30.9
2026-04-11 15:00:00,32.7,21,0.0,12.5,27,521.0,288.0,30.1
2026-04-11 16:00:00,32.4,21,0.0,14.2,37,447.0,280.0,29.6
2026-04-11 17:00:00,32.2,19,0.0,13.4,33,230.0,113.0,29.1
2026-04-11 18:00:00,30.8,23,0.0,9.1,52,73.0,22.0,28.8
2026-04-11 19:00:00,29.1,29,0.0,7.9,91,1.0,0.0,27.7
2026-04-11 20:00:00,28.3,31,0.0,7.3,6,0.0,0.0,27.0
2026-04-11 21:00:00,27.4,33,0.0,5.2,12,0.0,0.0,26.4
2026-04-11 22:00:00,26.8,33,0.0,4.4,12,0.0,0.0,25.9
2026-04-11 23:00:00,27.7,34,0.0,8.6,48,0.0,0.0,26.5
2026-04-12 00:00:00,26.2,38,0.0,9.1,18,0.0,0.0,25.0
2026-04-12 01:00:00,25.3,40,0.0,8.6,34,0.0,0.0,24.2
2026-04-12 02:00:00,24.6,41,0.0,4.0,49,0.0,0.0,24.1
2026-04-12 03:00:00,24.2,44,0.0,2.1,4,0.0,0.0,24.2
2026-04-12 04:00:00,23.4,44,0.0,3.1,2,0.0,0.0,23.1
2026-04-12 05:00:00,23.0,53,0.0,3.0,0,0.0,0.0,23.4
2026-04-12 06:00:00,23.2,52,0.0,6.2,0,9.0,1.0,23.2
2026-04-12 07:00:00,24.2,50,0.0,7.3,0,125.0,51.0,24.1
2026-04-12 08:00:00,26.2,42,0.0,6.9,0,327.0,199.0,25.9
2026-04-12 09:00:00,28.6,35,0.0,8.9,0,537.0,375.0,27.8
2026-04-12 10:00:00,30.7,27,0.0,11.5,0,718.0,532.0,29.8
2026-04-12 11:00:00,32.2,23,0.0,12.1,0,847.0,647.0,31.7
2026-04-12 12:00:00,33.2,21,0.0,12.0,0,907.0,701.0,33.0
2026-04-12 13:00:00,33.9,20,0.0,12.8,0,898.0,693.0,33.3
2026-04-12 14:00:00,34.2,18,0.0,14.1,0,818.0,622.0,32.6
2026-04-12 15:00:00,34.0,17,0.0,14.9,0,676.0,497.0,31.4
2026-04-12 16:00:00,33.6,16,0.0,15.8,0,486.0,332.0,29.9
2026-04-12 17:00:00,33.6,16,0.0,16.2,0,273.0,156.0,29.9
2026-04-12 18:00:00,32.5,16,0.0,12.6,0,82.0,28.0,29.2
2026-04-12 19:00:00,30.9,18,0.0,9.4,0,1.0,0.0,28.1
2026-04-12 20:00:00,29.4,21,0.0,8.6,0,0.0,0.0,26.9
2026-04-12 21:00:00,28.0,24,0.0,6.8,0,0.0,0.0,26.0
2026-04-12 22:00:00,26.5,28,0.0,5.6,0,0.0,0.0,24.8
2026-04-12 23:00:00,26.4,30,0.0,7.8,0,0.0,0.0,24.5
2026-04-13 00:00:00,25.4,32,0.0,6.5,0,0.0,0.0,23.8
2026-04-13 01:00:00,24.8,33,0.0,6.7,1,0.0,0.0,23.2
2026-04-13 02:00:00,23.9,36,0.0,6.1,18,0.0,0.0,22.4
2026-04-13 03:00:00,23.2,37,0.0,6.2,0,0.0,0.0,21.7
2026-04-13 04:00:00,22.5,39,0.0,5.7,3,0.0,0.0,21.1
2026-04-13 05:00:00,21.9,55,0.0,5.5,0,0.0,0.0,21.8
2026-04-13 06:00:00,21.8,52,0.0,4.8,5,10.0,1.0,21.6
2026-04-13 07:00:00,23.5,46,0.0,5.8,0,127.0,52.0,23.0
2026-04-13 08:00:00,25.5,40,0.0,6.8,0,332.0,203.0,24.7
2026-04-13 09:00:00,27.7,34,0.0,7.1,0,545.0,382.0,26.8
2026-04-13 10:00:00,30.0,26,0.0,9.2,0,726.0,539.0,29.2
2026-04-13 11:00:00,31.9,23,0.0,11.6,0,854.0,653.0,31.3
2026-04-13 12:00:00,33.3,19,0.0,13.2,0,916.0,708.0,32.5
2026-04-13 13:00:00,34.0,17,0.0,14.9,16,906.0,699.0,32.6
2026-04-13 14:00:00,34.4,16,0.0,14.8,27,826.0,627.0,32.4
2026-04-13 15:00:00,34.5,15,0.0,14.2,0,682.0,498.0,31.8
2026-04-13 16:00:00,34.1,15,0.0,14.7,0,492.0,335.0,30.5
2026-04-13 17:00:00,34.6,13,0.0,14.9,0,276.0,158.0,30.7
2026-04-13 18:00:00,33.2,15,0.0,10.9,20,84.0,29.0,30.0
2026-04-13 19:00:00,31.4,18,0.0,7.9,100,2.0,0.0,28.8
2026-04-13 20:00:00,30.4,19,0.0,7.7,100,0.0,0.0,27.8
2026-04-13 21:00:00,29.6,20,0.0,9.3,86,0.0,0.0,26.8
2026-04-13 22:00:00,28.8,19,0.0,9.2,48,0.0,0.0,25.8
2026-04-13 23:00:00,27.0,25,0.0,5.8,17,0.0,0.0,25.0
2026-04-14 00:00:00,25.7,29,0.0,5.3,4,0.0,0.0,23.9
2026-04-14 01:00:00,25.0,32,0.0,5.7,0,0.0,0.0,23.5
2026-04-14 02:00:00,23.9,39,0.0,5.0,0,0.0,0.0,22.9
2026-04-14 03:00:00,23.3,43,0.0,4.0,0,0.0,0.0,22.7
2026-04-14 04:00:00,23.0,44,0.0,3.8,0,0.0,0.0,22.5
2026-04-14 05:00:00,23.0,48,0.0,3.6,0,0.0,0.0,22.8
2026-04-14 06:00:00,23.3,47,0.0,2.2,0,10.0,1.0,23.4
2026-04-14 07:00:00,25.7,39,0.0,5.6,2,128.0,53.0,25.1
2026-04-14 08:00:00,28.4,32,0.0,4.2,0,328.0,198.0,27.8
2026-04-14 09:00:00,31.2,25,0.0,5.0,0,537.0,373.0,30.1
2026-04-14 10:00:00,33.8,18,0.0,5.2,0,716.0,528.0,33.0
2026-04-14 11:00:00,35.3,14,0.0,7.8,0,842.0,640.0,34.5
2026-04-14 12:00:00,36.7,13,0.0,9.2,0,904.0,695.0,36.0
2026-04-14 13:00:00,37.3,13,0.0,11.2,0,893.0,686.0,36.3
2026-04-14 14:00:00,37.5,13,0.0,12.1,3,812.0,614.0,35.9
2026-04-14 15:00:00,37.4,13,0.0,12.4,23,671.0,490.0,34.9
2026-04-14 16:00:00,36.8,14,0.0,12.6,6,449.0,284.0,33.6
2026-04-14 17:00:00,36.6,13,0.0,12.3,6,258.0,141.0,33.3
2026-04-14 18:00:00,35.0,15,0.0,8.6,13,82.0,27.0,32.5
2026-04-14 19:00:00,33.6,18,0.0,6.1,16,2.0,0.0,31.7
2026-04-14 20:00:00,32.8,19,0.0,5.3,27,0.0,0.0,30.9
2026-04-14 21:00:00,32.4,19,0.0,10.0,9,0.0,0.0,29.8
2026-04-14 22:00:00,30.2,21,0.0,7.0,2,0.0,0.0,28.0
2026-04-14 23:00:00,28.9,26,0.0,5.2,29,0.0,0.0,27.4
2026-04-15 00:00:00,27.5,28,0.0,4.1,33,0.0,0.0,26.3
2026-04-15 01:00:00,26.9,30,0.0,4.0,7,0.0,0.0,25.7
2026-04-15 02:00:00,26.0,31,0.0,4.3,0,0.0,0.0,24.7
2026-04-15 03:00:00,25.1,33,0.0,5.2,0,0.0,0.0,23.7
2026-04-15 04:00:00,24.2,35,0.0,5.0,0,0.0,0.0,22.8
2026-04-15 05:00:00,24.0,43,0.0,3.8,0,0.0,0.0,23.6
2026-04-15 06:00:00,23.7,43,0.0,3.9,0,11.0,2.0,23.2
2026-04-15 07:00:00,26.0,36,0.0,5.9,0,134.0,56.0,25.1
2026-04-15 08:00:00,28.8,30,0.0,4.3,0,339.0,208.0,28.0
2026-04-15 09:00:00,32.0,23,0.0,5.7,0,552.0,386.0,30.7
2026-04-15 10:00:00,34.9,17,0.0,7.5,0,731.0,542.0,33.9
2026-04-15 11:00:00,36.6,13,0.0,11.1,0,858.0,655.0,35.2
2026-04-15 12:00:00,38.0,11,0.0,11.9,0,920.0,711.0,36.6
2026-04-15 13:00:00,38.6,10,0.0,13.1,20,910.0,701.0,36.7
2026-04-15 14:00:00,38.7,10,0.0,14.1,2,829.0,629.0,36.2
2026-04-15 15:00:00,38.4,10,0.0,14.6,10,684.0,501.0,35.0
2026-04-15 16:00:00,37.8,10,0.0,14.3,34,492.0,335.0,33.8
2026-04-15 17:00:00,37.5,11,0.0,14.7,0,277.0,159.0,33.4
2026-04-15 18:00:00,36.2,12,0.0,12.6,0,86.0,30.0,32.6
2026-04-15 19:00:00,34.8,13,0.0,10.5,0,2.0,0.0,31.6
2026-04-15 20:00:00,33.9,14,0.0,7.5,0,0.0,0.0,31.1
2026-04-15 21:00:00,32.5,16,0.0,6.6,0,0.0,0.0,30.0
2026-04-15 22:00:00,30.5,20,0.0,5.0,0,0.0,0.0,28.4
2026-04-15 23:00:00,29.2,24,0.0,5.6,0,0.0,0.0,27.4
2026-04-16 00:00:00,28.5,25,0.0,2.4,7,0.0,0.0,27.3
2026-04-16 01:00:00,27.6,27,0.0,2.8,10,0.0,0.0,26.4
2026-04-16 02:00:00,26.9,29,0.0,2.5,0,0.0,0.0,25.8
2026-04-16 03:00:00,26.4,31,0.0,2.6,12,0.0,0.0,25.5
2026-04-16 04:00:00,26.2,32,0.0,1.8,58,0.0,0.0,25.4
2026-04-16 05:00:00,26.7,41,0.0,0.6,0,0.0,0.0,27.3
2026-04-16 06:00:00,26.7,37,0.0,0.7,0,12.0,2.0,26.8
2026-04-16 07:00:00,28.7,31,0.0,1.5,0,136.0,57.0,28.5
2026-04-16 08:00:00,31.2,26,0.0,0.6,1,339.0,207.0,30.9
2026-04-16 09:00:00,33.9,21,0.0,0.9,36,548.0,382.0,33.2
2026-04-16 10:00:00,35.9,17,0.0,3.0,33,725.0,534.0,35.8
2026-04-16 11:00:00,37.4,14,0.0,4.8,67,847.0,639.0,37.5
2026-04-16 12:00:00,39.4,10,0.0,8.4,85,908.0,688.0,38.6
2026-04-16 13:00:00,39.9,9,0.0,11.4,13,901.0,686.0,38.3
2026-04-16 14:00:00,39.8,10,0.0,12.2,24,824.0,621.0,37.8
2026-04-16 15:00:00,39.8,10,0.0,13.1,100,677.0,493.0,37.0
2026-04-16 16:00:00,38.9,11,0.0,14.3,100,437.0,236.0,35.3
2026-04-16 17:00:00,38.9,10,0.0,12.2,100,241.0,93.0,35.4
2026-04-16 18:00:00,37.6,12,0.0,9.3,100,76.0,13.0,34.7
2026-04-16 19:00:00,35.6,15,0.0,4.7,99,2.0,0.0,33.7
2026-04-16 20:00:00,34.0,18,0.0,8.4,77,0.0,0.0,31.9
2026-04-16 21:00:00,32.3,23,0.0,5.9,98,0.0,0.0,31.0
2026-04-16 22:00:00,30.2,29,0.0,3.7,100,0.0,0.0,29.7
2026-04-16 23:00:00,30.6,27,0.0,5.9,98,0.0,0.0,29.6
2026-04-17 00:00:00,29.4,28,0.0,5.8,100,0.0,0.0,28.2
2026-04-17 01:00:00,28.4,29,0.0,4.8,100,0.0,0.0,27.4
2026-04-17 02:00:00,28.1,31,0.0,3.1,83,0.0,0.0,27.5
2026-04-17 03:00:00,27.7,31,0.0,4.0,82,0.0,0.0,26.8
2026-04-17 04:00:00,26.9,32,0.0,2.7,98,0.0,0.0,26.2
2026-04-17 05:00:00,26.3,36,0.0,6.7,95,0.0,0.0,25.4
2026-04-17 06:00:00,27.9,31,0.0,5.0,99,12.0,1.0,27.0
2026-04-17 07:00:00,29.9,27,0.0,9.2,100,104.0,30.0,28.3
2026-04-17 08:00:00,33.1,22,0.0,6.8,100,298.0,138.0,31.8
2026-04-17 09:00:00,35.4,18,0.0,7.8,100,404.0,168.0,33.6
2026-04-17 10:00:00,37.1,16,0.0,9.2,100,550.0,238.0,34.9
2026-04-17 11:00:00,39.3,13,0.0,7.3,100,533.0,184.0,37.0
2026-04-17 12:00:00,38.8,12,0.0,8.9,98,575.0,199.0,36.2
2026-04-17 13:00:00,39.8,12,0.0,8.8,55,732.0,440.0,38.2
2026-04-17 14:00:00,40.2,11,0.0,11.2,67,731.0,457.0,38.2
2026-04-17 15:00:00,39.1,13,0.0,14.8,98,508.0,251.0,35.8
2026-04-17 16:00:00,38.3,15,0.0,14.4,44,343.0,117.0,35.5
2026-04-17 17:00:00,33.6,27,0.0,6.6,28,220.0,89.0,33.2
2026-04-17 18:00:00,32.8,28,0.0,12.9,30,78.0,21.0,31.5
2026-04-17 19:00:00,31.4,30,0.0,9.3,13,2.0,0.0,30.5
2026-04-17 20:00:00,30.5,30,0.0,8.4,38,0.0,0.0,29.6
2026-04-17 21:00:00,29.7,32,0.0,6.9,5,0.0,0.0,29.0
2026-04-17 22:00:00,29.1,32,0.0,5.0,0,0.0,0.0,28.5
2026-04-17 23:00:00,28.5,38,0.0,5.2,0,0.0,0.0,28.6
2026-04-18 00:00:00,27.7,39,0.0,5.7,1,0.0,0.0,27.6
2026-04-18 01:00:00,26.7,44,0.0,2.5,61,0.0,0.0,27.4
2026-04-18 02:00:00,26.8,43,0.0,0.9,32,0.0,0.0,27.6
2026-04-18 03:00:00,26.2,42,0.0,5.7,96,0.0,0.0,26.0
2026-04-18 04:00:00,25.2,45,0.0,4.8,31,0.0,0.0,25.2
2026-04-18 05:00:00,25.3,52,0.0,5.8,16,0.0,0.0,26.0
2026-04-18 06:00:00,25.0,55,0.0,5.7,38,13.0,2.0,25.9
2026-04-18 07:00:00,26.2,52,0.0,4.6,19,134.0,54.0,27.4
2026-04-18 08:00:00,29.0,44,0.0,4.3,2,332.0,197.0,30.1
2026-04-18 09:00:00,32.1,34,0.0,5.1,16,537.0,369.0,32.7
2026-04-18 10:00:00,34.9,27,0.0,5.7,44,712.0,520.0,36.0
2026-04-18 11:00:00,36.8,22,0.0,7.3,8,836.0,627.0,37.8
2026-04-18 12:00:00,39.0,16,0.0,9.9,0,898.0,685.0,39.2
2026-04-18 13:00:00,39.8,14,0.0,10.6,1,890.0,677.0,39.6
2026-04-18 14:00:00,40.2,13,0.0,11.4,3,811.0,607.0,39.0
2026-04-18 15:00:00,40.0,13,0.0,11.4,3,669.0,482.0,37.9
2026-04-18 16:00:00,39.5,15,0.0,10.3,13,482.0,322.0,37.3
2026-04-18 17:00:00,39.0,13,0.0,7.5,7,271.0,151.0,36.8
2026-04-18 18:00:00,37.9,13,0.0,6.8,98,87.0,29.0,35.7
2026-04-18 19:00:00,35.8,15,0.0,5.0,100,2.0,0.0,33.9
2026-04-18 20:00:00,34.5,18,0.0,4.8,98,0.0,0.0,32.9
2026-04-18 21:00:00,33.3,21,0.0,4.2,98,0.0,0.0,32.0
2026-04-18 22:00:00,32.4,22,0.0,4.0,86,0.0,0.0,31.2
2026-04-18 23:00:00,32.5,23,0.0,2.8,91,0.0,0.0,31.7
2026-04-19 00:00:00,30.5,25,0.0,5.0,100,0.0,0.0,29.3
2026-04-19 01:00:00,29.5,26,0.0,4.7,88,0.0,0.0,28.3
2026-04-19 02:00:00,28.5,28,0.0,5.2,48,0.0,0.0,27.3
2026-04-19 03:00:00,27.4,31,0.0,5.2,95,0.0,0.0,26.2
2026-04-19 04:00:00,26.3,34,0.0,4.5,100,0.0,0.0,25.4
2026-04-19 05:00:00,26.0,43,0.0,5.5,99,0.0,0.0,25.9
2026-04-19 06:00:00,26.6,42,0.0,5.7,100,14.0,1.0,26.6
2026-04-19 07:00:00,28.2,38,0.0,4.9,100,104.0,12.0,28.3
2026-04-19 08:00:00,31.4,31,0.0,4.7,70,286.0,110.0,31.4
2026-04-19 09:00:00,34.3,26,0.0,6.3,82,525.0,326.0,33.9
2026-04-19 10:00:00,36.8,22,0.0,6.1,81,710.0,498.0,37.3
2026-04-19 11:00:00,39.1,14,0.0,9.8,68,814.0,560.0,38.4
2026-04-19 12:00:00,40.1,12,0.0,11.2,90,863.0,616.0,39.2
2026-04-19 13:00:00,39.2,12,0.0,18.1,98,696.0,385.0,36.0
2026-04-19 14:00:00,39.5,11,0.0,11.8,95,592.0,273.0,36.6
2026-04-19 15:00:00,39.8,11,0.0,10.4,98,629.0,402.0,37.3
2026-04-19 16:00:00,38.7,12,0.0,13.2,99,426.0,210.0,35.5
2026-04-19 17:00:00,38.6,11,0.0,13.7,15,223.0,67.0,34.9
2026-04-19 18:00:00,37.5,12,0.0,9.3,7,81.0,24.0,34.5
2026-04-19 19:00:00,35.5,14,0.0,4.9,0,2.0,0.0,33.3
2026-04-19 20:00:00,34.1,16,0.0,4.5,0,0.0,0.0,32.2
2026-04-19 21:00:00,33.8,16,0.0,8.2,0,0.0,0.0,31.2
2026-04-19 22:00:00,32.7,17,0.0,11.2,0,0.0,0.0,29.7
2026-04-19 23:00:00,31.1,22,0.0,8.5,0,0.0,0.0,29.1
2026-04-20 00:00:00,30.2,25,0.0,7.2,0,0.0,0.0,28.5
2026-04-20 01:00:00,29.2,27,0.0,7.0,0,0.0,0.0,27.7
2026-04-20 02:00:00,28.1,30,0.0,5.3,0,0.0,0.0,26.9
2026-04-20 03:00:00,27.5,31,0.0,5.4,0,0.0,0.0,26.4
2026-04-20 04:00:00,26.7,33,0.0,5.2,0,0.0,0.0,25.8
2026-04-20 05:00:00,26.8,41,0.0,7.3,0,0.0,0.0,26.4
2026-04-20 06:00:00,27.0,42,0.0,8.0,0,15.0,2.0,26.7
2026-04-20 07:00:00,28.3,39,0.0,6.2,0,141.0,57.0,28.3
2026-04-20 08:00:00,30.4,35,0.0,6.0,0,340.0,202.0,30.5
2026-04-20 09:00:00,33.5,28,0.0,6.5,0,546.0,373.0,33.3
2026-04-20 10:00:00,36.4,19,0.0,9.8,0,721.0,524.0,35.7
2026-04-20 11:00:00,38.0,15,0.0,10.7,6,845.0,633.0,37.3
2026-04-20 12:00:00,39.2,13,0.0,11.9,12,870.0,644.0,38.0
2026-04-20 13:00:00,39.6,11,0.0,15.6,46,861.0,629.0,37.3
2026-04-20 14:00:00,38.9,11,0.0,16.1,19,653.0,378.0,35.3
2026-04-20 15:00:00,38.9,10,0.0,15.9,15,643.0,442.0,35.3
2026-04-20 16:00:00,38.4,11,0.0,15.5,1,476.0,309.0,34.5
2026-04-20 17:00:00,37.8,12,0.0,16.5,1,273.0,150.0,33.9
2026-04-20 18:00:00,36.5,14,0.0,14.2,0,88.0,28.0,33.0
2026-04-20 19:00:00,34.8,15,0.0,12.2,0,3.0,0.0,31.6
2026-04-20 20:00:00,33.4,15,0.0,9.5,0,0.0,0.0,30.4
2026-04-20 21:00:00,31.9,16,0.0,8.0,0,0.0,0.0,29.0
2026-04-20 22:00:00,30.8,17,0.0,7.6,9,0.0,0.0,28.0
2026-04-20 23:00:00,30.1,17,0.0,7.4,100,0.0,0.0,27.3
2026-04-21 00:00:00,29.9,15,0.0,9.4,17,0.0,0.0,26.4
2026-04-21 01:00:00,28.8,16,0.0,6.9,0,0.0,0.0,25.7
2026-04-21 02:00:00,27.3,18,0.0,5.7,0,0.0,0.0,24.5
2026-04-21 03:00:00,26.7,19,0.0,5.6,0,0.0,0.0,23.9
2026-04-21 04:00:00,26.0,21,0.0,5.3,0,0.0,0.0,23.3
2026-04-21 05:00:00,26.2,26,0.0,5.4,0,0.0,0.0,24.2
2026-04-21 06:00:00,26.4,25,0.0,5.1,0,16.0,2.0,24.3
2026-04-21 07:00:00,27.9,24,0.0,7.9,0,144.0,59.0,25.6
2026-04-21 08:00:00,30.4,21,0.0,7.6,0,344.0,204.0,28.2
2026-04-21 09:00:00,33.1,19,0.0,7.9,0,550.0,374.0,31.0
2026-04-21 10:00:00,35.5,17,0.0,10.3,0,726.0,526.0,34.2
2026-04-21 11:00:00,37.3,14,0.0,15.9,0,851.0,635.0,35.3
2026-04-21 12:00:00,38.3,13,0.0,18.4,0,911.0,688.0,36.1
2026-04-21 13:00:00,38.6,13,0.0,18.9,0,898.0,676.0,36.3
2026-04-21 14:00:00,38.6,13,0.0,18.8,0,815.0,604.0,36.0
2026-04-21 15:00:00,38.4,13,0.0,18.8,0,672.0,479.0,35.1
2026-04-21 16:00:00,38.0,13,0.0,18.6,0,483.0,318.0,34.1
2026-04-21 17:00:00,37.5,14,0.0,17.0,2,274.0,150.0,33.8
2026-04-21 18:00:00,36.6,15,0.0,16.0,39,89.0,29.0,33.1
2026-04-21 19:00:00,35.2,16,0.0,12.6,4,3.0,0.0,32.2
2026-04-21 20:00:00,34.0,18,0.0,10.3,0,0.0,0.0,31.5
2026-04-21 21:00:00,33.0,20,0.0,9.5,0,0.0,0.0,30.8
2026-04-21 22:00:00,32.3,21,0.0,6.8,0,0.0,0.0,30.6
2026-04-21 23:00:00,31.7,23,0.0,8.2,1,0.0,0.0,29.9
2026-04-22 00:00:00,29.4,28,0.0,4.8,5,0.0,0.0,28.5
2026-04-22 01:00:00,28.5,31,0.0,4.2,51,0.0,0.0,27.8
2026-04-22 02:00:00,28.3,30,0.0,4.6,94,0.0,0.0,27.4
2026-04-22 03:00:00,27.9,31,0.0,4.2,85,0.0,0.0,27.0
2026-04-22 04:00:00,27.2,30,0.0,5.6,27,0.0,0.0,25.9
2026-04-22 05:00:00,26.0,36,0.0,7.5,1,0.0,0.0,24.8
2026-04-22 06:00:00,26.1,36,0.0,6.9,0,17.0,3.0,25.0
2026-04-22 07:00:00,27.5,34,0.0,8.0,0,147.0,60.0,26.4
2026-04-22 08:00:00,30.1,29,0.0,8.9,0,348.0,206.0,28.7
2026-04-22 09:00:00,33.7,21,0.0,10.2,0,553.0,375.0,31.9
2026-04-22 10:00:00,36.4,17,0.0,12.3,0,727.0,525.0,35.0
2026-04-22 11:00:00,38.1,14,0.0,14.6,0,850.0,632.0,36.5
2026-04-22 12:00:00,39.4,12,0.0,16.4,0,910.0,685.0,37.7
2026-04-22 13:00:00,40.0,11,0.0,16.7,0,899.0,675.0,38.0
2026-04-22 14:00:00,40.3,11,0.0,16.3,0,819.0,605.0,37.9
2026-04-22 15:00:00,40.3,11,0.0,15.9,0,677.0,482.0,37.1
2026-04-22 16:00:00,39.8,11,0.0,15.9,0,488.0,320.0,35.9
2026-04-22 17:00:00,39.5,12,0.0,14.3,0,278.0,151.0,36.1
2026-04-22 18:00:00,38.1,13,0.0,8.6,0,91.0,29.0,35.6
2026-04-22 19:00:00,36.2,15,0.0,7.3,0,3.0,0.0,34.0
2026-04-22 20:00:00,34.7,17,0.0,6.5,0,0.0,0.0,32.7
2026-04-22 21:00:00,33.8,18,0.0,6.6,0,0.0,0.0,31.8
2026-04-22 22:00:00,32.1,21,0.0,4.5,0,0.0,0.0,30.5
2026-04-22 23:00:00,31.5,22,0.0,7.2,0,0.0,0.0,29.6
2026-04-23 00:00:00,30.1,25,0.0,5.9,0,0.0,0.0,28.6
2026-04-23 01:00:00,29.1,26,0.0,6.5,0,0.0,0.0,27.6
2026-04-23 02:00:00,28.4,27,0.0,7.2,0,0.0,0.0,26.8
2026-04-23 03:00:00,27.9,27,0.0,9.7,0,0.0,0.0,25.7
2026-04-23 04:00:00,28.0,25,0.0,9.9,0,0.0,0.0,25.5
2026-04-23 05:00:00,28.2,22,0.0,11.8,0,0.0,0.0,25.1
2026-04-23 06:00:00,28.3,20,0.0,11.7,0,18.0,3.0,25.0
2026-04-23 07:00:00,29.5,18,0.0,10.0,0,146.0,59.0,26.3
2026-04-23 08:00:00,31.7,16,0.0,10.4,0,346.0,202.0,28.5
2026-04-23 09:00:00,34.1,15,0.0,11.0,0,551.0,371.0,31.0
2026-04-23 10:00:00,36.5,14,0.0,11.0,0,726.0,520.0,34.6
2026-04-23 11:00:00,38.5,13,0.0,12.6,0,848.0,627.0,37.1
2026-04-23 12:00:00,40.0,12,0.0,11.6,0,904.0,676.0,39.1
2026-04-23 13:00:00,40.9,11,0.0,9.0,0,891.0,665.0,40.3
2026-04-23 14:00:00,41.2,11,0.0,8.3,0,810.0,594.0,40.2
2026-04-23 15:00:00,41.0,11,0.0,9.6,0,669.0,472.0,39.0
2026-04-23 16:00:00,40.4,11,0.0,10.7,0,481.0,313.0,37.5
2026-04-23 17:00:00,39.4,12,0.0,10.4,0,274.0,147.0,36.7
2026-04-23 18:00:00,38.3,14,0.0,8.3,0,90.0,28.0,36.0
2026-04-23 19:00:00,36.8,16,0.0,6.3,0,3.0,0.0,35.0
2026-04-23 20:00:00,35.1,18,0.0,6.1,0,0.0,0.0,33.5
2026-04-23 21:00:00,33.5,21,0.0,8.0,0,0.0,0.0,31.9
2026-04-23 22:00:00,32.5,21,0.0,5.3,0,0.0,0.0,31.0
2026-04-23 23:00:00,31.5,26,0.0,5.2,0,0.0,0.0,30.5
2026-04-24 00:00:00,30.3,27,0.0,4.4,0,0.0,0.0,29.5
2026-04-24 01:00:00,29.2,33,0.0,3.4,0,0.0,0.0,29.1
2026-04-24 02:00:00,29.3,29,0.0,8.0,0,0.0,0.0,27.9
2026-04-24 03:00:00,28.5,30,0.0,5.9,0,0.0,0.0,27.4
2026-04-24 04:00:00,28.3,30,0.0,7.7,0,0.0,0.0,26.9
2026-04-24 05:00:00,27.5,39,0.0,4.3,0,0.0,0.0,27.5
2026-04-24 06:00:00,28.4,31,0.0,7.4,0,19.0,3.0,27.2
2026-04-24 07:00:00,29.7,29,0.0,7.2,0,146.0,58.0,28.6
2026-04-24 08:00:00,31.9,27,0.0,6.1,0,343.0,199.0,31.1
2026-04-24 09:00:00,34.9,24,0.0,6.7,0,544.0,364.0,34.3
2026-04-24 10:00:00,37.7,20,0.0,5.9,10,715.0,509.0,38.0
2026-04-24 11:00:00,39.6,16,0.0,5.0,0,836.0,614.0,40.3
2026-04-24 12:00:00,41.4,13,0.0,7.8,12,895.0,667.0,41.7
2026-04-24 13:00:00,42.0,13,0.0,9.4,52,862.0,620.0,41.8
2026-04-24 14:00:00,41.6,13,0.0,10.3,74,614.0,346.0,39.8
2026-04-24 15:00:00,41.7,13,0.0,11.0,88,568.0,328.0,39.4
2026-04-24 16:00:00,41.2,13,0.0,12.6,70,438.0,241.0,38.6
2026-04-24 17:00:00,41.1,10,0.0,9.2,94,247.0,111.0,38.3
2026-04-24 18:00:00,39.5,12,0.0,7.5,64,81.0,14.0,37.3
2026-04-24 19:00:00,36.6,21,0.0,3.5,1,4.0,0.0,36.2
2026-04-24 20:00:00,36.0,23,0.0,1.1,0,0.0,0.0,36.2
2026-04-24 21:00:00,34.4,25,0.0,3.6,0,0.0,0.0,34.3
2026-04-24 22:00:00,33.5,21,0.0,7.0,0,0.0,0.0,32.0
2026-04-24 23:00:00,32.5,29,0.0,3.5,0,0.0,0.0,32.7
2026-04-25 00:00:00,31.8,32,0.0,4.7,0,0.0,0.0,32.0
2026-04-25 01:00:00,31.0,30,0.0,5.8,0,0.0,0.0,30.6
2026-04-25 02:00:00,30.2,29,0.0,5.5,0,0.0,0.0,29.4
2026-04-25 03:00:00,29.5,31,0.0,5.3,34,0.0,0.0,28.8
2026-04-25 04:00:00,29.1,33,0.0,5.0,0,0.0,0.0,28.7
2026-04-25 05:00:00,29.1,41,0.0,3.4,0,0.0,0.0,30.0
2026-04-25 06:00:00,29.9,37,0.0,3.9,0,19.0,3.0,30.5
2026-04-25 07:00:00,31.1,33,0.0,8.5,0,147.0,58.0,30.7
2026-04-25 08:00:00,32.9,30,0.0,7.7,0,341.0,197.0,32.7
2026-04-25 09:00:00,35.9,25,0.0,6.8,0,542.0,360.0,35.7
2026-04-25 10:00:00,38.9,20,0.0,8.1,0,713.0,506.0,39.2
2026-04-25 11:00:00,40.8,14,0.0,10.4,20,834.0,610.0,40.5
2026-04-25 12:00:00,41.9,13,0.0,11.7,29,803.0,549.0,40.9
2026-04-25 13:00:00,42.3,12,0.0,14.2,80,695.0,446.0,40.2
2026-04-25 14:00:00,42.1,13,0.0,15.4,95,566.0,309.0,39.2
2026-04-25 15:00:00,41.7,12,0.0,17.9,94,512.0,252.0,38.3
2026-04-25 16:00:00,41.5,13,0.0,17.8,99,379.0,190.0,38.3
2026-04-25 17:00:00,41.1,13,0.0,16.1,98,182.0,53.0,37.9
2026-04-25 18:00:00,39.4,14,0.0,14.4,100,64.0,4.0,36.6
2026-04-25 19:00:00,37.9,16,0.0,11.0,84,4.0,0.0,35.5
2026-04-25 20:00:00,36.6,17,0.0,10.7,9,0.0,0.0,34.4
2026-04-25 21:00:00,35.1,19,0.0,7.6,30,0.0,0.0,33.5
2026-04-25 22:00:00,33.7,22,0.0,5.7,99,0.0,0.0,32.5
2026-04-25 23:00:00,33.3,25,0.0,5.7,100,0.0,0.0,32.6
2026-04-26 00:00:00,32.7,26,0.0,5.6,88,0.0,0.0,32.1
2026-04-26 01:00:00,31.9,29,0.0,5.5,43,0.0,0.0,31.6
2026-04-26 02:00:00,31.1,31,0.0,5.0,0,0.0,0.0,31.0
2026-04-26 03:00:00,30.4,32,0.0,5.5,0,0.0,0.0,30.1
2026-04-26 04:00:00,29.6,33,0.0,6.2,0,0.0,0.0,29.1
2026-04-26 05:00:00,28.8,38,0.0,5.7,0,0.0,0.0,28.9
2026-04-26 06:00:00,29.3,36,0.0,6.8,0,20.0,3.0,29.2
2026-04-26 07:00:00,30.6,34,0.0,6.9,0,146.0,57.0,30.5
2026-04-26 08:00:00,33.2,30,0.0,6.4,0,339.0,194.0,33.2
2026-04-26 09:00:00,36.0,26,0.0,7.3,0,537.0,354.0,36.0
2026-04-26 10:00:00,38.3,21,0.0,9.7,0,706.0,498.0,38.5
2026-04-26 11:00:00,40.0,19,0.0,12.0,10,825.0,601.0,40.4
2026-04-26 12:00:00,41.0,17,0.0,14.5,46,847.0,602.0,40.9
2026-04-26 13:00:00,41.6,16,0.0,15.5,59,784.0,525.0,40.8
2026-04-26 14:00:00,41.2,15,0.0,16.3,78,642.0,392.0,39.2
2026-04-26 15:00:00,40.0,16,0.0,20.7,100,418.0,185.0,36.8
2026-04-26 16:00:00,39.5,17,0.0,17.6,95,265.0,66.0,36.8
2026-04-26 17:00:00,40.5,15,0.0,15.8,91,210.0,76.0,37.8
2026-04-26 18:00:00,39.2,16,0.0,12.0,52,84.0,20.0,37.0
2026-04-26 19:00:00,37.5,17,0.0,9.3,99,4.0,0.0,35.7
2026-04-26 20:00:00,36.5,18,0.0,9.4,9,0.0,0.0,34.6
2026-04-26 21:00:00,35.4,19,0.0,7.7,1,0.0,0.0,33.8
2026-04-26 22:00:00,34.5,20,0.0,7.2,0,0.0,0.0,32.9
2026-04-26 23:00:00,33.4,23,0.0,6.4,0,0.0,0.0,32.3
2026-04-27 00:00:00,31.7,26,0.0,5.2,0,0.0,0.0,30.8
2026-04-27 01:00:00,30.7,33,0.0,3.3,4,0.0,0.0,31.0
2026-04-27 02:00:00,30.1,33,0.0,3.5,77,0.0,0.0,30.2
2026-04-27 03:00:00,29.2,33,0.0,4.5,100,0.0,0.0,28.9
2026-04-27 04:00:00,28.6,36,0.0,4.1,71,0.0,0.0,28.6
2026-04-27 05:00:00,29.0,36,0.0,4.8,100,0.0,0.0,29.0
2026-04-27 06:00:00,29.9,31,0.0,4.4,97,20.0,1.0,29.5
2026-04-27 07:00:00,31.7,27,0.0,4.6,40,147.0,52.0,31.1
2026-04-27 08:00:00,34.1,23,0.0,4.6,0,342.0,194.0,33.5
2026-04-27 09:00:00,36.6,19,0.0,5.9,0,541.0,356.0,35.5
2026-04-27 10:00:00,38.8,15,0.0,7.3,0,711.0,500.0,38.0
2026-04-27 11:00:00,39.9,15,0.0,9.0,0,830.0,603.0,39.7
2026-04-27 12:00:00,41.3,14,0.0,10.4,10,885.0,651.0,41.2
2026-04-27 13:00:00,42.1,14,0.0,12.9,8,870.0,637.0,41.7
2026-04-27 14:00:00,42.2,14,0.0,15.0,13,786.0,562.0,41.0
2026-04-27 15:00:00,41.8,14,0.0,18.3,45,624.0,417.0,39.0
2026-04-27 16:00:00,41.2,13,0.0,19.8,98,394.0,219.0,37.6
2026-04-27 17:00:00,40.6,12,0.0,14.2,77,228.0,109.0,37.4
2026-04-27 18:00:00,39.6,13,0.0,10.7,100,90.0,24.0,36.9
2026-04-27 19:00:00,38.3,14,0.0,11.0,100,4.0,0.0,35.7
2026-04-27 20:00:00,38.0,14,0.0,16.1,100,0.0,0.0,34.6
2026-04-27 21:00:00,33.6,26,0.0,21.6,100,0.0,0.0,30.9
2026-04-27 22:00:00,33.2,27,0.0,19.6,100,0.0,0.0,30.8
2026-04-27 23:00:00,32.6,28,0.0,13.8,100,0.0,0.0,31.0
2026-04-28 00:00:00,31.5,32,0.0,6.6,100,0.0,0.0,31.3
2026-04-28 01:00:00,31.0,33,0.0,7.7,99,0.0,0.0,30.8
2026-04-28 02:00:00,30.5,35,0.0,11.9,98,0.0,0.0,29.7
2026-04-28 03:00:00,30.3,35,0.0,12.4,98,0.0,0.0,29.5
2026-04-28 04:00:00,30.5,33,0.0,12.0,100,0.0,0.0,29.5
2026-04-28 05:00:00,29.7,39,0.0,7.7,90,0.0,0.0,29.9
2026-04-28 06:00:00,30.1,39,0.0,9.1,73,18.0,2.0,30.2
2026-04-28 07:00:00,30.7,38,0.0,8.9,22,119.0,33.0,31.0
2026-04-28 08:00:00,32.5,35,0.0,9.5,11,330.0,182.0,32.8
2026-04-28 09:00:00,34.5,31,0.0,8.6,15,530.0,341.0,34.8
2026-04-28 10:00:00,36.4,26,0.0,8.6,8,698.0,479.0,37.1
2026-04-28 11:00:00,37.0,25,0.0,9.7,5,822.0,594.0,38.3
2026-04-28 12:00:00,36.1,27,0.0,7.5,74,853.0,613.0,38.2
2026-04-28 13:00:00,36.6,26,0.0,3.7,70,703.0,426.0,38.3
2026-04-28 14:00:00,37.1,24,0.0,2.4,70,610.0,320.0,38.1
2026-04-28 15:00:00,36.4,24,0.0,5.2,97,452.0,220.0,36.5
2026-04-28 16:00:00,35.3,26,0.0,6.2,98,265.0,87.0,35.3
2026-04-28 17:00:00,35.9,25,0.0,4.6,87,174.0,46.0,36.0
2026-04-28 18:00:00,35.2,25,0.0,6.7,25,76.0,15.0,35.0
2026-04-28 19:00:00,33.8,28,0.0,4.6,3,4.0,0.0,33.9
2026-04-28 20:00:00,33.0,30,0.0,6.0,7,0.0,0.0,33.1
2026-04-28 21:00:00,32.3,32,0.0,6.2,23,0.0,0.0,32.5
2026-04-28 22:00:00,30.8,40,0.0,4.1,12,0.0,0.0,32.1
2026-04-28 23:00:00,30.8,40,0.0,9.0,80,0.0,0.0,31.4
2026-04-29 00:00:00,30.4,49,0.0,2.3,55,0.0,0.0,33.2
2026-04-29 01:00:00,30.6,43,0.0,11.5,34,0.0,0.0,31.2
2026-04-29 02:00:00,29.2,44,0.0,6.5,37,0.0,0.0,30.2
2026-04-29 03:00:00,28.3,50,0.0,2.3,90,0.0,0.0,30.3
2026-04-29 04:00:00,28.0,50,0.0,3.8,98,0.0,0.0,29.7
2026-04-29 05:00:00,27.6,58,0.0,10.9,100,0.0,0.0,29.1
2026-04-29 06:00:00,27.0,58,0.0,7.4,100,9.0,0.0,28.9
2026-04-29 07:00:00,27.9,55,0.0,4.2,100,68.0,0.0,30.1
2026-04-29 08:00:00,30.3,45,0.0,2.9,99,264.0,108.0,32.3
2026-04-29 09:00:00,31.4,39,0.0,6.1,95,271.0,42.0,32.4
2026-04-29 10:00:00,34.1,29,0.0,6.8,88,596.0,310.0,34.4
2026-04-29 11:00:00,33.7,29,0.0,9.1,64,825.0,555.0,34.9
2026-04-29 12:00:00,35.3,24,0.0,7.2,36,764.0,448.0,36.1
2026-04-29 13:00:00,36.3,22,0.0,4.4,24,812.0,554.0,37.8
2026-04-29 14:00:00,37.0,21,0.0,2.1,33,745.0,506.0,38.3
2026-04-29 15:00:00,37.1,21,0.0,0.9,16,527.0,317.0,37.2
2026-04-29 16:00:00,37.1,21,0.0,3.5,34,434.0,259.0,36.8
2026-04-29 17:00:00,34.6,25,0.0,6.0,27,251.0,121.0,34.2
2026-04-29 18:00:00,33.8,27,0.0,8.2,9,85.0,23.0,33.2
2026-04-29 19:00:00,32.9,29,0.0,9.4,5,5.0,0.0,32.2
2026-04-29 20:00:00,31.9,31,0.0,8.3,1,0.0,0.0,31.4
2026-04-29 21:00:00,31.1,33,0.0,5.0,0,0.0,0.0,31.3
2026-04-29 22:00:00,30.2,36,0.0,4.6,0,0.0,0.0,30.6
2026-04-29 23:00:00,29.6,41,0.0,5.8,0,0.0,0.0,30.3
2026-04-30 00:00:00,28.5,48,0.0,3.6,0,0.0,0.0,30.1
2026-04-30 01:00:00,28.2,46,0.0,3.8,6,0.0,0.0,29.5
2026-04-30 02:00:00,27.8,50,0.0,3.5,0,0.0,0.0,29.5
2026-04-30 03:00:00,27.3,51,0.0,3.2,0,0.0,0.0,29.0
2026-04-30 04:00:00,26.9,51,0.0,3.6,0,0.0,0.0,28.3
2026-04-30 05:00:00,26.4,58,0.0,4.2,0,0.0,0.0,28.4
2026-04-30 06:00:00,27.6,51,0.0,6.6,0,23.0,4.0,28.9
2026-04-30 07:00:00,29.2,47,0.0,6.7,12,152.0,57.0,30.5
2026-04-30 08:00:00,32.0,40,0.0,6.7,9,338.0,186.0,33.3
2026-04-30 09:00:00,34.2,32,0.0,9.2,41,531.0,335.0,34.6
2026-04-30 10:00:00,35.5,28,0.0,8.5,9,639.0,395.0,36.1
2026-04-30 11:00:00,35.9,19,0.0,6.1,68,806.0,559.0,36.1
2026-04-30 12:00:00,37.7,17,0.0,9.1,52,761.0,442.0,37.2
2026-04-30 13:00:00,37.2,17,0.0,6.3,62,702.0,423.0,36.7
2026-04-30 14:00:00,35.2,26,0.5,11.4,70,692.0,420.0,35.2
2026-04-30 15:00:00,34.4,27,0.4,12.6,56,576.0,340.0,33.4
2026-04-30 16:00:00,34.5,23,0.0,10.4,22,369.0,189.0,33.1
2026-04-30 17:00:00,31.4,41,0.0,13.8,52,245.0,113.0,31.6
2026-04-30 18:00:00,30.0,45,0.0,15.1,13,88.0,23.0,30.2
2026-04-30 19:00:00,29.2,47,0.0,15.1,2,5.0,0.0,29.3
2026-04-30 20:00:00,28.5,51,0.0,12.5,15,0.0,0.0,29.2
2026-04-30 21:00:00,28.2,53,0.0,10.3,3,0.0,0.0,29.5
2026-04-30 22:00:00,27.8,55,0.0,9.9,2,0.0,0.0,29.2
2026-04-30 23:00:00,25.4,61,0.0,8.7,3,0.0,0.0,26.7
2026-05-01 00:00:00,24.6,63,0.0,12.0,0,0.0,0.0,25.3
2026-05-01 01:00:00,24.2,63,0.0,12.3,0,0.0,0.0,24.7
2026-05-01 02:00:00,23.8,64,0.0,11.6,0,0.0,0.0,24.4
2026-05-01 03:00:00,23.4,66,0.0,9.9,0,0.0,0.0,24.3
2026-05-01 04:00:00,23.1,69,0.0,7.6,0,0.0,0.0,24.5
2026-05-01 05:00:00,23.3,71,0.0,10.1,0,0.0,0.0,24.6
2026-05-01 06:00:00,23.5,71,0.0,8.0,0,24.0,4.0,25.1
2026-05-01 07:00:00,24.5,68,0.0,8.0,15,153.0,57.0,26.3
2026-05-01 08:00:00,26.1,64,0.0,9.3,2,331.0,175.0,27.9
2026-05-01 09:00:00,28.1,57,0.0,10.2,0,532.0,337.0,29.8
2026-05-01 10:00:00,30.0,51,0.0,9.7,0,704.0,484.0,32.6
2026-05-01 11:00:00,31.5,45,0.0,9.2,0,820.0,583.0,34.7
2026-05-01 12:00:00,33.4,39,0.0,8.1,0,878.0,634.0,36.9
2026-05-01 13:00:00,34.6,36,0.0,6.6,2,864.0,622.0,38.1
2026-05-01 14:00:00,35.6,32,0.0,3.8,19,778.0,546.0,38.7
2026-05-01 15:00:00,36.1,29,0.0,2.4,14,605.0,385.0,37.8
2026-05-01 16:00:00,36.6,25,0.0,5.1,16,447.0,264.0,36.8
2026-05-01 17:00:00,33.7,33,0.0,9.8,7,260.0,128.0,33.9
2026-05-01 18:00:00,33.0,34,0.0,9.2,38,93.0,26.0,33.2
2026-05-01 19:00:00,32.3,35,0.0,6.4,100,5.0,0.0,33.0
2026-05-01 20:00:00,31.6,37,0.0,8.3,2,0.0,0.0,32.2
2026-05-01 21:00:00,30.5,41,0.0,7.3,0,0.0,0.0,31.4
2026-05-01 22:00:00,29.5,44,0.0,6.6,0,0.0,0.0,30.6
2026-05-01 23:00:00,29.0,48,0.0,8.9,0,0.0,0.0,30.1
2026-05-02 00:00:00,28.5,49,0.0,8.9,0,0.0,0.0,29.5
2026-05-02 01:00:00,28.0,51,0.0,7.5,0,0.0,0.0,29.3
2026-05-02 02:00:00,27.4,53,0.0,7.0,0,0.0,0.0,28.9
2026-05-02 03:00:00,27.1,54,0.0,6.9,4,0.0,0.0,28.5
2026-05-02 04:00:00,26.9,52,0.0,6.5,13,0.0,0.0,28.1
2026-05-02 05:00:00,26.3,62,0.0,8.6,5,0.0,0.0,28.2
2026-05-02 06:00:00,27.0,60,0.0,3.5,32,25.0,4.0,29.6
2026-05-02 07:00:00,28.5,55,0.0,3.0,3,148.0,49.0,31.2
2026-05-02 08:00:00,30.6,49,0.0,5.1,5,338.0,184.0,33.1
2026-05-02 09:00:00,33.0,40,0.0,7.4,0,534.0,341.0,34.6
2026-05-02 10:00:00,34.7,35,0.0,5.5,0,703.0,483.0,37.2
2026-05-02 11:00:00,35.7,31,0.0,7.2,17,818.0,581.0,38.3
2026-05-02 12:00:00,36.1,30,0.0,11.0,27,810.0,542.0,37.8
2026-05-02 13:00:00,34.7,38,1.5,10.6,91,737.0,427.0,37.2
2026-05-02 14:00:00,33.5,38,0.8,7.5,43,584.0,301.0,35.1
2026-05-02 15:00:00,34.9,32,0.0,6.1,12,530.0,313.0,36.0
2026-05-02 16:00:00,35.4,30,0.0,6.5,23,424.0,236.0,36.1
2026-05-02 17:00:00,34.1,31,0.0,14.5,58,251.0,120.0,33.5
2026-05-02 18:00:00,34.0,31,0.0,11.4,14,76.0,17.0,33.7
2026-05-02 19:00:00,32.8,33,0.0,13.7,7,5.0,0.0,32.3
2026-05-02 20:00:00,32.1,36,0.0,10.2,1,0.0,0.0,32.3
2026-05-02 21:00:00,31.3,38,0.0,6.7,2,0.0,0.0,32.0
2026-05-02 22:00:00,30.5,39,0.0,8.0,4,0.0,0.0,31.0
2026-05-02 23:00:00,30.9,41,0.0,10.4,100,0.0,0.0,31.4
2026-05-03 00:00:00,30.0,42,0.0,9.0,2,0.0,0.0,30.6
2026-05-03 01:00:00,28.6,46,0.0,5.2,0,0.0,0.0,29.8
2026-05-03 02:00:00,28.0,47,0.0,9.3,0,0.0,0.0,28.5
2026-05-03 03:00:00,27.4,46,0.0,8.9,0,0.0,0.0,27.7
2026-05-03 04:00:00,26.4,49,0.0,4.3,0,0.0,0.0,27.4
2026-05-03 05:00:00,25.8,55,0.0,9.8,2,0.0,0.0,26.4
2026-05-03 06:00:00,25.8,56,0.0,9.2,0,26.0,4.0,26.7
2026-05-03 07:00:00,27.0,54,0.0,11.5,0,157.0,59.0,27.8
2026-05-03 08:00:00,29.4,50,0.0,10.9,0,347.0,192.0,30.6
2026-05-03 09:00:00,32.0,43,0.0,10.7,16,541.0,348.0,33.2
2026-05-03 10:00:00,34.1,38,0.0,7.7,9,653.0,413.0,36.2
2026-05-03 11:00:00,34.8,32,0.0,11.8,26,787.0,533.0,36.2
2026-05-03 12:00:00,34.6,31,0.0,14.2,99,735.0,455.0,35.2
2026-05-03 13:00:00,32.5,37,0.0,15.1,93,468.0,136.0,32.3
2026-05-03 14:00:00,33.3,39,0.0,15.9,26,676.0,379.0,34.3
2026-05-03 15:00:00,34.5,33,0.0,15.3,61,600.0,370.0,34.5
2026-05-03 16:00:00,33.4,36,0.0,15.8,13,427.0,235.0,33.3
2026-05-03 17:00:00,33.2,39,0.0,15.7,2,258.0,121.0,33.5
2026-05-03 18:00:00,32.5,44,0.0,13.8,9,95.0,26.0,33.7
2026-05-03 19:00:00,32.1,45,0.0,14.0,17,6.0,0.0,33.3
2026-05-03 20:00:00,31.2,47,0.0,14.8,36,0.0,0.0,32.3
2026-05-03 21:00:00,30.3,50,0.0,14.9,80,0.0,0.0,31.3
2026-05-03 22:00:00,29.4,53,0.0,13.9,71,0.0,0.0,30.6
2026-05-03 23:00:00,28.9,54,0.0,12.8,100,0.0,0.0,30.2
2026-05-04 00:00:00,26.4,60,0.0,20.2,100,0.0,0.0,26.4
2026-05-04 01:00:00,24.1,73,0.0,16.2,100,0.0,0.0,25.0
2026-05-04 02:00:00,23.0,77,0.7,8.6,100,0.0,0.0,25.0
2026-05-04 03:00:00,22.6,78,0.6,13.5,100,0.0,0.0,23.7
2026-05-04 04:00:00,22.8,72,1.0,9.2,100,0.0,0.0,24.1
2026-05-04 05:00:00,21.8,89,1.6,7.2,100,0.0,0.0,24.5
2026-05-04 06:00:00,21.1,95,1.0,15.4,100,4.0,0.0,22.8
2026-05-04 07:00:00,21.0,88,0.5,19.6,100,32.0,0.0,21.4
2026-05-04 08:00:00,22.2,77,0.1,10.4,100,103.0,0.0,23.6
2026-05-04 09:00:00,24.5,63,0.0,6.7,95,313.0,52.0,26.0
2026-05-04 10:00:00,26.2,57,0.0,12.0,0,649.0,360.0,27.4
2026-05-04 11:00:00,26.9,59,0.0,15.0,2,821.0,576.0,29.1
2026-05-04 12:00:00,28.0,54,0.0,15.1,2,868.0,608.0,30.3
2026-05-04 13:00:00,29.1,45,0.0,15.4,2,860.0,607.0,30.4
2026-05-04 14:00:00,29.8,40,0.0,11.2,77,790.0,551.0,31.1
2026-05-04 15:00:00,29.6,42,0.0,9.7,29,536.0,282.0,29.9
2026-05-04 16:00:00,29.6,43,0.0,8.4,20,416.0,230.0,30.3
2026-05-04 17:00:00,28.6,49,0.0,11.9,2,250.0,112.0,29.2
2026-05-04 18:00:00,27.8,55,0.0,8.7,3,95.0,25.0,29.4
2026-05-04 19:00:00,26.6,62,0.0,8.6,2,6.0,0.0,28.6
2026-05-04 20:00:00,26.1,62,0.0,10.2,7,0.0,0.0,27.7
2026-05-04 21:00:00,25.4,66,0.0,8.6,12,0.0,0.0,27.3
2026-05-04 22:00:00,24.9,70,0.0,8.3,3,0.0,0.0,27.0
2026-05-04 23:00:00,24.7,75,0.0,7.4,100,0.0,0.0,27.4
2026-05-05 00:00:00,24.0,79,0.0,7.5,100,0.0,0.0,26.8
2026-05-05 01:00:00,23.8,79,0.0,6.2,100,0.0,0.0,26.7
2026-05-05 02:00:00,23.6,84,0.0,0.6,100,0.0,0.0,27.7
2026-05-05 03:00:00,23.5,82,0.0,4.1,100,0.0,0.0,26.8
2026-05-05 04:00:00,22.7,85,0.0,9.0,60,0.0,0.0,25.3
2026-05-05 05:00:00,22.6,84,0.0,11.0,1,0.0,0.0,24.7
2026-05-05 06:00:00,22.9,83,0.0,9.2,1,27.0,4.0,25.3
2026-05-05 07:00:00,24.2,79,0.0,5.3,4,157.0,58.0,27.3
2026-05-05 08:00:00,25.9,73,0.0,6.2,73,341.0,181.0,29.1
2026-05-05 09:00:00,27.1,66,0.0,6.0,90,450.0,219.0,30.1
2026-05-05 10:00:00,27.9,62,0.0,4.6,37,445.0,169.0,31.0
2026-05-05 11:00:00,29.4,50,0.0,4.4,24,711.0,396.0,32.6
2026-05-05 12:00:00,27.4,57,0.4,14.2,44,799.0,512.0,29.7
2026-05-05 13:00:00,27.5,55,0.0,6.7,41,651.0,381.0,29.8
2026-05-05 14:00:00,29.5,47,0.0,2.9,48,611.0,368.0,32.0
2026-05-05 15:00:00,27.8,55,0.9,6.3,39,422.0,197.0,29.7
2026-05-05 16:00:00,27.6,57,0.0,7.6,28,386.0,199.0,29.5
2026-05-05 17:00:00,30.5,34,0.0,2.3,35,216.0,83.0,31.0
2026-05-05 18:00:00,29.2,46,0.0,3.1,18,83.0,18.0,31.0
2026-05-05 19:00:00,27.2,49,0.0,10.5,5,5.0,0.0,27.5
2026-05-05 20:00:00,26.0,58,0.0,5.0,0,0.0,0.0,27.8
2026-05-05 21:00:00,25.2,63,0.0,5.6,1,0.0,0.0,27.1
2026-05-05 22:00:00,24.5,71,0.0,3.6,0,0.0,0.0,27.3
2026-05-05 23:00:00,24.0,76,0.0,1.0,0,0.0,0.0,27.4
2026-05-06 00:00:00,23.7,79,0.0,1.0,0,0.0,0.0,27.2
2026-05-06 01:00:00,23.4,79,0.0,0.9,0,0.0,0.0,26.9
2026-05-06 02:00:00,23.0,80,0.0,2.2,0,0.0,0.0,26.3
2026-05-06 03:00:00,22.5,80,0.0,3.4,0,0.0,0.0,25.3
2026-05-06 04:00:00,21.9,83,0.0,3.2,0,0.0,0.0,24.7
2026-05-06 05:00:00,22.0,84,0.0,2.0,0,0.0,0.0,25.2
2026-05-06 06:00:00,23.2,78,0.0,3.1,0,28.0,4.0,26.1
2026-05-06 07:00:00,24.8,70,0.0,1.4,0,158.0,57.0,27.9
2026-05-06 08:00:00,27.0,58,0.0,1.0,0,346.0,185.0,29.8
2026-05-06 09:00:00,29.1,47,0.0,2.3,0,540.0,337.0,31.0
2026-05-06 10:00:00,30.9,36,0.0,3.7,0,706.0,475.0,32.8
2026-05-06 11:00:00,31.8,32,0.0,4.8,18,823.0,574.0,33.7
2026-05-06 12:00:00,32.9,28,0.0,5.4,21,803.0,526.0,34.4
2026-05-06 13:00:00,33.7,26,0.0,5.2,16,821.0,548.0,35.0
2026-05-06 14:00:00,34.3,23,0.0,5.4,16,750.0,498.0,34.9
2026-05-06 15:00:00,34.7,22,0.0,5.2,23,613.0,385.0,34.3
2026-05-06 16:00:00,34.5,22,0.0,7.5,23,445.0,257.0,33.3
2026-05-06 17:00:00,34.1,21,0.0,9.8,29,251.0,107.0,32.2
2026-05-06 18:00:00,33.5,22,0.0,8.8,8,93.0,21.0,31.8
2026-05-06 19:00:00,31.9,26,0.0,1.3,0,6.0,0.0,31.7
2026-05-06 20:00:00,30.4,30,0.0,9.0,2,0.0,0.0,29.3
2026-05-06 21:00:00,28.6,38,0.0,8.8,46,0.0,0.0,28.1
2026-05-06 22:00:00,27.7,39,0.0,8.1,12,0.0,0.0,27.2
2026-05-06 23:00:00,27.2,46,0.0,10.9,2,0.0,0.0,27.1
2026-05-07 00:00:00,26.8,46,0.0,8.1,20,0.0,0.0,27.0
2026-05-07 01:00:00,26.0,49,0.0,9.2,40,0.0,0.0,26.0
2026-05-07 02:00:00,25.4,49,0.1,9.4,50,0.0,0.0,25.3
2026-05-07 03:00:00,24.5,52,0.0,12.1,45,0.0,0.0,24.1
2026-05-07 04:00:00,23.0,60,0.0,12.6,43,0.0,0.0,22.8
2026-05-07 05:00:00,23.7,60,0.0,9.4,20,0.0,0.0,24.1
2026-05-07 06:00:00,24.3,58,0.0,11.2,27,26.0,4.0,24.5
2026-05-07 07:00:00,25.2,57,0.0,11.6,3,142.0,44.0,25.6
2026-05-07 08:00:00,26.9,54,0.0,13.3,0,331.0,165.0,27.4
2026-05-07 09:00:00,28.1,49,0.0,16.0,1,463.0,261.0,27.9
2026-05-07 10:00:00,29.9,43,0.0,19.2,0,665.0,429.0,29.7
2026-05-07 11:00:00,30.1,43,0.0,17.4,90,813.0,563.0,31.1
2026-05-07 12:00:00,29.6,45,0.0,17.9,84,751.0,467.0,30.1
2026-05-07 13:00:00,29.1,46,0.0,18.3,88,547.0,246.0,28.6
2026-05-07 14:00:00,29.9,42,0.0,13.5,97,550.0,233.0,29.7
2026-05-07 15:00:00,29.9,41,0.0,14.7,15,477.0,200.0,29.6
2026-05-07 16:00:00,29.9,41,0.0,14.3,1,450.0,257.0,29.5
2026-05-07 17:00:00,30.5,36,0.0,15.1,16,265.0,125.0,29.4
2026-05-07 18:00:00,29.5,39,0.0,12.0,18,97.0,25.0,29.0
2026-05-07 19:00:00,27.7,46,0.0,12.6,3,7.0,0.0,27.5
2026-05-07 20:00:00,26.5,53,0.0,12.3,2,0.0,0.0,26.8
2026-05-07 21:00:00,25.7,60,0.0,12.1,1,0.0,0.0,26.5
2026-05-07 22:00:00,25.1,63,0.0,11.0,0,0.0,0.0,26.2
2026-05-07 23:00:00,24.8,68,0.0,11.3,0,0.0,0.0,26.3
2026-05-08 00:00:00,24.0,73,0.0,9.2,2,0.0,0.0,25.9
2026-05-08 01:00:00,23.5,76,0.0,8.9,0,0.0,0.0,25.5
2026-05-08 02:00:00,23.0,79,0.0,9.2,0,0.0,0.0,25.1
2026-05-08 03:00:00,22.5,84,0.0,9.0,2,0.0,0.0,24.8
2026-05-08 04:00:00,22.1,86,0.0,8.5,24,0.0,0.0,24.6
2026-05-08 05:00:00,22.2,87,0.0,10.5,13,0.0,0.0,24.4
2026-05-08 06:00:00,22.7,84,0.0,9.7,4,28.0,4.0,25.1
2026-05-08 07:00:00,24.2,76,0.0,9.8,0,153.0,53.0,26.4
2026-05-08 08:00:00,26.4,64,0.0,11.0,0,344.0,181.0,28.2
2026-05-08 09:00:00,28.7,54,0.0,12.3,0,534.0,330.0,29.9
2026-05-08 10:00:00,30.6,45,0.0,13.3,0,697.0,464.0,32.1
2026-05-08 11:00:00,32.0,38,0.0,14.5,0,810.0,558.0,33.3
2026-05-08 12:00:00,33.2,34,0.0,13.6,0,863.0,603.0,34.6
2026-05-08 13:00:00,34.0,31,0.0,12.6,5,850.0,592.0,35.3
2026-05-08 14:00:00,34.4,30,0.0,10.7,42,768.0,517.0,35.5
2026-05-08 15:00:00,34.3,30,0.0,9.9,43,590.0,353.0,34.4
2026-05-08 16:00:00,31.1,40,0.4,11.3,99,400.0,206.0,31.5
2026-05-08 17:00:00,32.7,32,0.0,10.4,27,142.0,21.0,32.4
2026-05-08 18:00:00,31.7,34,0.0,11.7,31,92.0,22.0,31.3
2026-05-08 19:00:00,30.6,38,0.0,9.7,3,7.0,0.0,30.8
2026-05-08 20:00:00,29.7,41,0.0,8.7,0,0.0,0.0,30.1
2026-05-08 21:00:00,28.7,45,0.0,8.5,0,0.0,0.0,29.4
2026-05-08 22:00:00,28.0,48,0.0,7.8,0,0.0,0.0,28.9
2026-05-08 23:00:00,27.5,52,0.0,7.1,0,0.0,0.0,28.9
2026-05-09 00:00:00,27.3,53,0.0,6.5,0,0.0,0.0,28.8
2026-05-09 01:00:00,26.6,57,0.0,7.5,0,0.0,0.0,28.1
2026-05-09 02:00:00,25.9,59,0.0,8.0,0,0.0,0.0,27.3
2026-05-09 03:00:00,25.3,61,0.0,7.8,0,0.0,0.0,26.8
2026-05-09 04:00:00,24.8,63,0.0,7.2,0,0.0,0.0,26.3
2026-05-09 05:00:00,24.8,68,0.0,7.2,0,0.0,0.0,26.9
2026-05-09 06:00:00,25.3,65,0.0,6.5,0,30.0,5.0,27.4
2026-05-09 07:00:00,26.6,59,0.0,6.7,0,159.0,56.0,28.6
2026-05-09 08:00:00,28.7,52,0.0,7.4,0,342.0,179.0,30.4
2026-05-09 09:00:00,30.8,45,0.0,8.4,0,529.0,325.0,32.2
2026-05-09 10:00:00,32.6,38,0.0,8.7,0,690.0,455.0,34.3
2026-05-09 11:00:00,33.5,34,0.0,9.2,3,801.0,547.0,35.5
2026-05-09 12:00:00,34.7,32,0.0,8.3,5,842.0,577.0,37.0
2026-05-09 13:00:00,35.3,30,0.0,7.1,6,817.0,556.0,37.5
2026-05-09 14:00:00,35.5,29,0.0,7.3,13,728.0,479.0,37.0
2026-05-09 15:00:00,35.5,28,0.0,6.7,32,596.0,364.0,36.1
2026-05-09 16:00:00,35.3,28,0.0,7.5,93,395.0,205.0,35.4
2026-05-09 17:00:00,34.5,30,0.0,8.9,6,215.0,78.0,34.7
2026-05-09 18:00:00,33.4,33,0.0,11.9,7,95.0,23.0,33.4
2026-05-09 19:00:00,32.2,37,0.0,9.9,1,7.0,0.0,32.6
2026-05-09 20:00:00,31.0,43,0.0,9.0,0,0.0,0.0,32.0
2026-05-09 21:00:00,30.0,48,0.0,9.4,0,0.0,0.0,31.3
2026-05-09 22:00:00,29.2,50,0.0,6.8,0,0.0,0.0,30.9
2026-05-09 23:00:00,28.8,54,0.0,7.3,0,0.0,0.0,30.9
2026-05-10 00:00:00,28.3,56,0.0,5.5,0,0.0,0.0,30.7
2026-05-10 01:00:00,27.7,58,0.0,5.6,0,0.0,0.0,30.1
2026-05-10 02:00:00,27.2,59,0.0,5.6,0,0.0,0.0,29.5
2026-05-10 03:00:00,26.9,59,0.0,6.1,0,0.0,0.0,29.0
2026-05-10 04:00:00,26.5,59,0.0,6.9,0,0.0,0.0,28.3
2026-05-10 05:00:00,26.3,63,0.0,7.7,0,0.0,0.0,28.3
2026-05-10 06:00:00,26.9,60,0.0,6.9,0,31.0,5.0,29.0
2026-05-10 07:00:00,28.1,55,0.0,6.9,0,160.0,56.0,30.1
2026-05-10 08:00:00,30.2,49,0.0,5.8,0,344.0,179.0,32.3
2026-05-10 09:00:00,32.4,40,0.0,8.1,0,532.0,325.0,33.7
2026-05-10 10:00:00,33.8,35,0.0,10.1,0,693.0,457.0,35.3
2026-05-10 11:00:00,34.8,34,0.0,11.7,34,807.0,552.0,36.7
2026-05-10 12:00:00,35.8,31,0.0,9.3,65,836.0,553.0,38.1
2026-05-10 13:00:00,36.7,28,0.0,6.4,71,804.0,506.0,38.9
2026-05-10 14:00:00,37.2,26,0.0,6.6,75,716.0,437.0,38.7
2026-05-10 15:00:00,37.3,24,0.0,8.3,70,554.0,305.0,37.2
2026-05-10 16:00:00,36.9,26,0.0,6.7,62,414.0,211.0,37.2
2026-05-10 17:00:00,35.4,29,0.0,9.6,27,250.0,106.0,35.5
2026-05-10 18:00:00,34.1,32,0.0,12.2,27,92.0,20.0,34.0
2026-05-10 19:00:00,32.5,37,0.0,11.6,35,8.0,0.0,32.8
2026-05-10 20:00:00,31.6,39,0.0,8.3,0,0.0,0.0,32.5
2026-05-10 21:00:00,30.8,41,0.0,7.9,0,0.0,0.0,31.8
2026-05-10 22:00:00,30.0,43,0.0,8.5,0,0.0,0.0,30.9
2026-05-10 23:00:00,29.9,46,0.0,8.5,0,0.0,0.0,31.2
2026-05-11 00:00:00,29.8,47,0.0,8.7,11,0.0,0.0,31.2
2026-05-11 01:00:00,29.3,49,0.0,7.8,99,0.0,0.0,30.8
2026-05-11 02:00:00,28.7,51,0.0,8.4,99,0.0,0.0,30.1
2026-05-11 03:00:00,28.2,52,0.0,8.0,100,0.0,0.0,29.6
2026-05-11 04:00:00,27.8,53,0.0,7.2,84,0.0,0.0,29.3
2026-05-11 05:00:00,27.3,57,0.0,8.8,1,0.0,0.0,29.0
2026-05-11 06:00:00,27.8,56,0.0,8.3,7,31.0,5.0,29.5
2026-05-11 07:00:00,29.0,52,0.0,9.2,2,158.0,55.0,30.6
2026-05-11 08:00:00,30.9,47,0.0,10.0,14,339.0,176.0,32.3
2026-05-11 09:00:00,33.1,40,0.0,6.8,96,524.0,316.0,34.9
2026-05-11 10:00:00,34.7,35,0.0,7.3,97,640.0,356.0,36.6
2026-05-11 11:00:00,34.4,34,0.0,4.2,100,715.0,394.0,37.0
2026-05-11 12:00:00,35.2,33,0.0,7.6,100,423.0,57.0,36.3
2026-05-11 13:00:00,36.1,31,0.0,7.4,30,603.0,251.0,37.5
2026-05-11 14:00:00,37.0,29,0.0,7.4,2,730.0,451.0,39.1
2026-05-11 15:00:00,37.4,28,0.0,4.6,2,625.0,401.0,39.1
2026-05-11 16:00:00,37.7,27,0.0,1.1,78,452.0,262.0,39.4
2026-05-11 17:00:00,36.7,30,0.0,3.8,79,215.0,68.0,38.4
2026-05-11 18:00:00,36.3,31,0.0,2.4,52,79.0,10.0,38.0
2026-05-11 19:00:00,35.1,33,0.0,3.7,23,8.0,0.0,36.7
2026-05-11 20:00:00,33.9,37,0.0,7.0,2,0.0,0.0,35.4
2026-05-11 21:00:00,32.6,42,0.0,7.2,0,0.0,0.0,34.3
2026-05-11 22:00:00,31.6,45,0.0,6.8,0,0.0,0.0,33.6
2026-05-11 23:00:00,30.9,49,0.0,9.9,1,0.0,0.0,32.8
2026-05-12 00:00:00,30.3,51,0.0,8.9,69,0.0,0.0,32.3
2026-05-12 01:00:00,29.9,51,0.0,8.5,97,0.0,0.0,31.8
2026-05-12 02:00:00,29.5,51,0.0,8.5,78,0.0,0.0,31.3
2026-05-12 03:00:00,29.1,52,0.0,7.5,98,0.0,0.0,31.0
2026-05-12 04:00:00,28.8,53,0.0,7.7,97,0.0,0.0,30.6
2026-05-12 05:00:00,28.1,61,0.0,8.7,81,0.0,0.0,30.6
2026-05-12 06:00:00,28.5,59,0.0,9.0,73,31.0,3.0,30.9
2026-05-12 07:00:00,29.7,54,0.0,11.0,95,154.0,46.0,31.5
2026-05-12 08:00:00,31.6,46,0.0,11.8,6,320.0,135.0,33.1
2026-05-12 09:00:00,31.3,50,1.0,17.3,48,526.0,314.0,32.5
2026-05-12 10:00:00,27.9,68,5.5,15.3,0,483.0,228.0,30.3
2026-05-12 11:00:00,37.1,30,0.0,15.7,6,813.0,549.0,38.5
2026-05-12 12:00:00,38.1,28,0.0,14.8,2,856.0,587.0,39.7
2026-05-12 13:00:00,38.6,27,0.0,13.1,14,842.0,577.0,40.3
2026-05-12 14:00:00,38.8,26,0.0,11.2,52,758.0,502.0,40.4
2026-05-12 15:00:00,38.0,27,0.0,8.9,55,546.0,307.0,38.6
2026-05-12 16:00:00,36.9,30,0.3,8.7,59,413.0,221.0,37.8
2026-05-12 17:00:00,35.6,34,0.2,14.2,31,223.0,85.0,36.0
2026-05-12 18:00:00,34.2,38,0.0,13.2,77,101.0,26.0,35.1
2026-05-12 19:00:00,33.0,43,0.0,9.6,47,8.0,0.0,34.8
2026-05-12 20:00:00,32.0,49,0.0,8.3,84,0.0,0.0,34.5
2026-05-12 21:00:00,31.1,53,0.0,8.9,100,0.0,0.0,33.8
2026-05-12 22:00:00,30.4,55,0.0,7.3,9,0.0,0.0,33.3
2026-05-12 23:00:00,30.0,57,0.0,8.4,9,0.0,0.0,32.9
2026-05-13 00:00:00,29.2,59,0.0,8.3,0,0.0,0.0,31.9
2026-05-13 01:00:00,28.2,61,0.0,8.7,0,0.0,0.0,30.7
2026-05-13 02:00:00,27.5,63,0.0,8.6,0,0.0,0.0,30.0
2026-05-13 03:00:00,27.0,64,0.0,7.8,0,0.0,0.0,29.6
2026-05-13 04:00:00,26.8,65,0.0,6.5,0,0.0,0.0,29.5
2026-05-13 05:00:00,26.7,69,0.0,10.1,0,0.0,0.0,29.3
2026-05-13 06:00:00,26.8,70,0.0,7.8,0,35.0,5.0,29.9
2026-05-13 07:00:00,28.2,65,0.0,8.5,0,172.0,65.0,31.4
2026-05-13 08:00:00,30.4,58,0.0,9.1,2,359.0,194.0,33.4
2026-05-13 09:00:00,32.7,49,0.0,9.6,11,547.0,339.0,35.4
2026-05-13 10:00:00,35.1,41,0.0,8.5,0,711.0,477.0,38.5
2026-05-13 11:00:00,36.1,33,0.0,11.3,45,827.0,576.0,38.5
2026-05-13 12:00:00,36.7,32,0.0,7.5,1,832.0,533.0,39.7
2026-05-13 13:00:00,37.7,29,0.0,6.2,15,868.0,610.0,41.0
2026-05-13 14:00:00,38.3,27,0.0,5.3,9,771.0,516.0,41.0
2026-05-13 15:00:00,38.7,25,0.0,3.0,20,656.0,434.0,40.8
2026-05-13 16:00:00,39.1,23,0.0,6.9,83,473.0,282.0,39.4
2026-05-13 17:00:00,37.8,31,0.3,7.9,5,213.0,80.0,39.4
2026-05-13 18:00:00,36.4,35,0.0,5.4,9,107.0,31.0,38.7
2026-05-13 19:00:00,35.4,39,0.0,3.9,31,9.0,0.0,38.3
2026-05-13 20:00:00,34.7,46,0.0,2.0,56,0.0,0.0,39.0
2026-05-13 21:00:00,34.0,47,0.0,0.6,77,0.0,0.0,38.3
2026-05-13 22:00:00,33.5,49,0.0,0.5,97,0.0,0.0,38.0
2026-05-13 23:00:00,29.0,58,0.0,11.7,59,0.0,0.0,31.0
2026-05-14 00:00:00,28.1,59,0.0,7.9,46,0.0,0.0,30.5
2026-05-14 01:00:00,27.8,56,0.0,4.4,60,0.0,0.0,30.2
2026-05-14 02:00:00,27.6,61,0.0,1.1,75,0.0,0.0,31.0
2026-05-14 03:00:00,27.5,58,0.0,3.2,96,0.0,0.0,30.1
2026-05-14 04:00:00,27.2,57,0.0,7.4,95,0.0,0.0,29.0
2026-05-14 05:00:00,25.9,68,0.0,10.3,95,0.0,0.0,28.1
2026-05-14 06:00:00,26.3,64,0.0,6.2,51,33.0,3.0,28.7
2026-05-14 07:00:00,28.2,53,0.0,5.5,13,174.0,64.0,30.2
2026-05-14 08:00:00,31.0,43,0.0,5.5,4,365.0,199.0,32.6
2026-05-14 09:00:00,33.8,34,0.0,6.2,1,557.0,350.0,34.9
2026-05-14 10:00:00,36.0,28,0.0,4.7,11,722.0,490.0,38.0
2026-05-14 11:00:00,37.6,24,0.0,3.0,30,822.0,560.0,40.0
2026-05-14 12:00:00,38.7,22,0.0,2.2,64,879.0,610.0,41.6
2026-05-14 13:00:00,39.3,21,0.0,2.9,54,787.0,480.0,41.3
2026-05-14 14:00:00,39.0,20,0.2,6.4,11,668.0,385.0,39.4
2026-05-14 15:00:00,39.4,18,0.0,7.7,20,641.0,412.0,39.1
2026-05-14 16:00:00,39.1,18,0.0,8.7,14,456.0,257.0,38.0
2026-05-14 17:00:00,38.5,24,0.0,9.0,7,273.0,128.0,38.6
2026-05-14 18:00:00,37.2,27,0.0,9.0,8,107.0,31.0,37.6
2026-05-14 19:00:00,35.6,33,0.0,8.8,6,9.0,0.0,36.7
2026-05-14 20:00:00,34.7,37,0.0,7.9,70,0.0,0.0,36.3
2026-05-14 21:00:00,34.1,38,0.0,5.9,98,0.0,0.0,35.9
2026-05-14 22:00:00,33.4,41,0.0,3.7,98,0.0,0.0,35.9
2026-05-14 23:00:00,32.6,45,0.0,15.4,100,0.0,0.0,33.8
2026-05-15 00:00:00,31.4,39,0.0,13.9,100,0.0,0.0,31.3
2026-05-15 01:00:00,30.0,49,0.0,12.5,99,0.0,0.0,31.1
2026-05-15 02:00:00,29.8,50,0.0,12.3,63,0.0,0.0,31.1
2026-05-15 03:00:00,29.1,48,0.0,10.8,92,0.0,0.0,29.9
2026-05-15 04:00:00,28.6,49,0.0,8.2,7,0.0,0.0,29.7
2026-05-15 05:00:00,29.4,45,0.0,6.5,80,0.0,0.0,30.6
2026-05-15 06:00:00,29.5,45,0.0,7.2,2,22.0,3.0,30.6
2026-05-15 07:00:00,31.0,40,0.0,6.2,0,174.0,66.0,32.1
2026-05-15 08:00:00,33.0,33,0.0,3.7,0,363.0,197.0,34.0
2026-05-15 09:00:00,35.1,26,0.0,3.3,0,554.0,347.0,35.6
2026-05-15 10:00:00,36.7,23,0.0,5.1,0,715.0,479.0,37.5
2026-05-15 11:00:00,38.1,21,0.0,9.0,5,828.0,575.0,38.9
2026-05-15 12:00:00,39.1,18,0.0,10.9,25,869.0,608.0,39.4
2026-05-15 13:00:00,39.4,17,0.0,13.3,9,739.0,453.0,38.3
2026-05-15 14:00:00,40.0,16,0.0,14.3,12,761.0,508.0,38.8
2026-05-15 15:00:00,39.9,15,0.0,16.0,27,640.0,403.0,37.6
2026-05-15 16:00:00,39.0,16,0.0,16.8,16,470.0,274.0,36.1
2026-05-15 17:00:00,38.6,18,0.0,13.2,16,279.0,134.0,36.5
2026-05-15 18:00:00,37.4,19,0.0,10.9,2,104.0,28.0,35.9
2026-05-15 19:00:00,36.1,23,0.0,7.8,1,10.0,0.0,35.5
2026-05-15 20:00:00,34.8,29,0.0,6.3,0,0.0,0.0,35.1
2026-05-15 21:00:00,33.7,34,0.0,2.8,0,0.0,0.0,35.2
2026-05-15 22:00:00,33.3,33,0.0,4.7,0,0.0,0.0,34.2
2026-05-15 23:00:00,32.6,39,0.0,3.8,0,0.0,0.0,34.5
2026-05-16 00:00:00,31.5,44,0.0,2.9,0,0.0,0.0,33.9
2026-05-16 01:00:00,31.0,44,0.0,3.2,0,0.0,0.0,33.1
2026-05-16 02:00:00,30.3,43,0.0,4.0,0,0.0,0.0,31.9
2026-05-16 03:00:00,29.6,43,0.0,3.9,0,0.0,0.0,30.9
2026-05-16 04:00:00,29.1,43,0.0,5.0,0,0.0,0.0,30.1
2026-05-16 05:00:00,29.0,47,0.0,2.7,0,0.0,0.0,30.9
2026-05-16 06:00:00,29.7,44,0.0,2.6,0,37.0,5.0,31.4
2026-05-16 07:00:00,30.9,40,0.0,3.8,0,175.0,67.0,32.3
2026-05-16 08:00:00,32.6,36,0.0,4.4,15,363.0,197.0,33.9
2026-05-16 09:00:00,34.6,31,0.0,5.5,0,552.0,343.0,35.5
2026-05-16 10:00:00,36.5,27,0.0,7.2,0,716.0,479.0,37.8
2026-05-16 11:00:00,39.2,20,0.0,7.7,3,828.0,573.0,40.5
2026-05-16 12:00:00,40.3,16,0.0,12.0,18,854.0,586.0,40.1
2026-05-16 13:00:00,40.3,15,0.0,14.7,9,785.0,518.0,39.1
2026-05-16 14:00:00,40.4,15,0.0,14.5,19,759.0,505.0,39.2
2026-05-16 15:00:00,40.0,16,0.0,16.5,4,622.0,389.0,37.7
2026-05-16 16:00:00,39.4,16,0.0,16.6,2,476.0,284.0,36.7
2026-05-16 17:00:00,39.7,15,0.0,17.1,23,284.0,139.0,36.6
2026-05-16 18:00:00,38.6,17,0.0,16.6,4,109.0,30.0,35.8
2026-05-16 19:00:00,37.3,19,0.0,14.7,2,10.0,0.0,35.1
2026-05-16 20:00:00,36.7,20,0.0,11.3,1,0.0,0.0,35.1
2026-05-16 21:00:00,35.7,22,0.0,8.3,1,0.0,0.0,34.6
2026-05-16 22:00:00,34.4,25,0.0,6.4,0,0.0,0.0,33.8
2026-05-16 23:00:00,34.1,28,0.0,5.3,0,0.0,0.0,34.2
2026-05-17 00:00:00,32.8,31,0.0,4.2,0,0.0,0.0,33.3
2026-05-17 01:00:00,32.1,32,0.0,4.4,0,0.0,0.0,32.4
2026-05-17 02:00:00,31.4,33,0.0,4.5,0,0.0,0.0,31.7
2026-05-17 03:00:00,30.7,35,0.0,4.5,0,0.0,0.0,31.1
2026-05-17 04:00:00,29.9,37,0.0,4.9,0,0.0,0.0,30.3
2026-05-17 05:00:00,30.1,38,0.0,5.0,0,0.0,0.0,30.7
2026-05-17 06:00:00,30.4,38,0.0,6.9,0,38.0,6.0,30.7
2026-05-17 07:00:00,31.6,36,0.0,6.5,0,177.0,68.0,32.1
2026-05-17 08:00:00,33.5,33,0.0,7.3,0,363.0,197.0,34.0
2026-05-17 09:00:00,35.9,28,0.0,7.6,0,551.0,343.0,36.2
2026-05-17 10:00:00,37.8,24,0.0,10.8,0,711.0,475.0,38.3
2026-05-17 11:00:00,40.1,21,0.0,13.5,0,823.0,568.0,40.7
2026-05-17 12:00:00,40.8,20,0.0,18.0,30,873.0,611.0,40.9
2026-05-17 13:00:00,41.0,20,0.0,18.5,4,820.0,535.0,40.9
2026-05-17 14:00:00,41.2,20,0.0,18.2,1,764.0,508.0,40.7
2026-05-17 15:00:00,41.3,20,0.1,19.3,16,641.0,415.0,40.0
2026-05-17 16:00:00,40.6,19,0.0,20.0,29,422.0,228.0,38.5
2026-05-17 17:00:00,40.9,16,0.0,21.5,14,254.0,112.0,37.9
2026-05-17 18:00:00,40.1,17,0.0,18.3,2,103.0,29.0,37.5
2026-05-17 19:00:00,39.3,19,0.0,13.9,1,10.0,0.0,37.5
2026-05-17 20:00:00,38.2,21,0.0,12.4,0,0.0,0.0,37.1
2026-05-17 21:00:00,37.2,22,0.0,11.1,0,0.0,0.0,36.1
2026-05-17 22:00:00,36.1,23,0.0,8.5,0,0.0,0.0,35.3
2026-05-17 23:00:00,35.7,24,0.0,8.2,0,0.0,0.0,35.1
2026-05-18 00:00:00,34.3,25,0.0,6.7,0,0.0,0.0,33.8
2026-05-18 01:00:00,33.2,27,0.0,5.0,0,0.0,0.0,33.0
2026-05-18 02:00:00,32.2,29,0.0,5.4,0,0.0,0.0,32.0
2026-05-18 03:00:00,31.1,32,0.0,6.3,0,0.0,0.0,30.9
2026-05-18 04:00:00,30.2,35,0.0,6.7,0,0.0,0.0,30.0
2026-05-18 05:00:00,30.0,40,0.0,7.6,0,0.0,0.0,30.5
2026-05-18 06:00:00,30.1,41,0.0,7.1,0,40.0,6.0,30.9
2026-05-18 07:00:00,31.5,40,0.0,6.9,0,183.0,73.0,32.6
2026-05-18 08:00:00,33.6,37,0.0,8.0,0,374.0,208.0,34.7
2026-05-18 09:00:00,35.8,33,0.0,8.4,0,565.0,360.0,37.0
2026-05-18 10:00:00,37.9,27,0.0,9.9,0,727.0,494.0,39.4
2026-05-18 11:00:00,40.1,23,0.0,12.1,0,837.0,587.0,41.7
2026-05-18 12:00:00,41.2,21,0.0,13.2,0,885.0,628.0,42.6
2026-05-18 13:00:00,41.8,21,0.0,15.1,5,871.0,616.0,42.9
2026-05-18 14:00:00,42.3,20,0.0,16.5,17,784.0,535.0,42.7
2026-05-18 15:00:00,42.5,20,0.0,17.2,27,616.0,390.0,41.8
2026-05-18 16:00:00,42.8,17,0.0,18.6,28,436.0,251.0,40.7
2026-05-18 17:00:00,43.3,14,0.0,17.5,2,274.0,134.0,40.8
2026-05-18 18:00:00,42.4,15,0.0,13.5,1,112.0,33.0,40.3
2026-05-18 19:00:00,40.8,17,0.0,11.3,1,11.0,1.0,39.3
2026-05-18 20:00:00,39.3,18,0.0,10.9,0,0.0,0.0,37.8
2026-05-18 21:00:00,38.2,18,0.0,9.3,0,0.0,0.0,36.8
2026-05-18 22:00:00,38.0,18,0.0,10.0,0,0.0,0.0,36.4
2026-05-18 23:00:00,37.8,19,0.0,8.6,0,0.0,0.0,36.7
2026-05-19 00:00:00,35.2,23,0.0,7.4,0,0.0,0.0,34.4
2026-05-19 01:00:00,33.8,26,0.0,5.7,0,0.0,0.0,33.4
2026-05-19 02:00:00,32.8,28,0.0,6.0,0,0.0,0.0,32.4
2026-05-19 03:00:00,31.8,29,0.0,8.3,0,0.0,0.0,31.1
2026-05-19 04:00:00,31.1,30,0.0,7.2,0,0.0,0.0,30.5
2026-05-19 05:00:00,31.6,30,0.0,6.6,0,0.0,0.0,31.2
2026-05-19 06:00:00,31.8,29,0.0,8.1,0,40.0,6.0,31.2
2026-05-19 07:00:00,33.5,27,0.0,8.1,0,182.0,73.0,32.9
2026-05-19 08:00:00,35.8,23,0.0,9.6,0,374.0,208.0,34.8
2026-05-19 09:00:00,38.6,19,0.0,10.5,0,566.0,359.0,37.4
2026-05-19 10:00:00,41.0,13,0.0,13.9,0,731.0,495.0,39.3
2026-05-19 11:00:00,43.3,11,0.0,16.1,0,846.0,593.0,41.5
2026-05-19 12:00:00,44.0,10,0.0,15.6,0,900.0,639.0,42.5
2026-05-19 13:00:00,44.4,9,0.0,14.0,0,888.0,629.0,43.0
2026-05-19 14:00:00,44.4,10,0.0,14.2,0,809.0,562.0,42.6
2026-05-19 15:00:00,44.1,11,0.0,15.2,0,671.0,446.0,41.5
2026-05-19 16:00:00,43.3,11,0.0,15.5,0,491.0,299.0,40.1
2026-05-19 17:00:00,43.3,11,0.0,15.3,0,295.0,149.0,40.0
2026-05-19 18:00:00,42.0,12,0.0,11.1,0,116.0,35.0,39.6
2026-05-19 19:00:00,40.3,15,0.0,5.6,0,12.0,1.0,39.0
2026-05-19 20:00:00,39.1,16,0.0,5.9,0,0.0,0.0,37.9
2026-05-19 21:00:00,38.4,16,0.0,8.0,0,0.0,0.0,36.7
2026-05-19 22:00:00,38.3,15,0.0,10.4,0,0.0,0.0,36.0
2026-05-19 23:00:00,36.4,19,0.0,9.7,0,0.0,0.0,34.8
2026-05-20 00:00:00,35.1,22,0.0,8.1,0,0.0,0.0,33.9
2026-05-20 01:00:00,33.9,23,0.0,6.6,0,0.0,0.0,32.9
2026-05-20 02:00:00,33.1,24,0.0,6.7,0,0.0,0.0,32.0
2026-05-20 03:00:00,32.6,23,0.0,8.8,0,0.0,0.0,31.0
2026-05-20 04:00:00,32.1,23,0.0,8.7,0,0.0,0.0,30.4
2026-05-20 05:00:00,32.4,24,0.0,9.9,0,0.0,0.0,30.7
2026-05-20 06:00:00,32.2,26,0.0,9.4,0,41.0,7.0,30.8
2026-05-20 07:00:00,33.5,26,0.0,9.4,0,184.0,74.0,32.4
2026-05-20 08:00:00,35.6,25,0.0,10.2,0,375.0,209.0,34.8
2026-05-20 09:00:00,37.9,24,0.0,10.6,0,567.0,362.0,37.6
2026-05-20 10:00:00,40.1,22,0.0,11.6,0,729.0,496.0,40.6
2026-05-20 11:00:00,42.2,18,0.0,11.4,30,838.0,587.0,43.0
2026-05-20 12:00:00,42.7,16,0.0,10.6,30,754.0,469.0,42.7
2026-05-20 13:00:00,43.3,14,0.0,9.5,26,756.0,484.0,43.2
2026-05-20 14:00:00,43.6,14,0.0,10.9,9,756.0,506.0,43.1
2026-05-20 15:00:00,43.4,14,0.0,11.0,0,643.0,417.0,42.2
2026-05-20 16:00:00,43.0,14,0.0,10.1,0,485.0,292.0,41.3
2026-05-20 17:00:00,43.2,13,0.0,6.5,0,292.0,147.0,42.0
2026-05-20 18:00:00,41.7,15,0.0,10.5,0,116.0,35.0,40.0
2026-05-20 19:00:00,40.1,18,0.0,8.0,0,12.0,1.0,39.2
2026-05-20 20:00:00,38.9,20,0.0,5.9,0,0.0,0.0,38.6
2026-05-20 21:00:00,38.1,20,0.0,8.2,0,0.0,0.0,37.2
2026-05-20 22:00:00,36.0,23,0.0,6.4,0,0.0,0.0,35.5
2026-05-20 23:00:00,35.8,22,0.0,9.1,0,0.0,0.0,34.6
2026-05-21 00:00:00,34.8,23,0.0,9.4,0,0.0,0.0,33.5
2026-05-21 01:00:00,34.0,24,0.0,10.8,0,0.0,0.0,32.5
2026-05-21 02:00:00,33.7,25,0.0,13.6,0,0.0,0.0,32.0
2026-05-21 03:00:00,33.5,27,0.0,14.1,0,0.0,0.0,32.0
2026-05-21 04:00:00,33.2,29,0.0,12.8,0,0.0,0.0,32.2
2026-05-21 05:00:00,33.8,32,0.0,15.3,0,0.0,0.0,33.2
2026-05-21 06:00:00,33.8,34,0.0,15.0,0,41.0,7.0,33.4
2026-05-21 07:00:00,34.6,33,0.0,14.0,0,182.0,72.0,34.6
2026-05-21 08:00:00,36.3,27,0.0,18.7,0,371.0,206.0,35.1
2026-05-21 09:00:00,37.8,25,0.0,18.8,0,562.0,358.0,36.4
2026-05-21 10:00:00,39.3,22,0.0,18.2,3,725.0,492.0,38.7
2026-05-21 11:00:00,40.7,19,0.0,18.3,48,838.0,587.0,40.3
2026-05-21 12:00:00,41.5,18,0.0,18.1,33,877.0,601.0,41.2
2026-05-21 13:00:00,42.2,17,0.0,16.7,17,869.0,604.0,42.0
2026-05-21 14:00:00,42.6,16,0.0,15.3,38,797.0,551.0,42.1
2026-05-21 15:00:00,42.5,16,0.0,13.9,14,660.0,431.0,41.4
2026-05-21 16:00:00,42.3,16,0.0,12.9,0,486.0,293.0,40.7
2026-05-21 17:00:00,42.8,14,0.0,12.4,2,293.0,148.0,40.7
2026-05-21 18:00:00,41.4,15,0.0,11.9,2,117.0,35.0,39.4
2026-05-21 19:00:00,39.7,16,0.0,9.1,0,12.0,1.0,38.0
2026-05-21 20:00:00,38.1,17,0.0,7.9,0,0.0,0.0,36.6
2026-05-21 21:00:00,37.0,20,0.0,10.5,0,0.0,0.0,35.4
2026-05-21 22:00:00,36.6,19,0.0,11.2,0,0.0,0.0,34.7
2026-05-21 23:00:00,36.4,19,0.0,10.9,0,0.0,0.0,34.5
2026-05-22 00:00:00,35.6,18,0.0,11.9,0,0.0,0.0,33.2
2026-05-22 01:00:00,34.3,19,0.0,10.8,0,0.0,0.0,32.0
2026-05-22 02:00:00,33.4,19,0.0,10.3,0,0.0,0.0,31.0
2026-05-22 03:00:00,32.8,20,0.0,10.3,0,0.0,0.0,30.4
2026-05-22 04:00:00,32.3,22,0.0,8.1,0,0.0,0.0,30.5
2026-05-22 05:00:00,32.1,24,0.0,7.4,0,0.0,0.0,30.8
2026-05-22 06:00:00,32.0,27,0.0,8.9,0,42.0,7.0,30.8
2026-05-22 07:00:00,33.2,27,0.0,9.5,0,184.0,73.0,32.2
2026-05-22 08:00:00,35.0,24,0.0,11.0,0,376.0,208.0,33.8
2026-05-22 09:00:00,36.8,23,0.0,10.4,0,568.0,361.0,36.0
2026-05-22 10:00:00,38.6,22,0.0,10.3,0,730.0,495.0,39.0
2026-05-22 11:00:00,40.8,18,0.0,10.7,0,845.0,593.0,41.4
2026-05-22 12:00:00,41.6,16,0.0,11.4,0,898.0,639.0,42.0
2026-05-22 13:00:00,41.9,15,0.0,11.6,0,880.0,624.0,42.1
2026-05-22 14:00:00,42.0,15,0.0,11.6,8,796.0,549.0,41.6
2026-05-22 15:00:00,42.0,14,0.0,12.2,21,654.0,428.0,40.5
2026-05-22 16:00:00,41.5,15,0.0,13.0,6,454.0,261.0,39.5
2026-05-22 17:00:00,42.0,12,0.0,11.8,14,292.0,145.0,39.5
2026-05-22 18:00:00,41.0,13,0.0,14.3,20,98.0,27.0,38.1
2026-05-22 19:00:00,39.2,18,0.0,12.6,1,12.0,1.0,37.5
2026-05-22 20:00:00,37.7,22,0.0,8.1,1,0.0,0.0,37.2
2026-05-22 21:00:00,36.9,22,0.0,7.9,0,0.0,0.0,36.3
2026-05-22 22:00:00,36.5,21,0.0,8.9,0,0.0,0.0,35.2
2026-05-22 23:00:00,36.1,22,0.0,7.1,0,0.0,0.0,35.4
2026-05-23 00:00:00,34.8,24,0.0,5.5,2,0.0,0.0,34.4
2026-05-23 01:00:00,33.9,26,0.0,4.1,1,0.0,0.0,33.8
2026-05-23 02:00:00,33.4,27,0.0,4.8,0,0.0,0.0,33.2
2026-05-23 03:00:00,32.4,30,0.0,4.0,0,0.0,0.0,32.5
2026-05-23 04:00:00,31.7,31,0.0,4.0,0,0.0,0.0,31.9
2026-05-23 05:00:00,31.6,35,0.0,5.2,5,0.0,0.0,32.2
2026-05-23 06:00:00,31.7,36,0.0,7.1,4,41.0,7.0,32.2
2026-05-23 07:00:00,33.2,34,0.0,7.2,3,176.0,67.0,33.8
2026-05-23 08:00:00,35.7,29,0.0,8.1,1,367.0,200.0,36.2
2026-05-23 09:00:00,38.0,24,0.0,9.0,1,557.0,350.0,38.0
2026-05-23 10:00:00,39.6,20,0.0,11.5,17,720.0,487.0,39.7
2026-05-23 11:00:00,41.0,16,0.0,16.1,40,766.0,504.0,39.7
2026-05-23 12:00:00,40.7,15,0.0,18.1,46,730.0,450.0,38.8
2026-05-23 13:00:00,39.8,18,0.0,14.5,29,684.0,428.0,38.7
2026-05-23 14:00:00,40.4,17,0.0,13.7,4,737.0,478.0,39.5
2026-05-23 15:00:00,41.3,13,0.0,13.5,2,635.0,414.0,39.0
2026-05-23 16:00:00,41.2,12,0.0,17.2,3,497.0,305.0,37.6
2026-05-23 17:00:00,40.7,16,0.0,13.7,2,296.0,150.0,38.7
2026-05-23 18:00:00,39.8,15,0.0,12.3,0,119.0,36.0,37.5
2026-05-23 19:00:00,38.0,19,0.0,12.0,0,13.0,1.0,36.4
2026-05-23 20:00:00,37.3,18,0.0,10.4,0,0.0,0.0,35.4
2026-05-23 21:00:00,36.1,19,0.0,9.3,0,0.0,0.0,34.3
2026-05-23 22:00:00,34.9,20,0.0,8.2,0,0.0,0.0,33.4
2026-05-23 23:00:00,34.7,23,0.0,7.5,0,0.0,0.0,33.8
2026-05-24 00:00:00,33.4,25,0.0,5.1,0,0.0,0.0,32.8
2026-05-24 01:00:00,33.0,24,0.0,4.1,0,0.0,0.0,32.3
2026-05-24 02:00:00,31.9,25,0.0,5.1,0,0.0,0.0,31.1
2026-05-24 03:00:00,30.8,29,0.0,6.9,0,0.0,0.0,29.9
2026-05-24 04:00:00,30.0,31,0.0,8.2,0,0.0,0.0,29.0
2026-05-24 05:00:00,30.2,33,0.0,8.8,0,0.0,0.0,29.6
2026-05-24 06:00:00,30.1,34,0.0,8.3,0,43.0,7.0,29.7
2026-05-24 07:00:00,31.7,33,0.0,7.7,5,186.0,74.0,31.6
2026-05-24 08:00:00,34.0,29,0.0,10.1,0,373.0,206.0,33.6
2026-05-24 09:00:00,36.8,25,0.0,10.8,0,565.0,359.0,36.4
2026-05-24 10:00:00,39.1,19,0.0,13.8,0,729.0,495.0,38.5
2026-05-24 11:00:00,41.3,17,0.0,14.0,5,843.0,591.0,41.2
2026-05-24 12:00:00,42.2,14,0.0,16.5,33,876.0,615.0,41.3
2026-05-24 13:00:00,41.9,15,0.0,16.8,22,704.0,437.0,40.1
2026-05-24 14:00:00,41.9,15,0.0,16.6,8,706.0,451.0,40.3
2026-05-24 15:00:00,42.0,15,0.0,16.6,9,627.0,395.0,39.9
2026-05-24 16:00:00,41.7,15,0.0,14.6,16,456.0,264.0,39.4
2026-05-24 17:00:00,42.3,12,0.0,8.1,11,272.0,130.0,40.3
2026-05-24 18:00:00,41.2,15,0.0,4.3,5,111.0,33.0,40.3
2026-05-24 19:00:00,39.7,17,0.0,1.3,0,13.0,1.0,39.5
2026-05-24 20:00:00,38.3,17,0.0,4.0,4,0.0,0.0,37.3
2026-05-24 21:00:00,37.2,20,0.0,3.8,29,0.0,0.0,36.8
2026-05-24 22:00:00,36.2,20,0.0,4.9,0,0.0,0.0,35.4
2026-05-24 23:00:00,35.9,22,0.0,6.6,2,0.0,0.0,35.1
2026-05-25 00:00:00,34.2,25,0.0,5.2,0,0.0,0.0,33.7
2026-05-25 01:00:00,34.8,19,0.0,13.6,0,0.0,0.0,32.1
2026-05-25 02:00:00,34.8,19,0.0,16.5,0,0.0,0.0,31.8
2026-05-25 03:00:00,33.9,21,0.0,14.3,0,0.0,0.0,31.3
2026-05-25 04:00:00,32.8,22,0.0,13.7,0,0.0,0.0,30.3
2026-05-25 05:00:00,33.3,24,0.0,13.0,2,0.0,0.0,31.3
2026-05-25 06:00:00,33.3,24,0.0,12.3,3,43.0,7.0,31.5
2026-05-25 07:00:00,34.2,25,0.0,9.9,18,175.0,64.0,33.1
2026-05-25 08:00:00,36.0,23,0.0,13.2,0,363.0,192.0,34.5
2026-05-25 09:00:00,37.8,22,0.0,15.3,0,566.0,362.0,36.3
2026-05-25 10:00:00,39.3,21,0.0,16.2,0,727.0,496.0,38.8
2026-05-25 11:00:00,41.6,18,0.0,12.0,0,839.0,591.0,42.3
2026-05-25 12:00:00,42.5,16,0.0,10.0,15,894.0,638.0,43.6
2026-05-25 13:00:00,42.8,16,0.0,11.6,47,822.0,553.0,43.0
2026-05-25 14:00:00,43.0,13,0.0,14.2,42,709.0,433.0,41.4
2026-05-25 15:00:00,42.9,13,0.0,14.2,53,545.0,307.0,40.4
2026-05-25 16:00:00,42.1,15,0.0,12.2,20,363.0,162.0,40.4
2026-05-25 17:00:00,41.5,13,0.0,12.1,14,273.0,130.0,39.2
2026-05-25 18:00:00,40.8,14,0.0,10.0,12,118.0,35.0,38.8
2026-05-25 19:00:00,39.4,16,0.0,4.5,5,14.0,1.0,38.5
2026-05-25 20:00:00,38.6,17,0.0,5.9,1,0.0,0.0,37.5
2026-05-25 21:00:00,37.2,21,0.0,3.6,1,0.0,0.0,37.1
2026-05-25 22:00:00,36.6,21,0.0,5.3,3,0.0,0.0,36.0
2026-05-25 23:00:00,37.2,19,0.0,8.6,16,0.0,0.0,35.8
2026-05-26 00:00:00,35.6,20,0.0,5.4,5,0.0,0.0,34.5
2026-05-26 01:00:00,34.4,22,0.0,4.2,5,0.0,0.0,33.7
2026-05-26 02:00:00,33.7,23,0.0,5.4,0,0.0,0.0,32.7
2026-05-26 03:00:00,32.7,24,0.0,4.9,0,0.0,0.0,31.8
2026-05-26 04:00:00,32.0,24,0.0,5.1,0,0.0,0.0,31.0
2026-05-26 05:00:00,32.3,24,0.0,7.4,0,0.0,0.0,31.0
2026-05-26 06:00:00,31.8,26,0.0,9.4,0,46.0,8.0,30.4
2026-05-26 07:00:00,32.8,26,0.0,6.7,0,194.0,80.0,32.0
2026-05-26 08:00:00,35.2,22,0.0,7.2,0,388.0,219.0,34.3
2026-05-26 09:00:00,37.2,20,0.0,9.6,0,580.0,372.0,36.2
2026-05-26 10:00:00,39.2,18,0.0,10.5,0,742.0,506.0,38.8
2026-05-26 11:00:00,41.8,10,0.0,13.4,1,854.0,601.0,40.1
2026-05-26 12:00:00,42.2,10,0.0,14.9,16,886.0,616.0,40.4
2026-05-26 13:00:00,42.4,11,0.0,17.3,17,843.0,573.0,40.2
2026-05-26 14:00:00,42.6,10,0.0,18.0,2,750.0,491.0,39.7
2026-05-26 15:00:00,42.2,11,0.0,19.5,2,665.0,436.0,38.7
2026-05-26 16:00:00,41.7,11,0.0,15.9,1,498.0,307.0,38.1
2026-05-26 17:00:00,42.0,9,0.0,13.4,2,305.0,158.0,38.4
2026-05-26 18:00:00,41.1,10,0.0,10.7,2,125.0,40.0,38.1
2026-05-26 19:00:00,39.5,11,0.0,7.3,0,15.0,1.0,37.0
2026-05-26 20:00:00,38.4,13,0.0,5.4,0,0.0,0.0,36.4
2026-05-26 21:00:00,37.8,14,0.0,6.8,0,0.0,0.0,35.8
2026-05-26 22:00:00,37.0,15,0.0,6.6,0,0.0,0.0,35.0
2026-05-26 23:00:00,36.1,18,0.0,4.6,0,0.0,0.0,34.9
2026-05-27 00:00:00,34.9,19,0.0,4.0,0,0.0,0.0,33.8
2026-05-27 01:00:00,34.4,21,0.0,2.6,0,0.0,0.0,33.6
2026-05-27 02:00:00,33.5,21,0.0,3.4,0,0.0,0.0,32.5
2026-05-27 03:00:00,32.4,22,0.0,5.0,0,0.0,0.0,31.0
2026-05-27 04:00:00,31.5,23,0.0,5.6,0,0.0,0.0,30.0
2026-05-27 05:00:00,31.4,25,0.0,4.9,0,0.0,0.0,30.4
2026-05-27 06:00:00,31.7,25,0.0,6.4,0,45.0,8.0,30.6
2026-05-27 07:00:00,33.3,24,0.0,6.1,0,193.0,80.0,32.3
2026-05-27 08:00:00,35.6,20,0.0,7.2,0,385.0,218.0,34.4
2026-05-27 09:00:00,38.0,17,0.0,8.6,0,576.0,370.0,36.4
2026-05-27 10:00:00,39.6,14,0.0,10.2,0,739.0,505.0,38.5
2026-05-27 11:00:00,41.6,12,0.0,10.7,0,853.0,601.0,40.8
2026-05-27 12:00:00,42.4,11,0.0,12.6,0,908.0,649.0,41.6
2026-05-27 13:00:00,42.8,12,0.0,14.9,0,893.0,637.0,41.6
2026-05-27 14:00:00,42.9,12,0.0,15.9,0,813.0,569.0,41.3
2026-05-27 15:00:00,42.7,13,0.0,16.2,0,677.0,455.0,40.5
2026-05-27 16:00:00,42.5,13,0.0,16.3,2,500.0,310.0,39.6
2026-05-27 17:00:00,43.4,10,0.0,19.1,2,300.0,154.0,39.4
2026-05-27 18:00:00,42.3,11,0.0,15.2,1,124.0,40.0,39.1
2026-05-27 19:00:00,40.8,13,0.0,11.4,0,15.0,1.0,38.4
2026-05-27 20:00:00,39.7,15,0.0,7.9,0,0.0,0.0,38.0
2026-05-27 21:00:00,38.3,17,0.0,4.9,0,0.0,0.0,37.4
2026-05-27 22:00:00,37.9,19,0.0,3.1,0,0.0,0.0,37.5
2026-05-27 23:00:00,37.4,19,0.0,4.1,1,0.0,0.0,36.8
2026-05-28 00:00:00,35.7,21,0.0,4.5,0,0.0,0.0,35.0
2026-05-28 01:00:00,34.5,26,0.0,3.4,0,0.0,0.0,34.5
2026-05-28 02:00:00,33.4,28,0.0,3.9,0,0.0,0.0,33.5
2026-05-28 03:00:00,32.2,31,0.0,3.3,0,0.0,0.0,32.6
2026-05-28 04:00:00,31.5,36,0.0,6.9,7,0.0,0.0,32.0
2026-05-28 05:00:00,30.1,45,0.0,7.9,0,0.0,0.0,31.2
2026-05-28 06:00:00,29.7,45,0.0,9.5,0,45.0,8.0,30.6
2026-05-28 07:00:00,30.6,42,0.0,8.7,0,188.0,77.0,31.4
2026-05-28 08:00:00,32.5,40,0.0,9.5,0,374.0,208.0,33.7
2026-05-28 09:00:00,34.6,40,0.0,11.3,0,561.0,357.0,36.4
2026-05-28 10:00:00,36.7,37,0.0,10.0,0,720.0,487.0,39.8
2026-05-28 11:00:00,38.5,32,0.0,10.8,18,829.0,579.0,41.9
2026-05-28 12:00:00,39.7,30,0.0,9.4,0,874.0,612.0,43.5
2026-05-28 13:00:00,40.4,30,0.0,10.6,28,856.0,596.0,44.1
2026-05-28 14:00:00,40.1,28,0.0,11.4,57,746.0,484.0,42.3
2026-05-28 15:00:00,37.9,29,0.0,8.1,63,486.0,227.0,39.1
2026-05-28 16:00:00,37.7,35,0.3,12.9,46,247.0,78.0,39.5
2026-05-28 17:00:00,38.0,34,0.0,11.0,98,252.0,103.0,39.9
2026-05-28 18:00:00,34.4,42,0.3,13.9,100,63.0,5.0,35.9
2026-05-28 19:00:00,29.1,67,1.0,14.6,100,3.0,0.0,32.0
2026-05-28 20:00:00,31.0,59,0.9,7.1,100,0.0,0.0,34.9
2026-05-28 21:00:00,32.2,50,0.7,2.4,69,0.0,0.0,36.0
2026-05-28 22:00:00,31.1,58,0.0,3.6,31,0.0,0.0,35.5
2026-05-28 23:00:00,28.7,49,0.0,18.6,14,0.0,0.0,28.3
2026-05-29 00:00:00,28.1,52,0.0,1.7,71,0.0,0.0,30.4
2026-05-29 01:00:00,28.3,51,0.0,6.8,59,0.0,0.0,29.7
2026-05-29 02:00:00,27.8,60,0.0,5.9,1,0.0,0.0,30.5
2026-05-29 03:00:00,26.8,71,0.0,5.8,3,0.0,0.0,30.3
2026-05-29 04:00:00,26.5,73,0.0,9.2,13,0.0,0.0,29.6
2026-05-29 05:00:00,26.0,69,0.0,11.6,0,0.0,0.0,28.1
2026-05-29 06:00:00,26.1,69,0.0,13.5,0,44.0,7.0,28.0
2026-05-29 07:00:00,27.0,67,0.0,15.5,0,182.0,70.0,28.7
2026-05-29 08:00:00,28.1,66,0.0,14.4,0,364.0,193.0,30.4
2026-05-29 09:00:00,29.7,63,0.0,13.7,0,548.0,336.0,32.5
2026-05-29 10:00:00,31.3,58,0.0,12.2,0,702.0,457.0,35.3
2026-05-29 11:00:00,33.5,50,0.0,15.3,7,809.0,545.0,37.2
2026-05-29 12:00:00,32.7,50,0.1,12.4,86,825.0,549.0,36.7
2026-05-29 13:00:00,30.9,54,0.4,10.5,14,553.0,266.0,33.4
2026-05-29 14:00:00,32.8,51,0.0,8.9,97,652.0,367.0,36.5
2026-05-29 15:00:00,31.7,53,0.2,8.9,73,329.0,91.0,34.7
2026-05-29 16:00:00,32.0,52,0.3,9.3,45,389.0,181.0,34.9
2026-05-29 17:00:00,33.8,43,0.0,15.4,67,249.0,93.0,35.2
2026-05-29 18:00:00,33.2,45,0.0,8.3,55,92.0,16.0,35.5
2026-05-29 19:00:00,32.6,47,0.0,8.1,64,14.0,0.0,35.1
2026-05-29 20:00:00,32.3,48,0.0,8.1,2,0.0,0.0,34.8
2026-05-29 21:00:00,31.8,48,0.0,7.7,18,0.0,0.0,34.2
2026-05-29 22:00:00,31.3,47,0.0,9.9,3,0.0,0.0,33.1
2026-05-29 23:00:00,29.3,51,0.0,15.5,61,0.0,0.0,30.0
2026-05-30 00:00:00,27.8,58,0.0,13.6,42,0.0,0.0,29.0
2026-05-30 01:00:00,26.9,61,0.0,12.0,31,0.0,0.0,28.3
2026-05-30 02:00:00,26.3,62,0.0,12.2,93,0.0,0.0,27.6
2026-05-30 03:00:00,25.9,64,0.0,8.9,66,0.0,0.0,27.8
2026-05-30 04:00:00,25.3,68,0.0,6.9,2,0.0,0.0,27.6
2026-05-30 05:00:00,24.7,76,0.0,10.3,44,0.0,0.0,27.1
2026-05-30 06:00:00,24.8,76,0.0,8.7,35,45.0,7.0,27.5
2026-05-30 07:00:00,25.9,71,0.0,9.8,3,178.0,61.0,28.4
2026-05-30 08:00:00,27.9,59,0.0,10.4,0,369.0,198.0,29.8
2026-05-30 09:00:00,30.0,49,0.0,12.6,0,555.0,344.0,31.1
2026-05-30 10:00:00,31.6,46,0.0,5.8,0,720.0,482.0,35.0
2026-05-30 11:00:00,33.0,46,0.0,11.9,2,805.0,539.0,36.5
2026-05-30 12:00:00,34.4,42,0.0,11.4,13,855.0,588.0,38.1
2026-05-30 13:00:00,35.5,37,0.0,10.5,19,815.0,545.0,38.5
2026-05-30 14:00:00,34.5,35,0.1,5.4,53,689.0,413.0,36.9
2026-05-30 15:00:00,34.0,37,0.3,4.9,22,425.0,210.0,35.8
2026-05-30 16:00:00,24.7,79,2.7,11.2,100,361.0,151.0,27.3
2026-05-30 17:00:00,24.0,89,1.4,8.5,90,53.0,2.0,27.8
2026-05-30 18:00:00,25.7,80,0.2,4.4,100,63.0,6.0,30.0
2026-05-30 19:00:00,26.0,78,0.0,2.4,100,5.0,0.0,30.5
2026-05-30 20:00:00,26.2,78,0.0,7.7,91,0.0,0.0,30.0
2026-05-30 21:00:00,25.8,82,0.0,9.6,58,0.0,0.0,29.6
2026-05-30 22:00:00,25.2,86,0.0,11.7,13,0.0,0.0,28.8
2026-05-30 23:00:00,24.7,68,0.0,12.7,69,0.0,0.0,26.0
2026-05-31 00:00:00,24.1,70,0.0,9.6,71,0.0,0.0,25.7
2026-05-31 01:00:00,23.9,72,0.0,6.3,49,0.0,0.0,26.1
2026-05-31 02:00:00,23.6,73,0.0,6.5,37,0.0,0.0,25.7
2026-05-31 03:00:00,23.5,73,0.0,6.8,27,0.0,0.0,25.6
2026-05-31 04:00:00,23.3,75,0.0,6.6,9,0.0,0.0,25.4
2026-05-31 05:00:00,23.9,78,0.0,11.3,6,0.0,0.0,26.0
2026-05-31 06:00:00,24.4,77,0.0,10.0,2,43.0,6.0,26.8
2026-05-31 07:00:00,25.6,72,0.0,10.5,0,177.0,62.0,28.0
2026-05-31 08:00:00,27.3,66,0.0,10.4,0,357.0,183.0,29.7
2026-05-31 09:00:00,29.1,59,0.0,10.0,0,539.0,320.0,31.5
2026-05-31 10:00:00,30.6,51,0.0,8.8,3,696.0,446.0,33.6
2026-05-31 11:00:00,32.2,43,0.0,8.3,45,793.0,520.0,35.3
2026-05-31 12:00:00,32.5,43,0.0,5.9,74,814.0,501.0,36.3
2026-05-31 13:00:00,32.7,42,0.0,5.6,66,739.0,395.0,36.1
2026-05-31 14:00:00,33.0,41,0.0,4.7,38,719.0,432.0,36.3
2026-05-31 15:00:00,33.1,41,0.1,5.5,26,590.0,335.0,35.4
2026-05-31 16:00:00,31.1,46,0.6,12.9,44,416.0,199.0,32.1
2026-05-31 17:00:00,26.1,80,0.1,10.6,82,264.0,107.0,29.7
2026-05-31 18:00:00,27.3,68,0.0,11.9,38,105.0,19.0,29.9
2026-05-31 19:00:00,26.8,68,0.0,6.4,28,15.0,1.0,29.9
2026-05-31 20:00:00,26.7,70,0.0,4.4,2,0.0,0.0,30.3
2026-05-31 21:00:00,26.4,72,0.0,3.6,19,0.0,0.0,30.2
2026-05-31 22:00:00,25.9,75,0.0,3.0,3,0.0,0.0,29.9
2026-05-31 23:00:00,26.5,73,0.0,2.4,26,0.0,0.0,30.7
2026-06-01 00:00:00,26.1,73,0.0,3.1,33,0.0,0.0,29.9
2026-06-01 01:00:00,25.7,76,0.0,2.3,38,0.0,0.0,29.8
2026-06-01 02:00:00,25.4,76,0.0,2.7,38,0.0,0.0,29.3
2026-06-01 03:00:00,25.0,78,0.0,2.9,37,0.0,0.0,28.9
2026-06-01 04:00:00,24.6,82,0.0,4.8,9,0.0,0.0,28.4
2026-06-01 05:00:00,24.7,86,0.0,5.2,23,0.0,0.0,28.9
2026-06-01 06:00:00,25.2,83,0.0,3.8,17,41.0,5.0,29.6
2026-06-01 07:00:00,26.5,76,0.0,4.9,30,168.0,52.0,30.6
2026-06-01 08:00:00,25.2,75,0.4,13.1,55,291.0,126.0,27.2
2026-06-01 09:00:00,27.5,66,0.0,6.8,20,459.0,228.0,30.6
2026-06-01 10:00:00,30.0,56,0.0,7.2,17,666.0,403.0,33.6
2026-06-01 11:00:00,32.0,43,0.0,10.2,56,775.0,488.0,34.6
2026-06-01 12:00:00,31.2,46,0.6,7.8,89,742.0,443.0,34.2
2026-06-01 13:00:00,32.4,42,0.1,6.9,49,658.0,358.0,34.9
2026-06-01 14:00:00,32.7,41,0.0,6.5,41,596.0,305.0,34.7
2026-06-01 15:00:00,33.0,40,0.0,5.8,80,566.0,292.0,34.9
2026-06-01 16:00:00,33.1,39,0.0,5.3,29,436.0,215.0,34.9
2026-06-01 17:00:00,32.4,42,0.0,10.2,34,280.0,124.0,33.7
2026-06-01 18:00:00,31.0,49,0.0,8.9,27,116.0,30.0,33.0
2026-06-01 19:00:00,29.7,57,0.0,5.6,10,16.0,1.0,32.8
2026-06-01 20:00:00,28.8,62,0.0,5.7,2,0.0,0.0,32.2
2026-06-01 21:00:00,28.3,63,0.0,4.9,1,0.0,0.0,31.7
2026-06-01 22:00:00,27.8,66,0.0,3.9,0,0.0,0.0,31.5
2026-06-01 23:00:00,28.0,65,0.0,6.6,5,0.0,0.0,31.3
2026-06-02 00:00:00,27.3,66,0.0,6.7,5,0.0,0.0,30.4
2026-06-02 01:00:00,26.6,69,0.0,7.0,19,0.0,0.0,29.6
2026-06-02 02:00:00,25.1,77,0.5,10.8,50,0.0,0.0,27.7
2026-06-02 03:00:00,24.6,80,0.1,4.9,2,0.0,0.0,28.2
2026-06-02 04:00:00,24.4,80,0.0,5.5,3,0.0,0.0,27.8
2026-06-02 05:00:00,26.3,74,0.0,6.1,92,0.0,0.0,29.9
2026-06-02 06:00:00,26.0,73,0.0,7.2,96,37.0,3.0,29.2
2026-06-02 07:00:00,27.2,66,0.0,3.4,51,149.0,35.0,30.7
2026-06-02 08:00:00,29.6,54,0.0,6.1,3,344.0,160.0,32.2
2026-06-02 09:00:00,31.4,47,0.0,7.6,1,532.0,316.0,33.6
2026-06-02 10:00:00,33.3,40,0.0,7.9,14,696.0,452.0,35.8
2026-06-02 11:00:00,34.5,33,0.1,9.3,10,768.0,498.0,36.4
2026-06-02 12:00:00,35.3,30,0.0,7.6,29,766.0,492.0,37.2
2026-06-02 13:00:00,36.2,28,0.1,7.1,24,754.0,466.0,38.0
2026-06-02 14:00:00,36.3,28,0.1,7.6,28,703.0,442.0,37.7
2026-06-02 15:00:00,36.5,28,0.0,7.3,22,632.0,392.0,37.6
2026-06-02 16:00:00,35.9,29,0.0,6.0,31,446.0,250.0,36.7
2026-06-02 17:00:00,32.5,46,0.0,5.8,31,278.0,125.0,35.2
2026-06-02 18:00:00,32.4,47,0.1,5.8,4,121.0,33.0,35.2
2026-06-02 19:00:00,31.9,49,0.0,3.5,2,16.0,1.0,35.1
2026-06-02 20:00:00,31.6,52,0.0,4.2,1,0.0,0.0,35.0
2026-06-02 21:00:00,31.2,54,0.0,4.6,0,0.0,0.0,34.7
2026-06-02 22:00:00,30.8,55,0.0,3.7,0,0.0,0.0,34.4
2026-06-02 23:00:00,31.0,53,0.0,3.3,0,0.0,0.0,34.6
2026-06-03 00:00:00,30.5,59,0.0,2.2,0,0.0,0.0,34.9
2026-06-03 01:00:00,30.4,59,0.0,1.1,0,0.0,0.0,34.9
2026-06-03 02:00:00,30.1,60,0.0,1.8,0,0.0,0.0,34.5
2026-06-03 03:00:00,29.9,60,0.0,0.9,0,0.0,0.0,34.3
2026-06-03 04:00:00,29.5,60,0.0,1.4,0,0.0,0.0,33.7
2026-06-03 05:00:00,29.1,65,0.0,1.9,4,0.0,0.0,33.5
2026-06-03 06:00:00,29.7,59,0.0,4.0,0,44.0,6.0,33.3
2026-06-03 07:00:00,31.0,54,0.0,4.4,0,179.0,66.0,34.4
2026-06-03 08:00:00,32.7,47,0.0,4.5,0,359.0,189.0,35.9
2026-06-03 09:00:00,34.3,40,0.0,3.1,3,542.0,331.0,37.1
2026-06-03 10:00:00,35.6,35,0.0,4.2,9,662.0,418.0,38.6
2026-06-03 11:00:00,35.4,33,0.0,6.4,30,777.0,505.0,38.2
2026-06-03 12:00:00,36.6,32,0.1,7.5,29,824.0,536.0,39.7
2026-06-03 13:00:00,37.3,31,0.1,6.8,18,823.0,538.0,40.5
2026-06-03 14:00:00,37.9,29,0.0,6.6,21,741.0,483.0,40.3
2026-06-03 15:00:00,38.4,26,0.0,6.7,35,619.0,390.0,39.7
2026-06-03 16:00:00,37.8,27,0.0,6.5,15,433.0,244.0,38.7
2026-06-03 17:00:00,38.5,26,0.0,9.0,45,273.0,128.0,39.1
2026-06-03 18:00:00,36.0,33,0.1,9.9,46,120.0,37.0,37.1
2026-06-03 19:00:00,35.1,37,0.4,11.1,21,16.0,1.0,36.4
2026-06-03 20:00:00,34.7,38,0.0,7.0,8,0.0,0.0,36.7
2026-06-03 21:00:00,34.1,41,0.0,5.4,5,0.0,0.0,36.6
2026-06-03 22:00:00,33.2,45,0.0,4.6,2,0.0,0.0,36.2
2026-06-03 23:00:00,33.4,46,0.0,8.4,6,0.0,0.0,36.1
2026-06-04 00:00:00,32.2,50,0.0,5.6,10,0.0,0.0,35.4
2026-06-04 01:00:00,31.1,55,0.0,4.2,0,0.0,0.0,34.9
2026-06-04 02:00:00,30.4,57,0.0,4.0,0,0.0,0.0,34.1
2026-06-04 03:00:00,29.8,57,0.0,4.3,0,0.0,0.0,33.2
2026-06-04 04:00:00,29.3,58,0.0,4.3,0,0.0,0.0,32.6
2026-06-04 05:00:00,30.7,51,0.0,13.0,5,0.0,0.0,32.4
2026-06-04 06:00:00,30.9,49,0.0,2.4,27,44.0,7.0,33.9
2026-06-04 07:00:00,28.4,59,0.1,10.5,71,140.0,50.0,30.5
2026-06-04 08:00:00,31.0,50,0.0,7.5,20,257.0,101.0,33.4
2026-06-04 09:00:00,33.8,42,0.0,8.7,27,520.0,308.0,35.9
2026-06-04 10:00:00,34.5,42,0.0,10.2,3,646.0,405.0,37.2
2026-06-04 11:00:00,38.3,25,0.0,6.7,22,803.0,544.0,40.4
2026-06-04 12:00:00,39.5,22,0.2,3.9,26,812.0,542.0,41.7
2026-06-04 13:00:00,39.0,22,0.0,11.8,42,602.0,333.0,38.6
2026-06-04 14:00:00,39.1,23,0.1,10.1,3,688.0,437.0,39.7
2026-06-04 15:00:00,38.5,25,0.0,10.7,2,589.0,368.0,38.8
2026-06-04 16:00:00,37.5,30,0.0,11.3,20,449.0,258.0,38.3
2026-06-04 17:00:00,34.4,34,0.0,7.6,75,291.0,144.0,35.4
2026-06-04 18:00:00,34.4,32,0.0,11.3,66,97.0,18.0,34.5
2026-06-04 19:00:00,29.9,50,0.1,14.8,100,13.0,1.0,30.9
2026-06-04 20:00:00,30.0,53,0.1,8.3,100,0.0,0.0,32.3
2026-06-04 21:00:00,29.9,54,0.0,8.1,100,0.0,0.0,32.2
2026-06-04 22:00:00,29.7,54,0.0,7.1,100,0.0,0.0,32.1
2026-06-04 23:00:00,28.1,55,0.0,13.4,93,0.0,0.0,29.1
2026-06-05 00:00:00,26.2,68,0.8,2.4,100,0.0,0.0,29.5
2026-06-05 01:00:00,25.4,85,1.2,2.6,100,0.0,0.0,30.2
2026-06-05 02:00:00,26.0,77,0.0,9.0,100,0.0,0.0,29.4
2026-06-05 03:00:00,26.3,74,0.0,4.9,97,0.0,0.0,30.1
2026-06-05 04:00:00,26.7,69,0.0,5.6,100,0.0,0.0,30.0
2026-06-05 05:00:00,25.1,85,0.0,13.9,100,0.0,0.0,28.3
2026-06-05 06:00:00,26.4,72,0.0,2.4,100,19.0,0.0,30.3
2026-06-05 07:00:00,27.0,67,0.0,1.8,100,39.0,0.0,30.8
2026-06-05 08:00:00,28.4,59,0.0,1.6,100,202.0,58.0,31.8
2026-06-05 09:00:00,29.5,53,0.0,4.8,100,286.0,101.0,32.1
2026-06-05 10:00:00,31.2,47,0.0,4.9,88,550.0,214.0,33.6
2026-06-05 11:00:00,32.2,42,0.0,8.0,100,546.0,276.0,33.8
2026-06-05 12:00:00,32.9,41,0.0,9.0,100,311.0,14.0,34.3
2026-06-05 13:00:00,34.0,41,0.0,9.5,88,657.0,313.0,36.4
2026-06-05 14:00:00,33.8,43,0.0,8.3,73,660.0,320.0,36.9
2026-06-05 15:00:00,33.4,45,0.0,8.3,18,538.0,289.0,35.9
2026-06-05 16:00:00,33.7,45,0.1,6.8,2,452.0,253.0,36.5
2026-06-05 17:00:00,34.7,42,0.0,3.5,0,288.0,138.0,37.8
2026-06-05 18:00:00,34.2,43,0.0,3.6,2,128.0,40.0,37.4
2026-06-05 19:00:00,33.5,47,0.0,4.0,1,18.0,1.0,37.0
2026-06-05 20:00:00,32.8,51,0.0,3.1,1,0.0,0.0,36.8
2026-06-05 21:00:00,32.2,54,0.0,2.4,0,0.0,0.0,36.7
2026-06-05 22:00:00,31.8,56,0.0,3.6,0,0.0,0.0,36.1
2026-06-05 23:00:00,31.7,52,0.0,4.0,0,0.0,0.0,35.2
2026-06-06 00:00:00,30.5,59,0.0,3.5,2,0.0,0.0,34.6
2026-06-06 01:00:00,29.8,65,0.0,4.6,0,0.0,0.0,34.4
2026-06-06 02:00:00,29.2,69,0.0,4.2,0,0.0,0.0,34.1
2026-06-06 03:00:00,28.8,71,0.0,3.6,0,0.0,0.0,33.7
2026-06-06 04:00:00,28.5,71,0.0,4.5,0,0.0,0.0,33.1
2026-06-06 05:00:00,29.0,66,0.0,4.4,0,0.0,0.0,33.3
2026-06-06 06:00:00,29.6,62,0.0,4.0,0,45.0,7.0,33.7
2026-06-06 07:00:00,31.4,54,0.0,2.8,0,182.0,69.0,35.2
2026-06-06 08:00:00,33.5,46,0.0,2.2,0,363.0,195.0,37.2
2026-06-06 09:00:00,35.4,40,0.0,3.3,0,547.0,339.0,38.6
2026-06-06 10:00:00,37.0,35,0.0,3.4,2,704.0,468.0,40.8
2026-06-06 11:00:00,38.6,30,0.0,6.3,41,809.0,555.0,42.0
2026-06-06 12:00:00,39.4,27,0.0,6.8,25,785.0,492.0,42.1
2026-06-06 13:00:00,40.3,23,0.0,6.6,40,809.0,534.0,42.5
2026-06-06 14:00:00,40.1,23,0.0,8.1,30,636.0,378.0,41.0
2026-06-06 15:00:00,39.9,24,0.0,8.9,13,616.0,371.0,40.7
2026-06-06 16:00:00,39.2,25,0.0,12.1,23,430.0,232.0,39.2
2026-06-06 17:00:00,35.3,37,0.0,12.5,40,260.0,119.0,36.5
2026-06-06 18:00:00,34.8,38,0.0,8.6,53,103.0,26.0,36.6
2026-06-06 19:00:00,34.5,34,0.0,5.1,1,16.0,1.0,35.9
2026-06-06 20:00:00,34.2,36,0.0,4.8,0,0.0,0.0,35.9
2026-06-06 21:00:00,33.9,37,0.0,6.0,1,0.0,0.0,35.4
2026-06-06 22:00:00,33.8,37,0.0,7.2,0,0.0,0.0,35.1
2026-06-06 23:00:00,32.7,40,0.0,11.7,2,0.0,0.0,33.7
2026-06-07 00:00:00,31.1,45,0.0,10.9,0,0.0,0.0,32.3
2026-06-07 01:00:00,30.1,50,0.0,10.3,0,0.0,0.0,31.7
2026-06-07 02:00:00,29.6,51,0.0,9.8,0,0.0,0.0,31.3
2026-06-07 03:00:00,29.1,52,0.0,8.7,0,0.0,0.0,30.8
2026-06-07 04:00:00,28.9,51,0.0,7.7,0,0.0,0.0,30.6
2026-06-07 05:00:00,29.1,55,0.0,6.9,0,0.0,0.0,31.4
2026-06-07 06:00:00,29.2,56,0.0,5.6,0,46.0,8.0,31.9
2026-06-07 07:00:00,30.5,51,0.0,6.1,0,184.0,73.0,33.1
2026-06-07 08:00:00,32.8,43,0.0,6.8,13,366.0,200.0,35.0
2026-06-07 09:00:00,31.7,44,0.1,20.5,98,496.0,290.0,31.6
2026-06-07 10:00:00,32.1,44,0.1,5.9,48,331.0,90.0,34.2
2026-06-07 11:00:00,38.2,29,0.0,5.4,10,637.0,356.0,40.3
2026-06-07 12:00:00,38.8,28,0.1,5.5,5,851.0,590.0,42.4
2026-06-07 13:00:00,39.8,26,0.0,5.5,2,850.0,590.0,43.1
2026-06-07 14:00:00,40.4,22,0.0,7.5,16,758.0,514.0,42.1
2026-06-07 15:00:00,40.4,21,0.0,11.4,24,600.0,372.0,40.3
2026-06-07 16:00:00,39.4,23,0.0,14.1,27,413.0,223.0,38.9
2026-06-07 17:00:00,34.8,45,0.0,20.9,85,272.0,134.0,36.0
2026-06-07 18:00:00,34.6,45,0.1,5.8,35,73.0,17.0,38.1
2026-06-07 19:00:00,32.4,53,0.0,11.2,11,17.0,1.0,35.5
2026-06-07 20:00:00,32.3,51,0.0,7.6,3,0.0,0.0,35.5
2026-06-07 21:00:00,32.3,50,0.0,5.3,1,0.0,0.0,35.7
2026-06-07 22:00:00,31.9,52,0.0,4.3,0,0.0,0.0,35.6
2026-06-07 23:00:00,32.8,46,0.0,11.6,0,0.0,0.0,34.8
2026-06-08 00:00:00,32.5,43,0.0,11.2,3,0.0,0.0,33.9
2026-06-08 01:00:00,31.6,44,0.0,9.7,0,0.0,0.0,32.9
2026-06-08 02:00:00,30.9,45,0.0,9.3,0,0.0,0.0,32.3
2026-06-08 03:00:00,30.4,46,0.0,9.1,0,0.0,0.0,31.7
2026-06-08 04:00:00,29.9,47,0.0,9.1,1,0.0,0.0,31.3
2026-06-08 05:00:00,30.5,52,0.0,9.7,0,0.0,0.0,32.7
2026-06-08 06:00:00,30.7,53,0.0,9.2,0,46.0,8.0,33.2
2026-06-08 07:00:00,32.1,49,0.0,9.5,0,186.0,75.0,34.6
2026-06-08 08:00:00,34.2,42,0.0,10.7,0,371.0,206.0,36.3
2026-06-08 09:00:00,36.2,38,0.0,11.3,0,558.0,357.0,38.2
2026-06-08 10:00:00,38.1,32,0.0,12.0,0,718.0,491.0,40.5
2026-06-08 11:00:00,40.0,25,0.0,10.8,10,833.0,590.0,42.0
2026-06-08 12:00:00,41.1,20,0.0,12.1,52,847.0,580.0,42.1
2026-06-08 13:00:00,41.4,17,0.0,13.9,45,725.0,419.0,40.6
2026-06-08 14:00:00,41.7,14,0.0,12.5,8,644.0,373.0,40.2
2026-06-08 15:00:00,42.1,14,0.0,14.2,2,658.0,435.0,40.4
2026-06-08 16:00:00,41.7,14,0.0,14.5,3,498.0,308.0,39.2
2026-06-08 17:00:00,41.7,16,0.0,17.6,18,311.0,165.0,39.3
2026-06-08 18:00:00,41.3,14,0.0,14.7,12,119.0,38.0,38.8
2026-06-08 19:00:00,40.2,17,0.0,14.1,2,19.0,2.0,38.1
2026-06-08 20:00:00,38.8,20,0.0,8.8,1,0.0,0.0,37.9
2026-06-08 21:00:00,37.2,26,0.0,3.6,1,0.0,0.0,38.1
2026-06-08 22:00:00,36.4,29,0.0,1.8,0,0.0,0.0,38.0
2026-06-08 23:00:00,35.4,30,0.0,6.2,1,0.0,0.0,36.3
2026-06-09 00:00:00,33.9,33,0.0,5.9,1,0.0,0.0,34.8
2026-06-09 01:00:00,32.9,35,0.0,6.0,1,0.0,0.0,33.8
2026-06-09 02:00:00,32.5,35,0.0,4.6,0,0.0,0.0,33.4
2026-06-09 03:00:00,32.1,34,0.0,4.5,23,0.0,0.0,32.9
2026-06-09 04:00:00,31.6,34,0.0,8.5,0,0.0,0.0,31.6
2026-06-09 05:00:00,31.7,42,0.0,10.2,0,0.0,0.0,32.7
2026-06-09 06:00:00,32.1,45,0.0,8.6,0,47.0,8.0,34.0
2026-06-09 07:00:00,33.6,47,0.0,10.7,0,187.0,77.0,36.2
2026-06-09 08:00:00,35.5,43,0.0,11.0,0,362.0,196.0,38.3
2026-06-09 09:00:00,37.5,38,0.0,10.3,0,554.0,353.0,40.1
2026-06-09 10:00:00,39.4,31,0.0,9.9,1,717.0,490.0,42.3
2026-06-09 11:00:00,41.9,20,0.0,9.2,16,813.0,564.0,43.4
2026-06-09 12:00:00,42.5,17,0.0,13.1,32,831.0,560.0,42.8
2026-06-09 13:00:00,42.6,15,0.0,14.7,3,750.0,493.0,41.7
2026-06-09 14:00:00,43.0,14,0.0,15.4,2,782.0,537.0,41.9
2026-06-09 15:00:00,42.9,14,0.0,17.3,2,680.0,460.0,40.8
2026-06-09 16:00:00,42.3,14,0.0,16.9,5,509.0,319.0,39.8
2026-06-09 17:00:00,42.1,16,0.0,16.9,12,313.0,166.0,39.8
2026-06-09 18:00:00,40.8,17,0.0,18.7,10,127.0,42.0,38.2
2026-06-09 19:00:00,38.8,22,0.0,15.1,10,20.0,2.0,37.6
2026-06-09 20:00:00,38.3,23,0.0,8.3,9,0.0,0.0,38.1
2026-06-09 21:00:00,37.2,26,0.0,2.8,0,0.0,0.0,38.1
2026-06-09 22:00:00,36.5,27,0.0,4.0,1,0.0,0.0,37.2
2026-06-09 23:00:00,36.8,25,0.0,6.8,5,0.0,0.0,36.9
2026-06-10 00:00:00,35.3,28,0.0,9.7,28,0.0,0.0,35.2
2026-06-10 01:00:00,34.4,28,0.0,6.2,30,0.0,0.0,34.4
2026-06-10 02:00:00,33.7,29,0.0,6.7,25,0.0,0.0,33.8
2026-06-10 03:00:00,33.2,30,0.0,5.1,8,0.0,0.0,33.5
2026-06-10 04:00:00,32.7,31,0.0,8.2,2,0.0,0.0,32.6
2026-06-10 05:00:00,32.1,36,0.0,9.0,41,0.0,0.0,32.4
2026-06-10 06:00:00,31.3,45,0.0,8.4,0,39.0,5.0,32.9
2026-06-10 07:00:00,33.0,47,0.0,7.3,0,169.0,63.0,35.9
2026-06-10 08:00:00,35.4,46,0.0,11.4,0,367.0,202.0,38.5
2026-06-10 09:00:00,37.1,40,0.0,14.1,0,552.0,350.0,39.5
2026-06-10 10:00:00,38.8,35,0.0,13.2,0,708.0,480.0,41.9
2026-06-10 11:00:00,40.7,25,0.0,14.4,9,808.0,561.0,42.4
2026-06-10 12:00:00,41.4,23,0.0,12.3,13,855.0,601.0,43.3
2026-06-10 13:00:00,42.1,21,0.0,11.6,9,823.0,571.0,43.5
2026-06-10 14:00:00,42.6,19,0.0,12.3,20,757.0,506.0,43.2
2026-06-10 15:00:00,42.3,18,0.4,14.8,45,616.0,387.0,41.6
2026-06-10 16:00:00,41.2,21,0.0,14.6,38,422.0,235.0,40.6
2026-06-10 17:00:00,43.6,18,0.0,14.8,30,273.0,136.0,42.7
2026-06-10 18:00:00,42.9,16,0.0,13.0,11,120.0,38.0,41.4
2026-06-10 19:00:00,41.4,19,0.0,5.8,21,18.0,2.0,41.5
2026-06-10 20:00:00,40.0,21,0.0,4.6,5,0.0,0.0,40.4
2026-06-10 21:00:00,39.6,20,0.0,5.3,5,0.0,0.0,39.6
2026-06-10 22:00:00,38.7,21,0.0,4.0,3,0.0,0.0,38.9
2026-06-10 23:00:00,37.4,24,0.0,2.9,0,0.0,0.0,38.1
2026-06-11 00:00:00,36.6,30,0.0,0.6,24,0.0,0.0,38.6
2026-06-11 01:00:00,36.6,26,0.0,6.4,9,0.0,0.0,36.9
2026-06-11 02:00:00,35.8,29,0.0,4.5,26,0.0,0.0,36.7
2026-06-11 03:00:00,35.1,34,0.0,4.1,10,0.0,0.0,36.9
2026-06-11 04:00:00,34.6,39,0.0,3.2,0,0.0,0.0,37.2
2026-06-11 05:00:00,31.7,47,0.0,10.7,20,0.0,0.0,33.6
2026-06-11 06:00:00,30.5,49,0.1,11.9,38,44.0,7.0,32.0
2026-06-11 07:00:00,29.5,56,0.1,13.0,25,133.0,38.0,31.4
2026-06-11 08:00:00,31.0,54,0.0,13.9,6,303.0,144.0,33.1
2026-06-11 09:00:00,32.7,53,0.0,13.4,2,522.0,310.0,35.5
2026-06-11 10:00:00,34.7,47,0.0,13.8,0,688.0,452.0,38.3
2026-06-11 11:00:00,33.7,50,0.0,17.4,0,808.0,556.0,37.4
2026-06-11 12:00:00,34.3,50,0.0,16.1,17,857.0,587.0,38.7
2026-06-11 13:00:00,35.5,48,0.0,15.3,14,837.0,570.0,40.1
2026-06-11 14:00:00,36.4,45,0.0,13.8,4,775.0,524.0,40.9
2026-06-11 15:00:00,36.8,45,0.0,12.7,2,646.0,423.0,40.9
2026-06-11 16:00:00,36.8,45,0.0,10.1,13,488.0,295.0,40.7
2026-06-11 17:00:00,36.5,42,0.0,16.6,22,299.0,150.0,38.6
2026-06-11 18:00:00,35.3,45,0.0,15.9,5,123.0,35.0,37.6
2026-06-11 19:00:00,34.1,49,0.0,16.6,7,20.0,2.0,36.4
2026-06-11 20:00:00,32.7,52,0.0,15.9,2,0.0,0.0,35.1
2026-06-11 21:00:00,32.0,54,0.0,15.8,59,0.0,0.0,34.4
2026-06-11 22:00:00,31.1,58,0.0,19.8,2,0.0,0.0,33.1
2026-06-11 23:00:00,27.4,75,0.0,13.6,84,0.0,0.0,30.7
2026-06-12 00:00:00,26.6,78,0.0,18.8,81,0.0,0.0,29.1
2026-06-12 01:00:00,26.0,83,0.0,17.0,100,0.0,0.0,28.9
2026-06-12 02:00:00,25.9,81,0.1,13.4,100,0.0,0.0,29.0
2026-06-12 03:00:00,24.6,89,2.7,17.1,100,0.0,0.0,27.3
2026-06-12 04:00:00,24.2,92,1.5,19.6,87,0.0,0.0,26.7
2026-06-12 05:00:00,23.6,93,0.0,7.3,94,0.0,0.0,27.7
2026-06-12 06:00:00,23.3,93,2.4,18.3,13,17.0,0.0,25.6
2026-06-12 07:00:00,24.1,88,0.4,15.6,14,138.0,39.0,26.7
2026-06-12 08:00:00,25.7,79,0.0,16.6,2,339.0,165.0,28.0
2026-06-12 09:00:00,27.4,73,0.0,16.0,3,537.0,321.0,29.9
2026-06-12 10:00:00,29.0,66,0.0,16.0,0,694.0,448.0,32.3
2026-06-12 11:00:00,30.4,60,0.0,15.4,3,806.0,543.0,34.3
2026-06-12 12:00:00,31.3,57,0.0,15.9,14,834.0,549.0,35.2
2026-06-12 13:00:00,31.7,55,0.0,13.6,2,837.0,549.0,36.0
2026-06-12 14:00:00,32.2,54,0.0,12.1,13,728.0,454.0,36.1
2026-06-12 15:00:00,32.2,54,0.0,10.1,16,548.0,287.0,35.4
2026-06-12 16:00:00,32.6,53,0.0,6.7,35,471.0,260.0,36.3
2026-06-12 17:00:00,29.6,65,0.0,4.2,34,201.0,50.0,34.0
2026-06-12 18:00:00,25.5,87,0.8,12.3,28,103.0,25.0,29.2
2026-06-12 19:00:00,26.1,86,0.2,3.2,23,14.0,1.0,31.4
2026-06-12 20:00:00,26.6,82,0.0,8.8,5,0.0,0.0,30.9
2026-06-12 21:00:00,26.8,78,0.0,7.9,1,0.0,0.0,30.9
2026-06-12 22:00:00,26.8,77,0.0,8.4,0,0.0,0.0,30.7
2026-06-12 23:00:00,26.2,78,0.0,8.8,99,0.0,0.0,29.8
2026-06-13 00:00:00,25.9,80,0.0,4.5,100,0.0,0.0,30.2
2026-06-13 01:00:00,25.8,82,0.0,5.4,100,0.0,0.0,30.1
2026-06-13 02:00:00,25.4,84,0.5,6.9,100,0.0,0.0,29.6
2026-06-13 03:00:00,25.3,85,0.2,4.0,100,0.0,0.0,29.9
2026-06-13 04:00:00,25.2,86,0.0,4.0,100,0.0,0.0,29.9
2026-06-13 05:00:00,25.0,83,0.0,8.3,100,0.0,0.0,28.5
2026-06-13 06:00:00,24.8,84,0.0,6.7,45,21.0,0.0,28.7
2026-06-13 07:00:00,25.8,80,0.0,5.3,98,169.0,47.0,29.9
2026-06-13 08:00:00,26.5,75,0.0,1.8,98,225.0,64.0,30.9
2026-06-13 09:00:00,27.3,70,0.0,3.7,56,307.0,74.0,31.3
2026-06-13 10:00:00,28.6,64,0.0,6.3,74,463.0,182.0,32.0
2026-06-13 11:00:00,30.5,55,0.0,3.0,94,636.0,300.0,34.6
2026-06-13 12:00:00,31.0,55,0.0,3.6,1,530.0,172.0,34.8
2026-06-13 13:00:00,32.3,51,0.0,2.5,2,875.0,618.0,38.4
2026-06-13 14:00:00,32.7,49,0.0,3.1,3,790.0,542.0,37.8
2026-06-13 15:00:00,33.0,47,0.0,2.0,7,666.0,439.0,37.3
2026-06-13 16:00:00,32.9,47,0.0,1.7,9,488.0,289.0,36.5
2026-06-13 17:00:00,33.7,43,0.0,2.1,4,306.0,154.0,37.0
2026-06-13 18:00:00,32.4,54,0.0,5.4,3,130.0,41.0,36.4
2026-06-13 19:00:00,30.3,66,0.0,4.0,0,21.0,2.0,35.3
2026-06-13 20:00:00,29.7,70,0.0,2.5,0,0.0,0.0,35.2
2026-06-13 21:00:00,29.3,73,0.0,0.5,0,0.0,0.0,35.2
2026-06-13 22:00:00,28.4,78,0.0,2.3,0,0.0,0.0,34.3
2026-06-13 23:00:00,28.6,72,0.0,4.6,0,0.0,0.0,33.3
2026-06-14 00:00:00,27.8,72,0.0,4.7,0,0.0,0.0,32.1
2026-06-14 01:00:00,27.2,71,0.0,5.2,0,0.0,0.0,31.1
2026-06-14 02:00:00,26.7,71,0.0,5.9,36,0.0,0.0,30.2
2026-06-14 03:00:00,26.3,73,0.0,5.5,4,0.0,0.0,29.8
2026-06-14 04:00:00,26.0,75,0.0,5.3,0,0.0,0.0,29.6
2026-06-14 05:00:00,26.8,82,0.0,3.3,70,0.0,0.0,32.0
2026-06-14 06:00:00,27.5,78,0.0,3.7,0,44.0,6.0,32.5
2026-06-14 07:00:00,28.6,76,0.0,2.7,0,179.0,67.0,34.2
2026-06-14 08:00:00,30.0,71,0.0,0.2,0,359.0,191.0,36.2
2026-06-14 09:00:00,31.6,65,0.0,1.6,0,542.0,333.0,37.5
2026-06-14 10:00:00,33.0,58,0.0,2.4,6,698.0,461.0,39.5
2026-06-14 11:00:00,34.8,45,0.0,2.7,9,789.0,529.0,40.4
2026-06-14 12:00:00,36.0,40,0.0,3.6,20,843.0,578.0,41.3
2026-06-14 13:00:00,36.8,36,0.0,6.5,19,821.0,554.0,41.1
2026-06-14 14:00:00,35.6,36,0.2,10.1,15,656.0,404.0,37.8
2026-06-14 15:00:00,35.3,36,0.0,8.6,59,570.0,322.0,37.1
2026-06-14 16:00:00,34.7,40,0.1,10.8,53,421.0,216.0,36.5
2026-06-14 17:00:00,36.1,39,0.2,4.6,9,262.0,112.0,39.3
2026-06-14 18:00:00,35.1,44,0.0,4.9,5,137.0,45.0,38.8
2026-06-14 19:00:00,33.2,56,0.0,1.0,2,22.0,2.0,38.7
2026-06-14 20:00:00,32.1,62,0.0,3.0,5,0.0,0.0,37.7
2026-06-14 21:00:00,30.5,70,0.0,4.6,1,0.0,0.0,36.1
2026-06-14 22:00:00,29.8,74,0.0,3.4,1,0.0,0.0,35.8
2026-06-14 23:00:00,30.0,70,0.0,8.9,79,0.0,0.0,34.7
2026-06-15 00:00:00,29.5,51,0.0,10.1,98,0.0,0.0,31.1
2026-06-15 01:00:00,29.1,52,0.0,10.3,84,0.0,0.0,30.5
2026-06-15 02:00:00,28.6,54,0.0,9.0,88,0.0,0.0,30.4
2026-06-15 03:00:00,28.1,56,0.0,7.8,99,0.0,0.0,30.1
2026-06-15 04:00:00,27.8,58,0.0,7.4,19,0.0,0.0,29.9
2026-06-15 05:00:00,27.5,62,0.0,7.1,73,0.0,0.0,30.1
2026-06-15 06:00:00,28.0,63,0.0,5.9,89,44.0,5.0,31.0
2026-06-15 07:00:00,29.2,60,0.0,7.2,31,155.0,41.0,32.4
2026-06-15 08:00:00,30.8,54,0.0,8.1,36,303.0,134.0,33.7
2026-06-15 09:00:00,32.6,46,0.0,8.4,5,494.0,281.0,35.1
2026-06-15 10:00:00,34.3,43,0.0,7.9,6,693.0,458.0,37.7
2026-06-15 11:00:00,35.1,40,0.0,9.8,2,810.0,555.0,38.6
2026-06-15 12:00:00,35.7,38,0.0,10.6,16,870.0,612.0,39.5
2026-06-15 13:00:00,36.3,36,0.0,10.1,25,818.0,553.0,39.7
2026-06-15 14:00:00,34.6,39,0.0,18.8,98,748.0,491.0,36.0
2026-06-15 15:00:00,30.5,55,0.8,9.7,39,347.0,132.0,33.2
2026-06-15 16:00:00,31.6,53,0.5,6.4,98,339.0,121.0,34.9
2026-06-15 17:00:00,29.4,62,0.0,5.9,100,237.0,56.0,33.1
2026-06-15 18:00:00,29.7,62,0.0,5.4,99,79.0,6.0,33.7
2026-06-15 19:00:00,29.1,59,0.0,5.4,0,20.0,1.0,32.2
2026-06-15 20:00:00,28.7,62,0.0,2.9,11,0.0,0.0,32.4
2026-06-15 21:00:00,28.6,63,0.0,0.8,81,0.0,0.0,32.7
2026-06-15 22:00:00,27.4,66,0.0,4.0,41,0.0,0.0,30.8
2026-06-15 23:00:00,26.5,65,0.0,8.4,13,0.0,0.0,28.8
2026-06-16 00:00:00,26.1,67,0.0,5.6,5,0.0,0.0,28.9
2026-06-16 01:00:00,25.8,71,0.0,4.3,0,0.0,0.0,29.2
2026-06-16 02:00:00,25.5,75,0.0,3.3,2,0.0,0.0,29.2
2026-06-16 03:00:00,25.2,78,0.0,3.8,23,0.0,0.0,28.9
2026-06-16 04:00:00,25.4,76,0.0,4.5,23,0.0,0.0,29.0
2026-06-16 05:00:00,25.7,74,0.1,1.3,1,0.0,0.0,29.8
2026-06-16 06:00:00,26.4,71,0.0,1.9,34,45.0,7.0,30.3
2026-06-16 07:00:00,27.8,66,0.0,17.5,89,180.0,61.0,29.5
2026-06-16 08:00:00,28.1,65,0.0,6.5,84,266.0,92.0,31.5
2026-06-16 09:00:00,29.6,58,0.0,10.5,100,360.0,114.0,32.1
2026-06-16 10:00:00,29.8,55,0.0,9.4,100,418.0,139.0,32.1
2026-06-16 11:00:00,26.6,75,0.0,10.7,100,643.0,285.0,30.4
2026-06-16 12:00:00,27.7,65,0.5,7.2,100,235.0,12.0,30.7
2026-06-16 13:00:00,29.4,53,0.0,3.8,100,320.0,55.0,32.1
2026-06-16 14:00:00,29.2,54,0.0,5.2,95,182.0,0.0,31.7
2026-06-16 15:00:00,31.0,51,0.0,5.8,0,433.0,148.0,33.8
2026-06-16 16:00:00,32.3,44,0.0,4.5,0,504.0,313.0,34.8
2026-06-16 17:00:00,32.0,50,0.0,8.1,100,317.0,167.0,34.8
2026-06-16 18:00:00,31.1,55,0.0,9.5,100,115.0,18.0,34.1
2026-06-16 19:00:00,29.6,62,0.0,6.9,73,19.0,1.0,33.2
2026-06-16 20:00:00,28.6,69,0.0,4.1,32,0.0,0.0,33.0
2026-06-16 21:00:00,28.3,71,0.0,3.8,58,0.0,0.0,32.8
2026-06-16 22:00:00,28.0,72,0.0,3.6,64,0.0,0.0,32.7
2026-06-16 23:00:00,27.3,69,0.0,9.0,98,0.0,0.0,30.4
2026-06-17 00:00:00,26.6,70,0.0,6.2,90,0.0,0.0,29.9
2026-06-17 01:00:00,26.1,73,0.0,4.4,17,0.0,0.0,29.7
2026-06-17 02:00:00,25.5,75,0.0,6.1,5,0.0,0.0,28.7
2026-06-17 03:00:00,25.0,77,0.0,5.9,10,0.0,0.0,28.2
2026-06-17 04:00:00,24.7,77,0.0,7.1,0,0.0,0.0,27.8
2026-06-17 05:00:00,25.2,79,0.0,6.6,0,0.0,0.0,28.8
2026-06-17 06:00:00,25.8,76,0.0,5.8,3,43.0,6.0,29.5
2026-06-17 07:00:00,27.1,72,0.0,3.6,0,177.0,66.0,31.2
2026-06-17 08:00:00,28.9,64,0.0,3.4,0,356.0,189.0,33.0
2026-06-17 09:00:00,30.7,56,0.0,2.6,0,540.0,334.0,34.6
2026-06-17 10:00:00,32.2,50,0.0,2.0,2,698.0,463.0,36.9
2026-06-17 11:00:00,33.9,41,0.0,2.5,2,809.0,555.0,38.4
2026-06-17 12:00:00,35.3,36,0.0,2.8,1,870.0,613.0,39.8
2026-06-17 13:00:00,36.4,32,0.0,3.8,8,861.0,605.0,40.4
2026-06-17 14:00:00,37.0,30,0.0,5.6,6,784.0,540.0,40.0
2026-06-17 15:00:00,37.3,29,0.0,8.5,11,637.0,411.0,38.6
2026-06-17 16:00:00,36.9,29,0.0,10.2,2,476.0,284.0,37.4
2026-06-17 17:00:00,36.1,36,0.0,11.6,5,306.0,157.0,37.5
2026-06-17 18:00:00,35.4,38,0.0,10.7,1,134.0,44.0,37.2
2026-06-17 19:00:00,34.5,41,0.0,6.8,1,22.0,2.0,36.9
2026-06-17 20:00:00,33.8,45,0.0,4.3,4,0.0,0.0,37.1
2026-06-17 21:00:00,33.3,51,0.0,2.8,2,0.0,0.0,37.7
2026-06-17 22:00:00,32.9,54,0.0,2.1,2,0.0,0.0,37.8
2026-06-17 23:00:00,32.4,52,0.0,5.4,2,0.0,0.0,36.1
2026-06-18 00:00:00,31.6,55,0.0,5.1,8,0.0,0.0,35.5
2026-06-18 01:00:00,31.2,56,0.0,5.6,1,0.0,0.0,34.9
2026-06-18 02:00:00,30.6,59,0.0,3.7,5,0.0,0.0,34.8
2026-06-18 03:00:00,30.3,61,0.0,2.1,1,0.0,0.0,34.9
2026-06-18 04:00:00,29.8,64,0.0,1.3,9,0.0,0.0,34.6
2026-06-18 05:00:00,29.5,69,0.0,3.0,13,0.0,0.0,34.6
2026-06-18 06:00:00,30.1,63,0.0,4.2,0,44.0,6.0,34.6
2026-06-18 07:00:00,31.6,57,0.0,4.2,0,179.0,69.0,36.0
2026-06-18 08:00:00,33.7,48,0.0,3.9,0,360.0,195.0,37.6
2026-06-18 09:00:00,35.6,39,0.0,5.8,7,543.0,339.0,38.2
2026-06-18 10:00:00,36.8,35,0.0,6.9,2,685.0,453.0,39.8
2026-06-18 11:00:00,38.0,31,0.0,8.3,5,792.0,541.0,41.0
2026-06-18 12:00:00,38.9,28,0.0,8.8,13,855.0,594.0,41.8
2026-06-18 13:00:00,39.4,26,0.0,12.1,22,834.0,577.0,41.4
2026-06-18 14:00:00,39.0,28,0.0,13.2,17,705.0,445.0,40.4
2026-06-18 15:00:00,38.6,29,0.0,13.1,17,607.0,383.0,39.7
2026-06-18 16:00:00,37.9,30,0.1,15.3,16,452.0,263.0,38.2
2026-06-18 17:00:00,38.6,25,0.0,12.5,16,278.0,135.0,38.5
2026-06-18 18:00:00,37.5,27,0.0,13.0,16,130.0,43.0,37.4
2026-06-18 19:00:00,36.1,30,0.0,12.6,12,22.0,2.0,36.1
2026-06-18 20:00:00,35.3,32,0.0,11.0,63,0.0,0.0,35.9
2026-06-18 21:00:00,34.9,34,0.0,9.5,89,0.0,0.0,35.8
2026-06-18 22:00:00,33.9,38,0.0,11.8,89,0.0,0.0,34.9
2026-06-18 23:00:00,32.4,42,0.0,10.1,100,0.0,0.0,33.7
2026-06-19 00:00:00,31.7,44,0.0,10.6,100,0.0,0.0,32.9
2026-06-19 01:00:00,31.4,44,0.0,8.3,100,0.0,0.0,33.0
2026-06-19 02:00:00,31.1,45,0.0,10.9,36,0.0,0.0,32.3
2026-06-19 03:00:00,30.3,47,0.0,11.5,50,0.0,0.0,31.3
2026-06-19 04:00:00,29.6,49,0.0,7.6,73,0.0,0.0,31.2
2026-06-19 05:00:00,28.2,61,0.0,7.5,12,0.0,0.0,30.9
2026-06-19 06:00:00,28.2,60,0.0,8.6,6,41.0,6.0,30.6
2026-06-19 07:00:00,29.2,56,0.0,5.4,13,168.0,59.0,32.0
2026-06-19 08:00:00,31.2,49,0.0,1.9,27,334.0,166.0,34.4
2026-06-19 09:00:00,33.0,45,0.0,2.9,39,472.0,261.0,36.2
2026-06-19 10:00:00,34.9,40,0.0,4.4,12,622.0,366.0,38.3
2026-06-19 11:00:00,37.2,34,0.0,7.5,34,795.0,532.0,40.8
2026-06-19 12:00:00,37.8,32,0.0,11.1,9,832.0,540.0,40.8
2026-06-19 13:00:00,38.1,32,0.0,12.8,2,824.0,561.0,40.7
2026-06-19 14:00:00,38.1,32,0.0,13.3,7,761.0,511.0,40.4
2026-06-19 15:00:00,37.8,33,0.0,12.5,5,626.0,402.0,39.6
2026-06-19 16:00:00,37.5,34,0.0,11.5,3,474.0,283.0,39.1
2026-06-19 17:00:00,37.8,28,0.0,12.6,21,310.0,160.0,38.1
2026-06-19 18:00:00,36.9,31,0.0,13.5,9,131.0,43.0,37.3
2026-06-19 19:00:00,36.1,33,0.0,12.7,10,22.0,2.0,36.8
2026-06-19 20:00:00,35.5,36,0.0,10.4,9,0.0,0.0,36.9
2026-06-19 21:00:00,34.9,38,0.0,8.0,7,0.0,0.0,36.8
2026-06-19 22:00:00,34.3,40,0.0,7.3,6,0.0,0.0,36.4
2026-06-19 23:00:00,33.4,44,0.0,8.5,7,0.0,0.0,35.7
2026-06-20 00:00:00,32.6,46,0.0,8.0,13,0.0,0.0,35.0
2026-06-20 01:00:00,32.2,46,0.0,8.0,21,0.0,0.0,34.5
2026-06-20 02:00:00,31.7,46,0.0,7.7,19,0.0,0.0,33.8
2026-06-20 03:00:00,31.2,47,0.0,6.4,20,0.0,0.0,33.3
2026-06-20 04:00:00,30.7,48,0.0,5.9,6,0.0,0.0,33.0
2026-06-20 05:00:00,30.8,53,0.0,6.1,20,0.0,0.0,33.7
2026-06-20 06:00:00,31.0,53,0.0,5.0,8,42.0,7.0,34.2
2026-06-20 07:00:00,32.3,49,0.0,5.8,4,169.0,64.0,35.5
2026-06-20 08:00:00,34.2,43,0.0,8.9,5,357.0,193.0,36.7
2026-06-20 09:00:00,35.3,40,0.1,14.9,45,536.0,328.0,36.7
2026-06-20 10:00:00,36.1,38,0.1,13.9,1,629.0,395.0,38.1
2026-06-20 11:00:00,36.3,39,0.0,14.3,5,793.0,539.0,39.3
2026-06-20 12:00:00,37.1,36,0.0,13.9,8,834.0,577.0,40.2
2026-06-20 13:00:00,37.6,34,0.0,13.2,9,838.0,582.0,40.7
2026-06-20 14:00:00,38.1,32,0.0,13.3,22,780.0,535.0,40.5
2026-06-20 15:00:00,38.1,31,0.0,12.8,24,622.0,390.0,39.6
2026-06-20 16:00:00,37.8,32,0.0,12.5,25,463.0,272.0,39.0
2026-06-20 17:00:00,33.8,46,0.0,0.6,80,271.0,128.0,37.8
2026-06-20 18:00:00,34.5,42,0.3,7.4,9,96.0,22.0,37.1
2026-06-20 19:00:00,34.8,41,0.0,5.9,3,23.0,2.0,37.6
2026-06-20 20:00:00,35.0,40,0.0,7.0,3,0.0,0.0,37.4
2026-06-20 21:00:00,34.9,38,0.0,7.3,7,0.0,0.0,36.8
2026-06-20 22:00:00,34.1,41,0.0,9.9,8,0.0,0.0,35.9
2026-06-20 23:00:00,33.4,43,0.0,11.3,4,0.0,0.0,35.1
2026-06-21 00:00:00,32.8,42,0.0,10.0,3,0.0,0.0,34.2
2026-06-21 01:00:00,32.1,43,0.0,8.2,16,0.0,0.0,33.7
2026-06-21 02:00:00,31.4,45,0.0,7.8,91,0.0,0.0,33.2
2026-06-21 03:00:00,31.0,47,0.0,7.6,30,0.0,0.0,33.0
2026-06-21 04:00:00,30.7,48,0.0,7.2,2,0.0,0.0,32.8
2026-06-21 05:00:00,30.1,51,0.0,8.1,87,0.0,0.0,32.2
2026-06-21 06:00:00,30.6,51,0.0,5.9,54,15.0,0.0,33.2
2026-06-21 07:00:00,31.3,48,0.0,8.3,99,110.0,22.0,33.5
2026-06-21 08:00:00,31.7,47,0.0,9.6,100,136.0,12.0,33.7
2026-06-21 09:00:00,32.1,47,0.0,8.0,80,151.0,4.0,34.5
2026-06-21 10:00:00,34.4,43,0.0,8.4,19,410.0,167.0,36.9
2026-06-21 11:00:00,33.9,43,0.0,10.0,100,779.0,523.0,37.3
2026-06-21 12:00:00,35.0,39,0.0,8.8,99,265.0,12.0,37.0
2026-06-21 13:00:00,36.4,34,0.0,8.6,73,411.0,69.0,38.1
2026-06-21 14:00:00,37.3,31,0.0,10.4,23,511.0,173.0,38.4
2026-06-21 15:00:00,38.1,29,0.0,10.7,10,600.0,342.0,39.3
2026-06-21 16:00:00,38.1,29,0.0,10.5,13,480.0,288.0,38.9
2026-06-21 17:00:00,38.5,28,0.0,9.9,13,271.0,122.0,39.4
2026-06-21 18:00:00,37.6,29,0.0,11.8,18,130.0,45.0,38.1
2026-06-21 19:00:00,36.9,30,0.0,10.6,7,23.0,3.0,37.6
2026-06-21 20:00:00,35.9,33,0.0,12.2,2,0.0,0.0,36.6
2026-06-21 21:00:00,35.1,33,0.0,13.0,3,0.0,0.0,35.4
2026-06-21 22:00:00,34.3,34,0.0,11.0,5,0.0,0.0,34.8
2026-06-21 23:00:00,33.3,36,0.0,8.1,94,0.0,0.0,34.3
2026-06-22 00:00:00,32.7,37,0.0,6.6,41,0.0,0.0,33.8
2026-06-22 01:00:00,32.1,40,0.0,7.6,9,0.0,0.0,33.3
2026-06-22 02:00:00,31.3,45,0.0,9.8,7,0.0,0.0,32.6
2026-06-22 03:00:00,30.5,48,0.0,5.7,25,0.0,0.0,32.7
2026-06-22 04:00:00,30.1,50,0.0,3.4,48,0.0,0.0,32.8
2026-06-22 05:00:00,28.6,59,0.0,9.8,23,0.0,0.0,30.9
2026-06-22 06:00:00,28.5,59,0.0,11.7,37,43.0,6.0,30.5
2026-06-22 07:00:00,29.7,52,0.0,10.4,100,154.0,49.0,31.4
2026-06-22 08:00:00,31.0,46,0.0,7.0,100,228.0,59.0,32.9
2026-06-22 09:00:00,31.3,44,0.0,8.3,100,184.0,11.0,32.8
2026-06-22 10:00:00,31.7,43,0.0,14.2,86,238.0,8.0,32.4
2026-06-22 11:00:00,35.3,34,0.0,14.8,28,587.0,270.0,35.8
2026-06-22 12:00:00,36.6,32,0.0,11.5,99,785.0,478.0,38.8
2026-06-22 13:00:00,35.8,34,0.0,11.2,41,398.0,35.0,36.9
2026-06-22 14:00:00,36.3,33,0.1,14.1,20,696.0,412.0,37.6
2026-06-22 15:00:00,35.7,35,0.1,11.7,3,591.0,363.0,37.1
2026-06-22 16:00:00,35.4,37,0.2,11.1,9,473.0,284.0,36.8
2026-06-22 17:00:00,36.7,29,0.0,13.8,21,299.0,152.0,36.6
2026-06-22 18:00:00,35.8,30,0.0,11.8,34,124.0,39.0,35.8
2026-06-22 19:00:00,35.0,32,0.0,9.7,84,22.0,2.0,35.5
2026-06-22 20:00:00,34.4,35,0.0,10.3,34,0.0,0.0,35.3
2026-06-22 21:00:00,34.0,37,0.0,9.3,69,0.0,0.0,35.1
2026-06-22 22:00:00,33.4,38,0.0,6.5,73,0.0,0.0,35.0
2026-06-22 23:00:00,32.9,43,0.0,2.9,0,0.0,0.0,35.6
2026-06-23 00:00:00,32.0,46,0.0,3.8,1,0.0,0.0,34.7
2026-06-23 01:00:00,31.4,49,0.0,4.7,0,0.0,0.0,34.2
2026-06-23 02:00:00,30.9,51,0.0,3.4,0,0.0,0.0,34.0
2026-06-23 03:00:00,30.6,52,0.0,3.3,0,0.0,0.0,33.6
2026-06-23 04:00:00,30.3,52,0.0,3.5,0,0.0,0.0,33.2
2026-06-23 05:00:00,30.6,56,0.0,1.3,0,0.0,0.0,34.6
2026-06-23 06:00:00,31.1,51,0.0,2.5,0,43.0,7.0,34.5
2026-06-23 07:00:00,32.3,46,0.0,3.2,0,181.0,73.0,35.3
2026-06-23 08:00:00,33.7,41,0.0,3.4,0,363.0,202.0,36.4
2026-06-23 09:00:00,35.3,37,0.0,5.7,0,547.0,347.0,37.4
2026-06-23 10:00:00,36.6,33,0.0,8.2,7,705.0,478.0,39.2
2026-06-23 11:00:00,38.7,28,0.0,11.7,25,803.0,558.0,40.8
2026-06-23 12:00:00,37.7,27,0.4,17.8,88,825.0,572.0,38.3
2026-06-23 13:00:00,36.8,30,0.4,10.0,14,610.0,322.0,38.0
2026-06-23 14:00:00,36.1,32,0.5,14.4,48,654.0,408.0,37.0
2026-06-23 15:00:00,36.2,34,0.1,9.8,100,554.0,313.0,37.6
2026-06-23 16:00:00,35.9,34,0.0,11.7,100,384.0,140.0,36.8
2026-06-23 17:00:00,32.6,44,0.0,10.4,95,123.0,7.0,34.4
2026-06-23 18:00:00,33.4,41,0.0,5.2,77,58.0,3.0,35.7
2026-06-23 19:00:00,32.9,43,0.0,6.1,27,21.0,2.0,35.2
2026-06-23 20:00:00,32.6,45,0.0,6.1,2,0.0,0.0,35.0
2026-06-23 21:00:00,32.1,48,0.0,4.2,1,0.0,0.0,35.2
2026-06-23 22:00:00,31.4,53,0.0,3.2,1,0.0,0.0,35.1
2026-06-23 23:00:00,31.2,54,0.0,5.7,37,0.0,0.0,34.5
2026-06-24 00:00:00,30.5,56,0.0,3.7,0,0.0,0.0,34.1
2026-06-24 01:00:00,30.1,57,0.0,2.7,37,0.0,0.0,33.9
2026-06-24 02:00:00,29.6,59,0.0,4.4,45,0.0,0.0,33.1
2026-06-24 03:00:00,29.2,59,0.0,3.6,0,0.0,0.0,32.8
2026-06-24 04:00:00,28.9,62,0.0,2.3,8,0.0,0.0,32.8
2026-06-24 05:00:00,29.1,62,0.0,6.7,24,0.0,0.0,32.6
2026-06-24 06:00:00,29.0,61,0.0,8.3,1,41.0,6.0,32.0
2026-06-24 07:00:00,30.2,56,0.0,8.2,3,168.0,57.0,33.1
2026-06-24 08:00:00,32.9,43,0.0,8.8,12,361.0,201.0,34.8
2026-06-24 09:00:00,34.7,37,0.0,9.3,34,521.0,304.0,36.1
2026-06-24 10:00:00,35.7,35,0.0,7.2,31,573.0,308.0,37.5
2026-06-24 11:00:00,36.5,33,0.0,9.8,93,679.0,415.0,38.5
2026-06-24 12:00:00,35.6,34,0.0,12.2,100,469.0,167.0,36.3
2026-06-24 13:00:00,35.7,33,0.0,9.4,10,471.0,178.0,36.7
2026-06-24 14:00:00,37.6,29,0.0,6.8,2,795.0,547.0,40.3
2026-06-24 15:00:00,38.0,28,0.0,6.6,2,675.0,459.0,39.9
2026-06-24 16:00:00,38.1,26,0.0,7.7,28,507.0,322.0,38.8
2026-06-24 17:00:00,28.6,68,0.2,21.3,95,305.0,161.0,30.3
2026-06-24 18:00:00,29.4,55,0.4,9.4,59,73.0,19.0,31.6
2026-06-24 19:00:00,31.4,50,0.0,10.8,15,19.0,2.0,33.6
2026-06-24 20:00:00,32.1,46,0.0,3.9,30,0.0,0.0,34.9
2026-06-24 21:00:00,32.2,49,0.0,2.8,34,0.0,0.0,35.8
2026-06-24 22:00:00,32.4,48,0.0,3.0,63,0.0,0.0,35.8
2026-06-24 23:00:00,32.8,46,0.0,5.5,9,0.0,0.0,35.7
2026-06-25 00:00:00,32.0,50,0.0,3.6,19,0.0,0.0,35.5
2026-06-25 01:00:00,31.8,51,0.0,2.9,1,0.0,0.0,35.4
2026-06-25 02:00:00,31.7,53,0.0,1.2,1,0.0,0.0,35.8
2026-06-25 03:00:00,31.5,56,0.0,0.4,0,0.0,0.0,36.1
2026-06-25 04:00:00,31.0,58,0.0,0.2,0,0.0,0.0,35.8
2026-06-25 05:00:00,30.4,57,0.0,7.1,33,0.0,0.0,33.7
2026-06-25 06:00:00,30.5,58,0.0,3.8,42,37.0,6.0,34.5
2026-06-25 07:00:00,30.3,59,0.3,9.6,63,167.0,58.0,33.4
2026-06-25 08:00:00,30.2,58,0.2,10.9,100,207.0,62.0,33.0
2026-06-25 09:00:00,32.2,52,0.0,6.9,45,371.0,152.0,35.5
2026-06-25 10:00:00,34.4,42,0.2,4.4,25,570.0,307.0,37.5
2026-06-25 11:00:00,36.9,33,0.0,6.6,9,755.0,475.0,40.0
2026-06-25 12:00:00,37.5,32,0.0,6.3,3,819.0,560.0,41.1
2026-06-25 13:00:00,38.5,31,0.0,6.3,10,856.0,600.0,42.4
2026-06-25 14:00:00,38.9,30,0.0,7.0,28,792.0,553.0,42.3
2026-06-25 15:00:00,39.0,30,0.0,7.2,24,667.0,443.0,41.6
2026-06-25 16:00:00,38.6,30,0.0,7.8,38,465.0,245.0,40.3
2026-06-25 17:00:00,37.4,35,0.0,3.2,6,276.0,119.0,40.4
2026-06-25 18:00:00,37.3,34,0.0,3.0,2,139.0,48.0,40.1
2026-06-25 19:00:00,37.2,34,0.0,2.7,16,24.0,3.0,40.0
2026-06-25 20:00:00,36.6,35,0.1,4.4,22,0.0,0.0,39.1
2026-06-25 21:00:00,35.6,41,0.0,4.8,12,0.0,0.0,38.8
2026-06-25 22:00:00,34.8,45,0.0,2.7,11,0.0,0.0,38.7
2026-06-25 23:00:00,33.5,45,0.0,6.0,56,0.0,0.0,36.5
2026-06-26 00:00:00,33.0,46,0.0,4.9,21,0.0,0.0,36.1
2026-06-26 01:00:00,32.9,48,0.0,1.5,16,0.0,0.0,36.8
2026-06-26 02:00:00,32.4,50,0.0,2.7,14,0.0,0.0,36.1
2026-06-26 03:00:00,32.1,52,0.0,3.1,9,0.0,0.0,35.9
2026-06-26 04:00:00,31.3,54,0.0,6.4,6,0.0,0.0,34.7
2026-06-26 05:00:00,29.8,67,0.0,5.8,21,0.0,0.0,34.3
2026-06-26 06:00:00,30.3,65,0.0,4.6,61,38.0,6.0,35.0
2026-06-26 07:00:00,31.8,59,0.1,4.9,13,156.0,51.0,36.4
2026-06-26 08:00:00,34.0,50,0.0,5.2,23,337.0,177.0,38.1
2026-06-26 09:00:00,35.9,42,0.0,4.5,7,518.0,317.0,39.6
2026-06-26 10:00:00,37.6,38,0.0,4.3,2,685.0,456.0,42.0
2026-06-26 11:00:00,39.4,33,0.0,5.0,8,802.0,559.0,44.1
2026-06-26 12:00:00,39.9,31,0.0,4.1,27,818.0,553.0,44.7
2026-06-26 13:00:00,40.5,29,0.0,3.4,37,823.0,568.0,45.3
2026-06-26 14:00:00,40.7,29,0.0,2.4,100,719.0,471.0,44.7
2026-06-26 15:00:00,40.7,28,0.0,4.1,78,571.0,329.0,43.3
2026-06-26 16:00:00,37.6,35,0.4,7.4,70,396.0,201.0,40.1
2026-06-26 17:00:00,30.7,71,0.6,6.9,66,271.0,125.0,36.3
2026-06-26 18:00:00,35.4,39,0.1,2.9,20,112.0,27.0,38.5
2026-06-26 19:00:00,35.4,38,0.0,4.3,38,22.0,2.0,38.1
2026-06-26 20:00:00,35.4,39,0.0,4.0,10,0.0,0.0,38.2
2026-06-26 21:00:00,35.2,39,0.0,6.3,2,0.0,0.0,37.7
2026-06-26 22:00:00,35.0,40,0.0,5.3,7,0.0,0.0,37.8
2026-06-26 23:00:00,34.3,45,0.0,4.9,4,0.0,0.0,37.7
2026-06-27 00:00:00,33.6,48,0.0,4.4,2,0.0,0.0,37.4
2026-06-27 01:00:00,33.4,49,0.0,4.5,4,0.0,0.0,37.2
2026-06-27 02:00:00,33.1,50,0.0,4.7,3,0.0,0.0,37.0
2026-06-27 03:00:00,32.4,53,0.0,4.7,2,0.0,0.0,36.5
2026-06-27 04:00:00,31.7,58,0.0,5.4,2,0.0,0.0,35.9
2026-06-27 05:00:00,26.8,87,0.0,5.9,33,0.0,0.0,32.3
2026-06-27 06:00:00,27.5,86,0.7,12.8,7,39.0,6.0,32.4
2026-06-27 07:00:00,30.4,68,0.0,6.0,1,164.0,60.0,35.4
2026-06-27 08:00:00,33.6,53,0.0,5.6,1,353.0,194.0,38.0
2026-06-27 09:00:00,36.2,42,0.0,3.4,2,537.0,340.0,40.2
2026-06-27 10:00:00,38.2,35,0.0,2.6,2,695.0,472.0,42.6
2026-06-27 11:00:00,39.6,32,0.0,2.3,16,804.0,564.0,44.7
2026-06-27 12:00:00,38.9,34,0.0,5.3,23,799.0,553.0,43.7
2026-06-27 13:00:00,39.4,33,0.0,5.0,51,779.0,502.0,44.0
2026-06-27 14:00:00,39.8,31,0.0,5.2,21,756.0,513.0,44.0
2026-06-27 15:00:00,40.1,30,0.0,6.3,16,660.0,441.0,43.2
2026-06-27 16:00:00,39.7,30,0.0,9.4,25,495.0,307.0,41.5
2026-06-27 17:00:00,37.2,37,0.0,6.4,41,311.0,165.0,40.2
2026-06-27 18:00:00,38.5,33,0.1,4.4,25,133.0,45.0,41.3
2026-06-27 19:00:00,37.7,35,0.2,5.6,34,23.0,3.0,40.5
2026-06-27 20:00:00,37.0,37,0.0,3.5,23,0.0,0.0,40.4
2026-06-27 21:00:00,36.3,40,0.0,5.2,9,0.0,0.0,39.6
2026-06-27 22:00:00,35.5,44,0.0,6.3,7,0.0,0.0,39.2
2026-06-27 23:00:00,34.8,50,0.0,6.6,34,0.0,0.0,39.3
2026-06-28 00:00:00,34.6,53,0.6,4.3,53,0.0,0.0,39.7
2026-06-28 01:00:00,33.6,55,0.0,5.8,43,0.0,0.0,38.4
2026-06-28 02:00:00,32.0,59,0.3,9.1,54,0.0,0.0,36.1
2026-06-28 03:00:00,32.0,54,0.0,7.7,5,0.0,0.0,35.5
2026-06-28 04:00:00,31.8,55,0.0,4.2,13,0.0,0.0,35.9
2026-06-28 05:00:00,29.5,72,0.0,11.0,35,0.0,0.0,33.9
2026-06-28 06:00:00,31.1,66,0.1,10.9,17,38.0,6.0,35.5
2026-06-28 07:00:00,33.6,51,0.0,9.7,7,167.0,63.0,37.1
2026-06-28 08:00:00,35.1,46,0.0,10.4,5,346.0,188.0,38.3
2026-06-28 09:00:00,36.7,43,0.0,6.9,5,526.0,331.0,40.6
2026-06-28 10:00:00,38.6,38,0.0,4.9,8,678.0,452.0,43.4
2026-06-28 11:00:00,40.4,32,0.0,3.7,16,784.0,542.0,45.5
2026-06-28 12:00:00,41.5,29,0.0,5.6,18,822.0,568.0,46.2
2026-06-28 13:00:00,41.9,28,0.0,7.7,41,828.0,575.0,46.2
2026-06-28 14:00:00,41.9,29,0.0,8.9,44,765.0,518.0,45.7
2026-06-28 15:00:00,41.8,28,0.0,9.5,30,640.0,408.0,44.6
2026-06-28 16:00:00,41.0,29,0.0,12.4,35,482.0,290.0,42.7
2026-06-28 17:00:00,40.0,30,0.0,14.3,13,299.0,154.0,41.3
2026-06-28 18:00:00,38.8,33,0.0,13.5,5,134.0,47.0,40.6
2026-06-28 19:00:00,37.8,37,0.0,9.9,4,24.0,3.0,40.5
2026-06-28 20:00:00,37.4,38,0.0,7.5,2,0.0,0.0,40.4
2026-06-28 21:00:00,37.1,39,0.0,6.7,1,0.0,0.0,40.3
2026-06-28 22:00:00,36.6,41,0.0,5.2,1,0.0,0.0,40.3
2026-06-28 23:00:00,35.5,50,0.0,2.5,6,0.0,0.0,40.9
2026-06-29 00:00:00,35.3,49,0.0,3.3,2,0.0,0.0,40.2
2026-06-29 01:00:00,34.5,53,0.0,3.3,0,0.0,0.0,39.7
2026-06-29 02:00:00,33.7,55,0.0,6.5,5,0.0,0.0,38.6
2026-06-29 03:00:00,33.0,58,0.0,5.2,2,0.0,0.0,38.0
2026-06-29 04:00:00,32.5,57,0.0,4.7,3,0.0,0.0,37.1
2026-06-29 05:00:00,32.5,57,0.0,8.6,9,0.0,0.0,36.6
2026-06-29 06:00:00,32.1,58,0.2,10.5,34,39.0,6.0,35.8
2026-06-29 07:00:00,33.4,51,0.0,10.3,5,159.0,60.0,36.7
2026-06-29 08:00:00,35.6,44,0.0,11.7,2,344.0,188.0,38.4
2026-06-29 09:00:00,37.2,38,0.0,13.7,25,532.0,340.0,39.3
2026-06-29 10:00:00,38.3,35,0.1,12.1,10,652.0,424.0,40.9
2026-06-29 11:00:00,39.6,33,0.0,10.5,26,785.0,537.0,43.3
2026-06-29 12:00:00,40.4,30,0.1,10.7,5,803.0,543.0,43.8
2026-06-29 13:00:00,41.2,29,0.0,11.0,5,815.0,562.0,44.8
2026-06-29 14:00:00,41.7,29,0.0,13.6,20,774.0,540.0,44.7
2026-06-29 15:00:00,40.1,31,1.0,12.4,63,624.0,407.0,42.5
2026-06-29 16:00:00,40.0,32,0.0,11.6,34,375.0,208.0,42.2
2026-06-29 17:00:00,41.5,26,0.0,12.6,35,276.0,135.0,42.5
2026-06-29 18:00:00,40.6,26,0.0,10.2,23,129.0,45.0,41.7
2026-06-29 19:00:00,39.6,28,0.0,3.9,9,24.0,3.0,41.7
2026-06-29 20:00:00,38.7,30,0.0,3.1,27,0.0,0.0,41.0
2026-06-29 21:00:00,37.5,35,0.0,7.3,2,0.0,0.0,40.1
2026-06-29 22:00:00,36.4,40,0.0,7.7,1,0.0,0.0,39.4
2026-06-29 23:00:00,35.9,45,0.0,6.5,10,0.0,0.0,39.8
2026-06-30 00:00:00,34.2,50,0.1,6.7,74,0.0,0.0,38.2
2026-06-30 01:00:00,28.9,78,1.2,14.3,97,0.0,0.0,33.4
2026-06-30 02:00:00,30.3,67,0.3,9.1,7,0.0,0.0,34.8
2026-06-30 03:00:00,31.0,66,0.0,10.0,19,0.0,0.0,35.6
2026-06-30 04:00:00,31.7,60,0.0,6.5,23,0.0,0.0,36.3
2026-06-30 05:00:00,31.7,70,0.0,6.0,98,0.0,0.0,37.8
2026-06-30 06:00:00,33.5,52,0.0,8.5,100,20.0,2.0,37.3
2026-06-30 07:00:00,34.8,41,0.0,12.3,100,83.0,0.0,36.8
2026-06-30 08:00:00,34.7,43,0.0,13.4,83,115.0,2.0,36.7
2026-06-30 09:00:00,35.8,41,0.0,14.4,59,303.0,101.0,37.8
2026-06-30 10:00:00,36.8,39,0.0,14.4,100,426.0,152.0,38.9
2026-06-30 11:00:00,36.5,42,0.0,14.1,100,337.0,31.0,38.9
2026-06-30 12:00:00,38.0,37,0.0,11.6,94,536.0,199.0,40.6
2026-06-30 13:00:00,38.8,36,0.0,8.2,94,624.0,297.0,42.4
2026-06-30 14:00:00,39.5,35,0.0,7.6,77,513.0,247.0,42.8
2026-06-30 15:00:00,38.6,38,0.0,5.8,96,527.0,275.0,42.3
2026-06-30 16:00:00,34.0,61,2.2,10.4,97,397.0,183.0,39.4
2026-06-30 17:00:00,32.8,66,0.5,7.7,61,221.0,72.0,38.8
2026-06-30 18:00:00,34.8,53,0.1,7.4,84,126.0,30.0,39.6
2026-06-30 19:00:00,34.5,54,0.0,8.4,36,24.0,2.0,39.1
2026-06-30 20:00:00,33.8,57,0.0,12.7,36,0.0,0.0,38.0
2026-06-30 21:00:00,32.4,65,0.0,13.3,38,0.0,0.0,37.0
2026-06-30 22:00:00,31.8,70,0.0,11.4,35,0.0,0.0,37.1
2026-06-30 23:00:00,31.7,73,0.0,12.4,100,0.0,0.0,37.4
2026-07-01 00:00:00,31.3,73,0.0,11.1,98,0.0,0.0,37.0
2026-07-01 01:00:00,31.0,74,0.0,11.5,98,0.0,0.0,36.5
2026-07-01 02:00:00,30.4,74,0.0,11.0,96,0.0,0.0,35.6
2026-07-01 03:00:00,29.9,70,0.0,10.5,50,0.0,0.0,34.4
2026-07-01 04:00:00,28.8,74,0.5,10.6,93,0.0,0.0,33.2
2026-07-01 05:00:00,27.7,94,0.3,10.0,76,0.0,0.0,34.1
2026-07-01 06:00:00,26.9,91,0.3,13.8,98,13.0,0.0,31.8
2026-07-01 07:00:00,27.0,90,0.4,10.4,100,73.0,6.0,32.3
2026-07-01 08:00:00,28.5,84,0.1,8.7,100,215.0,55.0,34.3
2026-07-01 09:00:00,29.7,81,0.0,5.2,100,236.0,51.0,36.3
2026-07-01 10:00:00,30.7,77,0.0,5.6,100,294.0,45.0,37.4
2026-07-01 11:00:00,30.3,71,0.1,8.6,100,471.0,160.0,35.5
2026-07-01 12:00:00,30.8,70,0.0,7.2,100,349.0,57.0,36.3
2026-07-01 13:00:00,31.3,69,0.0,7.2,99,388.0,78.0,36.9
2026-07-01 14:00:00,32.2,65,0.0,8.1,100,499.0,160.0,37.5
2026-07-01 15:00:00,32.7,62,0.0,7.9,97,529.0,215.0,37.9
2026-07-01 16:00:00,32.1,65,0.0,8.0,100,374.0,120.0,37.4
2026-07-01 17:00:00,32.6,60,0.0,9.4,67,245.0,75.0,37.2
2026-07-01 18:00:00,31.2,66,0.0,8.0,63,133.0,35.0,36.0
2026-07-01 19:00:00,30.4,70,0.0,6.9,45,25.0,2.0,35.6
2026-07-01 20:00:00,29.9,73,0.0,5.8,35,0.0,0.0,35.5
2026-07-01 21:00:00,29.8,74,0.0,4.6,65,0.0,0.0,35.6
2026-07-01 22:00:00,29.7,75,0.0,2.9,94,0.0,0.0,35.9
2026-07-01 23:00:00,30.2,73,0.1,6.6,55,0.0,0.0,35.8
2026-07-02 00:00:00,30.2,75,0.0,2.3,59,0.0,0.0,36.7
2026-07-02 01:00:00,29.7,75,0.0,4.7,98,0.0,0.0,35.6
2026-07-02 02:00:00,28.9,78,0.1,7.3,58,0.0,0.0,34.3
2026-07-02 03:00:00,28.1,76,0.0,7.1,88,0.0,0.0,32.8
2026-07-02 04:00:00,27.9,75,0.0,6.6,100,0.0,0.0,32.4
2026-07-02 05:00:00,25.9,95,0.0,6.5,100,0.0,0.0,31.7
2026-07-02 06:00:00,25.9,93,4.4,3.8,100,9.0,0.0,31.9
2026-07-02 07:00:00,26.1,93,1.9,3.8,100,31.0,0.0,32.2
2026-07-02 08:00:00,26.8,92,0.4,4.0,100,142.0,8.0,33.1
2026-07-02 09:00:00,28.3,82,0.0,4.3,100,299.0,111.0,34.3
2026-07-02 10:00:00,28.0,83,0.0,2.1,88,116.0,0.0,34.2
2026-07-02 11:00:00,27.1,85,0.0,0.8,100,263.0,8.0,33.2
2026-07-02 12:00:00,27.9,77,0.0,2.7,59,199.0,6.0,33.3
2026-07-02 13:00:00,29.7,69,0.0,5.2,56,508.0,239.0,34.6
2026-07-02 14:00:00,30.2,66,0.0,6.3,77,509.0,222.0,34.8
2026-07-02 15:00:00,30.8,65,0.0,6.6,76,576.0,306.0,35.8
2026-07-02 16:00:00,31.2,64,0.0,5.8,71,462.0,250.0,36.1
2026-07-02 17:00:00,31.5,64,0.0,4.0,35,281.0,121.0,36.8
2026-07-02 18:00:00,31.4,65,0.0,3.3,72,128.0,36.0,37.1
2026-07-02 19:00:00,30.7,73,0.0,5.3,94,24.0,2.0,36.7
2026-07-02 20:00:00,30.0,78,0.0,5.6,97,0.0,0.0,36.3
2026-07-02 21:00:00,29.7,81,0.0,5.8,95,0.0,0.0,36.2
2026-07-02 22:00:00,29.3,83,0.0,6.2,91,0.0,0.0,35.9
2026-07-02 23:00:00,29.2,82,0.0,7.4,98,0.0,0.0,35.4
2026-07-03 00:00:00,28.9,84,0.0,5.4,91,0.0,0.0,35.5
2026-07-03 01:00:00,28.6,86,0.0,6.4,53,0.0,0.0,35.0
2026-07-03 02:00:00,28.2,87,0.0,6.9,23,0.0,0.0,34.5
2026-07-03 03:00:00,27.9,88,0.0,6.3,20,0.0,0.0,34.2
2026-07-03 04:00:00,27.8,88,0.0,6.5,21,0.0,0.0,33.9
2026-07-03 05:00:00,27.0,91,0.0,6.3,95,0.0,0.0,33.1
2026-07-03 06:00:00,27.6,87,0.0,5.8,96,32.0,3.0,33.6
2026-07-03 07:00:00,28.8,81,0.0,3.6,98,151.0,35.0,35.1
2026-07-03 08:00:00,30.5,73,0.0,4.3,94,308.0,113.0,36.5
2026-07-03 09:00:00,32.4,62,0.0,6.0,71,509.0,285.0,37.7
2026-07-03 10:00:00,33.5,55,0.1,7.9,63,606.0,346.0,38.3
2026-07-03 11:00:00,34.5,49,0.1,5.8,92,741.0,465.0,40.0
2026-07-03 12:00:00,33.8,54,0.3,6.2,97,483.0,190.0,38.5
2026-07-03 13:00:00,33.9,55,0.0,4.8,100,423.0,97.0,39.0
2026-07-03 14:00:00,34.0,55,0.0,2.9,100,336.0,46.0,39.4
2026-07-03 15:00:00,34.3,54,0.0,2.4,100,361.0,63.0,39.9
2026-07-03 16:00:00,34.4,53,0.0,2.9,100,340.0,83.0,39.8
2026-07-03 17:00:00,33.8,57,0.0,5.6,100,273.0,102.0,39.1
2026-07-03 18:00:00,32.7,64,0.0,5.8,99,119.0,23.0,38.6
2026-07-03 19:00:00,31.6,71,0.0,6.5,95,21.0,0.0,37.7
2026-07-03 20:00:00,30.9,75,0.0,4.8,100,0.0,0.0,37.5
2026-07-03 21:00:00,30.5,77,0.0,4.4,100,0.0,0.0,37.3
2026-07-03 22:00:00,30.4,79,0.0,4.2,100,0.0,0.0,37.3
2026-07-03 23:00:00,30.7,75,0.0,5.1,98,0.0,0.0,37.1
2026-07-04 00:00:00,30.5,74,0.0,3.9,94,0.0,0.0,36.9
2026-07-04 01:00:00,30.2,74,0.0,4.0,97,0.0,0.0,36.4
2026-07-04 02:00:00,30.0,74,0.0,4.3,100,0.0,0.0,36.0
2026-07-04 03:00:00,29.9,75,0.0,3.4,100,0.0,0.0,36.1
2026-07-04 04:00:00,29.9,76,0.0,2.4,99,0.0,0.0,36.5
2026-07-04 05:00:00,29.2,82,0.0,3.9,98,0.0,0.0,36.0
2026-07-04 06:00:00,29.6,81,0.0,3.8,88,31.0,0.0,36.5
2026-07-04 07:00:00,30.7,77,0.0,2.8,97,136.0,28.0,37.7
2026-07-04 08:00:00,31.2,71,0.2,4.9,98,286.0,97.0,37.3
2026-07-04 09:00:00,32.2,66,0.4,4.3,98,369.0,129.0,38.4
2026-07-04 10:00:00,33.4,62,0.0,4.1,99,476.0,153.0,39.6
2026-07-04 11:00:00,32.6,65,0.1,2.5,97,573.0,196.0,39.1
2026-07-04 12:00:00,34.1,57,0.3,2.4,98,487.0,148.0,40.1
2026-07-04 13:00:00,35.7,51,0.1,2.2,99,629.0,244.0,42.0
2026-07-04 14:00:00,36.4,49,0.0,3.9,99,610.0,231.0,42.1
2026-07-04 15:00:00,36.5,48,0.1,5.1,100,564.0,265.0,41.7
2026-07-04 16:00:00,36.5,49,0.1,5.2,99,469.0,243.0,41.7
2026-07-04 17:00:00,33.4,67,0.1,6.8,98,281.0,99.0,40.2
2026-07-04 18:00:00,32.9,70,0.0,4.6,98,104.0,10.0,40.1
2026-07-04 19:00:00,32.1,78,0.0,2.2,95,21.0,0.0,40.3
2026-07-04 20:00:00,31.7,79,0.0,4.3,97,0.0,0.0,39.7
2026-07-04 21:00:00,31.5,81,0.0,2.7,99,0.0,0.0,39.8
2026-07-04 22:00:00,31.0,82,0.0,6.2,99,0.0,0.0,38.6
2026-07-04 23:00:00,31.7,76,0.0,6.1,94,0.0,0.0,38.8
2026-07-05 00:00:00,30.8,81,0.0,3.5,96,0.0,0.0,38.5
2026-07-05 01:00:00,30.4,84,0.0,3.2,86,0.0,0.0,38.4
2026-07-05 02:00:00,30.2,85,0.0,4.5,73,0.0,0.0,37.9
2026-07-05 03:00:00,29.7,86,0.0,6.1,92,0.0,0.0,36.9
2026-07-05 04:00:00,29.0,88,0.5,6.9,97,0.0,0.0,35.9
2026-07-05 05:00:00,28.8,91,0.1,6.6,91,0.0,0.0,36.0
2026-07-05 06:00:00,29.4,87,0.0,3.8,77,35.0,3.0,36.9
2026-07-05 07:00:00,30.8,80,0.0,3.8,86,161.0,53.0,38.4
2026-07-05 08:00:00,32.8,70,0.0,4.7,95,320.0,138.0,39.8
2026-07-05 09:00:00,34.4,59,0.0,4.7,66,474.0,220.0,40.5
2026-07-05 10:00:00,34.5,55,0.2,8.8,93,635.0,356.0,39.8
2026-07-05 11:00:00,31.5,75,2.5,6.5,98,587.0,276.0,38.5
2026-07-05 12:00:00,33.9,64,0.0,1.7,95,738.0,394.0,42.4
2026-07-05 13:00:00,33.4,63,0.2,8.4,100,623.0,267.0,39.5
2026-07-05 14:00:00,32.1,71,0.2,8.5,98,433.0,98.0,38.4
2026-07-05 15:00:00,32.9,69,0.0,2.7,98,432.0,127.0,40.1
2026-07-05 16:00:00,33.4,66,0.0,1.2,88,350.0,144.0,40.7
2026-07-05 17:00:00,31.5,72,0.0,5.3,79,260.0,99.0,37.9
2026-07-05 18:00:00,31.2,74,0.0,3.3,92,139.0,45.0,38.2
2026-07-05 19:00:00,30.9,77,0.0,7.4,96,22.0,2.0,37.4
2026-07-05 20:00:00,30.6,80,0.0,8.8,96,0.0,0.0,37.2
2026-07-05 21:00:00,30.3,82,0.0,6.3,98,0.0,0.0,37.3
2026-07-05 22:00:00,30.0,84,0.0,4.0,98,0.0,0.0,37.4
2026-07-05 23:00:00,30.0,82,0.0,3.9,99,0.0,0.0,37.2
2026-07-06 00:00:00,30.1,80,0.0,7.3,100,0.0,0.0,36.5
2026-07-06 01:00:00,30.1,77,0.0,6.5,99,0.0,0.0,36.3
2026-07-06 02:00:00,29.9,77,0.0,7.3,94,0.0,0.0,35.8
2026-07-06 03:00:00,29.7,77,0.0,5.1,89,0.0,0.0,35.9
2026-07-06 04:00:00,29.6,78,0.0,1.6,83,0.0,0.0,36.4
2026-07-06 05:00:00,26.8,95,0.0,5.9,98,0.0,0.0,33.3
2026-07-06 06:00:00,27.7,94,0.0,5.1,99,25.0,0.0,34.8
2026-07-06 07:00:00,28.7,89,0.0,3.1,98,123.0,16.0,36.2
2026-07-06 08:00:00,30.3,82,0.0,3.5,97,264.0,63.0,37.7
2026-07-06 09:00:00,31.7,76,0.0,4.4,99,415.0,145.0,39.0
2026-07-06 10:00:00,33.0,67,0.1,5.7,93,584.0,267.0,39.7
2026-07-06 11:00:00,34.1,55,0.0,7.3,15,689.0,360.0,39.8
2026-07-06 12:00:00,35.3,50,0.0,2.3,19,808.0,526.0,42.4
2026-07-06 13:00:00,36.1,48,0.0,0.4,42,845.0,592.0,43.7
2026-07-06 14:00:00,36.5,48,0.0,2.0,23,779.0,531.0,43.6
2026-07-06 15:00:00,36.7,48,0.0,2.6,48,659.0,439.0,43.0
2026-07-06 16:00:00,36.6,48,0.0,1.1,56,497.0,302.0,42.2
2026-07-06 17:00:00,34.5,59,0.0,7.0,16,278.0,129.0,40.4
2026-07-06 18:00:00,33.6,68,0.4,4.5,11,137.0,47.0,40.8
2026-07-06 19:00:00,32.5,76,0.0,3.3,18,24.0,3.0,40.6
2026-07-06 20:00:00,32.1,80,0.0,2.0,11,0.0,0.0,40.7
2026-07-06 21:00:00,32.0,78,0.0,4.2,13,0.0,0.0,40.1
2026-07-06 22:00:00,31.7,76,0.0,4.2,8,0.0,0.0,39.1
2026-07-06 23:00:00,31.1,79,0.0,3.5,28,0.0,0.0,38.7
2026-07-07 00:00:00,31.0,80,0.0,3.1,55,0.0,0.0,38.7
2026-07-07 01:00:00,30.9,81,0.0,2.3,100,0.0,0.0,38.8
2026-07-07 02:00:00,30.6,82,0.0,4.0,98,0.0,0.0,38.2
2026-07-07 03:00:00,30.2,84,0.0,3.7,2,0.0,0.0,37.8
2026-07-07 04:00:00,29.8,85,0.0,4.0,23,0.0,0.0,37.3
2026-07-07 05:00:00,27.5,96,0.0,7.9,99,0.0,0.0,34.3
2026-07-07 06:00:00,27.6,95,1.2,5.6,98,17.0,0.0,34.7
2026-07-07 07:00:00,28.2,95,0.1,5.0,98,81.0,7.0,35.8
2026-07-07 08:00:00,29.8,88,0.0,5.2,96,247.0,61.0,37.5
2026-07-07 09:00:00,31.6,76,0.0,7.5,81,459.0,203.0,38.5
2026-07-07 10:00:00,32.8,68,0.0,7.3,93,651.0,377.0,39.7
2026-07-07 11:00:00,31.0,81,0.0,4.9,97,734.0,436.0,39.8
2026-07-07 12:00:00,32.5,70,0.0,1.4,98,613.0,238.0,40.2
2026-07-07 13:00:00,30.9,72,0.6,5.7,98,587.0,219.0,37.3
2026-07-07 14:00:00,31.9,69,0.2,1.5,83,465.0,127.0,38.7
2026-07-07 15:00:00,32.5,64,0.0,6.2,100,398.0,132.0,38.2
2026-07-07 16:00:00,30.4,78,0.0,9.8,100,144.0,3.0,36.4
2026-07-07 17:00:00,26.5,94,0.0,7.6,100,165.0,56.0,32.5
2026-07-07 18:00:00,26.7,96,3.1,2.0,100,19.0,0.0,33.7
2026-07-07 19:00:00,26.8,96,1.6,2.6,100,5.0,0.0,33.9
2026-07-07 20:00:00,27.0,96,1.0,4.3,100,0.0,0.0,33.9
2026-07-07 21:00:00,26.9,97,0.5,6.6,100,0.0,0.0,33.6
2026-07-07 22:00:00,27.0,96,0.1,2.8,100,0.0,0.0,34.1
2026-07-07 23:00:00,27.0,95,0.0,4.0,98,0.0,0.0,33.8
2026-07-08 00:00:00,26.9,95,0.0,1.6,100,0.0,0.0,34.1
2026-07-08 01:00:00,27.0,94,0.0,1.4,100,0.0,0.0,34.2
2026-07-08 02:00:00,26.9,96,0.0,9.6,99,0.0,0.0,32.9
2026-07-08 03:00:00,26.8,94,0.0,4.6,97,0.0,0.0,33.3
2026-07-08 04:00:00,26.7,93,0.0,8.2,100,0.0,0.0,32.4
2026-07-08 05:00:00,26.1,97,0.5,7.1,100,0.0,0.0,32.2
2026-07-08 06:00:00,26.3,97,1.5,9.5,100,8.0,0.0,32.1
2026-07-08 07:00:00,26.6,97,0.9,9.7,100,28.0,0.0,32.5
2026-07-08 08:00:00,27.1,94,0.2,10.8,100,85.0,0.0,32.8
2026-07-08 09:00:00,27.8,89,0.1,9.3,100,185.0,6.0,33.7
2026-07-08 10:00:00,28.7,83,0.0,10.1,100,301.0,42.0,34.3
2026-07-08 11:00:00,27.3,92,0.1,8.3,100,376.0,54.0,33.3
2026-07-08 12:00:00,27.7,88,1.2,8.1,100,195.0,8.0,33.6
2026-07-08 13:00:00,29.1,79,0.1,7.7,100,351.0,77.0,34.7
2026-07-08 14:00:00,29.3,78,0.1,8.3,98,354.0,63.0,34.8
2026-07-08 15:00:00,29.0,80,0.1,7.8,100,212.0,21.0,34.8
2026-07-08 16:00:00,29.1,80,0.3,7.9,99,241.0,47.0,34.9
2026-07-08 17:00:00,27.1,91,0.1,8.0,100,226.0,48.0,33.0
2026-07-08 18:00:00,26.5,96,2.1,8.1,100,11.0,0.0,32.5
2026-07-08 19:00:00,26.3,95,0.7,8.4,100,9.0,0.0,32.1
2026-07-08 20:00:00,26.5,94,0.2,8.8,100,0.0,0.0,32.2
2026-07-08 21:00:00,26.6,95,0.6,10.3,100,0.0,0.0,32.3
2026-07-08 22:00:00,26.7,96,1.0,10.2,100,0.0,0.0,32.5
2026-07-08 23:00:00,26.2,94,2.0,8.6,100,0.0,0.0,31.8
2026-07-09 00:00:00,26.0,96,1.9,9.0,100,0.0,0.0,31.6
2026-07-09 01:00:00,25.9,95,1.8,9.9,100,0.0,0.0,31.3
2026-07-09 02:00:00,25.8,96,1.8,9.4,100,0.0,0.0,31.2
2026-07-09 03:00:00,25.8,95,1.7,9.9,100,0.0,0.0,31.0
2026-07-09 04:00:00,25.7,96,8.0,10.2,100,0.0,0.0,30.9
2026-07-09 05:00:00,25.4,96,18.1,11.4,100,0.0,0.0,30.2
2026-07-09 06:00:00,25.2,97,10.1,11.1,100,2.0,0.0,30.1
2026-07-09 07:00:00,25.0,98,7.3,16.5,100,12.0,0.0,29.0
2026-07-09 08:00:00,25.6,93,12.1,18.9,100,20.0,0.0,29.1
2026-07-09 09:00:00,25.3,94,15.1,15.8,100,0.0,0.0,29.1
2026-07-09 10:00:00,25.4,94,9.0,13.2,100,22.0,0.0,29.8
2026-07-09 11:00:00,25.2,94,8.1,8.8,100,73.0,0.0,30.1
2026-07-09 12:00:00,25.4,94,3.5,6.9,100,55.0,0.0,30.8
2026-07-09 13:00:00,26.4,92,1.2,7.5,99,248.0,3.0,32.0
2026-07-09 14:00:00,27.9,83,0.1,11.5,100,369.0,39.0,32.6
2026-07-09 15:00:00,28.6,78,0.0,12.4,100,410.0,84.0,33.1
2026-07-09 16:00:00,28.9,77,0.0,10.4,100,368.0,96.0,33.8
2026-07-09 17:00:00,29.2,75,0.0,12.9,98,229.0,42.0,33.6
2026-07-09 18:00:00,28.3,80,0.0,10.6,94,119.0,19.0,33.2
2026-07-09 19:00:00,27.3,86,0.0,8.5,88,23.0,1.0,32.6
2026-07-09 20:00:00,26.8,89,0.0,6.4,99,0.0,0.0,32.5
2026-07-09 21:00:00,26.5,91,0.0,5.8,99,0.0,0.0,32.2
2026-07-09 22:00:00,26.1,92,0.0,4.7,98,0.0,0.0,32.0
2026-07-09 23:00:00,27.1,95,0.0,6.4,94,0.0,0.0,33.7
2026-07-10 00:00:00,26.5,97,0.0,6.2,99,0.0,0.0,32.9
2026-07-10 01:00:00,26.3,97,0.0,5.6,97,0.0,0.0,32.7
2026-07-10 02:00:00,26.0,97,0.0,6.3,99,0.0,0.0,32.1
2026-07-10 03:00:00,25.7,96,0.0,6.8,98,0.0,0.0,31.4
2026-07-10 04:00:00,25.5,96,0.0,7.1,93,0.0,0.0,31.0
2026-07-10 05:00:00,26.9,97,0.0,6.3,59,0.0,0.0,33.5
2026-07-10 06:00:00,27.2,94,0.3,6.2,86,28.0,3.0,33.7
2026-07-10 07:00:00,27.8,90,0.1,7.4,94,146.0,45.0,34.1
2026-07-10 08:00:00,28.4,86,0.2,6.6,59,272.0,93.0,34.7
2026-07-10 09:00:00,30.1,79,0.0,9.9,77,505.0,282.0,36.0
2026-07-10 10:00:00,30.0,78,0.0,11.5,84,525.0,257.0,35.6
2026-07-10 11:00:00,31.1,73,0.0,9.7,65,723.0,447.0,37.8
2026-07-10 12:00:00,32.1,68,0.0,10.0,41,847.0,581.0,39.3
2026-07-10 13:00:00,32.5,66,0.0,10.5,13,826.0,561.0,39.5
2026-07-10 14:00:00,32.8,63,0.0,10.7,12,780.0,534.0,39.2
2026-07-10 15:00:00,33.0,62,0.0,10.5,7,649.0,420.0,38.6
2026-07-10 16:00:00,32.8,62,0.0,8.7,4,486.0,293.0,38.0
2026-07-10 17:00:00,32.0,64,0.0,4.5,21,325.0,181.0,37.6
2026-07-10 18:00:00,31.3,72,0.0,4.0,22,143.0,54.0,37.9
2026-07-10 19:00:00,30.1,78,0.0,4.6,36,24.0,3.0,36.6
2026-07-10 20:00:00,29.6,79,0.0,7.2,66,0.0,0.0,35.5
2026-07-10 21:00:00,29.1,81,0.0,8.1,100,0.0,0.0,35.0
2026-07-10 22:00:00,28.5,86,0.0,3.6,84,0.0,0.0,35.3
2026-07-10 23:00:00,28.3,87,0.0,4.8,100,0.0,0.0,35.0
2026-07-11 00:00:00,27.9,89,0.0,5.2,90,0.0,0.0,34.4
2026-07-11 01:00:00,27.7,89,0.0,5.2,95,0.0,0.0,34.1
2026-07-11 02:00:00,27.6,90,0.0,2.4,85,0.0,0.0,34.5
2026-07-11 03:00:00,27.5,91,0.0,1.9,95,0.0,0.0,34.5
2026-07-11 04:00:00,27.5,91,0.0,0.8,99,0.0,0.0,34.7
2026-07-11 05:00:00,27.4,93,0.0,2.8,54,0.0,0.0,34.5
2026-07-11 06:00:00,27.7,93,0.0,4.8,84,24.0,3.0,34.6
2026-07-11 07:00:00,28.6,87,0.0,1.7,41,109.0,22.0,35.8
2026-07-11 08:00:00,29.1,84,0.0,5.6,40,242.0,89.0,35.8
2026-07-11 09:00:00,30.5,77,0.0,4.7,19,384.0,165.0,37.2
2026-07-11 10:00:00,32.3,64,0.0,10.3,27,589.0,350.0,37.4
2026-07-11 11:00:00,33.1,60,0.0,11.8,21,702.0,432.0,38.6
2026-07-11 12:00:00,33.7,59,0.1,9.3,44,798.0,533.0,40.3
2026-07-11 13:00:00,34.1,58,0.1,8.1,61,828.0,567.0,41.1
2026-07-11 14:00:00,34.3,57,0.1,6.6,88,740.0,474.0,41.0
2026-07-11 15:00:00,34.2,57,0.0,5.8,48,560.0,280.0,39.8
2026-07-11 16:00:00,34.2,57,0.0,6.4,20,443.0,231.0,39.5
2026-07-11 17:00:00,34.1,61,0.0,4.9,20,299.0,149.0,40.5
2026-07-11 18:00:00,32.7,71,0.0,4.6,13,139.0,51.0,39.9
2026-07-11 19:00:00,31.7,78,0.0,2.3,11,23.0,3.0,39.7
2026-07-11 20:00:00,31.5,79,0.0,1.0,26,0.0,0.0,39.8
2026-07-11 21:00:00,31.0,81,0.0,4.0,22,0.0,0.0,38.7
2026-07-11 22:00:00,30.7,77,0.0,6.2,16,0.0,0.0,37.3
2026-07-11 23:00:00,31.0,76,0.0,5.4,27,0.0,0.0,37.7
2026-07-12 00:00:00,29.9,79,0.0,7.8,5,0.0,0.0,36.1
2026-07-12 01:00:00,29.5,80,0.0,6.6,3,0.0,0.0,35.7
2026-07-12 02:00:00,29.1,80,0.0,6.0,6,0.0,0.0,35.1
2026-07-12 03:00:00,28.9,79,0.0,6.5,7,0.0,0.0,34.5
2026-07-12 04:00:00,28.7,78,0.0,5.9,90,0.0,0.0,34.3
2026-07-12 05:00:00,29.4,74,0.0,10.9,3,0.0,0.0,34.1
2026-07-12 06:00:00,29.6,72,0.0,10.5,2,34.0,6.0,34.2
2026-07-12 07:00:00,30.5,70,0.0,10.5,2,168.0,72.0,35.2
2026-07-12 08:00:00,31.3,67,0.0,12.3,41,352.0,206.0,35.8
2026-07-12 09:00:00,32.2,64,0.0,11.8,23,544.0,359.0,36.9
2026-07-12 10:00:00,33.2,62,0.0,11.4,2,706.0,496.0,39.0
2026-07-12 11:00:00,34.3,59,0.0,11.8,18,823.0,600.0,40.8
2026-07-12 12:00:00,34.6,57,0.1,10.7,19,811.0,556.0,41.0
2026-07-12 13:00:00,35.0,55,0.1,9.6,26,827.0,566.0,41.6
2026-07-12 14:00:00,35.0,55,0.1,8.8,30,732.0,491.0,41.3
2026-07-12 15:00:00,34.3,59,0.3,8.9,77,615.0,389.0,40.2
2026-07-12 16:00:00,32.4,65,0.3,9.6,80,465.0,268.0,37.7
2026-07-12 17:00:00,34.6,58,0.6,5.4,16,182.0,52.0,40.7
2026-07-12 18:00:00,33.6,68,0.0,3.8,33,153.0,62.0,40.9
2026-07-12 19:00:00,32.3,73,0.0,4.2,63,25.0,4.0,39.7
2026-07-12 20:00:00,31.9,75,0.0,2.7,90,0.0,0.0,39.5
2026-07-12 21:00:00,31.5,77,0.0,2.4,64,0.0,0.0,39.1
2026-07-12 22:00:00,31.1,78,0.0,3.4,42,0.0,0.0,38.5
2026-07-12 23:00:00,31.5,72,0.0,8.4,61,0.0,0.0,37.6
2026-07-13 00:00:00,30.5,72,0.1,11.3,24,0.0,0.0,35.4
2026-07-13 01:00:00,30.5,64,0.0,13.7,13,0.0,0.0,33.8
2026-07-13 02:00:00,29.6,67,0.0,9.8,9,0.0,0.0,33.5
2026-07-13 03:00:00,28.9,70,0.0,7.7,1,0.0,0.0,33.2
2026-07-13 04:00:00,28.4,72,0.0,7.9,27,0.0,0.0,32.7
2026-07-13 05:00:00,29.0,73,0.0,11.6,2,0.0,0.0,33.2
2026-07-13 06:00:00,29.1,72,0.0,11.5,77,34.0,6.0,33.2
2026-07-13 07:00:00,30.0,70,0.0,10.4,45,170.0,71.0,34.5
2026-07-13 08:00:00,31.2,67,0.0,9.5,22,358.0,213.0,36.2
2026-07-13 09:00:00,32.4,63,0.0,11.0,45,547.0,367.0,37.1
2026-07-13 10:00:00,33.4,60,0.0,10.8,42,711.0,505.0,39.1
2026-07-13 11:00:00,34.7,54,0.0,10.3,20,828.0,607.0,40.9
2026-07-13 12:00:00,35.2,51,0.0,7.7,20,821.0,574.0,41.6
2026-07-13 13:00:00,35.7,48,0.0,5.9,31,794.0,553.0,41.8
2026-07-13 14:00:00,35.8,48,0.0,6.9,28,744.0,507.0,41.5
2026-07-13 15:00:00,35.6,49,0.0,8.8,16,634.0,428.0,40.4
2026-07-13 16:00:00,35.4,50,0.0,8.5,74,519.0,349.0,39.8
2026-07-13 17:00:00,34.3,65,0.0,5.2,79,289.0,144.0,41.5
2026-07-13 18:00:00,33.5,71,0.0,4.4,78,110.0,29.0,41.2
2026-07-13 19:00:00,32.6,74,0.0,3.8,95,23.0,3.0,40.4
2026-07-13 20:00:00,32.2,67,0.0,6.4,98,0.0,0.0,38.1
2026-07-13 21:00:00,31.8,63,0.0,6.1,98,0.0,0.0,36.9
2026-07-13 22:00:00,30.8,69,0.0,6.4,94,0.0,0.0,36.2
2026-07-13 23:00:00,30.6,72,0.0,6.1,84,0.0,0.0,36.4
2026-07-14 00:00:00,29.8,77,0.0,4.3,60,0.0,0.0,36.1
2026-07-14 01:00:00,29.7,77,0.0,5.1,34,0.0,0.0,35.8
2026-07-14 02:00:00,29.8,72,0.0,7.6,49,0.0,0.0,35.0
2026-07-14 03:00:00,29.3,74,0.0,6.6,38,0.0,0.0,34.5
2026-07-14 04:00:00,28.7,77,0.0,6.2,27,0.0,0.0,34.0
2026-07-14 05:00:00,26.1,95,0.0,5.3,100,0.0,0.0,32.1
2026-07-14 06:00:00,26.4,85,1.0,19.6,84,21.0,1.0,29.5
2026-07-14 07:00:00,28.1,76,0.1,9.7,33,117.0,32.0,32.4
2026-07-14 08:00:00,30.8,70,0.0,7.9,44,291.0,152.0,36.2
2026-07-14 09:00:00,32.0,65,0.0,8.0,19,442.0,253.0,37.3
2026-07-14 10:00:00,33.4,60,0.0,9.8,11,656.0,431.0,39.0
2026-07-14 11:00:00,35.2,51,0.0,11.7,10,794.0,554.0,40.5
2026-07-14 12:00:00,35.6,48,0.0,9.6,3,832.0,587.0,41.3
2026-07-14 13:00:00,36.0,46,0.0,8.6,7,839.0,603.0,41.7
2026-07-14 14:00:00,36.2,45,0.0,7.7,15,778.0,547.0,41.6
2026-07-14 15:00:00,36.2,45,0.0,8.3,41,671.0,460.0,40.7
2026-07-14 16:00:00,35.8,45,0.0,9.9,36,496.0,309.0,39.2
2026-07-14 17:00:00,28.1,89,0.0,8.2,100,322.0,185.0,34.3
2026-07-14 18:00:00,28.7,89,1.1,9.7,98,64.0,5.0,35.2
2026-07-14 19:00:00,28.2,88,0.1,11.3,93,23.0,2.0,33.9
2026-07-14 20:00:00,28.0,83,0.0,6.5,84,0.0,0.0,33.7
2026-07-14 21:00:00,28.4,80,0.0,5.8,95,0.0,0.0,33.9
2026-07-14 22:00:00,28.7,76,0.0,6.6,100,0.0,0.0,33.7
2026-07-14 23:00:00,29.4,74,0.0,4.6,100,0.0,0.0,35.0
2026-07-15 00:00:00,27.4,83,0.0,7.4,96,0.0,0.0,32.6
2026-07-15 01:00:00,26.3,87,0.0,9.4,66,0.0,0.0,31.0
2026-07-15 02:00:00,25.9,88,0.0,6.9,100,0.0,0.0,30.9
2026-07-15 03:00:00,26.2,90,0.0,2.6,100,0.0,0.0,32.1
2026-07-15 04:00:00,26.3,91,0.0,2.3,100,0.0,0.0,32.5
2026-07-15 05:00:00,26.4,88,0.0,6.8,100,0.0,0.0,31.7
2026-07-15 06:00:00,25.4,96,2.4,9.5,100,16.0,2.0,30.6
2026-07-15 07:00:00,26.0,98,0.9,7.2,13,31.0,0.0,32.1
2026-07-15 08:00:00,29.1,84,0.1,5.3,97,290.0,140.0,35.7
2026-07-15 09:00:00,31.9,65,0.0,5.6,48,462.0,250.0,37.5
2026-07-15 10:00:00,33.7,55,0.0,8.7,23,672.0,456.0,38.8
2026-07-15 11:00:00,35.4,48,0.0,8.8,18,824.0,604.0,41.0
2026-07-15 12:00:00,36.0,44,0.0,8.5,20,824.0,553.0,41.1
2026-07-15 13:00:00,36.3,42,0.0,9.7,20,808.0,533.0,40.9
2026-07-15 14:00:00,36.3,43,0.0,9.7,16,732.0,469.0,40.6
2026-07-15 15:00:00,36.1,43,0.0,9.2,35,637.0,421.0,40.0
2026-07-15 16:00:00,35.8,44,0.0,9.4,9,492.0,311.0,39.2
2026-07-15 17:00:00,34.0,52,0.0,8.8,20,329.0,188.0,37.9
2026-07-15 18:00:00,32.8,57,0.0,8.1,8,146.0,56.0,37.2
2026-07-15 19:00:00,31.9,64,0.0,7.6,10,24.0,4.0,37.0
2026-07-15 20:00:00,31.6,65,0.0,8.3,9,0.0,0.0,36.6
2026-07-15 21:00:00,31.5,64,0.0,6.4,11,0.0,0.0,36.4
2026-07-15 22:00:00,31.2,64,0.0,4.9,29,0.0,0.0,36.2
2026-07-15 23:00:00,31.8,63,0.0,5.6,35,0.0,0.0,37.0
2026-07-16 00:00:00,31.0,66,0.0,6.3,40,0.0,0.0,36.1
2026-07-16 01:00:00,30.6,67,0.0,5.2,18,0.0,0.0,35.7
2026-07-16 02:00:00,30.3,67,0.0,6.1,9,0.0,0.0,35.2
2026-07-16 03:00:00,30.0,66,0.0,7.5,3,0.0,0.0,34.4
2026-07-16 04:00:00,29.8,65,0.0,9.0,23,0.0,0.0,33.5
2026-07-16 05:00:00,30.0,64,0.0,9.0,50,0.0,0.0,33.7
2026-07-16 06:00:00,30.2,63,0.0,9.2,40,29.0,4.0,33.9
2026-07-16 07:00:00,31.3,61,0.0,7.9,35,158.0,62.0,35.4
2026-07-16 08:00:00,32.7,56,0.0,9.2,30,330.0,186.0,36.6
2026-07-16 09:00:00,34.1,53,0.0,9.6,36,530.0,353.0,38.4
2026-07-16 10:00:00,35.6,48,0.0,10.9,41,700.0,492.0,40.1
2026-07-16 11:00:00,36.9,42,0.0,12.6,30,782.0,553.0,41.2
2026-07-16 12:00:00,36.7,42,0.0,11.7,49,845.0,610.0,41.4
2026-07-16 13:00:00,37.1,40,0.0,12.5,21,844.0,598.0,41.4
2026-07-16 14:00:00,37.3,40,0.0,12.5,6,800.0,577.0,41.3
2026-07-16 15:00:00,37.2,39,0.0,12.5,12,678.0,479.0,40.4
2026-07-16 16:00:00,37.1,39,0.0,11.4,21,519.0,347.0,39.7
2026-07-16 17:00:00,37.3,38,0.0,12.4,83,329.0,192.0,39.6
2026-07-16 18:00:00,36.6,40,0.0,7.8,56,144.0,56.0,39.7
2026-07-16 19:00:00,35.1,46,0.0,5.2,35,25.0,3.0,39.1
2026-07-16 20:00:00,34.3,56,0.0,2.4,73,0.0,0.0,40.2
2026-07-16 21:00:00,34.0,59,0.0,1.5,98,0.0,0.0,40.3
2026-07-16 22:00:00,33.7,61,0.0,1.5,83,0.0,0.0,40.2
2026-07-16 23:00:00,34.3,58,0.0,1.4,99,0.0,0.0,40.7
2026-07-17 00:00:00,33.2,60,0.0,3.2,95,0.0,0.0,39.0
2026-07-17 01:00:00,32.5,65,0.0,2.3,98,0.0,0.0,38.9
2026-07-17 02:00:00,31.7,67,0.0,2.8,97,0.0,0.0,37.9
2026-07-17 03:00:00,31.1,69,0.0,4.0,99,0.0,0.0,37.0
2026-07-17 04:00:00,30.7,70,0.0,4.6,95,0.0,0.0,36.5
2026-07-17 05:00:00,31.1,70,0.0,3.5,48,0.0,0.0,37.3
2026-07-17 06:00:00,31.0,69,0.0,7.0,41,28.0,4.0,36.5
2026-07-17 07:00:00,31.8,65,0.0,7.5,38,150.0,55.0,37.1
2026-07-17 08:00:00,33.0,56,0.0,9.4,66,325.0,178.0,37.2
2026-07-17 09:00:00,34.5,51,0.0,10.5,61,539.0,356.0,38.3
2026-07-17 10:00:00,36.0,45,0.0,11.2,57,674.0,457.0,40.0
2026-07-17 11:00:00,36.6,41,0.0,11.8,80,806.0,567.0,40.8
2026-07-17 12:00:00,36.4,42,0.2,11.8,88,732.0,404.0,40.3
2026-07-17 13:00:00,36.9,41,0.1,11.6,73,778.0,475.0,41.0
2026-07-17 14:00:00,37.2,40,0.0,10.9,83,740.0,474.0,41.2
2026-07-17 15:00:00,37.4,39,0.0,11.8,98,618.0,383.0,40.3
2026-07-17 16:00:00,37.0,39,0.0,12.1,100,409.0,147.0,39.4
2026-07-17 17:00:00,37.0,38,0.0,11.3,98,168.0,22.0,39.4
2026-07-17 18:00:00,35.8,45,0.0,6.3,98,111.0,24.0,39.7
2026-07-17 19:00:00,34.7,55,0.0,2.8,99,19.0,1.0,40.4
2026-07-17 20:00:00,34.4,57,0.0,1.0,76,0.0,0.0,40.8
2026-07-17 21:00:00,33.9,61,0.0,1.3,92,0.0,0.0,40.7
2026-07-17 22:00:00,33.0,64,0.0,2.9,87,0.0,0.0,39.5
2026-07-17 23:00:00,33.1,65,0.0,2.6,77,0.0,0.0,39.8
2026-07-18 00:00:00,31.9,68,0.0,6.1,77,0.0,0.0,37.8
2026-07-18 01:00:00,31.4,66,0.0,3.1,58,0.0,0.0,37.2
2026-07-18 02:00:00,31.2,65,0.0,3.1,91,0.0,0.0,36.8
2026-07-18 03:00:00,31.3,61,0.0,4.5,95,0.0,0.0,36.0
2026-07-18 04:00:00,31.2,59,0.0,8.0,94,0.0,0.0,35.0
2026-07-18 05:00:00,31.1,65,0.0,11.0,85,0.0,0.0,35.4
2026-07-18 06:00:00,31.0,61,0.0,11.1,43,23.0,2.0,34.5
2026-07-18 07:00:00,31.8,57,0.0,10.7,100,136.0,45.0,35.2
2026-07-18 08:00:00,32.1,58,0.0,9.7,100,174.0,32.0,36.1
2026-07-18 09:00:00,33.1,56,0.0,11.5,89,317.0,94.0,37.0
2026-07-18 10:00:00,34.8,51,0.0,13.7,99,603.0,346.0,38.6
2026-07-18 11:00:00,35.5,49,0.0,14.9,99,647.0,293.0,39.4
2026-07-18 12:00:00,35.6,49,0.0,13.7,100,647.0,277.0,39.6
2026-07-18 13:00:00,36.0,47,0.0,11.9,100,616.0,223.0,40.0
2026-07-18 14:00:00,36.0,47,0.0,9.8,100,488.0,104.0,39.8
2026-07-18 15:00:00,36.3,44,0.0,9.3,100,448.0,119.0,40.0
2026-07-18 16:00:00,35.7,46,0.0,7.9,100,220.0,23.0,39.5
2026-07-18 17:00:00,36.3,42,0.0,5.8,95,139.0,8.0,40.1
2026-07-18 18:00:00,35.5,49,0.0,3.8,100,113.0,28.0,40.5
2026-07-18 19:00:00,34.4,51,0.0,4.9,98,22.0,2.0,38.9
2026-07-18 20:00:00,34.1,52,0.0,4.4,98,0.0,0.0,38.7
2026-07-18 21:00:00,33.9,52,0.0,4.4,99,0.0,0.0,38.6
2026-07-18 22:00:00,33.2,57,0.0,4.1,99,0.0,0.0,38.3
2026-07-18 23:00:00,33.6,52,0.0,6.6,88,0.0,0.0,37.8
2026-07-19 00:00:00,32.0,65,0.0,4.9,71,0.0,0.0,37.6
2026-07-19 01:00:00,31.2,70,0.0,5.7,98,0.0,0.0,37.1
2026-07-19 02:00:00,30.7,71,0.0,5.6,98,0.0,0.0,36.5
2026-07-19 03:00:00,30.4,70,0.0,6.9,97,0.0,0.0,35.7
2026-07-19 04:00:00,30.1,70,0.0,6.7,95,0.0,0.0,35.1
2026-07-19 05:00:00,29.8,81,0.0,2.8,100,0.0,0.0,37.0
2026-07-19 06:00:00,30.4,80,0.0,5.3,100,25.0,3.0,37.3
2026-07-19 07:00:00,31.6,71,0.0,6.8,100,79.0,3.0,37.7
2026-07-19 08:00:00,32.5,62,0.0,8.1,100,182.0,24.0,37.4
2026-07-19 09:00:00,33.0,58,0.0,7.5,99,267.0,20.0,37.7
2026-07-19 10:00:00,34.1,54,0.0,8.0,99,375.0,64.0,38.6
2026-07-19 11:00:00,35.6,47,0.0,11.1,99,632.0,243.0,39.6
2026-07-19 12:00:00,36.0,46,0.0,11.2,98,669.0,321.0,40.2
2026-07-19 13:00:00,35.0,51,0.4,8.1,99,422.0,102.0,39.4
2026-07-19 14:00:00,35.2,51,0.0,4.9,99,367.0,54.0,40.2
2026-07-19 15:00:00,34.9,55,0.0,4.3,100,375.0,68.0,40.6
2026-07-19 16:00:00,33.6,60,1.8,5.4,100,366.0,131.0,39.3
2026-07-19 17:00:00,36.6,43,0.1,1.6,100,147.0,6.0,41.2
2026-07-19 18:00:00,34.2,57,0.2,10.4,99,91.0,4.0,39.0
2026-07-19 19:00:00,31.6,79,0.1,11.2,100,16.0,0.0,38.3
2026-07-19 20:00:00,31.2,81,0.0,9.7,100,0.0,0.0,38.4
2026-07-19 21:00:00,31.2,81,0.1,6.5,100,0.0,0.0,38.6
2026-07-19 22:00:00,30.7,84,0.5,6.4,99,0.0,0.0,38.2
2026-07-19 23:00:00,31.6,78,0.5,8.7,99,0.0,0.0,38.6
2026-07-20 00:00:00,30.3,84,0.0,7.5,96,0.0,0.0,37.5
2026-07-20 01:00:00,28.8,89,0.1,8.5,98,0.0,0.0,35.5
2026-07-20 02:00:00,28.1,90,0.0,7.6,100,0.0,0.0,34.5
2026-07-20 03:00:00,28.4,90,0.0,4.2,98,0.0,0.0,35.6
2026-07-20 04:00:00,26.8,94,4.8,9.4,98,0.0,0.0,32.7
2026-07-20 05:00:00,28.5,84,1.1,8.5,100,0.0,0.0,34.2
2026-07-20 06:00:00,28.6,85,0.2,8.0,100,15.0,0.0,34.6
2026-07-20 07:00:00,28.2,87,0.6,6.7,100,65.0,2.0,34.5
2026-07-20 08:00:00,27.7,92,4.2,1.8,100,123.0,1.0,35.1
2026-07-20 09:00:00,28.7,90,0.9,6.7,100,206.0,23.0,35.7
2026-07-20 10:00:00,29.5,86,0.9,0.6,100,273.0,43.0,37.4
2026-07-20 11:00:00,31.7,71,0.4,4.5,95,244.0,27.0,38.3
2026-07-20 12:00:00,30.8,76,1.2,6.6,98,583.0,261.0,37.5
2026-07-20 13:00:00,28.9,86,7.2,11.5,88,614.0,267.0,35.2
2026-07-20 14:00:00,29.1,85,0.7,7.6,85,377.0,147.0,35.5
2026-07-20 15:00:00,30.2,81,0.1,4.2,98,460.0,223.0,37.4
2026-07-20 16:00:00,30.5,79,0.0,4.4,100,364.0,120.0,37.6
2026-07-20 17:00:00,29.9,78,0.0,5.5,100,184.0,22.0,36.2
2026-07-20 18:00:00,27.5,92,4.3,4.0,100,33.0,0.0,34.3
2026-07-20 19:00:00,27.4,93,3.4,2.7,100,6.0,0.0,34.5
2026-07-20 20:00:00,27.4,95,1.1,4.6,100,0.0,0.0,34.5
2026-07-20 21:00:00,27.4,95,0.6,3.4,100,0.0,0.0,34.6
2026-07-20 22:00:00,27.3,94,0.1,3.3,100,0.0,0.0,34.4
2026-07-20 23:00:00,26.5,96,0.0,1.6,96,0.0,0.0,33.5
2026-07-21 00:00:00,26.7,95,0.2,3.6,99,0.0,0.0,33.4
2026-07-21 01:00:00,26.5,95,0.6,7.8,100,0.0,0.0,32.5
2026-07-21 02:00:00,26.3,95,0.2,7.6,100,0.0,0.0,32.2
2026-07-21 03:00:00,26.3,93,0.2,7.6,95,0.0,0.0,31.9
2026-07-21 04:00:00,26.1,93,0.3,6.0,100,0.0,0.0,31.8
2026-07-21 05:00:00,26.3,93,0.4,5.1,100,0.0,0.0,32.3
2026-07-21 06:00:00,25.7,95,3.8,6.5,100,6.0,0.0,31.3
2026-07-21 07:00:00,25.9,95,1.0,9.1,100,26.0,0.0,31.2
2026-07-21 08:00:00,26.4,92,0.4,9.2,100,102.0,1.0,31.7
2026-07-21 09:00:00,27.0,88,0.1,8.5,100,165.0,5.0,32.4
2026-07-21 10:00:00,28.0,84,0.2,8.6,100,319.0,72.0,33.4
2026-07-21 11:00:00,26.7,95,0.1,11.9,100,357.0,60.0,32.2
2026-07-21 12:00:00,27.7,94,0.9,7.9,100,157.0,0.0,34.4
2026-07-21 13:00:00,29.5,86,0.5,7.2,100,382.0,49.0,36.4
2026-07-21 14:00:00,29.1,85,0.4,8.0,100,280.0,22.0,35.6
2026-07-21 15:00:00,27.5,92,4.3,9.3,99,239.0,33.0,33.5
2026-07-21 16:00:00,28.4,87,0.6,6.0,99,307.0,83.0,34.9
2026-07-21 17:00:00,29.9,74,0.1,7.2,100,205.0,31.0,35.4
2026-07-21 18:00:00,28.9,82,0.1,6.9,95,90.0,8.0,34.9
2026-07-21 19:00:00,28.4,86,0.1,4.6,98,14.0,0.0,35.0
2026-07-21 20:00:00,28.2,87,0.0,7.7,95,0.0,0.0,34.3
2026-07-21 21:00:00,28.0,87,0.0,7.6,98,0.0,0.0,34.1
2026-07-21 22:00:00,27.7,88,0.1,10.3,99,0.0,0.0,33.2
2026-07-21 23:00:00,26.7,95,0.1,12.2,91,0.0,0.0,32.2
2026-07-22 00:00:00,26.5,94,0.1,10.9,59,0.0,0.0,31.9
2026-07-22 01:00:00,26.4,94,0.0,9.4,66,0.0,0.0,31.9
2026-07-22 02:00:00,26.3,95,0.0,8.7,85,0.0,0.0,32.1
2026-07-22 03:00:00,25.8,96,1.0,11.2,94,0.0,0.0,30.9
2026-07-22 04:00:00,25.8,95,0.4,11.2,97,0.0,0.0,30.7
2026-07-22 05:00:00,25.8,95,0.6,11.6,91,0.0,0.0,30.8
2026-07-22 06:00:00,25.9,95,0.7,13.3,68,21.0,1.0,30.7
2026-07-22 07:00:00,26.7,89,0.2,15.7,80,129.0,32.0,30.9
2026-07-22 08:00:00,27.1,84,0.7,16.5,64,282.0,114.0,30.8
2026-07-22 09:00:00,28.7,77,0.4,14.3,55,391.0,162.0,32.9
2026-07-22 10:00:00,29.9,74,0.7,13.4,17,536.0,279.0,34.4
2026-07-22 11:00:00,30.6,67,0.2,15.0,25,715.0,457.0,35.3
2026-07-22 12:00:00,31.3,66,0.2,14.4,90,788.0,517.0,36.8
2026-07-22 13:00:00,31.7,67,0.0,11.9,97,812.0,525.0,38.0
2026-07-22 14:00:00,31.8,67,0.1,11.4,100,753.0,464.0,37.9
2026-07-22 15:00:00,31.6,69,0.1,10.7,100,603.0,337.0,37.1
2026-07-22 16:00:00,31.5,68,0.1,8.8,100,427.0,210.0,36.8
2026-07-22 17:00:00,28.4,88,0.1,5.7,96,271.0,106.0,35.0
2026-07-22 18:00:00,28.9,86,0.0,3.6,88,106.0,16.0,36.0
2026-07-22 19:00:00,28.6,89,0.0,4.6,84,21.0,2.0,35.8
2026-07-22 20:00:00,28.8,89,0.0,7.0,91,0.0,0.0,35.6
2026-07-22 21:00:00,28.9,87,0.0,9.2,91,0.0,0.0,35.3
2026-07-22 22:00:00,28.6,84,0.1,9.2,89,0.0,0.0,34.3
2026-07-22 23:00:00,28.2,84,0.0,10.1,72,0.0,0.0,33.7
2026-07-23 00:00:00,28.2,84,0.0,11.1,77,0.0,0.0,33.4
2026-07-23 01:00:00,27.9,84,0.0,11.3,34,0.0,0.0,33.0
2026-07-23 02:00:00,27.7,85,0.0,11.8,7,0.0,0.0,32.6
2026-07-23 03:00:00,27.4,85,0.0,10.6,2,0.0,0.0,32.4
2026-07-23 04:00:00,27.2,86,0.0,10.5,3,0.0,0.0,32.1
2026-07-23 05:00:00,26.6,93,0.0,9.6,81,0.0,0.0,32.1
2026-07-23 06:00:00,26.1,95,1.5,8.7,77,25.0,2.0,31.7
2026-07-23 07:00:00,26.6,93,0.4,12.4,66,137.0,39.0,31.7
2026-07-23 08:00:00,27.6,85,0.2,12.1,61,282.0,122.0,32.4
2026-07-23 09:00:00,28.4,83,0.3,9.8,11,436.0,200.0,33.8
2026-07-23 10:00:00,30.3,74,0.1,12.8,21,668.0,438.0,35.9
2026-07-23 11:00:00,31.0,68,0.0,14.5,37,785.0,531.0,36.5
2026-07-23 12:00:00,31.5,65,0.1,15.0,30,798.0,529.0,36.8
2026-07-23 13:00:00,31.9,65,0.2,13.8,31,778.0,511.0,37.5
2026-07-23 14:00:00,32.2,64,0.1,13.3,80,741.0,492.0,37.8
2026-07-23 15:00:00,29.7,76,1.3,15.0,91,632.0,400.0,34.7
2026-07-23 16:00:00,30.2,76,0.6,4.7,23,385.0,192.0,36.5
2026-07-23 17:00:00,31.3,70,0.2,10.7,81,308.0,157.0,36.6
2026-07-23 18:00:00,30.2,75,0.2,8.6,64,130.0,37.0,35.8
2026-07-23 19:00:00,29.8,76,0.0,7.8,23,18.0,2.0,35.4
2026-07-23 20:00:00,28.6,82,0.3,8.5,67,0.0,0.0,34.1
2026-07-23 21:00:00,26.2,94,3.5,9.1,91,0.0,0.0,31.7
2026-07-23 22:00:00,26.5,94,0.8,11.6,93,0.0,0.0,31.8
2026-07-23 23:00:00,27.5,88,0.0,13.1,87,0.0,0.0,32.4
2026-07-24 00:00:00,27.1,88,0.0,10.8,77,0.0,0.0,32.3
2026-07-24 01:00:00,26.9,89,0.0,10.9,48,0.0,0.0,32.0
2026-07-24 02:00:00,26.8,89,0.0,9.7,27,0.0,0.0,32.1
2026-07-24 03:00:00,26.7,90,0.0,9.7,33,0.0,0.0,31.9
2026-07-24 04:00:00,26.5,91,0.0,10.3,88,0.0,0.0,31.6
2026-07-24 05:00:00,25.8,95,0.1,9.7,87,0.0,0.0,31.1
2026-07-24 06:00:00,25.9,94,0.1,12.1,63,22.0,1.0,30.8
2026-07-24 07:00:00,26.8,90,0.0,10.8,85,113.0,24.0,32.0
2026-07-24 08:00:00,28.2,83,0.0,14.7,89,281.0,95.0,32.8
2026-07-24 09:00:00,29.3,77,0.1,14.2,90,406.0,177.0,33.8
2026-07-24 10:00:00,30.3,73,0.2,13.4,95,575.0,281.0,35.1
2026-07-24 11:00:00,30.3,75,0.2,12.9,87,568.0,223.0,35.5
2026-07-24 12:00:00,31.0,73,0.6,12.1,100,734.0,356.0,37.4
2026-07-24 13:00:00,29.5,79,1.3,12.6,88,643.0,260.0,35.1
2026-07-24 14:00:00,28.7,83,4.8,6.8,98,484.0,174.0,34.8
2026-07-24 15:00:00,29.7,80,0.8,7.1,91,429.0,147.0,36.0
2026-07-24 16:00:00,30.6,74,0.1,7.6,91,389.0,145.0,36.5
2026-07-24 17:00:00,30.0,82,0.2,6.2,77,278.0,112.0,36.9
2026-07-24 18:00:00,30.0,83,0.0,7.7,95,122.0,31.0,36.8
2026-07-24 19:00:00,29.6,84,0.0,7.9,92,17.0,1.0,36.3
2026-07-24 20:00:00,29.4,84,0.0,9.6,70,0.0,0.0,35.7
2026-07-24 21:00:00,29.0,84,0.0,10.8,84,0.0,0.0,34.8
2026-07-24 22:00:00,28.6,85,0.0,10.5,65,0.0,0.0,34.3
2026-07-24 23:00:00,28.3,86,0.0,12.4,40,0.0,0.0,33.6
2026-07-25 00:00:00,28.1,85,0.0,12.4,9,0.0,0.0,33.2
2026-07-25 01:00:00,28.0,83,0.0,11.9,26,0.0,0.0,32.9
2026-07-25 02:00:00,27.6,84,0.1,11.0,38,0.0,0.0,32.5
2026-07-25 03:00:00,27.5,87,0.1,10.5,20,0.0,0.0,32.7
2026-07-25 04:00:00,27.4,87,0.1,10.5,36,0.0,0.0,32.6
2026-07-25 05:00:00,27.4,89,0.1,9.4,7,0.0,0.0,33.0
2026-07-25 06:00:00,27.5,89,0.0,7.7,16,24.0,3.0,33.3
2026-07-25 07:00:00,28.2,87,0.0,7.4,33,142.0,50.0,34.3
2026-07-25 08:00:00,28.8,81,0.1,11.8,55,295.0,135.0,34.0
2026-07-25 09:00:00,29.7,75,0.1,10.5,84,408.0,196.0,34.7
2026-07-25 10:00:00,30.4,73,0.3,10.6,95,563.0,261.0,35.5
2026-07-25 11:00:00,31.5,66,0.3,12.5,88,616.0,272.0,36.3
2026-07-25 12:00:00,31.5,66,0.2,12.6,77,643.0,295.0,36.5
2026-07-25 13:00:00,32.1,64,0.1,10.7,96,746.0,456.0,38.0
2026-07-25 14:00:00,32.3,63,0.3,12.2,98,688.0,377.0,37.7
2026-07-25 15:00:00,32.3,64,0.3,11.6,100,531.0,238.0,37.0
2026-07-25 16:00:00,31.4,68,0.2,11.6,84,312.0,95.0,36.2
2026-07-25 17:00:00,30.2,82,0.0,8.6,98,206.0,58.0,36.7
2026-07-25 18:00:00,29.6,82,0.0,11.2,98,90.0,7.0,35.4
2026-07-25 19:00:00,28.8,83,0.0,8.9,98,11.0,0.0,34.6
2026-07-25 20:00:00,28.4,86,0.0,9.8,98,0.0,0.0,34.2
2026-07-25 21:00:00,28.0,88,0.0,8.3,97,0.0,0.0,34.0
2026-07-25 22:00:00,27.7,89,0.0,8.3,88,0.0,0.0,33.7
2026-07-25 23:00:00,27.4,92,0.0,9.1,87,0.0,0.0,33.4
2026-07-26 00:00:00,27.4,93,0.1,9.6,73,0.0,0.0,33.5
2026-07-26 01:00:00,27.5,94,0.0,8.2,50,0.0,0.0,34.1
2026-07-26 02:00:00,27.5,95,0.0,7.9,20,0.0,0.0,34.1
2026-07-26 03:00:00,27.3,95,0.0,7.1,56,0.0,0.0,33.9
2026-07-26 04:00:00,27.3,95,0.0,6.1,72,0.0,0.0,34.0
2026-07-26 05:00:00,28.3,91,0.0,4.3,74,0.0,0.0,35.6
2026-07-26 06:00:00,27.6,94,0.4,4.7,86,22.0,2.0,34.7
2026-07-26 07:00:00,28.5,90,0.1,5.0,97,126.0,30.0,35.6
2026-07-26 08:00:00,29.5,84,0.0,2.3,88,274.0,91.0,37.0
2026-07-26 09:00:00,30.7,78,0.0,3.3,88,486.0,257.0,37.8
2026-07-26 10:00:00,31.5,73,0.1,3.8,96,596.0,311.0,38.6
2026-07-26 11:00:00,32.5,63,0.1,3.9,98,713.0,441.0,39.5
2026-07-26 12:00:00,32.9,63,0.2,3.7,91,710.0,390.0,40.0
2026-07-26 13:00:00,33.5,62,0.2,4.3,96,791.0,474.0,41.2
2026-07-26 14:00:00,33.7,60,0.1,4.2,98,697.0,411.0,40.6
2026-07-26 15:00:00,33.7,59,0.1,3.3,96,568.0,285.0,39.9
2026-07-26 16:00:00,33.5,61,0.0,3.2,88,429.0,198.0,39.6
2026-07-26 17:00:00,33.7,60,0.0,3.9,97,263.0,88.0,39.8
2026-07-26 18:00:00,32.6,70,0.0,4.1,95,115.0,26.0,39.7
2026-07-26 19:00:00,31.7,77,0.0,3.1,99,17.0,1.0,39.3
2026-07-26 20:00:00,31.3,80,0.0,0.2,95,0.0,0.0,39.8
2026-07-26 21:00:00,31.1,83,0.0,0.3,28,0.0,0.0,39.8
2026-07-26 22:00:00,30.9,83,0.0,0.9,49,0.0,0.0,39.3
2026-07-26 23:00:00,30.6,85,0.0,1.2,91,0.0,0.0,39.1
2026-07-27 00:00:00,30.2,86,0.0,1.2,25,0.0,0.0,38.5
2026-07-27 01:00:00,29.8,88,0.0,0.5,8,0.0,0.0,38.2
2026-07-27 02:00:00,29.5,87,0.0,2.7,4,0.0,0.0,37.2
2026-07-27 03:00:00,29.4,84,0.0,2.1,100,0.0,0.0,36.8
2026-07-27 04:00:00,29.2,84,0.0,2.1,39,0.0,0.0,36.4
2026-07-27 05:00:00,29.7,84,0.0,2.3,65,0.0,0.0,37.3
2026-07-27 06:00:00,29.9,82,0.0,2.4,90,23.0,3.0,37.2
2026-07-27 07:00:00,30.5,79,0.0,1.7,44,130.0,34.0,38.0
2026-07-27 08:00:00,31.4,75,0.0,2.3,24,312.0,151.0,38.8
2026-07-27 09:00:00,32.4,69,0.0,2.1,53,500.0,311.0,39.4
2026-07-27 10:00:00,33.2,65,0.2,2.3,31,619.0,378.0,40.6
2026-07-27 11:00:00,34.3,55,0.1,1.4,74,737.0,476.0,41.4
2026-07-27 12:00:00,35.1,53,0.0,4.2,89,805.0,511.0,42.2
2026-07-27 13:00:00,35.2,54,0.0,4.4,99,747.0,448.0,42.2
2026-07-27 14:00:00,35.3,53,0.0,5.4,100,678.0,350.0,41.6
2026-07-27 15:00:00,34.2,55,0.0,4.5,98,398.0,88.0,39.6
2026-07-27 16:00:00,33.7,58,0.2,1.4,99,285.0,48.0,39.7
2026-07-27 17:00:00,33.0,64,0.0,2.1,99,143.0,17.0,39.5
2026-07-27 18:00:00,32.0,76,0.0,1.6,100,52.0,0.0,40.1
2026-07-27 19:00:00,31.6,78,0.0,1.5,100,9.0,0.0,39.7
2026-07-27 20:00:00,31.1,77,0.0,6.5,100,0.0,0.0,37.8
2026-07-27 21:00:00,30.0,83,0.0,9.6,100,0.0,0.0,36.4
2026-07-27 22:00:00,29.2,84,0.0,11.6,100,0.0,0.0,35.0
2026-07-27 23:00:00,30.1,87,0.1,10.6,100,0.0,0.0,37.0
2026-07-28 00:00:00,28.4,87,0.2,13.3,100,0.0,0.0,33.8
2026-07-28 01:00:00,27.3,92,0.5,6.9,100,0.0,0.0,33.6
2026-07-28 02:00:00,27.0,94,0.5,10.6,100,0.0,0.0,32.9
2026-07-28 03:00:00,26.3,96,0.3,7.6,98,0.0,0.0,32.3
2026-07-28 04:00:00,26.1,97,0.4,9.1,98,0.0,0.0,31.9
2026-07-28 05:00:00,28.5,92,0.2,7.9,80,0.0,0.0,35.5
2026-07-28 06:00:00,28.5,93,0.3,8.0,97,19.0,2.0,35.6
2026-07-28 07:00:00,28.8,93,0.4,7.9,93,106.0,15.0,36.0
2026-07-28 08:00:00,28.3,88,0.8,12.0,99,194.0,40.0,34.1
2026-07-28 09:00:00,28.1,90,0.7,10.5,98,230.0,46.0,34.1
2026-07-28 10:00:00,27.2,94,3.1,9.4,100,269.0,25.0,33.3
2026-07-28 11:00:00,27.5,93,1.4,8.7,100,197.0,45.0,33.7
2026-07-28 12:00:00,26.7,95,4.2,9.1,100,106.0,3.0,32.7
2026-07-28 13:00:00,26.9,93,2.5,7.8,100,108.0,0.0,32.9
2026-07-28 14:00:00,26.9,94,1.7,4.0,100,113.0,1.0,33.7
2026-07-28 15:00:00,27.3,92,1.3,5.1,99,131.0,5.0,33.9
2026-07-28 16:00:00,27.1,94,0.7,4.7,100,78.0,0.0,33.8
2026-07-28 17:00:00,31.0,72,0.2,3.8,52,106.0,7.0,37.3
2026-07-28 18:00:00,30.2,77,0.1,4.3,64,116.0,28.0,36.8
2026-07-28 19:00:00,29.5,83,0.0,2.3,99,17.0,2.0,36.7
2026-07-28 20:00:00,28.9,86,0.0,3.8,100,0.0,0.0,36.0
2026-07-28 21:00:00,28.6,87,0.0,5.2,100,0.0,0.0,35.4
2026-07-28 22:00:00,28.2,88,0.0,6.3,100,0.0,0.0,34.7
2026-07-28 23:00:00,27.9,89,0.0,2.4,79,0.0,0.0,34.9
2026-07-29 00:00:00,27.7,91,0.0,1.7,94,0.0,0.0,34.9
2026-07-29 01:00:00,27.6,91,0.0,1.7,100,0.0,0.0,34.8
2026-07-29 02:00:00,27.1,94,0.4,5.5,88,0.0,0.0,33.7
2026-07-29 03:00:00,26.7,95,0.2,4.7,87,0.0,0.0,33.4
2026-07-29 04:00:00,26.7,95,0.0,3.2,100,0.0,0.0,33.4
2026-07-29 05:00:00,26.7,97,0.0,2.4,90,0.0,0.0,33.8
2026-07-29 06:00:00,26.4,96,1.3,2.3,100,21.0,1.0,33.2
2026-07-29 07:00:00,26.3,99,1.6,5.1,98,77.0,8.0,33.0
2026-07-29 08:00:00,26.8,93,0.6,2.9,91,208.0,45.0,33.5
2026-07-29 09:00:00,28.0,87,0.6,1.8,88,371.0,134.0,34.9
2026-07-29 10:00:00,28.8,84,0.3,2.9,84,488.0,183.0,35.5
2026-07-29 11:00:00,30.9,75,0.1,1.9,78,559.0,193.0,38.1
2026-07-29 12:00:00,31.7,73,0.1,1.1,51,709.0,335.0,40.2
2026-07-29 13:00:00,32.0,72,0.1,1.5,53,622.0,210.0,39.8
2026-07-29 14:00:00,32.3,68,0.2,1.6,56,528.0,160.0,39.2
2026-07-29 15:00:00,32.5,67,0.2,1.9,91,499.0,216.0,39.4
2026-07-29 16:00:00,32.3,67,0.1,1.7,91,331.0,183.0,39.1
2026-07-29 17:00:00,32.5,68,0.0,5.3,82,272.0,65.0,39.1
2026-07-29 18:00:00,31.7,77,0.0,4.3,92,127.0,31.0,39.3
2026-07-29 19:00:00,30.8,82,0.0,3.3,98,17.0,2.0,38.7
2026-07-29 20:00:00,30.3,83,0.0,4.6,89,0.0,0.0,37.8
2026-07-29 21:00:00,29.8,85,0.0,4.5,55,0.0,0.0,37.2
2026-07-29 22:00:00,29.4,88,0.0,3.5,27,0.0,0.0,37.0
2026-07-29 23:00:00,29.8,86,0.0,7.0,12,0.0,0.0,37.0
2026-07-30 00:00:00,29.2,89,0.0,7.5,33,0.0,0.0,36.4
2026-07-30 01:00:00,28.0,85,0.0,2.5,79,0.0,0.0,34.4
2026-07-30 02:00:00,25.5,96,6.1,1.9,92,0.0,0.0,31.9
2026-07-30 03:00:00,26.1,95,0.6,2.7,85,0.0,0.0,32.6
2026-07-30 04:00:00,26.3,97,0.1,1.9,92,0.0,0.0,33.3
2026-07-30 05:00:00,28.3,95,0.0,0.8,77,0.0,0.0,36.6
2026-07-30 06:00:00,28.4,95,0.8,2.1,58,21.0,3.0,36.5
2026-07-30 07:00:00,28.4,89,1.0,11.5,55,136.0,46.0,34.4
2026-07-30 08:00:00,29.2,85,0.4,9.1,46,292.0,132.0,35.5
2026-07-30 09:00:00,30.4,78,0.1,5.8,55,470.0,253.0,37.1
2026-07-30 10:00:00,31.6,72,0.0,6.9,72,616.0,367.0,38.4
2026-07-30 11:00:00,32.8,64,0.0,6.1,82,706.0,428.0,39.5
2026-07-30 12:00:00,32.9,63,0.1,7.7,91,763.0,493.0,39.6
2026-07-30 13:00:00,32.0,67,0.6,7.5,92,721.0,417.0,38.7
2026-07-30 14:00:00,32.8,64,0.1,4.6,88,673.0,415.0,39.8
2026-07-30 15:00:00,33.1,62,0.1,5.0,61,616.0,373.0,39.4
2026-07-30 16:00:00,33.2,61,0.1,6.7,77,490.0,306.0,38.7
2026-07-30 17:00:00,31.5,73,0.0,9.4,89,308.0,167.0,37.6
2026-07-30 18:00:00,29.0,84,0.7,13.0,98,117.0,33.0,34.4
2026-07-30 19:00:00,28.5,86,0.0,6.8,100,15.0,1.0,34.8
2026-07-30 20:00:00,28.5,88,0.0,7.0,99,0.0,0.0,35.1
2026-07-30 21:00:00,28.4,90,0.0,7.1,98,0.0,0.0,35.2
2026-07-30 22:00:00,28.3,91,0.0,7.9,99,0.0,0.0,34.9
2026-07-30 23:00:00,28.8,90,0.0,11.1,98,0.0,0.0,35.2
2026-07-31 00:00:00,28.6,89,0.0,11.2,97,0.0,0.0,34.7
2026-07-31 01:00:00,28.4,89,0.0,10.5,99,0.0,0.0,34.6
2026-07-31 02:00:00,28.3,88,0.0,10.3,97,0.0,0.0,34.2
2026-07-31 03:00:00,28.1,87,0.0,10.4,93,0.0,0.0,33.8
2026-07-31 04:00:00,27.9,87,0.0,10.9,95,0.0,0.0,33.4
2026-07-31 05:00:00,28.1,84,0.0,12.6,94,0.0,0.0,33.0
2026-07-31 06:00:00,27.9,85,0.0,10.9,88,20.0,2.0,33.1
2026-07-31 07:00:00,28.6,82,0.0,11.2,91,130.0,37.0,33.8
2026-07-31 08:00:00,28.9,80,0.1,14.2,100,246.0,87.0,33.5
2026-07-31 09:00:00,29.5,77,0.2,14.4,100,397.0,162.0,34.1
2026-07-31 10:00:00,29.8,75,0.2,14.4,91,423.0,95.0,34.3
2026-07-31 11:00:00,30.5,72,0.1,12.0,100,626.0,287.0,35.8
2026-07-31 12:00:00,31.4,68,0.1,14.4,98,582.0,228.0,36.0
2026-07-31 13:00:00,32.0,64,0.1,13.6,98,733.0,440.0,37.3
2026-07-31 14:00:00,32.5,63,0.3,12.3,98,721.0,429.0,38.0
2026-07-31 15:00:00,32.4,63,0.3,12.5,100,577.0,315.0,37.0
2026-07-31 16:00:00,29.4,78,2.1,10.4,99,414.0,183.0,34.7
2026-07-31 17:00:00,31.4,73,1.1,7.2,98,258.0,94.0,37.6
2026-07-31 18:00:00,30.9,75,0.0,7.9,88,115.0,21.0,37.2
2026-07-31 19:00:00,30.0,80,0.0,8.7,95,16.0,1.0,36.2
2026-07-31 20:00:00,29.6,83,0.0,8.5,96,0.0,0.0,36.1
2026-07-31 21:00:00,29.1,84,0.3,11.4,99,0.0,0.0,35.0
2026-07-31 22:00:00,28.8,85,0.0,11.1,91,0.0,0.0,34.6
2026-07-31 23:00:00,28.0,87,0.0,9.2,92,0.0,0.0,33.9
2026-08-01 00:00:00,27.9,88,0.0,10.8,83,0.0,0.0,33.6
2026-08-01 01:00:00,27.1,94,2.6,9.4,71,0.0,0.0,33.1
2026-08-01 02:00:00,27.1,92,0.0,11.0,43,0.0,0.0,32.6
2026-08-01 03:00:00,27.1,91,0.0,11.1,32,0.0,0.0,32.5
2026-08-01 04:00:00,27.2,91,0.0,10.3,21,0.0,0.0,32.7
2026-08-01 05:00:00,26.7,95,0.1,9.9,95,0.0,0.0,32.4
2026-08-01 06:00:00,27.0,93,0.0,10.4,95,19.0,1.0,32.7
2026-08-01 07:00:00,27.1,90,0.1,12.0,100,123.0,26.0,32.3
2026-08-01 08:00:00,27.8,87,0.0,12.3,85,224.0,58.0,32.9
2026-08-01 09:00:00,29.4,78,0.1,12.1,83,438.0,195.0,34.5
2026-08-01 10:00:00,30.6,73,0.2,12.2,63,558.0,293.0,35.6
2026-08-01 11:00:00,31.5,70,0.4,11.6,44,736.0,487.0,37.9
2026-08-01 12:00:00,32.1,69,0.1,11.3,70,770.0,525.0,38.8
2026-08-01 13:00:00,32.4,66,0.1,12.5,99,783.0,515.0,38.8
2026-08-01 14:00:00,32.0,64,0.2,10.5,97,614.0,309.0,37.1
2026-08-01 15:00:00,31.2,71,0.7,9.1,99,455.0,162.0,36.7
2026-08-01 16:00:00,31.4,74,0.1,8.0,99,342.0,82.0,37.7
2026-08-01 17:00:00,30.5,78,0.7,10.3,99,188.0,34.0,36.6
2026-08-01 18:00:00,30.3,81,0.1,7.1,79,95.0,16.0,37.1
2026-08-01 19:00:00,29.7,84,0.0,7.0,95,13.0,0.0,36.5
2026-08-01 20:00:00,29.4,86,0.0,7.0,91,0.0,0.0,36.4
2026-08-01 21:00:00,29.3,87,0.0,8.3,96,0.0,0.0,36.1
2026-08-01 22:00:00,29.2,87,0.0,9.9,98,0.0,0.0,35.7
2026-08-01 23:00:00,27.2,89,0.0,12.1,99,0.0,0.0,32.3
2026-08-02 00:00:00,26.7,90,0.2,11.0,97,0.0,0.0,31.8
2026-08-02 01:00:00,26.7,92,0.3,8.8,100,0.0,0.0,32.4
2026-08-02 02:00:00,26.9,93,0.3,7.9,98,0.0,0.0,32.9
2026-08-02 03:00:00,26.7,94,0.1,6.5,93,0.0,0.0,33.0
2026-08-02 04:00:00,26.8,94,0.0,6.9,97,0.0,0.0,33.0
2026-08-02 05:00:00,27.1,95,0.0,9.4,97,0.0,0.0,33.3
2026-08-02 06:00:00,26.6,96,0.2,12.0,97,13.0,0.0,32.1
2026-08-02 07:00:00,26.9,95,0.3,7.0,97,113.0,17.0,33.2
2026-08-02 08:00:00,28.5,88,0.1,8.5,98,291.0,112.0,34.8
2026-08-02 09:00:00,30.2,79,0.0,9.0,98,484.0,255.0,36.4
2026-08-02 10:00:00,31.6,71,0.1,8.3,99,634.0,389.0,38.1
2026-08-02 11:00:00,32.8,64,0.1,8.1,92,738.0,464.0,39.5
2026-08-02 12:00:00,33.7,59,0.1,7.3,94,793.0,481.0,40.6
2026-08-02 13:00:00,32.9,61,0.8,10.9,98,784.0,519.0,38.9
2026-08-02 14:00:00,32.2,68,0.8,9.9,93,666.0,374.0,38.4
2026-08-02 15:00:00,32.6,67,0.0,7.6,58,594.0,340.0,38.9
2026-08-02 16:00:00,32.4,67,0.4,8.4,66,467.0,267.0,38.3
2026-08-02 17:00:00,27.6,93,0.3,4.6,98,286.0,130.0,34.5
2026-08-02 18:00:00,28.3,91,0.5,8.9,100,51.0,5.0,34.8
2026-08-02 19:00:00,27.5,93,0.1,5.4,99,6.0,0.0,34.3
2026-08-02 20:00:00,27.7,94,0.1,5.5,100,0.0,0.0,34.7
2026-08-02 21:00:00,27.8,94,0.0,5.2,100,0.0,0.0,34.9
2026-08-02 22:00:00,27.9,94,0.0,6.9,98,0.0,0.0,34.8
2026-08-02 23:00:00,28.6,94,0.0,6.2,97,0.0,0.0,36.2
2026-08-03 00:00:00,28.5,94,0.0,6.1,95,0.0,0.0,36.0
2026-08-03 01:00:00,28.4,94,0.0,7.3,98,0.0,0.0,35.5
2026-08-03 02:00:00,27.9,93,0.0,8.5,97,0.0,0.0,34.5
2026-08-03 03:00:00,27.4,94,0.0,7.6,91,0.0,0.0,33.9
2026-08-03 04:00:00,27.2,95,0.0,7.6,97,0.0,0.0,33.7
2026-08-03 05:00:00,27.4,94,0.2,7.6,98,0.0,0.0,33.9
2026-08-03 06:00:00,27.7,96,0.3,4.3,99,10.0,0.0,35.1
2026-08-03 07:00:00,27.8,94,0.3,5.7,100,80.0,8.0,34.9
2026-08-03 08:00:00,28.4,88,0.9,3.6,100,165.0,23.0,35.4
2026-08-03 09:00:00,29.5,83,0.1,3.9,100,300.0,47.0,36.6
2026-08-03 10:00:00,30.4,81,0.2,4.7,100,409.0,73.0,37.6
2026-08-03 11:00:00,31.3,73,0.2,7.4,98,641.0,256.0,38.1
2026-08-03 12:00:00,32.6,69,0.2,8.4,88,729.0,368.0,40.0
2026-08-03 13:00:00,33.4,67,0.0,6.1,91,745.0,397.0,41.4
2026-08-03 14:00:00,30.7,75,1.1,11.9,99,641.0,331.0,36.6
2026-08-03 15:00:00,30.9,79,0.6,4.1,100,486.0,206.0,38.1
2026-08-03 16:00:00,30.1,80,0.8,6.7,100,259.0,52.0,36.7
2026-08-03 17:00:00,32.3,75,0.1,8.6,95,204.0,37.0,39.2
2026-08-03 18:00:00,29.8,84,0.9,7.8,99,92.0,15.0,36.7
2026-08-03 19:00:00,27.7,94,2.5,6.9,100,4.0,0.0,34.5
2026-08-03 20:00:00,27.3,95,1.2,8.3,100,0.0,0.0,33.8
2026-08-03 21:00:00,27.3,94,2.6,0.9,100,0.0,0.0,34.8
2026-08-03 22:00:00,27.1,95,1.8,2.8,100,0.0,0.0,34.3
2026-08-03 23:00:00,26.9,98,0.3,5.5,100,0.0,0.0,33.9
2026-08-04 00:00:00,26.9,97,1.2,8.2,100,0.0,0.0,33.4
2026-08-04 01:00:00,26.7,98,0.5,7.2,99,0.0,0.0,33.2
2026-08-04 02:00:00,26.5,98,0.2,7.1,99,0.0,0.0,33.0
2026-08-04 03:00:00,26.6,98,0.1,6.0,100,0.0,0.0,33.2
2026-08-04 04:00:00,26.6,98,0.1,4.5,100,0.0,0.0,33.5
2026-08-04 05:00:00,26.6,97,0.1,8.7,100,0.0,0.0,32.8
2026-08-04 06:00:00,26.3,98,1.4,7.2,100,9.0,0.0,32.6
2026-08-04 07:00:00,26.7,95,1.1,2.7,100,64.0,5.0,33.5
2026-08-04 08:00:00,27.3,93,0.6,4.6,100,133.0,20.0,34.0
2026-08-04 09:00:00,28.5,86,0.2,3.9,100,279.0,62.0,35.3
2026-08-04 10:00:00,29.5,83,0.3,1.8,100,393.0,86.0,36.9
2026-08-04 11:00:00,27.8,93,0.6,5.9,100,433.0,68.0,34.6
2026-08-04 12:00:00,27.8,93,0.9,4.3,100,197.0,0.0,35.0
2026-08-04 13:00:00,28.4,89,0.8,6.1,100,242.0,3.0,35.3
2026-08-04 14:00:00,28.5,86,0.6,6.0,100,267.0,9.0,34.9
2026-08-04 15:00:00,29.3,83,0.6,5.1,100,325.0,36.0,35.9
2026-08-04 16:00:00,29.4,83,0.0,4.7,100,268.0,34.0,36.2
2026-08-04 17:00:00,27.3,95,0.0,2.8,100,145.0,10.0,34.6
2026-08-04 18:00:00,27.3,94,1.8,3.4,100,38.0,0.0,34.4
2026-08-04 19:00:00,27.2,95,0.9,1.1,100,5.0,0.0,34.6
2026-08-04 20:00:00,27.1,97,0.5,1.3,100,0.0,0.0,34.6
2026-08-04 21:00:00,27.1,96,0.5,1.0,100,0.0,0.0,34.6
2026-08-04 22:00:00,26.8,97,0.4,2.5,100,0.0,0.0,34.0
2026-08-04 23:00:00,27.4,97,0.2,2.4,100,0.0,0.0,35.0
2026-08-05 00:00:00,27.4,97,0.0,1.7,100,0.0,0.0,35.1
2026-08-05 01:00:00,27.3,97,0.0,2.1,100,0.0,0.0,34.9
2026-08-05 02:00:00,27.2,93,0.0,1.7,98,0.0,0.0,34.2
2026-08-05 03:00:00,26.9,95,0.0,1.8,95,0.0,0.0,34.0
2026-08-05 04:00:00,26.9,93,0.0,3.1,100,0.0,0.0,33.6
2026-08-05 05:00:00,26.5,97,0.1,4.4,99,0.0,0.0,33.2
2026-08-05 06:00:00,26.2,97,1.1,2.9,100,17.0,1.0,32.9
2026-08-05 07:00:00,26.9,95,0.0,1.8,98,87.0,12.0,34.1
2026-08-05 08:00:00,28.1,89,0.0,2.2,72,215.0,80.0,35.1
2026-08-05 09:00:00,29.9,78,0.0,4.1,50,456.0,257.0,36.3
2026-08-05 10:00:00,31.1,70,0.0,5.0,37,649.0,429.0,37.7
2026-08-05 11:00:00,31.3,71,0.0,4.8,100,741.0,494.0,38.7
2026-08-05 12:00:00,30.7,72,0.0,5.3,100,264.0,0.0,36.7
2026-08-05 13:00:00,31.5,67,0.0,6.1,100,394.0,117.0,37.1
2026-08-05 14:00:00,31.8,65,0.0,7.2,94,370.0,77.0,37.2
2026-08-05 15:00:00,32.5,63,0.0,6.6,99,516.0,311.0,37.9
2026-08-05 16:00:00,32.4,63,0.0,4.8,99,302.0,94.0,38.1
2026-08-05 17:00:00,29.9,82,0.0,7.7,100,202.0,47.0,36.5
2026-08-05 18:00:00,28.5,88,0.5,5.4,98,45.0,2.0,35.3
2026-08-05 19:00:00,28.3,88,0.1,5.6,100,7.0,0.0,35.0
2026-08-05 20:00:00,28.1,90,0.1,7.2,100,0.0,0.0,34.5
2026-08-05 21:00:00,27.8,92,0.0,4.1,100,0.0,0.0,34.8
2026-08-05 22:00:00,27.7,94,0.0,4.2,100,0.0,0.0,34.9
2026-08-05 23:00:00,27.3,99,0.0,3.7,100,0.0,0.0,35.0
2026-08-06 00:00:00,27.8,98,3.0,3.1,100,0.0,0.0,35.7
2026-08-06 01:00:00,27.3,90,2.0,3.5,100,0.0,0.0,33.9
2026-08-06 02:00:00,27.0,96,0.5,2.2,100,0.0,0.0,34.2
2026-08-06 03:00:00,27.0,97,0.0,4.5,100,0.0,0.0,34.0
2026-08-06 04:00:00,26.9,96,0.0,7.8,100,0.0,0.0,33.2
2026-08-06 05:00:00,27.1,95,0.0,5.7,100,0.0,0.0,33.7
2026-08-06 06:00:00,27.3,93,0.4,3.8,100,3.0,0.0,34.2
2026-08-06 07:00:00,27.5,90,0.3,6.4,100,65.0,7.0,33.7
2026-08-06 08:00:00,27.4,91,1.0,6.6,100,102.0,11.0,33.7
2026-08-06 09:00:00,27.1,90,1.1,4.2,100,96.0,0.0,33.4
2026-08-06 10:00:00,26.9,89,1.6,1.7,100,127.0,3.0,33.2
2026-08-06 11:00:00,27.0,84,0.8,5.0,100,129.0,3.0,32.5
2026-08-06 12:00:00,27.7,80,0.6,4.0,100,298.0,68.0,33.2
2026-08-06 13:00:00,27.4,82,0.3,5.4,100,194.0,8.0,32.7
2026-08-06 14:00:00,27.2,83,0.2,5.7,100,168.0,0.0,32.4
2026-08-06 15:00:00,27.0,84,0.3,4.8,100,133.0,0.0,32.5
2026-08-06 16:00:00,27.5,82,0.1,6.3,100,173.0,2.0,32.7
2026-08-06 17:00:00,27.7,87,0.0,7.8,100,151.0,25.0,33.4
2026-08-06 18:00:00,27.4,90,0.5,6.4,100,39.0,0.0,33.6
2026-08-06 19:00:00,27.2,91,0.1,4.9,100,8.0,0.0,33.7
2026-08-06 20:00:00,27.0,93,0.0,5.2,100,0.0,0.0,33.4
2026-08-06 21:00:00,26.9,93,0.0,5.6,100,0.0,0.0,33.2
2026-08-06 22:00:00,26.9,93,0.0,3.9,100,0.0,0.0,33.5
2026-08-06 23:00:00,26.7,93,0.0,8.4,98,0.0,0.0,32.5
2026-08-07 00:00:00,26.0,97,0.5,8.1,100,0.0,0.0,31.8
2026-08-07 01:00:00,25.8,97,1.4,3.6,100,0.0,0.0,32.2
2026-08-07 02:00:00,25.7,99,0.5,4.1,100,0.0,0.0,32.2
2026-08-07 03:00:00,25.8,98,0.0,5.2,81,0.0,0.0,32.1
2026-08-07 04:00:00,25.8,96,0.0,5.4,87,0.0,0.0,31.8
2026-08-07 05:00:00,26.1,97,1.8,7.5,100,0.0,0.0,32.0
2026-08-07 06:00:00,25.6,93,2.2,3.6,100,6.0,0.0,31.4
2026-08-07 07:00:00,26.0,96,2.3,5.6,100,39.0,0.0,32.1
2026-08-07 08:00:00,26.4,96,2.3,9.1,100,92.0,3.0,32.2
2026-08-07 09:00:00,26.5,95,2.5,11.0,98,127.0,1.0,32.0
2026-08-07 10:00:00,26.9,93,3.4,10.3,100,240.0,38.0,32.6
2026-08-07 11:00:00,27.8,89,1.0,11.2,100,351.0,73.0,33.4
2026-08-07 12:00:00,26.1,96,12.0,13.8,100,116.0,2.0,31.0
2026-08-07 13:00:00,26.9,95,2.4,14.4,100,150.0,1.0,32.2
2026-08-07 14:00:00,27.8,92,0.9,11.4,100,181.0,4.0,33.8
2026-08-07 15:00:00,29.1,80,0.3,11.1,100,363.0,113.0,34.5
2026-08-07 16:00:00,28.7,81,0.3,12.5,100,269.0,70.0,33.6
2026-08-07 17:00:00,27.0,93,4.9,10.2,98,25.0,0.0,32.7
2026-08-07 18:00:00,26.7,95,1.6,9.2,100,59.0,2.0,32.5
2026-08-07 19:00:00,26.3,95,1.4,8.2,100,8.0,0.0,32.1
2026-08-07 20:00:00,26.5,93,0.1,10.5,98,0.0,0.0,31.9
2026-08-07 21:00:00,25.6,97,0.9,12.7,100,0.0,0.0,30.4
2026-08-07 22:00:00,25.4,97,3.0,10.1,99,0.0,0.0,30.6
2026-08-07 23:00:00,25.6,97,12.6,8.9,100,0.0,0.0,31.1
2026-08-08 00:00:00,25.9,96,2.7,7.4,95,0.0,0.0,31.7
2026-08-08 01:00:00,25.9,96,0.3,10.1,98,0.0,0.0,31.3
2026-08-08 02:00:00,25.1,97,0.7,8.7,100,0.0,0.0,30.3
2026-08-08 03:00:00,24.7,99,5.6,7.9,100,0.0,0.0,29.8
2026-08-08 04:00:00,24.6,99,6.4,7.7,100,0.0,0.0,29.9
2026-08-08 05:00:00,25.6,97,0.2,8.4,100,0.0,0.0,31.2
2026-08-08 06:00:00,25.6,96,6.0,11.7,100,7.0,0.0,30.5
2026-08-08 07:00:00,25.7,96,1.2,9.9,98,76.0,4.0,30.9
2026-08-08 08:00:00,27.0,93,0.3,7.0,95,226.0,47.0,33.2
2026-08-08 09:00:00,29.2,87,0.1,7.7,98,431.0,169.0,36.0
2026-08-08 10:00:00,30.7,78,0.1,12.9,100,571.0,273.0,36.5
2026-08-08 11:00:00,29.6,78,0.5,15.8,94,615.0,260.0,34.5
2026-08-08 12:00:00,31.0,74,0.8,11.1,79,678.0,360.0,37.4
2026-08-08 13:00:00,30.2,75,1.4,14.1,89,765.0,480.0,36.2
2026-08-08 14:00:00,30.6,76,0.7,6.9,45,492.0,176.0,37.0
2026-08-08 15:00:00,32.1,68,0.1,8.2,38,663.0,444.0,38.4
2026-08-08 16:00:00,31.2,72,0.4,8.8,66,444.0,256.0,37.0
2026-08-08 17:00:00,30.9,75,1.3,8.8,97,208.0,79.0,36.9
2026-08-08 18:00:00,30.0,80,0.1,6.8,63,96.0,23.0,36.5
2026-08-08 19:00:00,29.2,84,0.0,5.3,13,11.0,1.0,36.0
2026-08-08 20:00:00,28.9,87,0.0,3.4,17,0.0,0.0,36.1
2026-08-08 21:00:00,28.7,88,0.0,6.0,20,0.0,0.0,35.6
2026-08-08 22:00:00,28.5,89,0.0,4.3,88,0.0,0.0,35.6
2026-08-08 23:00:00,29.1,88,0.0,1.2,93,0.0,0.0,36.9
2026-08-09 00:00:00,28.6,89,0.2,2.9,88,0.0,0.0,36.0
2026-08-09 01:00:00,28.3,90,0.2,3.0,83,0.0,0.0,35.5
2026-08-09 02:00:00,28.2,88,0.1,2.8,91,0.0,0.0,35.2
2026-08-09 03:00:00,26.7,95,0.7,8.3,96,0.0,0.0,32.8
2026-08-09 04:00:00,26.2,94,0.4,8.3,85,0.0,0.0,31.7
2026-08-09 05:00:00,25.1,99,0.1,4.4,63,0.0,0.0,31.0
2026-08-09 06:00:00,25.7,96,0.1,4.2,41,16.0,2.0,31.9
2026-08-09 07:00:00,27.0,94,0.0,2.7,20,130.0,43.0,34.0
2026-08-09 08:00:00,28.9,88,0.0,4.0,11,314.0,173.0,36.1
2026-08-09 09:00:00,30.5,79,0.1,6.1,42,505.0,324.0,37.3
2026-08-09 10:00:00,31.4,75,0.1,7.6,20,607.0,378.0,38.3
2026-08-09 11:00:00,31.2,73,0.0,8.4,39,769.0,519.0,38.5
2026-08-09 12:00:00,32.5,67,0.4,6.8,39,778.0,522.0,40.1
2026-08-09 13:00:00,33.2,64,0.0,5.1,80,803.0,556.0,41.0
2026-08-09 14:00:00,33.7,63,0.0,4.8,42,775.0,544.0,41.5
2026-08-09 15:00:00,33.8,62,0.0,2.2,6,661.0,459.0,41.2
2026-08-09 16:00:00,33.6,62,0.0,3.6,22,495.0,326.0,40.1
2026-08-09 17:00:00,32.9,65,0.6,6.7,37,301.0,171.0,38.9
2026-08-09 18:00:00,31.5,76,0.0,2.3,67,97.0,30.0,39.2
2026-08-09 19:00:00,30.6,81,0.0,4.2,80,9.0,1.0,38.0
2026-08-09 20:00:00,30.1,83,0.0,4.6,88,0.0,0.0,37.4
2026-08-09 21:00:00,29.8,84,0.0,4.4,98,0.0,0.0,37.0
2026-08-09 22:00:00,29.5,83,0.0,5.2,95,0.0,0.0,36.2
2026-08-09 23:00:00,29.9,83,0.0,3.5,97,0.0,0.0,37.2
2026-08-10 00:00:00,28.8,86,0.1,3.7,99,0.0,0.0,35.8
2026-08-10 01:00:00,27.4,89,0.9,10.8,100,0.0,0.0,32.8
2026-08-10 02:00:00,26.5,94,0.3,4.6,99,0.0,0.0,32.9
2026-08-10 03:00:00,26.8,94,0.0,4.7,97,0.0,0.0,33.4
2026-08-10 04:00:00,27.1,94,0.0,5.5,98,0.0,0.0,33.6
2026-08-10 05:00:00,27.7,90,0.0,8.5,98,0.0,0.0,33.7
2026-08-10 06:00:00,26.8,92,0.2,7.8,96,12.0,0.0,32.6
2026-08-10 07:00:00,27.1,92,0.3,6.1,98,89.0,9.0,33.3
2026-08-10 08:00:00,28.2,87,0.0,6.7,94,255.0,72.0,34.5
2026-08-10 09:00:00,29.6,82,0.0,6.8,49,439.0,211.0,36.1
2026-08-10 10:00:00,30.9,77,0.0,4.9,85,652.0,396.0,38.4
2026-08-10 11:00:00,32.9,66,0.0,6.0,59,756.0,507.0,40.4
2026-08-10 12:00:00,33.2,64,0.0,5.5,77,828.0,562.0,41.1
2026-08-10 13:00:00,31.9,70,0.0,8.4,100,806.0,472.0,39.3
2026-08-10 14:00:00,27.7,93,4.8,3.3,98,368.0,87.0,34.9
2026-08-10 15:00:00,28.8,86,0.8,0.9,99,283.0,89.0,36.2
2026-08-10 16:00:00,28.9,86,0.2,2.7,100,227.0,32.0,36.1
2026-08-10 17:00:00,29.4,88,0.0,6.4,100,190.0,33.0,36.8
2026-08-10 18:00:00,29.2,89,0.1,7.0,100,57.0,3.0,36.4
2026-08-10 19:00:00,28.7,90,0.0,7.1,100,4.0,0.0,35.7
2026-08-10 20:00:00,28.5,91,0.0,5.5,100,0.0,0.0,35.7
2026-08-10 21:00:00,28.3,92,0.0,4.5,100,0.0,0.0,35.7
2026-08-10 22:00:00,28.1,93,0.0,4.4,100,0.0,0.0,35.5
2026-08-10 23:00:00,27.8,98,0.0,8.2,93,0.0,0.0,35.0
2026-08-11 00:00:00,27.7,94,0.2,9.7,100,0.0,0.0,34.2
2026-08-11 01:00:00,27.3,96,0.1,8.8,100,0.0,0.0,33.8
2026-08-11 02:00:00,27.2,96,0.0,9.2,100,0.0,0.0,33.6
2026-08-11 03:00:00,27.1,96,0.1,8.3,93,0.0,0.0,33.5
2026-08-11 04:00:00,27.0,91,0.3,8.1,96,0.0,0.0,32.7
2026-08-11 05:00:00,26.7,95,0.3,8.1,95,0.0,0.0,32.8
2026-08-11 06:00:00,26.8,95,0.0,7.6,84,14.0,1.0,33.0
2026-08-11 07:00:00,27.6,89,0.0,8.5,92,117.0,23.0,33.6
2026-08-11 08:00:00,28.6,85,0.0,6.9,99,245.0,74.0,34.8
2026-08-11 09:00:00,29.5,82,0.0,5.9,99,328.0,65.0,36.1
2026-08-11 10:00:00,30.2,81,0.1,4.3,99,476.0,150.0,37.3
2026-08-11 11:00:00,30.4,81,0.3,2.2,100,385.0,73.0,38.0
2026-08-11 12:00:00,28.6,88,2.8,7.2,100,373.0,52.0,35.2
2026-08-11 13:00:00,27.9,92,5.4,5.1,100,284.0,35.0,34.8
2026-08-11 14:00:00,28.5,91,1.4,3.6,97,242.0,32.0,36.0
2026-08-11 15:00:00,29.9,83,0.3,5.2,91,450.0,195.0,37.1
2026-08-11 16:00:00,30.4,79,0.0,4.8,90,438.0,218.0,37.3
2026-08-11 17:00:00,30.1,79,0.1,4.2,78,165.0,55.0,36.9
2026-08-11 18:00:00,29.8,82,0.0,3.1,95,94.0,21.0,37.0
2026-08-11 19:00:00,29.1,88,0.5,2.1,95,9.0,0.0,36.9
2026-08-11 20:00:00,28.8,90,0.5,3.2,71,0.0,0.0,36.5
2026-08-11 21:00:00,28.5,92,0.1,2.9,13,0.0,0.0,36.3
2026-08-11 22:00:00,28.1,94,0.0,3.9,27,0.0,0.0,35.6
2026-08-11 23:00:00,28.4,90,0.0,5.5,84,0.0,0.0,35.4
2026-08-12 00:00:00,28.1,92,0.0,3.7,63,0.0,0.0,35.4
2026-08-12 01:00:00,28.1,92,0.0,0.3,57,0.0,0.0,35.9
2026-08-12 02:00:00,27.7,94,0.0,2.7,20,0.0,0.0,35.1
2026-08-12 03:00:00,27.4,93,0.0,4.3,5,0.0,0.0,34.4
2026-08-12 04:00:00,27.2,94,0.0,2.9,1,0.0,0.0,34.3
2026-08-12 05:00:00,27.5,97,0.0,1.5,23,0.0,0.0,35.2
2026-08-12 06:00:00,27.6,95,0.0,2.8,9,16.0,2.0,35.1
2026-08-12 07:00:00,28.6,92,0.0,2.9,8,132.0,47.0,36.3
2026-08-12 08:00:00,29.9,83,0.0,2.9,14,318.0,178.0,37.2
2026-08-12 09:00:00,31.0,75,0.1,3.6,15,500.0,321.0,37.9
2026-08-12 10:00:00,31.8,71,0.3,2.9,23,659.0,444.0,39.4
2026-08-12 11:00:00,32.9,65,0.3,4.2,20,720.0,473.0,40.3
2026-08-12 12:00:00,33.4,64,0.1,3.7,12,778.0,513.0,41.3
2026-08-12 13:00:00,33.9,62,0.1,2.5,10,808.0,559.0,42.3
2026-08-12 14:00:00,34.2,61,0.1,0.8,12,755.0,530.0,42.5
2026-08-12 15:00:00,34.4,60,0.0,0.8,9,646.0,449.0,41.8
2026-08-12 16:00:00,34.2,61,0.0,1.5,20,485.0,317.0,41.1
2026-08-12 17:00:00,33.5,67,0.3,1.9,38,277.0,149.0,40.9
2026-08-12 18:00:00,29.6,88,0.7,11.1,70,91.0,27.0,36.4
2026-08-12 19:00:00,28.4,93,0.0,10.1,66,7.0,0.0,35.1
2026-08-12 20:00:00,27.9,92,0.0,2.2,95,0.0,0.0,35.3
2026-08-12 21:00:00,28.0,93,0.0,5.6,99,0.0,0.0,35.0
2026-08-12 22:00:00,27.9,94,0.0,6.5,94,0.0,0.0,34.9
2026-08-12 23:00:00,29.5,87,0.0,5.7,50,0.0,0.0,36.8
2026-08-13 00:00:00,28.9,89,0.0,4.0,43,0.0,0.0,36.4
2026-08-13 01:00:00,28.7,89,0.0,3.8,44,0.0,0.0,36.0
2026-08-13 02:00:00,28.4,89,0.0,6.0,24,0.0,0.0,35.3
2026-08-13 03:00:00,28.1,91,0.0,6.3,46,0.0,0.0,34.9
2026-08-13 04:00:00,27.7,94,0.0,4.0,73,0.0,0.0,34.9
2026-08-13 05:00:00,26.7,97,0.0,5.0,67,0.0,0.0,33.4
2026-08-13 06:00:00,26.4,98,0.6,9.2,41,14.0,1.0,32.5
2026-08-13 07:00:00,27.8,95,0.0,6.7,23,113.0,33.0,34.8
2026-08-13 08:00:00,29.9,83,0.0,3.6,8,311.0,172.0,37.2
2026-08-13 09:00:00,31.6,76,0.0,3.1,8,499.0,324.0,39.0
2026-08-13 10:00:00,32.7,70,0.0,1.3,9,668.0,459.0,41.1
2026-08-13 11:00:00,33.2,66,0.2,2.5,13,780.0,558.0,41.7
2026-08-13 12:00:00,33.6,65,0.0,2.2,50,804.0,557.0,42.4
2026-08-13 13:00:00,31.5,73,1.1,7.8,66,714.0,413.0,38.8
2026-08-13 14:00:00,32.6,71,0.3,2.1,20,665.0,405.0,41.0
2026-08-13 15:00:00,33.3,67,0.2,6.0,34,621.0,403.0,40.4
2026-08-13 16:00:00,33.2,67,0.0,5.4,18,445.0,271.0,40.0
2026-08-13 17:00:00,30.9,86,0.2,6.7,92,271.0,141.0,38.8
2026-08-13 18:00:00,30.8,84,0.0,1.3,70,80.0,10.0,39.2
2026-08-13 19:00:00,30.2,88,0.0,3.0,44,8.0,1.0,38.5
2026-08-13 20:00:00,30.0,90,0.0,3.1,49,0.0,0.0,38.5
2026-08-13 21:00:00,30.1,88,0.0,3.0,52,0.0,0.0,38.4
2026-08-13 22:00:00,29.9,86,0.0,4.2,98,0.0,0.0,37.7
2026-08-13 23:00:00,30.2,88,0.0,2.7,99,0.0,0.0,38.6
2026-08-14 00:00:00,29.7,89,0.0,3.6,96,0.0,0.0,37.6
2026-08-14 01:00:00,29.3,89,0.0,3.4,66,0.0,0.0,37.1
2026-08-14 02:00:00,28.9,90,0.0,4.4,27,0.0,0.0,36.4
2026-08-14 03:00:00,28.7,90,0.0,4.7,74,0.0,0.0,35.9
2026-08-14 04:00:00,28.4,91,0.0,4.8,57,0.0,0.0,35.6
2026-08-14 05:00:00,27.1,97,0.0,2.0,98,0.0,0.0,34.6
2026-08-14 06:00:00,27.0,97,1.6,3.5,99,8.0,0.0,34.1
2026-08-14 07:00:00,27.6,94,1.1,3.8,100,64.0,3.0,34.8
2026-08-14 08:00:00,28.4,90,0.3,1.9,100,202.0,24.0,36.0
2026-08-14 09:00:00,28.7,88,0.1,3.9,100,228.0,19.0,35.8
2026-08-14 10:00:00,30.0,80,0.0,2.4,99,339.0,53.0,37.1
2026-08-14 11:00:00,30.2,80,0.1,4.7,100,503.0,123.0,37.2
2026-08-14 12:00:00,30.6,81,1.0,2.4,100,506.0,107.0,38.2
2026-08-14 13:00:00,30.9,80,0.4,1.7,100,447.0,85.0,38.8
2026-08-14 14:00:00,30.3,81,0.4,3.8,100,379.0,42.0,37.6
2026-08-14 15:00:00,27.6,92,5.4,1.8,100,160.0,0.0,34.7
2026-08-14 16:00:00,28.0,91,1.0,2.3,100,209.0,32.0,35.3
2026-08-14 17:00:00,30.1,79,0.2,4.0,100,140.0,7.0,36.9
2026-08-14 18:00:00,29.5,82,0.0,3.5,100,79.0,9.0,36.5
2026-08-14 19:00:00,28.8,87,0.0,4.3,99,7.0,0.0,35.9
2026-08-14 20:00:00,28.4,89,0.0,6.0,92,0.0,0.0,35.2
2026-08-14 21:00:00,28.0,91,0.0,3.0,96,0.0,0.0,35.3
2026-08-14 22:00:00,27.8,92,0.0,3.8,99,0.0,0.0,34.8
2026-08-14 23:00:00,28.0,89,0.0,3.8,96,0.0,0.0,34.8
2026-08-15 00:00:00,27.7,92,0.0,2.1,95,0.0,0.0,34.9
2026-08-15 01:00:00,27.4,93,0.0,1.8,79,0.0,0.0,34.6
2026-08-15 02:00:00,27.2,95,0.0,2.2,63,0.0,0.0,34.4
2026-08-15 03:00:00,27.1,95,0.0,3.8,41,0.0,0.0,34.0
2026-08-15 04:00:00,27.0,95,0.0,1.9,84,0.0,0.0,34.2
2026-08-15 05:00:00,26.5,97,0.0,6.6,97,0.0,0.0,32.9
2026-08-15 06:00:00,26.6,97,1.0,2.8,100,5.0,0.0,33.7
2026-08-15 07:00:00,26.8,98,1.0,2.8,100,55.0,5.0,34.1
2026-08-15 08:00:00,27.5,95,0.5,3.1,100,147.0,28.0,34.9
2026-08-15 09:00:00,28.3,90,0.1,3.2,100,212.0,30.0,35.6
2026-08-15 10:00:00,29.7,84,0.0,0.4,97,396.0,113.0,37.6
2026-08-15 11:00:00,31.8,73,0.1,6.0,95,599.0,273.0,38.9
2026-08-15 12:00:00,31.9,74,0.6,8.5,88,766.0,451.0,39.9
2026-08-15 13:00:00,31.1,81,0.9,7.6,87,697.0,411.0,39.2
2026-08-15 14:00:00,32.2,73,0.2,4.1,18,686.0,426.0,40.3
2026-08-15 15:00:00,32.5,68,0.1,7.5,38,629.0,419.0,39.2
2026-08-15 16:00:00,32.4,67,0.0,6.4,62,435.0,254.0,38.4
2026-08-15 17:00:00,31.6,74,0.0,8.2,86,272.0,137.0,38.2
2026-08-15 18:00:00,31.2,79,0.0,4.2,89,102.0,33.0,38.8
2026-08-15 19:00:00,30.5,84,0.0,4.6,87,7.0,1.0,38.3
2026-08-15 20:00:00,30.0,87,0.0,4.1,94,0.0,0.0,37.9
2026-08-15 21:00:00,29.7,87,0.0,4.5,90,0.0,0.0,37.3
2026-08-15 22:00:00,29.2,88,0.0,3.6,91,0.0,0.0,36.8
2026-08-15 23:00:00,29.0,86,0.0,8.3,98,0.0,0.0,35.5
2026-08-16 00:00:00,28.7,89,0.0,7.6,88,0.0,0.0,35.5
2026-08-16 01:00:00,28.6,89,0.0,7.0,86,0.0,0.0,35.3
2026-08-16 02:00:00,28.4,88,0.1,5.5,98,0.0,0.0,35.1
2026-08-16 03:00:00,26.2,94,2.9,4.0,98,0.0,0.0,32.4
2026-08-16 04:00:00,26.4,95,0.3,7.9,99,0.0,0.0,32.3
2026-08-16 05:00:00,27.9,87,0.0,10.4,77,0.0,0.0,33.4
2026-08-16 06:00:00,27.9,85,0.1,8.8,98,13.0,1.0,33.5
2026-08-16 07:00:00,28.3,84,0.2,8.6,100,103.0,27.0,33.9
2026-08-16 08:00:00,29.4,79,0.1,8.3,99,224.0,83.0,35.2
2026-08-16 09:00:00,30.5,74,0.0,8.6,98,360.0,146.0,36.1
2026-08-16 10:00:00,31.9,69,0.0,8.2,99,575.0,305.0,37.9
2026-08-16 11:00:00,32.8,64,0.0,8.4,89,712.0,412.0,39.2
2026-08-16 12:00:00,33.1,64,0.2,7.5,98,740.0,416.0,40.1
2026-08-16 13:00:00,33.3,64,0.0,6.4,98,685.0,348.0,40.2
2026-08-16 14:00:00,33.1,65,0.0,7.7,98,613.0,254.0,39.4
2026-08-16 15:00:00,33.3,64,0.1,9.0,99,527.0,237.0,39.1
2026-08-16 16:00:00,33.1,64,0.1,9.4,99,383.0,157.0,38.8
2026-08-16 17:00:00,31.9,74,0.1,4.9,99,224.0,63.0,39.0
2026-08-16 18:00:00,31.0,79,0.0,3.1,98,79.0,6.0,38.6
2026-08-16 19:00:00,30.3,83,0.4,4.3,100,6.0,0.0,37.7
2026-08-16 20:00:00,29.6,87,0.3,4.3,99,0.0,0.0,37.2
2026-08-16 21:00:00,29.2,88,0.0,6.7,100,0.0,0.0,36.3
2026-08-16 22:00:00,29.0,88,0.0,5.6,99,0.0,0.0,36.1
2026-08-16 23:00:00,29.1,86,0.0,6.1,97,0.0,0.0,36.0
2026-08-17 00:00:00,28.5,86,0.0,8.0,96,0.0,0.0,34.6
2026-08-17 01:00:00,28.3,86,0.0,6.7,91,0.0,0.0,34.5
2026-08-17 02:00:00,27.9,88,0.0,6.2,69,0.0,0.0,34.2
2026-08-17 03:00:00,27.8,86,0.0,8.0,52,0.0,0.0,33.4
2026-08-17 04:00:00,27.5,83,0.0,8.5,71,0.0,0.0,32.6
2026-08-17 05:00:00,28.4,79,0.0,11.6,63,0.0,0.0,33.0
2026-08-17 06:00:00,28.0,80,0.0,10.1,47,13.0,2.0,32.7
2026-08-17 07:00:00,28.6,79,0.0,10.1,53,130.0,51.0,33.5
2026-08-17 08:00:00,29.5,76,0.0,10.3,49,312.0,168.0,34.6
2026-08-17 09:00:00,30.3,74,0.0,8.6,13,473.0,290.0,35.8
2026-08-17 10:00:00,31.3,71,0.0,8.8,20,664.0,453.0,37.6
2026-08-17 11:00:00,32.5,65,0.0,11.0,18,744.0,490.0,38.8
2026-08-17 12:00:00,33.0,64,0.0,9.3,13,843.0,604.0,40.3
2026-08-17 13:00:00,31.6,68,0.1,8.3,41,845.0,622.0,38.8
2026-08-17 14:00:00,30.3,75,1.8,2.3,14,689.0,447.0,37.8
2026-08-17 15:00:00,31.0,75,0.1,3.3,59,569.0,385.0,38.0
2026-08-17 16:00:00,30.7,78,0.2,6.7,59,455.0,270.0,37.3
2026-08-17 17:00:00,27.4,94,0.6,11.7,96,218.0,89.0,33.3
2026-08-17 18:00:00,27.3,93,1.7,3.3,59,63.0,11.0,34.2
2026-08-17 19:00:00,27.5,92,0.0,3.9,53,6.0,0.0,34.3
2026-08-17 20:00:00,27.7,91,0.0,1.9,34,0.0,0.0,34.9
2026-08-17 21:00:00,27.9,90,0.0,3.1,35,0.0,0.0,34.9
2026-08-17 22:00:00,28.1,87,0.0,3.9,27,0.0,0.0,34.8
2026-08-17 23:00:00,28.7,87,0.0,2.7,20,0.0,0.0,36.0
2026-08-18 00:00:00,28.2,88,0.0,2.9,6,0.0,0.0,35.2
2026-08-18 01:00:00,28.0,86,0.0,5.3,7,0.0,0.0,34.2
2026-08-18 02:00:00,27.8,83,0.0,4.7,6,0.0,0.0,33.6
2026-08-18 03:00:00,27.5,83,0.0,4.7,12,0.0,0.0,33.2
2026-08-18 04:00:00,27.2,84,0.0,5.9,5,0.0,0.0,32.6
2026-08-18 05:00:00,28.0,79,0.0,8.5,88,0.0,0.0,32.8
2026-08-18 06:00:00,27.7,81,0.0,5.3,95,12.0,1.0,33.1
2026-08-18 07:00:00,28.5,77,0.0,3.8,66,109.0,21.0,34.1
2026-08-18 08:00:00,29.3,75,0.0,8.5,91,292.0,144.0,34.4
2026-08-18 09:00:00,30.4,72,0.0,7.1,89,498.0,288.0,35.9
2026-08-18 10:00:00,31.3,68,0.0,7.3,46,634.0,365.0,37.3
2026-08-18 11:00:00,32.3,63,0.0,7.3,68,738.0,451.0,38.7
2026-08-18 12:00:00,32.9,61,0.0,5.7,86,784.0,524.0,39.8
2026-08-18 13:00:00,33.1,60,0.1,6.0,69,783.0,492.0,39.9
2026-08-18 14:00:00,33.0,62,0.1,5.0,46,727.0,482.0,39.9
2026-08-18 15:00:00,33.0,62,0.0,4.2,23,593.0,367.0,39.3
2026-08-18 16:00:00,32.5,64,0.1,5.4,25,374.0,155.0,38.3
2026-08-18 17:00:00,32.3,65,0.5,4.7,35,222.0,94.0,38.3
2026-08-18 18:00:00,31.7,68,0.1,0.9,38,97.0,33.0,38.3
2026-08-18 19:00:00,29.9,78,0.0,4.9,46,6.0,0.0,36.3
2026-08-18 20:00:00,28.1,82,1.0,1.2,84,0.0,0.0,34.4
2026-08-18 21:00:00,25.5,94,0.9,9.6,52,0.0,0.0,30.4
2026-08-18 22:00:00,25.9,91,0.2,4.6,39,0.0,0.0,31.5
2026-08-18 23:00:00,27.3,91,0.0,4.2,40,0.0,0.0,33.8
2026-08-19 00:00:00,27.4,89,0.0,0.6,42,0.0,0.0,34.3
2026-08-19 01:00:00,27.1,91,0.0,1.6,77,0.0,0.0,33.9
2026-08-19 02:00:00,27.0,90,0.0,1.5,42,0.0,0.0,33.7
2026-08-19 03:00:00,27.0,90,0.0,0.6,41,0.0,0.0,33.8
2026-08-19 04:00:00,26.9,91,0.0,0.6,50,0.0,0.0,33.6
2026-08-19 05:00:00,27.8,88,0.0,4.0,80,0.0,0.0,34.3
2026-08-19 06:00:00,27.8,85,0.0,6.7,90,13.0,1.0,33.6
2026-08-19 07:00:00,28.5,82,0.0,4.6,92,112.0,32.0,34.6
2026-08-19 08:00:00,29.5,77,0.0,4.6,88,278.0,121.0,35.5
2026-08-19 09:00:00,30.5,73,0.0,5.0,94,468.0,262.0,36.5
2026-08-19 10:00:00,31.4,68,0.0,3.6,69,572.0,322.0,37.6
2026-08-19 11:00:00,32.5,61,0.0,7.5,91,770.0,527.0,38.7
2026-08-19 12:00:00,32.5,60,0.1,5.2,87,769.0,492.0,39.0
2026-08-19 13:00:00,32.8,59,0.2,4.0,95,765.0,471.0,39.4
2026-08-19 14:00:00,33.0,58,0.2,3.1,86,718.0,451.0,39.5
2026-08-19 15:00:00,33.2,58,0.1,1.8,88,608.0,374.0,39.2
2026-08-19 16:00:00,33.0,57,0.0,2.5,87,449.0,262.0,38.4
2026-08-19 17:00:00,28.9,87,0.0,3.2,100,267.0,135.0,36.2
2026-08-19 18:00:00,28.3,93,3.2,5.0,93,19.0,0.0,35.6
2026-08-19 19:00:00,28.0,94,1.2,4.3,94,3.0,0.0,35.4
2026-08-19 20:00:00,27.8,96,0.2,3.9,98,0.0,0.0,35.3
2026-08-19 21:00:00,27.6,95,0.0,5.2,95,0.0,0.0,34.8
2026-08-19 22:00:00,27.7,94,0.0,3.3,95,0.0,0.0,35.0
2026-08-19 23:00:00,28.8,95,0.0,5.8,100,0.0,0.0,36.7
2026-08-20 00:00:00,28.1,94,0.1,4.3,100,0.0,0.0,35.6
2026-08-20 01:00:00,27.7,94,0.1,6.7,100,0.0,0.0,34.5
2026-08-20 02:00:00,26.9,97,0.3,2.9,100,0.0,0.0,34.0
2026-08-20 03:00:00,27.0,97,0.1,5.7,99,0.0,0.0,33.8
2026-08-20 04:00:00,27.0,96,0.0,1.3,100,0.0,0.0,34.4
2026-08-20 05:00:00,26.9,96,0.0,6.0,100,0.0,0.0,33.6
2026-08-20 06:00:00,26.8,95,1.3,7.5,100,2.0,0.0,33.0
2026-08-20 07:00:00,27.2,92,0.3,7.2,100,58.0,3.0,33.4
2026-08-20 08:00:00,27.3,89,0.1,7.2,100,102.0,12.0,33.1
2026-08-20 09:00:00,27.9,84,0.0,7.2,100,212.0,27.0,33.6
2026-08-20 10:00:00,28.6,81,0.0,5.1,100,311.0,73.0,34.5
2026-08-20 11:00:00,30.9,71,0.0,2.4,95,455.0,168.0,37.3
2026-08-20 12:00:00,31.8,67,0.0,4.0,91,535.0,195.0,37.9
2026-08-20 13:00:00,32.7,63,0.0,4.6,93,708.0,367.0,39.6
2026-08-20 14:00:00,33.0,61,0.0,3.9,100,642.0,345.0,39.5
2026-08-20 15:00:00,33.2,61,0.0,4.1,99,577.0,332.0,39.2
2026-08-20 16:00:00,33.0,61,0.0,3.6,95,423.0,216.0,38.8
2026-08-20 17:00:00,28.8,93,0.1,6.7,98,255.0,106.0,36.3
2026-08-20 18:00:00,28.4,94,1.3,5.1,98,29.0,2.0,36.0
2026-08-20 19:00:00,28.0,95,0.6,4.8,98,3.0,0.0,35.5
2026-08-20 20:00:00,27.9,95,0.2,3.7,94,0.0,0.0,35.5
2026-08-20 21:00:00,27.8,92,0.0,4.2,92,0.0,0.0,34.9
2026-08-20 22:00:00,27.5,92,0.0,6.1,83,0.0,0.0,34.0
2026-08-20 23:00:00,29.3,94,0.0,3.1,73,0.0,0.0,37.7
2026-08-21 00:00:00,28.6,94,0.0,6.2,91,0.0,0.0,36.1
2026-08-21 01:00:00,28.4,92,0.2,4.0,84,0.0,0.0,35.8
2026-08-21 02:00:00,28.1,90,0.0,5.6,82,0.0,0.0,34.9
2026-08-21 03:00:00,27.9,91,0.0,5.9,52,0.0,0.0,34.6
2026-08-21 04:00:00,27.6,94,0.0,4.6,55,0.0,0.0,34.7
2026-08-21 05:00:00,27.2,97,0.0,10.2,73,0.0,0.0,33.5
2026-08-21 06:00:00,27.1,92,0.0,6.0,65,10.0,0.0,33.4
2026-08-21 07:00:00,27.7,86,0.0,5.4,48,110.0,32.0,33.7
2026-08-21 08:00:00,29.1,80,0.0,7.3,33,288.0,137.0,34.9
2026-08-21 09:00:00,30.5,71,0.0,10.7,13,475.0,293.0,35.5
2026-08-21 10:00:00,31.8,67,0.0,10.2,9,671.0,474.0,37.6
2026-08-21 11:00:00,33.1,61,0.0,11.1,33,798.0,589.0,39.3
2026-08-21 12:00:00,33.6,59,0.0,11.1,89,842.0,594.0,40.0
2026-08-21 13:00:00,33.6,59,0.0,9.7,100,779.0,494.0,39.9
2026-08-21 14:00:00,33.6,58,0.0,9.6,100,705.0,454.0,39.4
2026-08-21 15:00:00,33.5,57,0.1,10.2,93,616.0,399.0,38.4
2026-08-21 16:00:00,32.5,62,0.6,11.1,31,422.0,238.0,37.2
2026-08-21 17:00:00,32.5,67,0.0,6.7,27,242.0,118.0,38.6
2026-08-21 18:00:00,31.6,74,0.0,5.9,34,93.0,28.0,38.3
2026-08-21 19:00:00,30.5,78,0.0,5.8,18,4.0,0.0,37.2
2026-08-21 20:00:00,30.0,80,0.0,5.0,5,0.0,0.0,36.8
2026-08-21 21:00:00,29.6,83,0.0,3.7,13,0.0,0.0,36.7
2026-08-21 22:00:00,29.3,84,0.0,4.3,13,0.0,0.0,36.2
2026-08-21 23:00:00,27.8,90,0.0,4.1,65,0.0,0.0,34.7
2026-08-22 00:00:00,27.7,92,0.1,8.0,52,0.0,0.0,34.0
2026-08-22 01:00:00,27.1,92,0.0,9.4,100,0.0,0.0,32.8
2026-08-22 02:00:00,25.5,94,2.8,2.8,98,0.0,0.0,31.5
2026-08-22 03:00:00,25.0,99,2.8,6.1,32,0.0,0.0,30.6
2026-08-22 04:00:00,25.2,98,0.2,7.2,44,0.0,0.0,30.7
2026-08-22 05:00:00,26.0,94,0.1,2.4,91,0.0,0.0,32.3
2026-08-22 06:00:00,26.7,93,0.2,5.8,80,8.0,0.0,32.9
2026-08-22 07:00:00,27.7,92,0.0,3.6,52,106.0,25.0,34.7
2026-08-22 08:00:00,29.1,82,0.0,6.6,34,285.0,133.0,35.4
2026-08-22 09:00:00,30.5,72,0.0,9.3,14,506.0,321.0,35.8
2026-08-22 10:00:00,31.6,67,0.0,9.2,19,661.0,449.0,37.4
2026-08-22 11:00:00,32.0,65,0.0,9.1,87,784.0,558.0,38.5
2026-08-22 12:00:00,32.6,62,0.0,8.4,95,527.0,280.0,37.6
2026-08-22 13:00:00,33.0,62,0.1,7.7,48,598.0,330.0,38.8
2026-08-22 14:00:00,33.3,61,0.0,8.0,30,625.0,364.0,39.2
2026-08-22 15:00:00,32.8,63,0.2,8.9,34,512.0,278.0,38.0
2026-08-22 16:00:00,31.0,68,0.1,10.0,52,388.0,200.0,35.8
2026-08-22 17:00:00,29.8,80,1.1,4.1,81,216.0,88.0,36.5
2026-08-22 18:00:00,30.1,83,0.2,2.2,22,85.0,26.0,37.8
2026-08-22 19:00:00,28.5,89,0.1,8.9,31,4.0,0.0,35.0
2026-08-22 20:00:00,27.9,89,0.0,4.7,22,0.0,0.0,34.5
2026-08-22 21:00:00,27.6,89,0.0,4.8,47,0.0,0.0,34.1
2026-08-22 22:00:00,27.3,87,0.0,7.3,17,0.0,0.0,33.0
2026-08-22 23:00:00,28.5,85,0.0,7.3,3,0.0,0.0,34.6
2026-08-23 00:00:00,28.0,85,0.0,7.3,33,0.0,0.0,33.8
2026-08-23 01:00:00,27.7,89,0.1,7.2,46,0.0,0.0,33.9
2026-08-23 02:00:00,27.3,92,0.0,8.6,34,0.0,0.0,33.4
2026-08-23 03:00:00,27.0,92,0.0,6.9,20,0.0,0.0,33.1
2026-08-23 04:00:00,26.8,91,0.0,4.1,23,0.0,0.0,33.1
2026-08-23 05:00:00,26.8,86,0.7,7.7,64,0.0,0.0,31.9
2026-08-23 06:00:00,24.7,98,4.5,8.0,34,9.0,1.0,29.8
2026-08-23 07:00:00,26.2,97,0.7,4.8,65,99.0,26.0,32.7
2026-08-23 08:00:00,28.2,85,0.1,2.0,41,297.0,156.0,34.9
2026-08-23 09:00:00,29.6,77,0.0,5.1,54,486.0,288.0,35.7
2026-08-23 10:00:00,29.5,78,1.6,6.8,75,593.0,321.0,35.6
2026-08-23 11:00:00,29.8,77,0.2,8.5,100,632.0,368.0,36.0
2026-08-23 12:00:00,30.8,73,0.0,9.6,100,571.0,222.0,36.6
2026-08-23 13:00:00,31.7,69,0.1,10.2,56,683.0,377.0,37.8
2026-08-23 14:00:00,32.2,66,0.1,10.4,28,754.0,514.0,38.6
2026-08-23 15:00:00,32.7,64,0.1,9.0,13,631.0,428.0,38.6
2026-08-23 16:00:00,32.5,65,0.0,7.5,10,456.0,288.0,38.1
2026-08-23 17:00:00,32.4,68,0.0,7.7,26,264.0,144.0,38.5
2026-08-23 18:00:00,31.4,77,0.0,3.3,14,86.0,28.0,38.8
2026-08-23 19:00:00,30.5,80,0.0,3.6,23,4.0,0.0,37.9
2026-08-23 20:00:00,30.2,82,0.0,2.7,14,0.0,0.0,37.8
2026-08-23 21:00:00,30.1,84,0.0,1.1,19,0.0,0.0,38.0
2026-08-23 22:00:00,29.7,85,0.0,1.5,2,0.0,0.0,37.4
2026-08-23 23:00:00,28.3,89,0.0,1.0,23,0.0,0.0,35.7
2026-08-24 00:00:00,27.7,93,0.1,3.1,69,0.0,0.0,34.9
2026-08-24 01:00:00,27.4,93,0.0,6.0,79,0.0,0.0,34.0
2026-08-24 02:00:00,27.4,92,0.0,1.4,94,0.0,0.0,34.5
2026-08-24 03:00:00,25.9,93,0.5,8.9,100,0.0,0.0,31.2
2026-08-24 04:00:00,24.6,98,3.3,2.5,100,0.0,0.0,30.5
2026-08-24 05:00:00,26.0,97,1.3,10.8,93,0.0,0.0,31.4
2026-08-24 06:00:00,25.7,98,1.2,5.4,96,5.0,0.0,31.9
2026-08-24 07:00:00,26.5,93,0.3,1.7,99,82.0,9.0,33.2
2026-08-24 08:00:00,27.6,89,0.0,2.3,97,199.0,46.0,34.4
2026-08-24 09:00:00,29.1,82,0.0,1.8,94,369.0,135.0,36.0
2026-08-24 10:00:00,30.8,74,0.0,3.0,76,567.0,277.0,37.5
2026-08-24 11:00:00,29.5,77,0.1,4.8,100,690.0,393.0,36.5
2026-08-24 12:00:00,29.3,77,0.1,3.5,100,159.0,8.0,35.3
2026-08-24 13:00:00,30.2,72,0.0,3.8,100,255.0,6.0,36.1
2026-08-24 14:00:00,31.5,65,0.0,3.9,97,462.0,158.0,37.0
2026-08-24 15:00:00,31.7,65,0.0,5.0,89,472.0,202.0,37.2
2026-08-24 16:00:00,31.4,67,0.0,3.6,67,241.0,53.0,37.2
2026-08-24 17:00:00,31.1,73,0.0,5.3,99,164.0,44.0,37.5
2026-08-24 18:00:00,30.6,80,0.0,0.9,98,42.0,4.0,38.3
2026-08-24 19:00:00,30.3,81,0.0,1.2,100,2.0,0.0,38.0
2026-08-24 20:00:00,29.8,83,0.0,3.9,100,0.0,0.0,37.1
2026-08-24 21:00:00,29.2,85,0.0,6.1,100,0.0,0.0,36.1
2026-08-24 22:00:00,28.7,88,0.0,5.8,100,0.0,0.0,35.5
2026-08-24 23:00:00,28.5,89,0.0,4.2,98,0.0,0.0,35.6
2026-08-25 00:00:00,28.2,91,0.0,2.4,96,0.0,0.0,35.6
2026-08-25 01:00:00,28.0,92,0.0,1.9,99,0.0,0.0,35.4
2026-08-25 02:00:00,27.9,92,0.0,2.9,100,0.0,0.0,35.1
2026-08-25 03:00:00,27.8,92,0.0,2.1,100,0.0,0.0,35.1
2026-08-25 04:00:00,27.6,93,0.0,1.9,100,0.0,0.0,35.0
2026-08-25 05:00:00,26.2,97,0.0,2.1,100,0.0,0.0,33.1
2026-08-25 06:00:00,26.5,97,1.2,1.6,100,2.0,0.0,33.6
2026-08-25 07:00:00,26.6,97,0.9,4.5,99,26.0,0.0,33.3
2026-08-25 08:00:00,27.2,93,0.5,3.3,99,130.0,9.0,34.1
2026-08-25 09:00:00,28.5,88,0.1,1.6,98,311.0,74.0,35.9
2026-08-25 10:00:00,29.6,82,0.0,3.5,99,373.0,67.0,36.7
2026-08-25 11:00:00,30.9,70,0.0,2.9,73,442.0,62.0,36.9
2026-08-25 12:00:00,31.3,67,0.0,4.4,52,447.0,147.0,37.0
2026-08-25 13:00:00,32.2,63,0.0,3.2,88,666.0,361.0,38.7
2026-08-25 14:00:00,32.3,63,0.0,2.7,36,579.0,272.0,38.4
2026-08-25 15:00:00,32.6,62,0.0,2.8,59,596.0,378.0,38.7
2026-08-25 16:00:00,32.4,63,0.0,1.5,45,437.0,263.0,38.5
2026-08-25 17:00:00,29.0,89,0.0,7.3,95,254.0,127.0,36.1
2026-08-25 18:00:00,28.9,89,0.5,3.9,98,41.0,2.0,36.4
2026-08-25 19:00:00,28.4,94,0.2,4.5,100,2.0,0.0,36.0
2026-08-25 20:00:00,28.3,93,0.0,4.0,100,0.0,0.0,35.8
2026-08-25 21:00:00,27.9,94,0.0,5.0,77,0.0,0.0,35.2
2026-08-25 22:00:00,27.6,92,0.0,6.7,95,0.0,0.0,34.1
2026-08-25 23:00:00,27.9,91,0.0,4.6,98,0.0,0.0,34.8
2026-08-26 00:00:00,27.5,92,0.0,3.6,93,0.0,0.0,34.5
2026-08-26 01:00:00,27.2,93,0.0,4.5,91,0.0,0.0,34.0
2026-08-26 02:00:00,27.1,94,0.0,3.5,83,0.0,0.0,33.9
2026-08-26 03:00:00,27.0,94,0.0,3.5,69,0.0,0.0,33.8
2026-08-26 04:00:00,26.9,94,0.0,2.9,51,0.0,0.0,33.7
2026-08-26 05:00:00,27.4,96,0.0,3.1,93,0.0,0.0,34.8
2026-08-26 06:00:00,26.5,94,1.2,6.3,98,7.0,0.0,32.6
2026-08-26 07:00:00,26.1,98,9.0,2.7,98,53.0,7.0,32.9
2026-08-26 08:00:00,26.6,96,1.7,1.5,98,78.0,13.0,33.7
2026-08-26 09:00:00,28.4,89,0.4,4.4,95,404.0,154.0,35.4
2026-08-26 10:00:00,29.5,84,0.2,3.9,77,473.0,188.0,36.6
2026-08-26 11:00:00,29.5,82,0.1,1.5,84,518.0,172.0,36.7
2026-08-26 12:00:00,30.5,80,0.1,5.4,84,590.0,237.0,37.8
2026-08-26 13:00:00,31.2,78,0.0,2.7,97,620.0,325.0,39.3
2026-08-26 14:00:00,32.1,71,0.0,2.3,99,598.0,291.0,39.5
2026-08-26 15:00:00,32.3,66,0.1,4.0,100,486.0,212.0,38.6
2026-08-26 16:00:00,31.8,69,0.2,4.6,99,358.0,140.0,38.0
2026-08-26 17:00:00,28.7,92,0.3,5.4,99,221.0,79.0,36.2
2026-08-26 18:00:00,28.8,91,0.1,2.8,97,20.0,0.0,36.5
2026-08-26 19:00:00,28.4,93,0.1,6.0,98,1.0,0.0,35.8
2026-08-26 20:00:00,28.2,93,0.0,7.8,95,0.0,0.0,35.2
2026-08-26 21:00:00,28.0,94,0.0,8.2,98,0.0,0.0,34.8
2026-08-26 22:00:00,27.8,93,0.0,6.8,98,0.0,0.0,34.5
2026-08-26 23:00:00,28.9,92,0.0,6.7,100,0.0,0.0,36.2
2026-08-27 00:00:00,28.4,92,0.0,6.9,95,0.0,0.0,35.5
2026-08-27 01:00:00,28.1,92,0.0,7.4,84,0.0,0.0,35.0
2026-08-27 02:00:00,27.9,92,0.0,6.8,95,0.0,0.0,34.5
2026-08-27 03:00:00,27.6,92,0.0,5.5,98,0.0,0.0,34.3
2026-08-27 04:00:00,27.4,91,0.0,5.3,96,0.0,0.0,33.9
2026-08-27 05:00:00,28.3,90,0.0,5.7,88,0.0,0.0,35.1
2026-08-27 06:00:00,28.1,90,0.0,6.0,63,10.0,1.0,34.8
2026-08-27 07:00:00,29.0,88,0.0,6.7,99,109.0,29.0,35.9
2026-08-27 08:00:00,30.0,83,0.0,3.1,99,209.0,75.0,37.6
2026-08-27 09:00:00,30.6,81,0.0,2.2,88,273.0,88.0,38.4
2026-08-27 10:00:00,31.9,76,0.0,0.4,82,575.0,287.0,40.3
2026-08-27 11:00:00,33.8,52,0.0,2.9,89,663.0,398.0,39.2
2026-08-27 12:00:00,34.4,50,0.0,4.6,94,653.0,314.0,39.5
2026-08-27 13:00:00,32.3,61,0.0,9.0,100,407.0,77.0,36.9
2026-08-27 14:00:00,31.8,70,0.0,7.1,94,474.0,138.0,37.8
2026-08-27 15:00:00,31.8,71,0.0,6.2,88,422.0,165.0,38.3
2026-08-27 16:00:00,32.3,71,0.0,2.5,89,406.0,208.0,39.6
2026-08-27 17:00:00,30.4,77,0.0,5.6,95,228.0,94.0,36.8
2026-08-27 18:00:00,30.0,80,0.0,2.0,98,72.0,15.0,37.2
2026-08-27 19:00:00,29.4,85,0.0,4.8,98,2.0,0.0,36.5
2026-08-27 20:00:00,29.1,87,0.0,4.9,80,0.0,0.0,36.2
2026-08-27 21:00:00,28.9,85,0.0,5.4,95,0.0,0.0,35.7
2026-08-27 22:00:00,28.8,84,0.0,6.7,75,0.0,0.0,35.1
2026-08-27 23:00:00,29.1,86,0.0,7.2,43,0.0,0.0,35.8
2026-08-28 00:00:00,28.4,88,0.0,7.6,37,0.0,0.0,34.9
2026-08-28 01:00:00,28.0,89,0.0,6.3,41,0.0,0.0,34.5
2026-08-28 02:00:00,27.8,89,0.0,5.0,71,0.0,0.0,34.3
2026-08-28 03:00:00,27.9,86,0.0,6.8,80,0.0,0.0,33.9
2026-08-28 04:00:00,28.3,77,0.0,9.4,32,0.0,0.0,32.9
2026-08-28 05:00:00,26.2,94,0.0,13.9,84,0.0,0.0,30.9
2026-08-28 06:00:00,27.0,89,0.5,9.8,47,5.0,0.0,32.3
2026-08-28 07:00:00,28.1,88,0.0,7.4,95,100.0,25.0,34.3
2026-08-28 08:00:00,29.5,80,0.0,6.2,64,259.0,105.0,35.6
2026-08-28 09:00:00,30.8,70,0.0,11.2,45,469.0,273.0,35.7
2026-08-28 10:00:00,31.9,65,0.0,10.2,70,648.0,432.0,37.4
2026-08-28 11:00:00,32.6,60,0.0,10.9,70,774.0,535.0,38.3
2026-08-28 12:00:00,33.4,57,0.0,10.8,38,744.0,479.0,38.8
2026-08-28 13:00:00,33.9,54,0.0,10.7,21,775.0,501.0,39.3
2026-08-28 14:00:00,34.2,52,0.0,11.0,20,725.0,493.0,39.0
2026-08-28 15:00:00,34.1,52,0.0,11.5,36,605.0,413.0,38.2
2026-08-28 16:00:00,33.8,54,0.0,10.9,11,449.0,292.0,37.7
2026-08-28 17:00:00,33.5,58,0.0,9.5,2,258.0,142.0,38.2
2026-08-28 18:00:00,31.9,67,0.0,4.6,11,81.0,29.0,37.9
2026-08-28 19:00:00,31.2,71,0.0,3.4,5,2.0,0.0,37.5
2026-08-28 20:00:00,30.6,73,0.0,3.1,12,0.0,0.0,37.0
2026-08-28 21:00:00,29.8,77,0.0,4.2,38,0.0,0.0,36.0
2026-08-28 22:00:00,29.3,78,0.0,4.0,65,0.0,0.0,35.6
2026-08-28 23:00:00,29.4,79,0.0,3.9,43,0.0,0.0,35.7
2026-08-29 00:00:00,28.7,79,0.0,4.3,38,0.0,0.0,34.6
2026-08-29 01:00:00,28.4,80,0.0,5.6,59,0.0,0.0,33.9
2026-08-29 02:00:00,28.2,79,0.0,7.5,95,0.0,0.0,33.3
2026-08-29 03:00:00,27.9,79,0.0,8.2,63,0.0,0.0,32.8
2026-08-29 04:00:00,27.8,79,0.0,9.8,48,0.0,0.0,32.2
2026-08-29 05:00:00,28.2,78,0.0,12.3,97,0.0,0.0,32.5
2026-08-29 06:00:00,27.9,78,0.0,11.9,99,9.0,1.0,32.1
2026-08-29 07:00:00,28.5,75,0.0,11.7,98,113.0,34.0,32.7
2026-08-29 08:00:00,29.5,71,0.0,12.6,78,289.0,136.0,33.5
2026-08-29 09:00:00,30.6,67,0.0,12.4,85,488.0,299.0,34.7
2026-08-29 10:00:00,31.8,63,0.0,12.3,59,664.0,456.0,36.7
2026-08-29 11:00:00,33.3,57,0.0,10.9,29,784.0,560.0,38.9
2026-08-29 12:00:00,34.1,55,0.0,10.5,0,849.0,621.0,40.1
2026-08-29 13:00:00,34.7,52,0.0,10.2,4,849.0,642.0,40.6
2026-08-29 14:00:00,34.9,50,0.0,10.5,69,771.0,569.0,40.1
2026-08-29 15:00:00,34.8,50,0.0,10.3,59,612.0,427.0,39.0
2026-08-29 16:00:00,34.5,51,0.0,10.4,86,451.0,290.0,38.2
2026-08-29 17:00:00,33.8,54,0.0,8.6,47,237.0,111.0,38.1
2026-08-29 18:00:00,32.5,65,0.0,3.2,87,77.0,25.0,38.8
2026-08-29 19:00:00,31.9,70,0.0,1.3,98,2.0,0.0,38.8
2026-08-29 20:00:00,31.0,74,0.0,3.6,100,0.0,0.0,37.7
2026-08-29 21:00:00,30.6,74,0.0,5.1,100,0.0,0.0,36.7
2026-08-29 22:00:00,30.0,75,0.0,3.8,96,0.0,0.0,36.3
2026-08-29 23:00:00,30.2,74,0.0,5.5,94,0.0,0.0,36.0
2026-08-30 00:00:00,29.4,77,0.0,5.6,96,0.0,0.0,35.3
2026-08-30 01:00:00,29.1,77,0.0,7.1,38,0.0,0.0,34.6
2026-08-30 02:00:00,28.8,76,0.0,7.5,10,0.0,0.0,33.8
2026-08-30 03:00:00,28.4,74,0.0,8.4,5,0.0,0.0,32.8
2026-08-30 04:00:00,27.9,75,0.0,8.4,26,0.0,0.0,32.1
2026-08-30 05:00:00,28.4,72,0.0,10.6,1,0.0,0.0,32.3
2026-08-30 06:00:00,28.1,73,0.0,9.9,26,8.0,1.0,32.0
2026-08-30 07:00:00,28.9,71,0.0,9.0,66,106.0,35.0,33.1
2026-08-30 08:00:00,29.8,68,0.0,10.8,79,257.0,115.0,33.8
2026-08-30 09:00:00,30.8,65,0.0,9.9,99,394.0,211.0,35.1
2026-08-30 10:00:00,32.3,61,0.0,9.7,95,583.0,373.0,36.9
2026-08-30 11:00:00,33.2,56,0.0,10.0,100,716.0,464.0,38.3
2026-08-30 12:00:00,33.7,53,0.0,9.0,100,600.0,279.0,38.1
2026-08-30 13:00:00,33.4,54,0.0,7.4,100,403.0,59.0,37.7
2026-08-30 14:00:00,33.3,54,0.0,6.6,100,300.0,11.0,37.7
2026-08-30 15:00:00,34.0,51,0.0,5.7,97,429.0,165.0,38.3
2026-08-30 16:00:00,33.7,51,0.1,8.2,98,350.0,151.0,37.5
2026-08-30 17:00:00,33.6,54,0.1,8.6,98,195.0,46.0,37.8
2026-08-30 18:00:00,32.3,63,0.0,6.3,98,69.0,16.0,37.6
2026-08-30 19:00:00,31.4,69,0.0,5.3,100,1.0,0.0,37.3
2026-08-30 20:00:00,31.0,70,0.0,6.0,99,0.0,0.0,36.7
2026-08-30 21:00:00,30.5,71,0.0,6.2,96,0.0,0.0,36.0
2026-08-30 22:00:00,30.0,72,0.0,5.2,95,0.0,0.0,35.6
2026-08-30 23:00:00,30.0,74,0.0,6.0,91,0.0,0.0,35.7
2026-08-31 00:00:00,29.4,75,0.0,6.7,78,0.0,0.0,34.8
2026-08-31 01:00:00,29.1,73,0.0,7.9,73,0.0,0.0,33.9
2026-08-31 02:00:00,28.8,70,0.0,8.6,41,0.0,0.0,32.9
2026-08-31 03:00:00,28.3,70,0.0,9.0,14,0.0,0.0,31.9
2026-08-31 04:00:00,27.8,71,0.0,9.0,28,0.0,0.0,31.4
2026-08-31 05:00:00,28.2,70,0.0,12.6,95,0.0,0.0,31.3
2026-08-31 06:00:00,27.8,70,0.0,11.7,86,6.0,1.0,31.0
2026-08-31 07:00:00,28.3,69,0.0,10.8,95,89.0,24.0,31.6
2026-08-31 08:00:00,29.3,65,0.0,12.1,84,236.0,105.0,32.4
2026-08-31 09:00:00,30.0,63,0.0,11.6,95,290.0,103.0,33.3
2026-08-31 10:00:00,31.9,57,0.0,10.8,89,543.0,324.0,35.4
2026-08-31 11:00:00,33.4,51,0.0,12.0,80,653.0,368.0,37.1
2026-08-31 12:00:00,33.7,50,0.2,9.6,89,707.0,410.0,38.0
2026-08-31 13:00:00,34.4,48,0.2,8.2,96,729.0,442.0,39.0
2026-08-31 14:00:00,34.3,48,0.2,8.8,85,585.0,322.0,37.9
2026-08-31 15:00:00,34.3,48,0.1,9.6,98,491.0,267.0,37.6
2026-08-31 16:00:00,34.0,48,0.0,10.8,92,359.0,169.0,37.0
2026-08-31 17:00:00,33.2,53,0.0,9.4,95,197.0,77.0,37.0
2026-08-31 18:00:00,32.4,57,0.0,7.0,95,61.0,15.0,36.8
2026-08-31 19:00:00,31.7,64,0.0,3.4,97,1.0,0.0,37.3
2026-08-31 20:00:00,31.6,68,0.0,1.1,61,0.0,0.0,38.1
2026-08-31 21:00:00,31.2,71,0.0,0.8,73,0.0,0.0,37.9
2026-08-31 22:00:00,30.6,73,0.0,2.4,100,0.0,0.0,37.1
2026-08-31 23:00:00,30.6,71,0.0,5.4,99,0.0,0.0,36.3
2026-09-01 00:00:00,29.4,77,0.1,5.6,67,0.0,0.0,35.3
2026-09-01 01:00:00,28.9,78,0.0,5.4,13,0.0,0.0,34.6
2026-09-01 02:00:00,28.4,77,0.0,5.1,21,0.0,0.0,33.8
2026-09-01 03:00:00,28.1,75,0.0,6.3,24,0.0,0.0,32.8
2026-09-01 04:00:00,27.8,74,0.0,5.4,77,0.0,0.0,32.4
2026-09-01 05:00:00,28.2,72,0.0,10.4,73,0.0,0.0,31.9
2026-09-01 06:00:00,27.7,74,0.0,8.5,91,8.0,1.0,31.7
2026-09-01 07:00:00,28.5,73,0.0,8.6,82,110.0,37.0,32.7
2026-09-01 08:00:00,29.5,69,0.0,10.1,65,283.0,139.0,33.6
2026-09-01 09:00:00,30.8,65,0.0,9.7,13,472.0,286.0,35.0
2026-09-01 10:00:00,32.1,60,0.0,8.7,20,628.0,408.0,36.9
2026-09-01 11:00:00,32.6,55,0.1,7.7,98,725.0,478.0,37.6
2026-09-01 12:00:00,33.4,52,0.0,4.7,63,572.0,224.0,37.8
2026-09-01 13:00:00,34.3,49,0.2,3.9,70,716.0,434.0,39.6
2026-09-01 14:00:00,33.6,52,0.3,5.9,38,616.0,359.0,38.2
2026-09-01 15:00:00,31.7,61,1.4,9.3,64,521.0,292.0,35.9
2026-09-01 16:00:00,32.1,59,0.2,4.1,29,366.0,189.0,37.1
2026-09-01 17:00:00,31.7,64,1.5,3.4,29,162.0,50.0,37.4
2026-09-01 18:00:00,31.6,62,0.1,4.1,44,58.0,13.0,36.7
2026-09-01 19:00:00,30.7,67,0.0,4.2,27,1.0,0.0,36.1
2026-09-01 20:00:00,29.9,73,0.0,4.4,23,0.0,0.0,35.6
2026-09-01 21:00:00,29.5,76,0.0,2.9,27,0.0,0.0,35.7
2026-09-01 22:00:00,29.2,80,0.0,1.8,24,0.0,0.0,35.9
2026-09-01 23:00:00,27.3,82,0.0,5.2,35,0.0,0.0,32.6
2026-09-02 00:00:00,27.2,84,0.1,5.6,19,0.0,0.0,32.6
2026-09-02 01:00:00,26.5,88,0.0,6.6,23,0.0,0.0,31.8
2026-09-02 02:00:00,26.1,91,0.0,3.3,10,0.0,0.0,32.0
2026-09-02 03:00:00,26.1,91,0.0,2.3,5,0.0,0.0,32.1
2026-09-02 04:00:00,26.2,91,0.0,1.3,6,0.0,0.0,32.4
2026-09-02 05:00:00,26.1,91,0.0,3.1,71,0.0,0.0,32.0
2026-09-02 06:00:00,26.2,90,0.1,3.0,68,5.0,0.0,32.0
2026-09-02 07:00:00,26.5,86,0.0,2.7,43,85.0,19.0,32.1
2026-09-02 08:00:00,28.4,76,0.0,3.6,91,253.0,103.0,33.8
2026-09-02 09:00:00,30.1,69,0.0,3.2,32,416.0,207.0,35.5
2026-09-02 10:00:00,31.7,62,0.0,2.2,37,598.0,367.0,37.5
2026-09-02 11:00:00,32.5,60,0.3,5.5,100,719.0,457.0,38.7
2026-09-02 12:00:00,26.5,91,10.2,5.6,99,336.0,99.0,32.3
2026-09-02 13:00:00,26.5,95,2.1,6.1,90,209.0,0.0,32.7
2026-09-02 14:00:00,28.7,83,0.6,3.4,82,463.0,189.0,35.2
2026-09-02 15:00:00,29.0,77,0.1,5.7,83,354.0,151.0,34.6
2026-09-02 16:00:00,29.3,76,0.0,5.9,80,240.0,92.0,35.0
2026-09-02 17:00:00,30.5,66,0.0,9.3,37,177.0,64.0,34.9
2026-09-02 18:00:00,29.1,72,0.1,8.8,53,61.0,16.0,33.5
2026-09-02 19:00:00,28.6,74,0.0,5.4,51,0.0,0.0,33.5
2026-09-02 20:00:00,28.1,76,0.0,5.6,16,0.0,0.0,33.0
2026-09-02 21:00:00,27.6,82,0.0,4.7,27,0.0,0.0,33.0
2026-09-02 22:00:00,27.2,86,0.0,3.9,16,0.0,0.0,33.0
2026-09-02 23:00:00,27.4,89,0.0,5.0,21,0.0,0.0,33.6
2026-09-03 00:00:00,26.9,90,0.0,6.5,26,0.0,0.0,32.7
2026-09-03 01:00:00,26.4,90,0.1,7.0,28,0.0,0.0,31.8
2026-09-03 02:00:00,25.9,91,0.0,4.3,29,0.0,0.0,31.6
2026-09-03 03:00:00,25.7,93,0.1,4.5,2,0.0,0.0,31.4
2026-09-03 04:00:00,25.6,93,0.1,3.6,37,0.0,0.0,31.5
2026-09-03 05:00:00,25.6,98,0.0,3.3,54,0.0,0.0,32.0
2026-09-03 06:00:00,25.8,97,0.2,3.7,38,7.0,0.0,32.1
2026-09-03 07:00:00,26.5,95,0.1,4.2,30,101.0,24.0,33.0
2026-09-03 08:00:00,27.9,86,0.0,6.0,56,269.0,116.0,33.9
2026-09-03 09:00:00,29.2,82,0.1,6.7,17,427.0,216.0,35.4
2026-09-03 10:00:00,30.3,76,0.1,6.8,14,606.0,360.0,36.8
2026-09-03 11:00:00,31.2,69,0.1,7.0,27,738.0,475.0,37.9
2026-09-03 12:00:00,31.4,68,0.5,7.9,42,710.0,429.0,37.8
2026-09-03 13:00:00,31.5,64,0.3,9.5,49,711.0,412.0,36.9
2026-09-03 14:00:00,31.7,62,0.9,8.2,38,649.0,367.0,36.8
2026-09-03 15:00:00,31.8,62,0.2,6.3,28,512.0,279.0,36.6
2026-09-03 16:00:00,31.7,62,0.2,6.5,54,395.0,212.0,36.4
2026-09-03 17:00:00,28.7,84,0.3,7.5,91,215.0,88.0,34.8
2026-09-03 18:00:00,27.8,87,0.1,5.5,73,51.0,9.0,33.9
2026-09-03 19:00:00,27.4,90,0.1,2.8,77,0.0,0.0,34.2
2026-09-03 20:00:00,27.3,90,0.0,5.1,84,0.0,0.0,33.6
2026-09-03 21:00:00,27.1,90,0.0,4.3,93,0.0,0.0,33.4
2026-09-03 22:00:00,27.1,90,0.0,3.3,96,0.0,0.0,33.5
2026-09-03 23:00:00,28.3,89,0.0,3.9,99,0.0,0.0,35.4
